"playerid","name","Bats","dist1b","dist2b","dist3b","distHR","distIBB"
375,"Bartolo Colon","R",NA,NA,NA,NA,0
393,"Victor Martinez","B",0.732285233015162,0.182036792592032,0,0.0808970085929555,0.11895625
404,"CC Sabathia","L",NA,NA,NA,NA,0
629,"Brandon Barnes","R",0.796,0,0,0.205154639175259,0
639,"Adrian Beltre","R",0.682491360868852,0.191271978457152,0.0062225909683537,0.124742594645969,0.0576470588235294
785,"Todd Frazier","R",0.62225516148893,0.240872706248223,0.01253015888101,0.118925898396839,0.010984375
791,"Brandon Phillips","R",0.676616915422884,0,0,0.333333333333333,0
1101,"Ichiro Suzuki","L",0.975609756097561,0,0,0,0
1118,"Marco Estrada","R",NA,NA,NA,NA,0
1157,"Tommy Hunter","R",0.989847715736037,0,0,0,0
1159,"Andrew Romine","B",0.531179162616335,0.438514816196863,0.0136314835709645,0.0272454831383085,0
1177,"Albert Pujols","R",0.622573504635354,0.164725640142199,0,0.208035982307375,0.100200350033015
1433,"Wilson Ramos","R",0.676938022947598,0.164072612509972,0.00240375544335515,0.160158661942472,0.042941797670616
1581,"Sean Doolittle","L",NA,NA,NA,NA,0
1679,"Chase Utley","L",0.674436090225565,0.28718703976436,0.0428571428571429,0.024223602484472,0.111764705882353
1736,"Jose Reyes","B",0.540302664996899,0.30846494522148,0.0724883457130691,0.0910030681304748,0.0435636363636364
1744,"Miguel Cabrera","R",0.739537724469083,0.159261966131983,0,0.101902707526111,0.0654374098124098
1841,"Edwin Jackson","R",NA,NA,NA,NA,0
1857,"Joe Mauer","L",0.763216102632161,0.191367819739765,0.00601292329783415,0.044014598540146,0.102450980392157
1873,"Matt Holliday","R",0.77268292682927,0.122553191489362,0,0.125764192139738,0
1887,"Jose Bautista","R",0.525502892705837,0.294241508429159,0,0.184081010146103,0.0285515827829652
1890,"Matt Moore","L",NA,NA,NA,NA,0
1908,"Adrian Gonzalez","L",0.69628712871287,0.137784090909091,0,0.1515625,0.193
1943,"Zack Greinke","R",0.585743509493972,0.274855713731626,0.0352113903618406,0.108301700658388,0
1994,"Ivan Nova","R",0.980099502487562,0,0,0,0
2036,"Clayton Kershaw","L",0.892438681672404,0.125959113386823,0,0,0
2047,"Jorge De La Rosa","L",NA,NA,NA,NA,0
2136,"David Peralta","L",0.652174787062444,0.215655897361559,0.021748057105132,0.110894939617477,0.056243315214142
2151,"Edwin Encarnacion","R",0.493098410070579,0.179589723314334,0.0030297493986176,0.317251868280996,0.0162853493887977
2233,"Adam Wainwright","R",0.755550848211506,0.225353633516899,0,0,0
2396,"Carlos Santana","B",0.611287698519189,0.190269246918338,0.00454396632256055,0.193120110991536,0.0421365563208092
2429,"Corey Kluber","R",NA,NA,NA,NA,0
2434,"Nelson Cruz","R",0.634335317251174,0.144312525976536,0.00755746390134908,0.214500623322354,0.134262351655103
2495,"Pedro Alvarez","L",0.495049504950495,0.105820105820106,0,0.363636363636363,0
2502,"Lucas Duda","L",0.568985668651541,0.197671766100217,0.00619050627068159,0.241103511792826,0.0806117071334462
2520,"Lance Lynn","B",0.999948450951083,0,0,0,0
2530,"Yonder Alonso","L",0.63923338455483,0.190736704212461,0,0.165084274157584,0.0476808440475563
2539,"Pete Kozma","R",0.788858885888591,0.125891472868217,0.0221132897603486,0.0371794871794872,0
2578,"Peter Bourjos","R",0.642318169618895,0.237727639318929,0.0584490740740743,0.0587550901687029,0
2608,"Jhoulys Chacin","R",0.781784095773733,0.0564191134139319,0,0.156199677938808,0
2616,"Zack Cozart","R",0.711516988994552,0.219095641036272,0.0221279523045173,0.0468901846452866,0
2636,"Brandon Guyer","R",0.54725,0.27226368159204,0,0.179510309278351,0
2717,"Rick Porcello","R",0.338308457711442,0.641509433962264,0,0,0
2802,"Tony Cruz","R",0.520942408376965,0.241504854368932,0,0.213519313304721,0
2829,"Manny Pina","R",0.671880717304641,0.120318451629478,0.00392817059483726,0.201553395988025,0.033139880952381
2859,"Ross Detwiler","R",0.974874371859292,0,0,0,0
2882,"Luis Avilan","L",NA,NA,NA,NA,0
2900,"Roberto Perez","R",0.710300805058984,0.132115016527476,0.00833980129920689,0.145028872082305,0.00366666666666666
2967,"Tommy Pham","R",0.667899207045988,0.180026068406258,0.0220319042244075,0.131327175051509,0.0202749913536804
3086,"Mitch Moreland","L",0.547559670737121,0.207646615373753,0.0183618360680835,0.23018337214126,0.0439108465608466
3096,"Kenley Jansen","B",NA,NA,NA,NA,0
3123,"Gregor Blanco","L",0.72153450177718,0.153356356572416,0.0526725480020759,0.0572395319328917,0
3132,"Tony Watson","L",NA,NA,NA,NA,0
3137,"Max Scherzer","R",0.957211801582167,0.05607476635514,0,0,0
3142,"Robinson Chirinos","R",0.581965359385235,0.242711228795049,0.0156219517210285,0.160516677159248,0.00403921568627451
3174,"ShinSoo Choo","L",0.667534421261192,0.17617155965417,0.00595842083069113,0.153907668057796,0.0487597547380156
3184,"David Price","L",0.914228723404257,0.12972972972973,0,0,0
3201,"Francisco Liriano","L",1,0,0,0,0
3211,"Tyler Ladendorf","R",NA,NA,NA,NA,0
3237,"TJ McFarland","L",NA,NA,NA,NA,0
3254,"Jeff Samardzija","R",0.80121237458194,0.18342644320298,0,0,0
3256,"Welington Castillo","R",0.592012356575464,0.211978905754524,0,0.187572059431356,0
3269,"Robinson Cano","L",0.681484253621944,0.191966353049151,0,0.120746553266984,0.0705545138888888
3284,"Anibal Sanchez","R",0.992873200363515,0,0,0,0
3292,"Hector Noesi","R",0.975845410628019,0,0,0,0
3298,"Charlie Culberson","R",0.600316942986892,0.306228461012607,0.0193971496671982,0.0751510729078881,0.0485037348272642
3312,"Martin Prado","R",0.770565067851251,0.171070935550667,0,0.0329935040404551,0
3353,"Matt Joyce","L",0.639045318063619,0.169344870506992,0,0.187727221752079,0.0557916666666666
3364,"Miguel Montero","L",NA,NA,NA,NA,0.522500000000001
3376,"Nick Hundley","R",0.594176547246576,0.202521008403362,0.0512355594262413,0.15673030108245,0.0461363636363637
3395,"Cliff Pennington","B",1,0,0,0,0
3410,"Ryan Braun","R",0.531578148995392,0.250334306103829,0.0214384829278592,0.199942556048361,0.0564705882352941
3411,"Drew Butera","R",0.628984769371048,0.346177015967549,0,0.0235517264461866,0
3448,"Jeff Mathis","R",0.629689008721267,0.196794453084027,0.0389137927599465,0.13594671880667,0.0303958333333334
3473,"Anthony Rizzo","L",0.637385105604399,0.17623684523187,0.0074616988327778,0.175589000139505,0.0837666055244577
3516,"Eric Hosmer","L",0.693571160942649,0.174234208315343,0.00419436191323686,0.125143192274043,0.0691640329845975
3531,"Troy Tulowitzki","R",0,0.53846153846154,0,0.485148514851486,0
3542,"Danny Duffy","L",0.967741935483871,0,0,0,0
3543,"Clay Buchholz","L",0.495024875621891,0.520942408376965,0,0,0
3551,"Clayton Richard","L",0.49757281553398,0.240610328638498,0,0.268324607329844,0
3648,"Rene Rivera","R",0.773319937061637,0.0987014963546787,0,0.13503856050317,0
3708,"Rajai Davis","R",0.610186815802,0.26445770685107,0.0127042900919306,0.107223016052558,0
3711,"Eric Thames","L",0.549794206536061,0.209415447872171,0.0253212396069539,0.202958107457486,0.103094433175569
3787,"David Wright","R",NA,NA,NA,NA,0
3812,"Gregorio Petit","R",0.858252427184467,0.125345622119815,0,0,0
3840,"Zach Duke","L",NA,NA,NA,NA,0
3878,"Chris Stewart","R",0.975845410628019,0,0,0,0
3882,"Chris Young","R",0.531826949572885,0.108062709966405,0.0570668243642815,0.290225563909774,0
3892,"Josh Reddick","L",0.68885462617728,0.189934076359781,0.0146822239063618,0.101883526585885,0.0219515306122449
3950,"Matt Magill","R",NA,NA,NA,NA,0
4001,"Enny Romero","R",0,0.960975609756097,0,0,0
4020,"Yusmeiro Petit","R",NA,NA,NA,NA,0
4022,"Melky Cabrera","B",0.707022867445371,0.208706447187285,0.00436136447702832,0.0776920931990715,0.0882397058823528
4026,"Hector Santiago","R",NA,NA,NA,NA,0
4054,"Emilio Bonifacio","B",NA,NA,NA,NA,0
4062,"Dexter Fowler","B",0.733599199410282,0.128391822655649,0.0021770932126049,0.134461031997549,0.00336131756756757
4064,"Brian Duensing","L",NA,NA,NA,NA,0
4070,"Pedro Strop","R",NA,NA,NA,NA,0
4106,"Michael Brantley","L",0.695903279585272,0.202421348206733,0.00953390448182069,0.0964373422047483,0.025307055373469
4141,"Derek Holland","B",0.813893392758048,0.156292966275818,0,0,0
4146,"Gorkys Hernandez","R",0.608964415631143,0.149297609606888,0.171181800289122,0.0893174546747243,0.0187962962962963
4153,"Jake Arrieta","R",0.900133805880158,0.0511841100076394,0,0.0513428120063191,0
4220,"Ryan Zimmerman","R",0.573761799399604,0.239431703657029,0.00994152046783625,0.172197371597904,0.0110555555555556
4229,"Howie Kendrick","R",0.676679615180219,0.215009258278457,0.00337888198757762,0.103274965285536,0.173026455026455
4243,"Jose Lobaton","B",0.553167014163492,0.315809348679134,0.148428517412475,0,0
4249,"Shane Robinson","R",0.717821782178218,0.150259067357512,0,0.132420091324201,0
4259,"David Hernandez","R",NA,NA,NA,NA,0
4264,"Mark Melancon","R",NA,NA,NA,NA,0
4298,"Matt Wieters","B",0.712728585578542,0.132191443338571,0,0.153695388425873,0.0342833333333334
4301,"Justin Wilson","L",NA,NA,NA,NA,0
4314,"Joey Votto","L",0.59135823810847,0.213240008434429,0.00820916431713583,0.174700348093329,0.0323564636064636
4316,"Daniel Murphy","L",0.69623492086058,0.184716988995925,0.00232825157874594,0.11537981529532,0.13250309295254
4338,"Tyler Chatwood","R",0.66343260566961,0.330016583747927,0,0,0
4371,"Jeremy Hellickson","R",0.761231902084681,0.238317757009346,0,0,0
4403,"Erik Kratz","R",0.650592335542968,0.265210445505097,0,0.113496748865436,0
4418,"Jed Lowrie","B",0.660670912462458,0.208127638739403,0.00247467221021817,0.129357982995812,0.00800300235478807
4505,"Jordan Zimmermann","R",NA,NA,NA,NA,0
4538,"Jason Hammel","R",NA,NA,NA,NA,0
4579,"Starlin Castro","R",0.675610318902021,0.196412207927902,0.0244447619541467,0.0994558399235681,0.0418595467032967
4616,"Russell Martin","R",0.728183420794369,0.126244949459057,0,0.144645169667771,0.04525
4662,"Brandon McCarthy","R",0.325281803542673,0.68013468013468,0,0,0
4676,"Charlie Morton","R",0.930406535348003,0.069327731092437,0,0,0
4696,"Nate Jones","R",NA,NA,NA,NA,0
4720,"Chase Headley","B",0.83058332922885,0.162108467515821,0,0,0
4747,"Curtis Granderson","L",0.532024732172524,0.262401603152311,0.0205793640959921,0.183897522486509,0.0224576358590341
4772,"Felix Hernandez","R",NA,NA,NA,NA,0
4806,"Rich Hill","L",0.895771700924356,0.10840108401084,0,0,0
4810,"Brian McCann","L",0.720377388615317,0.100500943364723,0,0.175326086956522,0.0166129032258064
4866,"Jarrod Dyson","L",0.806666384013616,0.117246582896508,0.0309889029665581,0.0339221877932786,0.0185185185185185
4869,"Mike Montgomery","L",0.975584676455115,0,0,0,0
4881,"Carlos Gomez","R",0.64401332441263,0.191704443660251,0.0161316872427984,0.148585679608191,0
4892,"Mike Moustakas","L",0.576553831673691,0.249826985063444,0.00236094364505169,0.169388658584642,0.0516115556148152
4897,"Scott Kazmir","L",NA,NA,NA,NA,0
4922,"Ender Inciarte","L",0.7762924245142,0.118598499236394,0.0286991850003107,0.0666962327492066,0.0200910518053375
4930,"Jon Lester","L",0.69674122755163,0.164990869800032,0,0.130792174298906,0
4940,"Jason Heyward","L",0.637022483891377,0.204022595185513,0.0307013333469256,0.125088372878221,0.0411017759916529
4949,"Giancarlo Stanton","R",0.541500550183516,0.20398711212566,0.00105885789396816,0.24154871853807,0.0473608792597056
4962,"Asdrubal Cabrera","B",0.593126860662896,0.236834184821702,0.0205593940884922,0.149249057757505,0.0216688153710738
4969,"Luis Valbuena","L",0.660377358490567,0.179090627899783,0,0.146966748455876,0.153947368421053
4971,"Fernando Salas","R",NA,NA,NA,NA,0
4972,"Cole Hamels","L",0.732081081511949,0.0877425044091713,0,0.181159420289855,0
5000,"Stephen Vogt","L",0.542474766177425,0.266898725645178,0.0192883948877037,0.180498693574061,0.0310203488372093
5003,"Jake Diekman","R",NA,NA,NA,NA,0
5038,"Josh Donaldson","R",0.507515770273885,0.218298547288865,0,0.265524602493369,0.0305295748896774
5107,"Jefry Marte","R",0.649588631264023,0.171099290780142,0.0258159443552702,0.153174603174603,0
5124,"Wilkin Castillo","B",0,0.984716490906311,0,0,0
5209,"Alex Gordon","L",0.6919956319187,0.174579307441513,0.00238875238875239,0.122982072253612,0.0524209150326798
5221,"Wade LeBlanc","L",0.975609756097561,0,0,0,0
5222,"Justin Upton","R",0.596503446619962,0.166704130949045,0.00158287542032314,0.233270092666055,0.0033125
5223,"Cameron Maybin","R",0.719652324887698,0.189913653107435,0.0130704919056834,0.0635874589181234,0.00634958217270196
5224,"Blake Parker","R",NA,NA,NA,NA,0
5227,"Jon Jay","L",0.825683715928155,0.122455698113294,0.0104267587007038,0.0370121945600144,0
5235,"Justin Turner","R",0.660824123476986,0.21083210739176,0.0056304387594959,0.124269573194318,0.0187696960007353
5238,"Isaac Galloway","R",0.689996053638752,0.169547340622227,0,0.143686502177069,0
5254,"Robbie Grossman","B",0.640267501096942,0.229107389550049,0.018802580637189,0.112108651780266,0.0228194268748661
5257,"Wilmer Font","R",1,0,0,0,0
5273,"Sandy Leon","B",0.714637179278366,0.18672720212769,0,0.104701811544055,0
5275,"Francisco Cervelli","R",0.621667307674618,0.189041873639891,0.0232225033400383,0.168611426692402,0.00683006535947712
5297,"Aaron Hicks","B",0.679860828324847,0.147489725709639,0.0175651156802318,0.151600274063573,0.015749481808342
5306,"Kristopher Negron","R",0.843967856684452,0.027994257588187,0,0.1166514966467,0.0947741273100617
5343,"Brandon Crawford","L",0.622881076376056,0.231977481100725,0.0121546481695525,0.132702315193269,0.0987803900950801
5352,"Yangervis Solarte","B",0.627276183851426,0.256333558629619,0,0.116954105649842,0.134660483870968
5358,"Jose Alvarez","L",NA,NA,NA,NA,0
5361,"Freddie Freeman","L",0.604074487924908,0.231282388830875,0.014656370123384,0.150915530528721,0.147916205944428
5372,"Michael Pineda","R",NA,NA,NA,NA,0
5384,"Juan Lagares","R",0.728943410361293,0.182446666130438,0.0462055607015291,0.0424751598582492,0.122840909090909
5398,"Juan Graterol","R",1,0,0,0,0
5401,"Brad Peacock","R",NA,NA,NA,NA,0
5408,"Jake Smolinski","R",0.6125,0.178995433789954,0.240490797546011,0,0
5409,"Pablo Sandoval","B",0.682598241412371,0.134718709560004,0.00340608766206439,0.189482428567824,0.0515181286549709
5417,"Jose Altuve","R",0.648574289710079,0.198695148229999,0.00942221011491341,0.141773710202729,0.0279422952933591
5420,"Pedro Baez","R",NA,NA,NA,NA,0
5448,"Jesse Chavez","R",0.963133640552995,0,0,0,0
5452,"Ji Man Choi","L",0.514195353937698,0.281695839943234,0.00518326693815448,0.202976294095008,0.0359050658106609
5485,"Jose Pirela","R",0.608708850512684,0.239330024475734,0.0100968684331916,0.142920580471384,0.0170833333333333
5486,"Abraham Almonte","B",0.554482676119435,0.331386678370235,0.0258522203722734,0.0865545731451932,0
5491,"Austin Romine","R",0.718175502559759,0.175482890801437,0,0.109719300051813,0
5497,"Marwin Gonzalez","B",0.670280263820851,0.185036462043593,0.00528338729162294,0.134282609501264,0.02399398660986
5503,"Corban Joseph","L",0.668280414662353,0.273286644961999,0,0.0550348953140578,0
5517,"Kyle Higashioka","R",0.52984383598883,0.227003651099425,0.00304309263846836,0.233849292071622,0
5519,"Ruben Tejada","R",NA,NA,NA,NA,0
5524,"Madison Bumgarner","R",0.717972772999947,0.173530817009078,0,0.0917132216014898,0
5557,"Jarrod Saltalamacchia","B",NA,NA,NA,NA,0
5631,"Matt Kemp","R",0.694683356063953,0.153905070590198,0,0.153884140952224,0.0374814814814815
5666,"Devin Mesoraco","R",0.607220744857259,0.200364560019757,0,0.18648623309755,0.114314516129032
5667,"Steven Souza Jr","R",0.564085275761798,0.242508108750268,0.0732583454281567,0.132416274867082,0
5677,"AJ Ellis","R",0.780487804878048,0.194136486819414,0,0.0241451158230175,0.0394230769230769
5702,"Junior Guerra","R",0.628231699216152,0.380829015544042,0,0,0
5751,"Hernan Perez","R",0.84468989977277,0.0890278088756717,0.00567129629629629,0.0626555687767301,0.0139705882352941
5760,"Avisail Garcia","R",0.678263168454603,0.152697697990984,0.0143975370808671,0.157795034415096,0.0796902740722774
5827,"Wilmer Flores","R",0.620134223385554,0.216160730475205,0.00436469764962354,0.16227429184929,0.0279511136573367
5913,"Leury Garcia","B",0.759343925111114,0.140803094261628,0.0233197030876812,0.0738542728893188,0
5930,"Nick Markakis","L",0.623201346352985,0.298329119024431,0.0104706847793377,0.065686874531656,0.0554531126871553
5933,"Jean Segura","R",0.74835727678159,0.146622751641011,0.0207720449962212,0.0829777323657672,0.0571847935880544
5942,"Jesus Sucre","R",0.83802993964979,0.147021310847446,0,0.0140926085706069,0.108888888888889
6012,"Didi Gregorius","L",0.624325115157317,0.191467821078019,0.0392940492188572,0.144487464622132,0.0728133823529412
6013,"Cristhian Adames","B",0.821833511341854,0.146333169607436,0,0,0
6050,"Moises Sierra","R",0.797319932998325,0.211838006230529,0,0,0
6153,"Eduardo Escobar","B",0.606452424321572,0.192406792846183,0.0442591092268726,0.15731374541174,0.0973866688111823
6184,"JD Martinez","R",0.560990142412824,0.238947432592546,0.0111112366395869,0.184206795446067,0.0835061469860063
6195,"Ian Kinsler","R",0.642920419079057,0.225132573479712,0,0.132324719337031,0
6216,"Dellin Betances","R",NA,NA,NA,NA,0
6249,"Trevor Cahill","R",0.985384615384616,0,0,0,0
6310,"Alcides Escobar","R",0.749914482402021,0.190049389528542,0.0399924566780741,0.026239189871913,0.0113793103448276
6345,"Chris Archer","R",0.75263908881986,0.240243902439024,0,0,0
6364,"Danny Valencia","R",0.720744105559161,0.126865671641791,0.0166381208710546,0.12865251208745,0.0904545454545454
6368,"Adam Jones","R",0.676610580241835,0.211812331413068,0.00390960982093987,0.108201486985438,0.0529872311827957
6397,"Jake Odorizzi","R",NA,NA,NA,NA,0
6448,"James Adduci","L",0.705043741224754,0.179565115735329,0.0441633122484186,0.0651878678134904,0
6483,"Steve Cishek","R",0.990147783251231,0,0,0,0
6547,"Jordy Mercer","R",0.743780710159031,0.189932299601289,0.00565312213039485,0.0682734721453149,0.0909765625
6562,"Alex Cobb","R",0.985507246376812,0,0,0,0
6564,"Bobby Wilson","R",0.656725946716973,0.288697333772219,0,0.0459459459459459,0
6576,"Robert Stock","L",NA,NA,NA,NA,0
6589,"Sean Rodriguez","R",0.726481318895717,0.135722794661101,0.0149242424242425,0.129003897586893,0.0158333333333333
6609,"Freddy Galvis","B",0.660607315324847,0.185480254053032,0.013971656305279,0.136433535406388,0.029960233761742
6627,"Brad Brach","R",1,0,0,0,0
6632,"Carlos Carrasco","R",0.995000000000001,0,0,0,0
6652,"Chase d'Arnaud","R",0.582608695652173,0.257692307692308,0,0.173275862068966,0
6655,"Craig Kimbrel","R",NA,NA,NA,NA,0
6677,"JB Shuck","L",0.87243395064895,0.0637078651685392,0.0646964601769911,0,0.0484999999999998
6785,"Andrew Miller","L",NA,NA,NA,NA,0
6797,"Julio Teheran","R",0.832853608039186,0.0845771144278607,0,0.0755422587883323,0
6832,"Sam Freeman","R",NA,NA,NA,NA,0
6848,"Eduardo Nunez","R",0.843307081237594,0.113352594828328,0.00686452654956589,0.0450233905683552,0
6876,"Mark Trumbo","R",0.530572617197128,0.378583352521299,0,0.0946609891909597,0
6885,"Ian Desmond","R",0.58900890342143,0.203924343815811,0.0303996586835711,0.166921938333617,0.0146323529411765
6887,"Martin Maldonado","R",0.604688974789319,0.191816741666673,0.00433546659759836,0.19772078465211,0.00770683493829983
6893,"Johnny Cueto","R",0.980295566502462,0,0,0,0
6895,"Chase Anderson","R",0.87950710774545,0.130376344086021,0,0,0
6902,"Martin Perez","L",NA,NA,NA,NA,0
6938,"Eric Campbell","R",1,0,0,0,0
6986,"Ian Kennedy","R",1,0,0,0,0
7007,"Yadier Molina","R",0.724976825385907,0.154940883819393,0,0.115133346048663,0.00812500000000001
7059,"James Shields","R",0.970873786407767,0,0,0,0
7087,"Caleb Joseph","R",0.472145836629424,0.167590311986863,0.0128132654983984,0.376024214129939,0
7115,"Daniel Bard","R",1,0,0,0,0
7146,"Daniel Hudson","R",NA,NA,NA,NA,0
7158,"Eric Young Jr","B",0.684157788764213,0.19004012505231,0.115529430074765,0.0401112307289437,0
7168,"Juan Centeno","L",0.876134488448844,0.0837339743589744,0,0.0747496423462089,0
7185,"Logan Forsythe","R",0.640710085961542,0.219167533443486,0.00406551509492686,0.130896420001199,0.00820138292213904
7216,"Cesar Puello","R",0.848146460468572,0.0800676920282269,0,0.0680797280760836,0.0491810984661059
7226,"Matt Davidson","R",0.535120870066731,0.129241228171709,0,0.331185908861966,0
7274,"Craig Stammen","R",1,0,0,0,0
7287,"Carlos Gonzalez","L",0.703909861844284,0.17530658183355,0.0133839641434264,0.111954133047028,0.0797999586019279
7290,"Jake Elmore","R",0.913705583756345,0.087719298245614,0,0,0
7304,"Salvador Perez","R",0.599749257088866,0.181051472395169,0.00119128658951667,0.230918751962721,0.125425495557074
7324,"Chris Gimenez","R",0.743895754777067,0.0779531870237716,0,0.182873963071983,0
7349,"Sean Kazmar Jr","R",NA,NA,NA,NA,0
7407,"Javy Guerra","R",NA,NA,NA,NA,0
7410,"JA Happ","L",1,0,0,0,0
7432,"Jay Jackson","R",NA,NA,NA,NA,0
7435,"Ben Zobrist","B",0.76681118539798,0.169767567032408,0.0101237919470549,0.047856775832427,0.00959045454545454
7448,"Gio Gonzalez","R",0.885731708977469,0.117955253469272,0,0,0
7450,"Phil Hughes","R",NA,NA,NA,NA,0
7462,"Trevor Plouffe","R",0.68062827225131,0,0,0.308056872037914,0
7476,"Alex Avila","L",0.521961186549391,0.304902466667384,0.0188162221410304,0.172225453505058,0.0713278409988936
7539,"Neil Walker","B",0.67600974481232,0.244238553633902,0.00851705175652767,0.0781637831086505,0.0333892857142857
7555,"Nick Vincent","R",NA,NA,NA,NA,0
7571,"Lonnie Chisenhall","L",0.721208770960014,0.213914849428868,0.041921041921042,0.0343677010343677,0.11875
7593,"Jordan Lyles","R",1,0,0,0,0
7608,"Tommy Milone","L",NA,NA,NA,NA,0
7619,"Mark Reynolds","R",0.573196577960932,0.219267633912565,0,0.205459800278519,0.0207291666666666
7677,"Neil Ramirez","R",NA,NA,NA,NA,0
7731,"Juan Nicasio","R",NA,NA,NA,NA,0
7738,"Wily Peralta","R",NA,NA,NA,NA,0
7739,"Travis d'Arnaud","R",0.609998398468405,0.185481018205415,0.00174767411529433,0.197470490025446,0
7740,"Ty Kelly","B",0.968042274786107,0,0,0,0
7773,"Shawn Kelley","R",NA,NA,NA,NA,0
7802,"Miguel Rojas","R",0.71476556384194,0.197479448847079,0.0126154683571219,0.0722453613070411,0.042430173992674
7803,"Richard Bleier","L",NA,NA,NA,NA,0
7836,"Hunter Strickland","R",NA,NA,NA,NA,0
7841,"Jerry Blevins","L",0.960396039603957,0,0,0,0
7859,"Charlie Blackmon","L",0.648804665919777,0.198156476978718,0.0288003823180757,0.120430708869154,0.062614239991649
7870,"Jonathan Lucroy","R",0.768979936396867,0.166590742048814,0.00962266562279701,0.0539816961952758,0.0244976585781183
7872,"Tyson Ross","R",0.872603469263542,0,0,0.133378025027348,0
7882,"Josh Lindblom","R",NA,NA,NA,NA,0
7888,"Ryan Flaherty","L",0.546294841581566,0.399029244023783,0,0.0333333333333333,0.115555555555556
7927,"Eric Sogard","L",0.759689534461022,0.203666284774529,0.0103868636294337,0.0397061504698579,0.0645279368108567
7949,"Tim Beckham","R",0.71012044926727,0.172214795008912,0.00571378340365684,0.110174589201878,0
7996,"Jose A Martinez","R",0.668234874308395,0.198240326280147,0.00780565511748306,0.12212881889109,0.0344924623115578
8001,"Hanley Ramirez","R",0.701140132669984,0.126205450733753,0,0.17665544332211,0
8004,"Marcus Walden","R",NA,NA,NA,NA,0
8044,"Jason Vargas","L",0.974608302254172,0,0,0,0
8048,"Will Smith","R",0.947115384615384,0,0,0,0
8073,"Dan Jennings","L",0.510526315789475,0.530054644808745,0,0,0
8090,"Matt Carpenter","L",0.529490353330333,0.266409521054354,0.00826393373965593,0.189883905755381,0.0418369214962873
8137,"Jaime Garcia","L",NA,NA,NA,NA,0
8173,"Yovani Gallardo","R",NA,NA,NA,NA,0
8202,"Josh Harrison","R",0.71610201208103,0.185504313687091,0.0135920620503669,0.0842742187487095,0.00967592592592594
8203,"Dee StrangeGordon","L",0.842422250395631,0.0883210492804863,0.0451579421015784,0.0147004275385497,0.01375
8223,"Brett Anderson","L",0.989730372720066,0,0,0,0
8241,"David Robertson","R",NA,NA,NA,NA,0
8246,"Paolo Espino","R",1,0,0,0,0
8252,"Hunter Pence","R",0.545025485483202,0.14063114519324,0.065658199706553,0.249048365408767,0.0307575757575758
8259,"Kurt Suzuki","R",0.657491167099059,0.19948192536585,0,0.142441104126989,0.01005
8267,"Chris Iannetta","R",0.590619846703315,0.237543014188844,0.00492948103519102,0.170357078232144,0.134166666666667
8298,"Francisco Pena","R",0.780223619846262,0.119976359338061,0,0.0808442851453603,0.485
8347,"Denard Span","L",0.637090351864963,0.195615996025831,0.059695072486523,0.107254397179267,0
8362,"Homer Bailey","R",1,0,0,0,0
8370,"Dustin Pedroia","R",1,0,0,0,0
8385,"Pedro Florimon","B",0.446598471456796,0.375669677024338,0.0591385542168676,0.116315165876778,0
8392,"Daniel Descalso","L",0.617357427295567,0.228849228302176,0.0322735069519739,0.119152367337807,0.015625
8418,"Ehire Adrianza","B",0.666033347385993,0.235158129979624,0.0196250464451283,0.0776983400341202,0.0195272619047619
8536,"Tyler Cloyd","R",NA,NA,NA,NA,0
8553,"Gerardo Parra","L",0.706865653365418,0.196554786928068,0.00518794469967439,0.0907683412249207,0.0831096459537571
8580,"Justin Miller","R",NA,NA,NA,NA,0
8609,"Tim Federowicz","R",0.462620774525629,0.309512715571781,0,0.235178804151286,0
8610,"Kendrys Morales","B",0.759321864179906,0.0968979248423443,0.0154139994357338,0.129028738241753,0.0492450000000001
8623,"Donovan Solano","R",0.725716480394095,0.204289127656956,0.00574386599481916,0.0627860598734601,0.0261247807017544
8628,"Paulo Orlando","R",0.803980099502486,0.198039215686274,0,0,0
8700,"Justin Verlander","R",0.994923857868017,0,0,0,0
8709,"Elvis Andrus","R",0.683966547762063,0.212552698667314,0.011887450545954,0.0873121382328443,0.0218668564199874
8722,"Jason Castro","L",0.535667927987044,0.29988715672049,0,0.166628989180005,0.00767999999999999
8753,"Tanner Roark","R",0.672772955687528,0.191348502548853,0.0515151515151514,0.0939252336448598,0
8779,"Wade Miley","L",0.871026315789474,0.150731707317073,0,0,0
8782,"Andrew Cashner","R",NA,NA,NA,NA,0
8823,"Oliver Drake","R",1,0,0,0,0
8879,"Ryan Lavarnway","R",0.628812388494843,0.272432458293739,0,0.0939252336448597,0
9015,"Gordon Beckham","R",0.709043246445498,0.212150659844944,0.0142326732673267,0.0656725888324873,0
9054,"Justin Smoak","B",0.51436308647787,0.26169703559497,0,0.21523006080329,0.0208235016013421
9073,"Kirby Yates","L",NA,NA,NA,NA,0
9077,"Lorenzo Cain","R",0.757856762128414,0.191501201330493,0.00218652387327086,0.0553693576521758,0.0680093896713615
9111,"Brad Hand","L",NA,NA,NA,NA,0
9112,"Khris Davis","R",0.572001499621001,0.204161431316793,0.0150298639362244,0.212571109349241,0.0380724846736386
9132,"Nathan Eovaldi","R",0.965517241379306,0,0,0,0
9134,"Tyler Flowers","R",0.60313286805678,0.245756146423627,0.0150243040212108,0.131513378510241,0.0332258064516129
9149,"Tim Melville","R",1,0,0,0,0
9166,"Buster Posey","R",0.680190841545064,0.215121381243822,0.00273235186166958,0.0973165545855598,0.0606437908496732
9174,"Casey Kelly","R",NA,NA,NA,NA,0
9205,"Logan Morrison","L",0.484747760086743,0.231451154298583,0,0.277806664650402,0
9218,"Paul Goldschmidt","R",0.607418060692851,0.209384186867585,0.00647040715255142,0.177796287930273,0.0439051475637874
9241,"Starling Marte","R",0.69521999021583,0.170118087703204,0.0266210051414104,0.107721220036924,0.0482943604821237
9253,"Keon Broxton","R",0.574465631848272,0.131395087354632,0.0648148148148147,0.218602392423434,0
9256,"AJ Pollock","R",0.592298692280801,0.203123142664792,0.0115179513201407,0.186357479432917,0.0527945301542777
9266,"Daniel Corcino","R",NA,NA,NA,NA,0
9272,"Chris Davis","L",0.590990103996974,0.279636114937333,0,0.131676256233218,0.0240160516989786
9284,"Chris Herrmann","L",0.647473298262394,0.19798893916541,0.0575705238917675,0.0939775335693727,0
9308,"Josh Phegley","R",0.380108795677859,0.187556535712098,0,0.444257930514945,0
9309,"Buddy Baumann","L",NA,NA,NA,NA,0
9323,"Patrick Corbin","L",0.91269716073138,0.0834535036474422,0,0,0
9325,"Jared Hughes","R",NA,NA,NA,NA,0
9345,"Brock Holt","L",0.719073621538552,0.223063920580234,0.0162232243774251,0.0433001497092099,0.0228643822393823
9346,"Brandon Morrow","R",NA,NA,NA,NA,0
9362,"Adam Moore","R",0.482758620689655,0.262032085561498,0,0.267759562841531,0
9368,"Evan Longoria","R",0.586124826045233,0.205798516613314,0.0106483734413954,0.206501147061835,0.0577928444653251
9388,"Josh Tomlin","R",1,0,0,0,0
9393,"Matt Adams","L",0.621302642674861,0.18095866574856,0,0.195858684478022,0.101912193251534
9417,"Kris Medlen","B",NA,NA,NA,NA,0
9433,"Dustin Garneau","R",0.608843741558442,0.190347032551748,0.0375968992248062,0.165216556799116,0
9434,"Dallas Keuchel","L",0.812060301507537,0.186175115207373,0,0,0
9460,"Dan Straily","R",0.761538461538462,0.198994974874372,0,0,0
9490,"Jeremy Jeffress","R",NA,NA,NA,NA,0
9549,"David Freese","R",0.607244090296857,0.205119252298738,0.0147076254989452,0.177719132964754,0.021239837398374
9571,"Craig Gentry","R",0.797791580400276,0.126488095238095,0.0530835284933647,0.02280348759222,0
9627,"Yan Gomes","R",0.650897519995858,0.199173676047166,0.00916522110560034,0.140446786178298,0.0647370052494324
9674,"Vidal Nuno","L",0.99476439790576,0,0,0,0
9682,"Adam Rosales","R",0.4975,0.247512437810946,0,0.256443298969073,0
9744,"Justin Bour","L",0.570293077517622,0.171581976412338,0.00494488419039525,0.246180776690115,0.0399286498353458
9761,"Joe Kelly","R",NA,NA,NA,NA,0
9774,"Christian Vazquez","R",0.722446454692843,0.175646340552152,0.00238670270934649,0.102192606000687,0.0302023976023976
9776,"Jason Kipnis","L",0.614777078078572,0.232439237398281,0.0198184359128326,0.130112693940118,0.0221111111111111
9777,"Nolan Arenado","R",0.608174912200635,0.195413468115986,0.00798916302616503,0.191291535160808,0.125670319463148
9784,"Garrett Richards","R",0,0.908695652173913,0,0,0
9785,"Kyle Seager","L",0.525013437128515,0.246870649848106,0.00805730507790995,0.220953463454307,0.0485156946922391
9787,"Steven Baron","R",0.732580691504645,0.219298245614035,0,0,0
9794,"Rex Brothers","L",NA,NA,NA,NA,0
9803,"Miles Mikolas","R",0.747932389937107,0.124802994483845,0,0.12126642771804,0
9807,"Ryan Goins","L",0.668794362312942,0.257531948311558,0.0371029963348022,0.0256512493354598,0.0195098039215686
9810,"Brian Dozier","R",0.728612562134623,0.144325784760832,0.00907242328042326,0.129356849749082,0.015823990987011
9817,"Sergio Romo","R",NA,NA,NA,NA,0
9847,"Andrew McCutchen","R",0.619897818762151,0.199534092602704,0.00831303281197029,0.176152761704878,0.0118845809295839
9848,"Austin Jackson","R",0.736296534897747,0.21435809943339,0.0100938521800266,0.0332215134857185,0.0754958677685949
9854,"Efren Navarro","L",0.970873786407767,0,0,0,0
9856,"Brandon Snyder","R",0,1,0,0,0
9874,"DJ LeMahieu","R",0.734905628140532,0.165012088184799,0.0122561566956112,0.0927901042636189,0.0091836268754077
9892,"Jay Bruce","L",0.455228544749686,0.259969696852519,0.0208790869089697,0.249600943303874,0.059072299651568
9893,"Colby Rasmus","L",0.66006600660066,0.17636684303351,0,0.151515151515151,0
9895,"Chris Rusin","L",1,0,0,0,0
9927,"Brett Gardner","L",0.617312252066199,0.191218714949642,0.0611475241683772,0.14151125501019,0
9929,"Darin Ruf","R",0.615832642168854,0.221316182427859,0.00565084052703316,0.164116619935543,0.0106521739130435
9939,"Brandon Kintzler","R",NA,NA,NA,NA,0
9952,"Trayce Thompson","R",0.51869089039791,0.172191754018207,0.00475165134456758,0.283921282134276,0.0335714285714286
9953,"Ryan Schimpf","L",0,0,0,0.86547085201794,0
9957,"Steve Pearce","R",0.640694773557827,0.222771498028723,0.00709237611287726,0.120985554338351,0
9968,"Dan Butler","R",1,0,0,0,0
10021,"Mike Minor","R",0,0.981308411214953,0,0,0
10028,"Christian Bethancourt","R",0.622105798598056,0.225526001524263,0,0.155986427327639,0
10030,"Chris Owings","R",0.672231705990309,0.199959369759697,0.0316362614061132,0.0801689963653761,0.0518849206349206
10047,"Wil Myers","R",0.604297316236008,0.229695648801118,0.0148044414520967,0.14926655694702,0.0202094356261023
10059,"Max Stassi","R",0.674389148460806,0.153074983350469,0.00667524426038358,0.165432556827962,0
10067,"Tomas Telis","B",0.808158625915636,0.173011409722597,0,0,0
10071,"Jonathan Villar","B",0.726792018258502,0.145129064821675,0.0190255942952325,0.104558721508083,0.0193047362239089
10123,"Kyle Gibson","R",0.866469160479726,0,0,0.122572815533981,0
10130,"Mike Leake","R",1,0,0,0,0
10131,"Stephen Strasburg","R",0.62223659551885,0.360062893081761,0,0.0275080906148868,0
10155,"Mike Trout","R",0.50645827491189,0.169787936607283,0.0304569647930271,0.287442813592382,0.131422825401894
10160,"Ryan Weber","R",NA,NA,NA,NA,0
10166,"Nick Franklin","B",NA,NA,NA,NA,0
10190,"Tyler Skaggs","L",NA,NA,NA,NA,0
10197,"Shelby Miller","R",NA,NA,NA,NA,0
10199,"Billy Hamilton","B",0.770147828149595,0.12813000753783,0.0419271707199725,0.06866123447761,0.00513835103332223
10200,"Tucker Barnhart","L",0.729016563947664,0.185715563866523,0.00353623785491126,0.0770277065113928,0.0344004287538771
10231,"Jose Iglesias","R",0.716325087334351,0.226349226436089,0.011982268943168,0.0513603908235649,0.0395
10243,"Randal Grichuk","R",0.579939951833132,0.21914673803217,0.0147837521518506,0.182146868471792,0.0204284894210267
10264,"Brandon Belt","L",0.573312648271926,0.206317267363501,0.0155106143611671,0.208553984573438,0.0529418390764871
10286,"Francisco Arcia","L",0.476190476190474,0.251105906843612,0,0.247277386290839,0
10310,"Zack Wheeler","L",0.782995154685122,0.18659682173751,0,0.0268384326355341,0
10314,"Erasmo Ramirez","R",NA,NA,NA,NA,0
10322,"Danny Santana","B",0.492288761885609,0.341865596269916,0.0227288514407508,0.149298628690164,0.020532
10323,"Rafael Ortega","L",0.80285805465889,0.121940765342427,0.0102886145275265,0.0612718539794114,0.0134419191919192
10324,"Marcell Ozuna","R",0.606420763381613,0.170126885588904,0.00434553844910995,0.2178863737597,0.0301292026928699
10339,"Scooter Gennett","L",0.690843582724566,0.203313268228652,0.00779535306137894,0.0983546631265488,0.0371428571428571
10340,"Gift Ngoepe","R",1,0,0,0,0
10346,"John Ryan Murphy","R",0.583656859981888,0.225096597214787,0,0.193506119956554,0.0316666666666666
10348,"Domingo Santana","R",0.606806178059183,0.234257671189296,0.00900993987547398,0.152072339576208,0.0226333333333333
10354,"Robbie Erlin","R",1,0,0,0,0
10416,"Wilfredo Tovar","R",0.83523635786802,0.155464824120603,0,0,0
10441,"Jon Singleton","L",0.67236968620066,0.184518193016437,0.00677285412837792,0.140560586023106,0
10459,"Adeiny Hechavarria","R",0.699130093491803,0.19853958222367,0.00614918772176138,0.0878284564678746,0.0415017525664294
10472,"Enrique Hernandez","R",0.622348692449086,0.227943580216726,0.0162314405027064,0.136011407089157,0.028534178187404
10473,"Cheslor Cuthbert","R",0.715539809138644,0.138970896845266,0,0.147296052631579,0.0169298245614035
10533,"Rocky Gale","R",0.989898989898991,0,0,0,0
10534,"Jake Petricka","R",NA,NA,NA,NA,0
10542,"Derek Dietrich","L",0.510653330794439,0.156568669860825,0.0277491061485258,0.30439176710583,0.0471798029556651
10547,"Jimmy Nelson","R",NA,NA,NA,NA,0
10556,"Cesar Hernandez","B",0.725179943704312,0.186721125350661,0.0167372566798722,0.0739249113974285,0.0332169242479298
10587,"Chad Bettis","R",1,0,0,0,0
10591,"Scott Alexander","L",NA,NA,NA,NA,0
10603,"Chris Sale","L",NA,NA,NA,NA,0
10619,"David Freitas","R",0.824340673575126,0.165921787709497,0,0.0232394366197183,0
10637,"Adam Liberatore","L",NA,NA,NA,NA,0
10642,"Carlos Perez","R",0.724115582355284,0.147042804747394,0,0.130376208043814,0
10655,"Rob Brantly","L",0.550758322331926,0.460519395134779,0,0,0
10681,"Gio Urshela","R",0.712286313457132,0.183482858197049,0.0104071765637958,0.0976249291019514,0.0194940019643651
10700,"Ryan LaMarre","R",0.606504960621478,0.0807896219464627,0,0.302823029791349,0
10732,"Drew Hutchison","L",1,0,0,0,0
10762,"Corey Dickerson","L",0.649492228764397,0.208881595486865,0.0340787664168134,0.103591628077998,0.101519038076113
10767,"Lane Adams","R",0.487922705314009,0.17003367003367,0,0.352530541012217,0
10807,"Tyler Saladino","R",0.733195405348852,0.0661298524967429,0,0.195500616795754,0
10811,"Mike Foltynewicz","R",0.822842779152428,0.17003367003367,0,0,0
10815,"Jurickson Profar","B",0.639503305879001,0.217199148906209,0.0168701405375726,0.123532715104577,0.0186667858350525
10816,"Jedd Gyorko","R",0.668532909121727,0.134607815188735,0.00427620492079542,0.185950064385837,0.0217777777777778
10819,"RJ Alaniz","R",1,0,0,0,0
10836,"Asher Wojciechowski","R",NA,NA,NA,NA,0
10839,"Rangel Ravelo","R",0.570320512820513,0.218198565057204,0,0.216728805316907,0
10847,"Andrelton Simmons","R",0.815341423348346,0.149575555202864,0.0066930226106256,0.0322052217303082,0.0206976190476191
10855,"Chasen Shreve","L",NA,NA,NA,NA,0
10882,"Jared Hoying","L",NA,NA,NA,NA,0
10925,"Christian Bergman","R",0.99,0,0,0,0
10950,"Adam Duvall","R",0.511609830919918,0.207927191701693,0.0128507725981746,0.269225072191762,0.0226303206987643
10951,"Greg Garcia","L",0.735547785547786,0.19130487372363,0.0171402201859055,0.0452929069208138,0.0223176100628931
10953,"Phil Gosselin","R",0.76544330576651,0.114948506097909,0.0174063460772731,0.0972474392192002,0.0737
10954,"Jacob deGrom","L",0.810096056861743,0.117798534706169,0,0.049547875634832,0
11003,"Evan Gattis","R",0.54071948797175,0.1876548772246,0,0.262368815592204,0.0615151515151514
11012,"Kevin Shackelford","R",NA,NA,NA,NA,0
11038,"Kevin Kiermaier","L",0.649514294774538,0.180246562803358,0.057402698912718,0.103081955635485,0.0376606726606726
11145,"Christian Colon","R",0.84963768115942,0.162457912457912,0,0,0
11155,"Elliot Soto","R",0.495192307692309,0.512437810945275,0,0,0
11156,"Merrill Kelly","R",0.835845896147403,0.15072463768116,0,0,0
11189,"Vince Velasquez","R",0.914079418853056,0.0364758698092031,0,0.0457963089542037,0
11200,"Kole Calhoun","L",0.578679412164512,0.202775674546128,0.00870978996652645,0.209590046360096,0.0232154088050314
11205,"Adam Eaton","L",0.671571239097345,0.211296564101249,0.0334085239780292,0.0890919017626917,0.0204166666666666
11209,"Casey Sadler","R",NA,NA,NA,NA,0
11241,"Mike Freeman","L",0.825775809433868,0.154746413998364,0,0.0260044904661372,0.05225
11247,"Jabari Blash","R",0.757853403141361,0.256648936170212,0,0,0
11255,"Matt Szczur","R",0.714285714285717,0.213203463203464,0,0.0707106963388372,0
11265,"Jonathan Schoop","R",0.656563637505264,0.195134583480852,0.00985480601598939,0.137886192246511,0.0337839222682352
11270,"Aaron Altherr","R",0.483005039112018,0.326744913544707,0.0127351097178683,0.180252319148349,0
11281,"Whit Merrifield","R",0.699848232580964,0.191487933722995,0.0161219045802474,0.0837861959567038,0.031381049960968
11287,"Bryan Holaday","R",0.721310071804461,0.216446578741469,0,0.04570644679878,0.0923636363636364
11334,"Tyler Lyons","L",NA,NA,NA,NA,0
11338,"Adrian Sanchez","R",0.873531113580369,0.113793700242298,0.0236111111111111,0,0.109444444444444
11339,"Jake Marisnick","R",0.579902261296929,0.230850586805586,0.0474031858264721,0.145247634369183,0.0531527777777778
11341,"Sean Nolin","L",NA,NA,NA,NA,0
11342,"Jesus Aguilar","R",0.64471733438688,0.164118086968039,0,0.194170462921299,0.070173763429673
11346,"Seth Frankoff","R",NA,NA,NA,NA,0
11368,"Yasmani Grandal","B",0.624438639755678,0.17600458001865,0.00622588224753494,0.182069016829352,0.0117989343963885
11379,"Delino DeShields","R",0.703987397119604,0.217989499375564,0.0277312948471104,0.0388534723086598,0
11381,"Drew Maggi","R",0.490243902439025,0.474056603773585,0,0,0
11385,"Matthew den Dekker","L",NA,NA,NA,NA,0
11400,"Ronald Torreyes","R",0.629662178955623,0.356021425692516,0.014216596776477,0.0222859664607238,0.0256578947368421
11423,"Jose Quintana","R",0.926188392388288,0.0660033167495855,0,0,0
11426,"Drew Pomeranz","R",NA,NA,NA,NA,0
11437,"Jesse Biddle","L",0,0.97512437810945,0,0,0
11442,"Gary Sanchez","R",0.494364344025359,0.198626357900337,0.00726193733657586,0.289439877925514,0.0197884615384615
11445,"Mark Canha","R",0.635825174211485,0.206930776409513,0.0170000249221555,0.140400070168328,0.0304225062964484
11449,"Matt Grace","L",1,0,0,0,0
11467,"AJ Cole","R",0,0,0,0.935779816513762,0
11470,"Tony Wolters","L",0.809967723021284,0.127141328630519,0.0321640698329027,0.0262712020280829,0.0426089743589743
11472,"Dixon Machado","R",0.819040945356671,0.139482029598309,0.00753862150920974,0.0126748251748252,0.034107142857143
11476,"Odubel Herrera","L",0.654048258568585,0.236509535483082,0.0226202192545418,0.0971871774382399,0.0197368421052632
11477,"Christian Yelich","L",0.631962640229723,0.185249569984271,0.0232093637426133,0.158388734022702,0.0859864460834501
11479,"Bryan Mitchell","L",0.99514563106796,0,0,0,0
11481,"Henry Ramos","B",0.755166384247663,0.178664669454326,0.0264118325009604,0.0555210035313338,0
11486,"Robbie Ray","L",0.830016583747927,0.173647469458988,0,0,0
11489,"Michael A Taylor","R",0.631364144023268,0.211039450516371,0.0151186107807807,0.14133320734012,0.00980295566502462
11490,"Aaron Sanchez","R",NA,NA,NA,NA,0
11493,"Manny Machado","R",0.612143234663402,0.185484526084215,0.0110190565325212,0.188285965366968,0.133493459889288
11494,"Kaleb Cowart","B",0.326121490274801,0.630117682266341,0.0423607910274137,0.0294149025345587,0
11528,"Josh Osich","L",NA,NA,NA,NA,0
11579,"Bryce Harper","L",0.546992196702327,0.2467433069472,0.00732075427292103,0.194274525360546,0.141225244067669
11589,"Jose Urena","R",0.475961538461539,0.497487437185929,0,0,0
11596,"Deck McGuire","R",1,0,0,0,0
11602,"Yolmer Sanchez","B",0.657650544402284,0.259243901634721,0.0272330382191235,0.0657740366315167,0.00568153409090909
11609,"Willson Contreras","R",0.585481436195362,0.219473975943723,0.00982968848484748,0.187364952194826,0.0295127680716062
11611,"Rosell Herrera","B",0.658425876358721,0.249752439564166,0.0214498123309387,0.0599669493302135,0.0473659090909089
11615,"Brandon Drury","R",0.651526689851919,0.217852079841002,0.007993513114233,0.121185993822482,0
11624,"Jarrett Parker","L",NA,NA,NA,NA,0
11632,"Heath Hembree","R",NA,NA,NA,NA,0
11674,"Jameson Taillon","R",0.875151526630805,0.120121951219512,0,0,0
11680,"Elias Diaz","R",0.688261692987421,0.185522612397764,0.00450914170306368,0.120767048473408,0.0254253625978693
11682,"Carlos Martinez","R",0.543045371754156,0.386248914459402,0,0.0682123655913978,0
11694,"Nick Kingham","R",0.490049751243781,0.480487804878048,0,0,0
11713,"Matt Harvey","R",1,0,0,0,0
11737,"Nick Castellanos","R",0.58520572913006,0.23005875312507,0.0185819757782574,0.160918501294767,0.0496650346366535
11738,"Christian Villanueva","R",0.578313253012049,0.179810149689668,0,0.238542108131017,0
11739,"JT Realmuto","R",0.60808473909585,0.201957379629331,0.0251561813442747,0.166725758796869,0.0416988516951496
11752,"Luke Jackson","R",NA,NA,NA,NA,0
11753,"Kyle Ryan","L",NA,NA,NA,NA,0
11760,"Drew Smyly","L",1,0,0,0,0
11761,"Drew Robinson","L",0.847128712871287,0.075360576923077,0,0.0672746781115882,0
11762,"Noah Syndergaard","L",0.562850459803262,0.274291831357048,0,0.161030595813204,0
11801,"Hansel Robles","R",NA,NA,NA,NA,0
11804,"Hector Neris","R",NA,NA,NA,NA,0
11828,"James Paxton","L",NA,NA,NA,NA,0
11836,"Taijuan Walker","R",0.989847715736041,0,0,0,0
11846,"Leonys Martin","L",0.650528133074608,0.168563841710088,0.0193001860791942,0.159198781542651,0.0158333333333333
11850,"Tyler Austin","R",0.487511655030428,0.179934199900716,0.0148031072901347,0.322659441350671,0.0195068559521155
11859,"Mason Williams","L",0.718038545529672,0.104095743852843,0.147708687736891,0.0502774513644079,0.103392857142857
11863,"Yadiel Rivera","R",0.795844101550623,0.151764643617199,0,0.0259433962264152,0.0510526315789473
11875,"Ronny Rodriguez","R",0.61623355444083,0.182563067163579,0.0167992209056971,0.186971120887655,0
11894,"Noel Cuevas","R",0.836728837876612,0.108135168961202,0.0194279546681058,0.0554842024145901,0.0854166666666666
11899,"Joc Pederson","L",0.551868192486698,0.184513693561356,0.0280538410393381,0.238870793378948,0.0450283224294503
11902,"Hanser Alberto","R",0.655596278774045,0.268339961621941,0.0184577477982145,0.0601379794248583,0.0101041666666667
11903,"Michael Feliz","R",NA,NA,NA,NA,0
11936,"Joe Panik","L",0.747607347748691,0.185557611297849,0.00684540762411428,0.0524572064869266,0.0512270911321793
11982,"Travis Shaw","L",0.589169943802031,0.211115346652513,0,0.196538625024027,0.0353205128205128
12005,"Nick Martini","L",0.69512705198256,0.15675975311933,0.0487877044025267,0.0951419835086433,0.0428333333333334
12022,"Matt Andriese","R",NA,NA,NA,NA,0
12027,"Brian Flynn","L",NA,NA,NA,NA,0
12037,"Jon Berti","R",0.727155010006504,0.160181836800731,0.0463094703690661,0.0606249330749982,0.00960591133004928
12049,"Kyle Hendricks","R",0.821338341397613,0.185265739040981,0,0,0
12056,"Scott McGough","R",NA,NA,NA,NA,0
12076,"Felipe Vazquez","L",NA,NA,NA,NA,0
12092,"Niko Goodrum","B",0.652273515856915,0.224051697706016,0.0150298417267737,0.104562564327595,0.00726769323671497
12095,"Yimi Garcia","R",NA,NA,NA,NA,0
12106,"Parker Markel","R",NA,NA,NA,NA,0
12119,"Matt Skole","L",0.742359735973598,0.0799171842650103,0,0.167517006802722,0
12140,"Juniel Querecuto","B",0.492058949778223,0.51076785979504,0,0,0
12144,"Max Kepler","L",0.572736416621164,0.226808604719783,0.0165374530737698,0.187663118278801,0.0152385971155733
12147,"Nick Ahmed","R",0.651377072186571,0.207572383913077,0.0215036839658965,0.112348890913281,0.0248075307045895
12155,"Eddie Rosario","L",0.61579837974374,0.196039153805711,0.0146212326084479,0.176842444647333,0.0570572822430407
12158,"Austin Barnes","R",0.75195146118485,0.164266581773078,0.00399486374661148,0.0896602065504633,0.04133916048888
12160,"Ben Gamel","L",0.666138217899854,0.241429238086148,0.0225411526549998,0.065149457227904,0.0320680000204869
12161,"Xander Bogaerts","R",0.653640321477279,0.200748795180523,0.00650366208912827,0.138932310994008,0.0371906604592755
12164,"Miguel Sano","R",0.546257452392789,0.187743499461998,0.00334346504559269,0.259761384013709,0.0143228185812932
12174,"Jorge Bonifacio","R",0.723949203739015,0.214463585094786,0.00790730447036718,0.0457612965399836,0.00853448275862069
12179,"Maikel Franco","R",0.643035666938333,0.213553084897184,0.00191570881226053,0.140905427983314,0.166770593869732
12180,"Jorge Alfaro","R",0.632874305559145,0.231619408962277,0.00717228915692398,0.125691027683024,0.102171717171717
12183,"Cody Allen","R",NA,NA,NA,NA,0
12198,"Jake Hager","R",0.91696375828269,0.0797955974842766,0,0,0
12225,"Scott Schebler","L",0.54432357535329,0.344955360624997,0,0.116063160273019,0.00666666666666667
12237,"Dan Winkler","R",NA,NA,NA,NA,0
12268,"Ryan Court","R",0.6,0.20855614973262,0,0.1875,0
12272,"Aaron Brooks","R",NA,NA,NA,NA,0
12282,"Rougned Odor","L",0.534037447556284,0.228342482148866,0.0105327934780042,0.22112475901628,0.0331784809183065
12284,"Kevan Smith","R",0.68684781952192,0.232001462909854,0,0.0755227002156437,0.075
12294,"Cory Spangenberg","L",0.726701019981552,0.107561288598288,0.0744503021730744,0.0952601187215432,0.0908333333333334
12304,"Chris Bassitt","R",NA,NA,NA,NA,0
12316,"Justin Hancock","R",NA,NA,NA,NA,0
12317,"Colin Rea","R",NA,NA,NA,NA,0
12325,"Jace Peterson","L",0.733844565451438,0.153638865054388,0.0249032433077583,0.0918233824865552,0.0155593714226246
12371,"Tommy La Stella","L",0.695947841356523,0.212104384456034,0.00949420860834178,0.076387486915666,0.0192755991285403
12384,"Beau Taylor","L",0.502266815310293,0.331615120274916,0,0.180790960451977,0
12385,"Nick Tropeano","R",NA,NA,NA,NA,0
12394,"Jason Krizan","L",1,0,0,0,0
12399,"Taylor Motter","R",0.792799098643701,0.104310868757102,0.049338999055713,0.0467538961580131,0
12409,"Ryan Rua","R",0.641855447680689,0.109034267912773,0.0271950271950272,0.218068535825545,0
12434,"Kevin Pillar","R",0.517583754309956,0.332764391661238,0.0171661920570343,0.123843849666743,0.0392154025084916
12447,"Seth Lugo","R",1,0,0,0,0
12499,"Drew Rucinski","R",NA,NA,NA,NA,0
12508,"Jett Bandy","R",0.753846153846152,0.169257340241796,0,0.0808580858085807,0
12510,"Curt Casali","R",0.686103055795498,0.180443364078331,0.002729317533465,0.127624177068277,0.0396384615384615
12532,"Kolten Wong","L",0.693825192541415,0.186433046719528,0.0247829477415499,0.0899482697329954,0.0553608703112411
12533,"Marcus Semien","R",0.613623793801541,0.203724880929576,0.021929966811362,0.15947539820351,0.0123117813287931
12545,"Drew Gagnon","R",1,0,0,0,0
12546,"CJ Cron","R",0.508607348522595,0.222527042803532,0.00493812595714793,0.261777371739955,0.0568047710902563
12547,"John Hicks","R",0.549610177716886,0.172357461168981,0.00294843863471315,0.282660548617061,0
12552,"Eugenio Suarez","R",0.554136086946605,0.183980918476385,0.00846576183804596,0.239701245841372,0.0292872023809524
12564,"Trevor Story","R",0.572661075942489,0.242556371019632,0.0175608077714694,0.163018522884314,0.0618458409147388
12575,"Nick Ramirez","L",NA,NA,NA,NA,0
12586,"Mike Wright Jr","R",NA,NA,NA,NA,0
12594,"Mike Marjama","R",0,1,0,0,0
12606,"Raffy Lopez","L",0.71871628910464,0.106937923839332,0,0.178883071553228,0.241153846153846
12649,"Alex Dickerson","L",0.611217497489765,0.15338841205834,0.0245121889888428,0.210167310098805,0.0629473244147157
12664,"Jerad Eickhoff","R",0.989847715736042,0,0,0,0
12673,"Roenis Elias","L",0.975609756097561,0,0,0,0
12680,"Ryne Harper","R",NA,NA,NA,NA,0
12699,"Ryan Carpenter","L",NA,NA,NA,NA,0
12703,"Trevor Bauer","R",1,0,0,0,0
12718,"Adrian Houser","R",0.165798611111112,0.521505376344084,0,0.310569105691057,0
12719,"Dillon Thomas","L",0.99455392143966,0,0,0,0
12758,"Breyvic Valera","B",0.750146546206021,0.150162025895623,0.0658275565351937,0.0413853033601331,0
12768,"Sonny Gray","R",0.940886699507389,0,0.092626728110599,0,0
12775,"Brad Miller","L",0.600950782500235,0.190995915193268,0.0193393901745956,0.186190464509371,0.0225762583291402
12777,"John Brebbia","L",0.969999999999997,0,0,0,0
12778,"Sam Gaviglio","R",0,0.956937799043062,0,0,0
12779,"Andy Burns","R",0.687499999999999,0.33846153846154,0,0,0
12782,"Taylor Davis","R",0.881450623398811,0,0,0.10946094609461,0
12784,"Burch Smith","R",NA,NA,NA,NA,0
12797,"Dalton Pompey","B",1,0,0,0,0
12804,"Matt Wisler","R",NA,NA,NA,NA,0
12808,"Mike Clevinger","R",NA,NA,NA,NA,0
12828,"Andrew Kittredge","R",NA,NA,NA,NA,0
12856,"George Springer","R",0.607119113234262,0.16578741167435,0.0241367548214503,0.202039080111369,0.0105829774337237
12858,"Brian Goodwin","L",0.589614215484559,0.234889091086783,0.0238501592490151,0.150770983490209,0.028361334270092
12859,"James McCann","R",0.663652559113568,0.188593642988872,0.0037807004420014,0.143923477860736,0.00907291666666666
12861,"Anthony Rendon","R",0.645037807057893,0.233536324067357,0.0069865818583151,0.113992793259164,0.0451972918188889
12863,"Matt Barnes","R",NA,NA,NA,NA,0
12880,"Tyler Anderson","L",0.922356058472645,0,0,0.0919384057971014,0
12907,"Gregory Polanco","L",0.55126013446374,0.206566412569587,0.0274201142352496,0.215485082119999,0.0547170992714025
12916,"Francisco Lindor","B",0.599668344585557,0.20119051812333,0.0167038388477423,0.179081537742333,0.0707852255148565
12917,"Dylan Bundy","B",0.994329073096693,0,0,0,0
12918,"Archie Bradley","R",NA,NA,NA,NA,0
12926,"Alen Hanson","B",0.815882006381245,0.107715422703605,0.0262360806402257,0.0631010055806687,0.170016666666667
12927,"Brandon Nimmo","L",0.607181362266822,0.207938556772429,0.0484422714038191,0.140155589683974,0.0115463721061547
12937,"Jose Osuna","R",0.544057827687159,0.264630993945332,0,0.188370080814663,0
12944,"Socrates Brito","L",0.769921071335054,0,0.206498951781971,0.0752078609221468,0
12950,"Phillip Evans","R",0.845352188618941,0.0828582752230684,0,0.0696173622530211,0.0126190476190476
12963,"Roberto Gomez","B",NA,NA,NA,NA,0
12970,"Joe Musgrove","R",0.71219468167447,0.231430733794832,0.0393081761006289,0,0
12972,"Joe Ross","R",1,0,0,0,0
12976,"Austin Hedges","R",0.691055139820749,0.138628138245485,0.00449207616007297,0.161800950691947,0.0480136054421769
12977,"Michael Perez","L",0.63531785538435,0.243778974498435,0.00542200854700855,0.116668026999629,0.00929824561403509
12979,"Javier Baez","R",0.606260323864034,0.204631079877542,0.0232561529869544,0.163434908037698,0.0849661975518804
12981,"Cam Gallagher","R",0.628110917348923,0.307852434692879,0,0.0517460968084169,0
12983,"Charles Tilson","L",0.848185514980069,0.109728192564799,0.0145365997638725,0.0139915905466145,0.04975
12984,"Jackie Bradley Jr","L",0.604007617972194,0.250147753770604,0.0189742067411713,0.118882690464466,0.0277238612836439
12990,"Erick Castillo","R",1,0,0,0,0
13005,"Kelby Tomlinson","R",0.770114942528736,0.142175066312997,0.0638805021452408,0,0
13006,"Mitch Walding","L",0,0,0,0.933649289099525,0
13012,"John Andreoli","R",0.42267724668983,0.570626900868339,0,0,0
13050,"Anthony DeSclafani","R",0.786128376848724,0.165833333333333,0,0.047448736289938,0
13066,"Teoscar Hernandez","R",0.574381513809448,0.197514680990579,0.0167931798605812,0.207411619770133,0.0226922849576772
13071,"WeiYin Chen","R",0.793269230769231,0.165829145728643,0,0,0
13074,"Yu Darvish","R",0.537753697518039,0.470356627499484,0,0,0
13110,"Yoenis Cespedes","R",0.499001233376234,0.185731319554849,0,0.29298023469394,0.0726923076923075
13125,"Gerrit Cole","R",NA,NA,NA,NA,0
13130,"Mikie Mahtook","R",0.66996699669967,0.0839276485788114,0.0294843863471315,0.223076923076923,0.0227380952380953
13132,"Andrew Susac","R",0.657004830917872,0.354166666666667,0,0,0
13133,"Derek Law","R",0.971014492753623,0,0,0,0
13145,"Josh Bell","B",0.632782190320608,0.180467865706284,0.0135717331413469,0.173793920422749,0.0730406597972666
13151,"Jose Briceno","R",0.874119009262988,0.0366641337386019,0,0.0820578231292516,0
13152,"Jorge Polanco","B",0.652355299451946,0.186324550123149,0.0127362950572118,0.144890739951668,0.0160931654373706
13153,"Luis Sardinas","B",0.494279400932975,0,0,0.462400661491112,0
13154,"Marco Hernandez","L",0.804054054054054,0.155623365300784,0,0.0580369843527739,0
13157,"Nicky Delmonico","L",0.777472375863059,0.125138897205666,0.0222417919884388,0.0676169633398771,0.0129012345679012
13164,"Eduardo Rodriguez","L",NA,NA,NA,NA,0
13167,"Robel Garcia","B",0.575500414343612,0.160219396802363,0.0560982141598657,0.204725470646166,0
13176,"Blake Swihart","B",0.70326160432879,0.126716766949396,0,0.178170860843826,0
13183,"Zach Davies","R",0.92134644703968,0.0869175627240143,0,0,0
13185,"Orlando Arcia","R",0.68266189433188,0.19334944400955,0.00511107275891328,0.119703366321244,0.0407221572690335
13188,"Adalberto Mejia","R",NA,NA,NA,NA,0
13211,"Warwick Saupold","R",NA,NA,NA,NA,0
13218,"Michael Fulmer","R",NA,NA,NA,NA,0
13228,"Michael Reed","R",0.975845410628017,0,0,0,0
13254,"Jacob Wilson","R",0.32937436110678,0.346894273931608,0.321261692114002,0,0
13265,"Mike Zunino","R",0.455938901342211,0.242410832405444,0.00873160474868913,0.299820510653274,0
13267,"Nolan Fontana","L",0,0,0,0.86547085201794,0
13269,"Zach Vincej","R",0.99,0,0,0,0
13273,"Ross Stripling","R",1,0,0,0,0
13276,"Matt Carasiti","R",NA,NA,NA,NA,0
13277,"Joey Rickard","R",0.62514061515147,0.223952698725823,0.0441478116094493,0.111730317828192,0.0177035699959888
13284,"Darnell Sweeney","B",NA,NA,NA,NA,0
13288,"Peter O'Brien","R",0.586496987312205,0.208574230035193,0,0.219882132578007,0
13293,"Danny Coulombe","L",NA,NA,NA,NA,0
13300,"Spencer Kieboom","R",0.777681511003293,0.164357073799549,0,0.0645365390699146,0
13301,"Max Muncy","L",0.507358634703585,0.19688639193493,0.0122511063845613,0.266203036952721,0.0446057615563128
13324,"Ildemaro Vargas","B",0.702544470286084,0.173747720945054,0.0330428199128571,0.0897095720715523,0.0234622062675008
13325,"Deven Marrero","R",0.752352158489992,0.038656774697384,0.0266272189349113,0.186897880539499,0
13329,"Jake Lamb","L",0.604768875570137,0.205198531043581,0.012583571191264,0.172125756220071,0.00479166666666666
13338,"Omar Narvaez","L",0.717608715218106,0.185402499515072,0.00386320857052472,0.0933750569055559,0.0232178774020211
13339,"Adrian Sampson","R",NA,NA,NA,NA,0
13345,"Luis Cessa","R",NA,NA,NA,NA,0
13346,"Hoby Milner","L",NA,NA,NA,NA,0
13355,"Luke Maile","R",0.67290447577867,0.25107002559399,0.0116501478003825,0.074921500985267,0
13356,"Bubba Starling","R",0.744581564346205,0.134514104628223,0,0.112929229480737,0
13359,"Tyler Naquin","L",0.628720615745423,0.226612382707335,0.0226568376704943,0.122404718953434,0.0734887610525194
13361,"Steven Matz","R",0.665662756745871,0.111176470588235,0,0.220251492732242,0
13367,"Stephen Piscotty","R",0.630720169185219,0.194709411494184,0.00236672244800382,0.175038987300608,0.0221111111111111
13369,"Erik Gonzalez","R",0.74927239415636,0.189784903476547,0.0182940329919388,0.0363159527405068,0.066
13394,"Dylan Floro","L",NA,NA,NA,NA,0
13397,"Sam Selman","R",NA,NA,NA,NA,0
13403,"Felix Pena","R",NA,NA,NA,NA,0
13408,"Wynton Bernard","R",0.942488262910803,0.0786637931034485,0,0,0
13414,"Andrew Toles","L",0.733082706766917,0.287187039764359,0,0,0.474999999999999
13418,"Chris Beck","R",NA,NA,NA,NA,0
13419,"Christian Walker","R",0.549864512830284,0.218664691330893,0.0078649727224613,0.22532556175024,0.0376210620617743
13420,"Matt Koch","L",0.990049751243782,0,0,0,0
13424,"Drew VerHagen","R",NA,NA,NA,NA,0
13431,"Marcus Stroman","R",0.881961621925385,0.138297872340426,0,0,0
13435,"Pierce Johnson","R",NA,NA,NA,NA,0
13453,"Eddie Butler","R",NA,NA,NA,NA,0
13470,"Lucas Sims","R",1,0,0,0,0
13472,"Christian Lopes","R",NA,NA,NA,NA,0
13473,"Dwight Smith Jr","L",0.572595862559407,0.273959782046207,0.00951800450112529,0.132574127626125,0.0471428571428571
13475,"Daniel Norris","L",0.985507246376812,0,0,0,0
13490,"Óscar Hernandez","R",0.981220657276998,0,0,0,0
13499,"Tom Murphy","R",0.586096981034581,0.222889281058979,0.00813959357118208,0.182663636543678,0.0569444444444445
13510,"Jose Ramirez","B",0.527168188511733,0.230945742503104,0.0278686228782861,0.213462684793618,0.160866408720091
13528,"Matt Bowman","R",NA,NA,NA,NA,0
13543,"Blake Snell","L",0.985074626865671,0,0,0,0
13546,"Roman Quinn","B",0.668253557826693,0.169546958684333,0.0996552587090909,0.0584347786880085,0
13549,"Richard Rodriguez","R",NA,NA,NA,NA,0
13580,"Steven Okert","L",NA,NA,NA,NA,0
13590,"Jesse Winker","L",0.658471861793033,0.19476120328091,0.00622646557107444,0.1338597395815,0.0288923368349084
13593,"Jose Peraza","R",0.654652838711996,0.230456866604373,0.0213204175361275,0.0941495828206236,0.0362068965517242
13594,"Robert Stephenson","R",NA,NA,NA,NA,0
13595,"Humberto Arteaga","R",0.809409888357256,0.161881977671452,0,0,0
13602,"Patrick Wisdom","R",0.501059985392905,0.212963437790959,0.0146821819067105,0.271342915898273,0.00717781334231806
13606,"Shawn Morimando","L",NA,NA,NA,NA,0
13608,"Mallex Smith","L",0.688076442077239,0.239688152566201,0.046776347741622,0.0230064936232978,0
13611,"Mookie Betts","R",0.574986183617497,0.215979766458365,0.0262355564771002,0.176711931524703,0.0426934746374279
13613,"Ketel Marte","B",0.599954847280408,0.223536076040441,0.0268159763299868,0.148131471723975,0.0536003756853057
13619,"Jakob Junis","R",NA,NA,NA,NA,0
13620,"Carson Kelly","R",0.694432998136149,0.15950039056281,0.00423934603824347,0.138323739387817,0.0328138528138528
13621,"Jeimer Candelario","B",0.576660464703033,0.247489348954294,0.0206695887119144,0.153226250792274,0.0207290701494828
13624,"Corey Seager","L",0.600918836281899,0.213817986641958,0.0186022760987105,0.165664958785219,0.100984118558491
13633,"Preston Tucker","L",0.542223749245824,0.285345518642211,0,0.16917104737139,0
13649,"Clay Holmes","R",NA,NA,NA,NA,0
13658,"Terrance Gore","R",0.906101892662692,0.0462519936204144,0.015743756786102,0,0
13663,"Jack Lopez","R",0.384293819050462,0.544402404619402,0,0.0281329923273657,0
13675,"Tyrone Taylor","R",0.512408928136537,0.333211061570835,0.0242066147987792,0.138474270106099,0.018265350877193
13677,"Corey Oswalt","R",NA,NA,NA,NA,0
13684,"John Gant","R",0,0,0,1,0
13690,"Sal Romano","L",0.504901960784315,0.52284263959391,0,0,0
13696,"Robert Gsellman","R",NA,NA,NA,NA,0
13699,"Jake Faria","R",0,0.904347826086956,0,0,0
13718,"Christopher Bostick","R",0.634615384615384,0.331658291457286,0,0,0
13723,"Jacob Stallings","R",0.72975414264388,0.176943133720471,0.0026859591201846,0.087440845860696,0.0493287037037036
13743,"Max Fried","L",0.807027145375602,0.18262506982265,0,0,0
13744,"David Dahl","L",0.516910417190287,0.165949620923613,0.0218771818721674,0.297646942499505,0.0335087719298245
13750,"Elier Hernandez","R",0.673539518900344,0.343859649122807,0,0,0
13755,"Tomas Nido","R",0.725170021623561,0.160531749228637,0.00487695078031212,0.107277381898953,0.0668775510204082
13757,"Chris Taylor","R",0.615539504228968,0.229709046224309,0.0427857788562004,0.120653457028256,0.0283712931448123
13761,"Chris Stratton","R",0.809178743961354,0.171794871794873,0,0,0
13767,"JT Chargois","B",NA,NA,NA,NA,0
13768,"Travis Jankowski","L",0.881074485075434,0.089799561104145,0.014986472273601,0.0165643765246338,0.0263636363636364
13769,"Adalberto Mondesi","B",0.657190579560769,0.164027193011076,0.0402264095413943,0.135002406225129,0
13770,"Rob Refsnyder","R",0.710317787366798,0.199066879297148,0.00549783549783549,0.0843034504978295,0.0113095238095238
13774,"Zach Eflin","R",0.81391957961195,0.0671791443850268,0,0.115521327014218,0
13781,"Alex Wood","R",1,0,0,0,0
13788,"Matt Reynolds","R",0.937325056429154,0.0555555555555556,0.00751633986928105,0.0151982378854626,0
13795,"Eric Stamets","R",0.510416666666669,0.462264150943397,0,0,0
13799,"Matt Strahm","R",0.663230240549829,0.34963768115942,0,0,0
13801,"Austin Adams","R",NA,NA,NA,NA,0
13804,"Walker Lockett","R",1,0,0,0,0
13807,"Kevin Plawecki","R",0.699626540997085,0.214910982499481,0.0127474083438685,0.0698986536874899,0.0135
13834,"Alec Mills","R",0.666766689171731,0.35650623885918,0,0,0
13836,"Matt Duffy","R",0.830367178354653,0.136691173728964,0.00136247358469581,0.03153861010471,0.00347517730496454
13853,"Joey Wendle","L",0.703739657533906,0.215444361835419,0.0248470666713065,0.0513708064576462,0.0506023166023165
13854,"Anthony Bemboom","L",0.765281868502672,0.116514574335514,0,0.11546058844336,0
13862,"Devon Travis","R",0.686684562082526,0.161411195019312,0.033938571186153,0.12214757648104,0.0628125000000002
13866,"Bruce Maxwell","L",0.497422680412373,0.397938144329899,0,0.103208556149733,0
13892,"Paul Sewald","R",NA,NA,NA,NA,0
13896,"Chris Flexen","R",1,0,0,0,0
13897,"Tyler Heineman","B",0.759576930686567,0.158021049941776,0.0262926599732417,0.0717163846838822,0
13905,"Seth MejiasBrean","R",0.426362297496318,0.299689440993789,0,0.271639690358902,0
13906,"Sherman Johnson","L",NA,NA,NA,NA,0
13910,"Patrick Kivlehan","R",0.670958020513902,0,0.230769230769231,0,0
13911,"Scott Oberg","R",NA,NA,NA,NA,0
13942,"Brent Suter","L",0.61263157894737,0.212021857923498,0,0.16943231441048,0
13946,"Tim Peterson","R",NA,NA,NA,NA,0
14078,"Michael Wacha","R",0.887106918238995,0.0864197530864198,0,0,0
14103,"Rio Ruiz","L",0.719750526714889,0.15350996855106,0.00475900225056263,0.114987234046125,0.0145588235294117
14106,"Addison Russell","R",0.734196966026037,0.140340631956084,0.013521759351766,0.111466993499608,0.0781250000000001
14107,"Kevin Gausman","L",1,0,0,0,0
14109,"Albert Almora Jr","R",0.688450937057951,0.249584370362507,0.00938850020820688,0.056668545958036,0.0603749999999999
14111,"Eric Haase","R",0.659065318785352,0.0804808560252115,0.00543817172488553,0.257316440824692,0.0144794560428768
14113,"Ramon Torres","B",0.77356613160612,0.202645945015492,0,0,0
14120,"Lance McCullers Jr","L",NA,NA,NA,NA,0
14128,"Joey Gallo","L",0.440431020811612,0.202861414334054,0.0122238506126677,0.331259964635371,0.0400371379248136
14130,"Daniel Vogelbach","L",0.603633644969612,0.180050539179437,0.00166468315187846,0.211280341682617,0.0213403173582791
14131,"Greg Bird","L",0.648504273504274,0.158231529959279,0.0114478114478114,0.176320662543673,0.0175833333333333
14137,"Tim Lopes","R",0.778479398516163,0.189136843548608,0,0.0290489952199785,0
14140,"Jose Rondon","R",0.648883533954312,0.177121787557686,0,0.17295078902807,0
14145,"Daniel Robertson","R",0.758686662730812,0.151542296857229,0.00491744802282919,0.0835708338832089,0.0219791666666666
14151,"Chris Mazza","R",NA,NA,NA,NA,0
14158,"Mac Williamson","R",0.661180875320994,0.130394761486735,0,0.213362383760609,0
14161,"Byron Buxton","R",0.494749624781382,0.243616585444785,0.0203490063260855,0.228674933275302,0.0224180988184748
14162,"Carlos Correa","R",0.62908973272708,0.201655945914708,0.0115018193369925,0.154604117058346,0.0565082738928429
14168,"Jose Berrios","R",NA,NA,NA,NA,0
14196,"Andrew Velazquez","R",0.565541070866496,0.339993186532533,0.0282247062033664,0.0558206894132489,0
14212,"Josh Hader","L",1,0,0,0,0
14221,"Jorge Soler","R",0.518801183008055,0.234405464461929,0.0016140205741677,0.256986038635498,0.0185539250850784
14225,"Yasiel Puig","R",0.61285512360912,0.192690557823059,0.0145391729763088,0.176811644682,0.037579200307574
14267,"Alfredo Gonzalez","R",0.970873786407767,0,0,0,0
14272,"Brian Johnson","L",1,0,0,0,0
14274,"Mitch Haniger","R",0.590140132486645,0.211286613782363,0.0133003580642437,0.184289084915871,0.0286360229276896
14295,"Wandy Peralta","L",NA,NA,NA,NA,0
14309,"Frankie Montas","R",NA,NA,NA,NA,0
14320,"Wilmer Difo","B",0.843215325247511,0.077302953428917,0.0324448296474223,0.051424139357311,0.077961794871795
14329,"Anthony Alford","R",0.785610404555943,0.038148667601683,0.0344367527272949,0.146256153444009,0.0176666666666667
14330,"Nick Williams","L",0.67371943327254,0.188412228796844,0.012684581043956,0.131232117014107,0.0208333333333333
14335,"Dilson Herrera","R",0.390706806282724,0.301881067961166,0,0.266899141630902,0
14344,"Matt Olson","L",0.518074252837929,0.212582949669226,0.00731678166043291,0.266993421661217,0.083127421956668
14350,"Raimel Tapia","L",0.652857458904666,0.20289507822783,0.0487928858316522,0.0827782158893579,0.00799999999999999
14352,"Lewis Brinson","R",0.550548521508307,0.231242050578204,0.0223016310183803,0.210830709097786,0.0376696832579185
14361,"Ty Blach","R",0.971014492753623,0,0,0,0
14366,"Joey Meneses","R",0.699870363670479,0.196695339547445,0.00203323903818953,0.0955646197188407,0.0596507936507936
14371,"Jake Thompson","R",NA,NA,NA,NA,0
14374,"Tyler Glasnow","L",NA,NA,NA,NA,0
14375,"Amir Garrett","R",NA,NA,NA,NA,0
14387,"Harold Ramirez","R",0.787907876660144,0.143871705005462,0.0107970478972721,0.0586111136623847,0.0301475912002228
14388,"Ronald Guzman","L",0.447541976355272,0.150435972252161,0.0159889747113856,0.384005555642669,0.0195265151515152
14391,"Yohander Mendez","L",NA,NA,NA,NA,0
14412,"Joe Hudson","R",0.768834017263337,0.256648936170212,0,0,0
14420,"Jackson Stephens","R",NA,NA,NA,NA,0
14444,"Hyun Jin Ryu","R",0.810944264069264,0.134554002760524,0,0.0597560975609756,0
14453,"Scott Heineman","R",0.439353276394433,0.253090702267556,0,0.297805336392294,0
14457,"Adam Conley","L",NA,NA,NA,NA,0
14467,"Daniel Camarena","L",0,0,0,1,0
14477,"Jake Cave","L",0.618389451241403,0.193761670983879,0.0549313617875661,0.138242699063598,0.0250793650793651
14503,"Renato Nunez","R",0.517535088931037,0.234761626739555,0,0.255177166932494,0.00551136363636364
14508,"Randy Rosario","L",0.970873786407767,0,0,0,0
14509,"Dereck Rodriguez","R",0.797229189892233,0.171794871794873,0,0,0
14515,"Luis Marte","R",0.974874371859292,0,0,0,0
14523,"Pedro Severino","R",0.652982462560375,0.253454332109599,0.00404564315352697,0.088538125791649,0.0499869281045752
14527,"Jorge Lopez","R",0,1,0,0,0
14528,"Gabriel Guerrero","R",0.694589877835953,0,0,0.284692417739628,0
14548,"Jesmuel Valentin","B",0.510398253093479,0.357780644785082,0.0675869191049912,0.0664658090724439,0
14551,"Anthony Santander","B",0.541143859408056,0.244206305283253,0.0161531425890541,0.201135255673696,0.0543606739811912
14552,"Jose Ruiz","R",NA,NA,NA,NA,0
14553,"Nomar Mazara","L",0.698650555137965,0.192193494132196,0.00892930788686061,0.0951578699343207,0.0254214285714286
14555,"Wyatt Mathisen","R",0.74010152284264,0,0,0.295705613655488,0
14556,"Max Moroff","B",0.704191874410542,0.106008588579418,0,0.176769426020492,0.0460928571428571
14558,"Carlos Tocci","R",0.830636461704424,0.109034267912773,0.0543900543900545,0,0
14566,"Franmil Reyes","R",0.646882244151356,0.132099506932519,0.00584042156852448,0.213156446934209,0.0158520973701369
14567,"Franchy Cordero","L",0.565208430222214,0.232623402708721,0.00717637391302707,0.185434046383833,0.00598214285714286
14593,"David Bote","R",0.626053283235465,0.222400487320373,0.0170352376258085,0.139586336130962,0.0249481658692185
14636,"Webster Rivas","R",0.737132987910187,0.131972789115646,0,0.128689883913764,0
14663,"Chi Chi Gonzalez","R",0.930216000174723,0.0927038626609442,0,0,0
14665,"Jandel Gustave","R",NA,NA,NA,NA,0
14677,"Duane Underwood Jr","R",NA,NA,NA,NA,0
14678,"TzuWei Lin","L",0.642219387755102,0.279026116780786,0.0187224669603525,0.0238764044943821,0
14682,"Luis Perdomo","R",0.997422680412374,0,0,0,0
14691,"Harold Castro","L",0.806440261208108,0.144319483854433,0.00661887014418837,0.0307795004497057,0.0101960784313726
14706,"Anthony Banda","L",NA,NA,NA,NA,0
14712,"Manuel Margot","R",0.696467594604825,0.211785882182939,0.0276889707170648,0.0648853285461043,0.03611533055612
14713,"Dawel Lugo","R",0.804064299615563,0.120743482398166,0.0246520342698596,0.049955756166454,0.0379166666666667
14735,"Brett Phillips","L",0.584130100064013,0.139093747609566,0.0553189876326572,0.214361166438668,0
14738,"Phillip Ervin","R",0.688267330422087,0.202239462068906,0.0534950330541867,0.0704771552059442,0.0175
14739,"Paul Blackburn","R",NA,NA,NA,NA,0
14764,"Wes Parsons","R",NA,NA,NA,NA,0
14765,"Julio Urias","L",0.935735996526269,0.0864864864864864,0,0,0
14771,"Emilio Pagan","L",NA,NA,NA,NA,0
14773,"Yu Chang","R",0.693577137104021,0.13653629658381,0.0307672114451775,0.146556152987836,0
14811,"Luke Voit","R",0.626729227307885,0.160540584571059,0.00608710097071811,0.200505469278403,0.00777358087921468
14813,"Kyle Farmer","R",0.705357358132082,0.189574204780506,0.0234451808674011,0.0915387623905964,0.0555174299384825
14818,"JaCoby Jones","R",0.579509516678533,0.236896691503482,0.0185005373826024,0.156852084387654,0.0168518518518518
14825,"Dylan Covey","R",NA,NA,NA,NA,0
14843,"Michael Lorenzen","R",0.58152995927865,0.158355245415318,0,0.236757561982182,0
14854,"Mike Yastrzemski","L",0.512986820612379,0.240940406772641,0.0364366229355273,0.213808059912075,0.044109014877881
14862,"Zack Godley","R",1,0,0,0,0
14875,"Caleb Smith","R",0.744199801808498,0.216415694591729,0,0,0
14885,"Pat Valaika","R",0.663318659900086,0.208115726901988,0.00963341858482527,0.114951257548405,0
14894,"Tony Kemp","L",0.699848418230545,0.194290343052325,0.0278208136560806,0.0751580245634176,0.0106019297235023
14897,"Daniel Palka","L",0.642437156215621,0.0794354838709676,0.0122107438016529,0.238293772852043,0.0522499999999999
14899,"Taylor Williams","B",1,0,0,0,0
14916,"Jon Gray","R",0.864000201711673,0.153191489361702,0,0,0
14932,"Ben Lively","R",NA,NA,NA,NA,0
14938,"Jack Reinheimer","R",0.984375,0,0,0,0
14942,"Andrew Knapp","B",0.756916798380701,0.173663585793106,0.0140713605983218,0.0573293779753068,0.0258228009259259
14950,"Johan Camargo","B",0.709469715265105,0.169863708606682,0.00565786843595264,0.110277195644743,0.0362895424836602
14962,"Rookie Davis","R",NA,NA,NA,NA,0
14966,"Reyes Moronta","R",NA,NA,NA,NA,0
14968,"Victor Caratini","B",0.727643653274642,0.161976533767809,0.00257447496492741,0.10574152712652,0.0561440446613429
14973,"Zach Green","R",0.473557692307692,0.550279329608938,0,0,0
14974,"Tyler Webb","L",NA,NA,NA,NA,0
14975,"Chad Kuhl","R",0.980434366628396,0,0,0,0
14986,"Giovanny Gallegos","R",NA,NA,NA,NA,0
15007,"Yacksel Rios","R",NA,NA,NA,NA,0
15010,"Corey Knebel","R",NA,NA,NA,NA,0
15015,"Alex Reyes","R",NA,NA,NA,NA,0
15036,"Chase De Jong","L",0,0.918552036199095,0,0,0
15038,"German Marquez","R",0.716056189420818,0.22546232695185,0.0175153065178641,0.0419570448266642,0
15046,"Trevor Gott","R",NA,NA,NA,NA,0
15047,"Austin Voth","R",1,0,0,0,0
15048,"Johnny Field","R",0.535873269949536,0.269045278450076,0,0.198073191352742,0
15055,"Dom Nunez","L",0.485502869223799,0.323828785993089,0.0169726642186863,0.178946139930228,0.0376470588235294
15068,"Yency Almonte","R",NA,NA,NA,NA,0
15071,"Kyle McGowin","R",1,0,0,0,0
15082,"Adam Engel","R",0.644603316406317,0.221511717021113,0.0389009433239218,0.104253864906608,0.0151515151515152
15101,"Luke Farrell","L",NA,NA,NA,NA,0
15103,"Boog Powell","L",0.497422680412371,0.248711340206187,0.292424242424242,0,0
15104,"Jonathan Davis","R",0.778838870288175,0.144267364376148,0.0085915016082614,0.0784748964743597,0
15112,"Ryan McMahon","L",0.607768337254579,0.204738302621969,0.0116877271052123,0.180317178967395,0.0355184140101632
15115,"Dylan Cozens","L",0.510362694300519,0.336752136752137,0,0.155608214849921,0
15117,"Hunter Dozier","R",0.596232602802842,0.192358379906415,0.0478751952597304,0.161585652085082,0.00584848484848485
15118,"Jimmie Sherfy","R",NA,NA,NA,NA,0
15124,"Tim Locastro","R",0.647972341636453,0.237301200127549,0.0123771745431926,0.0974634516508381,0
15130,"Drew Anderson","R",NA,NA,NA,NA,0
15139,"Ashton Goudeau","R",1,0,0,0,0
15145,"Justin Topa","R",NA,NA,NA,NA,0
15149,"Trey Mancini","R",0.63535175026976,0.21219832800023,0.0109245181640694,0.139085684482337,0.0461146546236455
15156,"Ian Miller","L",0.638759689922481,0.336601307189543,0,0,0
15158,"Braden Shipley","R",NA,NA,NA,NA,0
15161,"Mitch Garver","R",0.577987853371844,0.191760987115215,0.00734124761015518,0.217675050345413,0.0136895432154053
15166,"Luiz Gohara","L",NA,NA,NA,NA,0
15170,"Josh VanMeter","L",0.57164962925619,0.258879931841473,0.0319588702755421,0.13342535297395,0
15172,"Tim Anderson","R",0.750162133399081,0.160007908123629,0.0118414900162897,0.0791587952327098,0.0258447742733457
15181,"Ryan Cordell","R",0.734894308316637,0.145528138959014,0,0.130048390098641,0
15189,"Dustin Peterson","R",0.588625592417061,0.422448979591836,0,0,0
15191,"Chad Pinder","R",0.612872017999476,0.226129361879852,0.00672669251053906,0.158337443729514,0.00759259259259261
15194,"Jake Bauers","L",0.601517109275179,0.224267227556762,0.012428704991154,0.156393922928345,0.0115451411333764
15197,"Carlos Asuaje","L",0.699291524534241,0.208095419363025,0.0274284185175274,0.0580161313145607,0.0435416666666667
15200,"Glenn Sparkman","B",NA,NA,NA,NA,0
15203,"Tyler Bashlor","R",NA,NA,NA,NA,0
15214,"Brandon Dixon","R",0.469547690216784,0.404484411124066,0.00563437787077677,0.0975462307612188,0
15223,"Adam Frazier","L",0.693761512878004,0.190000741041386,0.0243966502536837,0.0866234751342914,0.0327696784627362
15232,"Cody Reed","L",NA,NA,NA,NA,0
15258,"Shane Carle","R",NA,NA,NA,NA,0
15267,"Jacob Rhame","R",NA,NA,NA,NA,0
15271,"Austin Wynns","R",0.710782616317681,0.206961076183456,0,0.0775079317197061,0
15274,"Mike Tauchman","L",0.685696577697757,0.230578813394635,0.00521524666724814,0.0838125373326169,0.039345238095238
15279,"Garrett Cooper","R",0.663957036538738,0.196736772589016,0.0130578629264431,0.117365081930514,0
15288,"Adam Cimber","R",NA,NA,NA,NA,0
15290,"Austin Pruitt","R",NA,NA,NA,NA,0
15291,"Steven Brault","L",0.520482097470831,0.426596530340079,0,0.0264976958525345,0
15306,"Donnie Hart","L",NA,NA,NA,NA,0
15351,"Frank Schwindel","R",0.737795675858926,0.153518889274962,0.00513854365685391,0.0982522874768716,0.0592653508771931
15362,"Jeff McNeil","L",0.681405140341477,0.215945838972316,0.0220787591722711,0.0788011849270139,0.0400969387755102
15402,"Jack Mayfield","R",0.626540272641073,0.251493845815464,0.0183106367316894,0.106571044316554,0
15407,"Nate Orf","R",0.502564102564105,0,0,0.485148514851486,0
15423,"Andrew Heaney","L",1,0,0,0,0
15429,"Kris Bryant","R",0.641580035130321,0.209469993546899,0.00976506965312201,0.139963141467285,0.0301250041860978
15440,"Matthew Boyd","L",0.97999852114759,0,0,0,0
15447,"Ryon Healy","R",0.6859611092512,0.186716107784246,0,0.118796290675085,0
15450,"Daniel Castro","R",0.790243902439025,0.114893617021277,0,0.117903930131004,1
15451,"Mike Mayers","R",NA,NA,NA,NA,0
15454,"Nick Pivetta","R",0.875500461964891,0.123106060606061,0,0,0
15463,"Jose De Leon","R",1,0,0,0,0
15464,"Hunter Renfroe","R",0.508552737991573,0.226344999411956,0.00481028046824203,0.263399491236473,0.0168888358018793
15467,"Marco Gonzales","L",0,1,0,0,0
15474,"Lucas Giolito","R",1,0,0,0,0
15481,"Engelb Vielma","B",0.988558801865947,0,0,0,0
15482,"Aristides Aquino","R",0.550691245965143,0.177060540325204,0.0117593848937133,0.251218829928635,0.0400555555555556
15487,"Victor Reyes","B",0.717068777957575,0.171572571794296,0.0358826442733655,0.0575106482608297,0
15488,"Antonio Senzatela","R",0.864000201711674,0.153191489361702,0,0,0
15490,"Justin Williams","L",0.863167429443172,0,0,0.124920735573875,0.0916666666666666
15491,"JP Crawford","L",0.653294448219075,0.221106388873722,0.0414740749384148,0.0836458355745717,0.00389922439995808
15496,"Abiatal Avelino","R",0.959064938684503,0,0,0,0
15502,"Kohl Stewart","R",1,0,0,0,0
15504,"Jamie Westbrook","R",0.326829268292683,0.345360824742268,0,0.345360824742268,0
15518,"Amed Rosario","R",0.734405522977031,0.162025730194718,0.0443402675948023,0.0642701476878313,0.027560781821071
15519,"Franklin Barreto","R",0.633841230101308,0.162631262550682,0,0.199590111802713,0
15535,"Joseph Odom","R",1,0,0,0,0
15551,"Mark Leiter Jr","R",NA,NA,NA,NA,0
15552,"Chad Green","L",NA,NA,NA,NA,0
15564,"Tyler White","R",0.599082845498819,0.255389771152116,0.0333484573502722,0.126443778436151,0
15570,"Troy Scribner","L",NA,NA,NA,NA,0
15585,"Mike Ford","L",0.599453214525758,0.153849346000988,0.021223470661673,0.215469455395569,0.035873440285205
15608,"Willians Astudillo","R",0.736190192028883,0.133176036339902,0.00989090909090909,0.130360746453653,0
15640,"Aaron Judge","R",0.529824842739353,0.173129124781292,0.00255066326375331,0.277977470723932,0.0825624304487086
15653,"Dominic Smith","L",0.571124148694095,0.289926900880798,0.0156366108300568,0.119513068923744,0.0123062310030395
15654,"Billy McKinney","L",0.676744818912908,0.165888581364107,0.0203142064511166,0.135798562876671,0.0516364968313981
15655,"Yefry Ramirez","R",NA,NA,NA,NA,0
15672,"Austin Meadows","L",0.630728182935201,0.211513165943584,0.0280465087998139,0.122997075735729,0.0568312160395804
15674,"Reese McGuire","L",0.668633414783871,0.191813038056716,0.00418755569695383,0.130970772472109,0
15676,"Jose Abreu","R",0.621157550017364,0.210157914438134,0.00558368904756027,0.161397233168126,0.0647162206886843
15679,"Rowdy Tellez","L",0.577339525588383,0.207938006621593,0.0069261560736184,0.196269924339225,0.0835652011003911
15689,"Luis Castillo","R",0.823347862344071,0.191338171001455,0,0,0
15690,"Jimmy Cordero","R",NA,NA,NA,NA,0
15694,"Chance Sisco","L",0.653341658398294,0.240324972397529,0,0.115950781566545,0
15697,"Gosuke Katoh","L",0,0.953271028037383,0,0,0
15711,"Tyler O'Neill","R",0.56983011403786,0.19073752154572,0.00404771135083128,0.240344375029922,0.0128032345013477
15730,"Tyler Wade","L",0.75665700940008,0.176644239214136,0.0234735531089054,0.0546538256653387,0.00964285714285715
15734,"Brad Keller","R",0.988133495203409,0,0,0,0
15764,"Masahiro Tanaka","R",NA,NA,NA,NA,0
15766,"Raudy Read","R",1,0,0,0,0
15767,"Jose Marmolejos","L",0.525037132353821,0.222617382617383,0,0.245283942330551,0
15769,"Rafael Bautista","R",NA,NA,NA,NA,0
15794,"Yonathan Daza","R",0.819213545558811,0.161810114843744,0.0148685768607147,0.0104346290085541,0
15808,"Jose Godoy","L",0.903132970868573,0.0890476190476188,0,0,0
15816,"Devin Williams","R",NA,NA,NA,NA,0
15817,"Erick Mejia","B",0.387553648068669,0.611615136893876,0,0,0
15821,"Dario Agrazal","R",1,0,0,0,0
15823,"Zack Littell","R",0.980295566502464,0,0,0,0
15830,"Johnny Davis","B",0,0,0.924240262519614,0,0
15846,"Adam Plutko","R",NA,NA,NA,NA,0
15855,"Wander Suero","R",NA,NA,NA,NA,0
15873,"Sean Manaea","R",0.754103535353535,0.259408602150537,0,0,0
15878,"Miguel Andujar","R",0.726112437956868,0.160681908038922,0.0164737069676948,0.0954868370498174,0.0120571428571428
15885,"Fernando Romero","R",NA,NA,NA,NA,0
15890,"Luis Severino","R",NA,NA,NA,NA,0
15905,"Luis Torrens","R",0.666754214524248,0.265648010698992,0.00407492746202423,0.0668848761286936,0.00592261904761906
15937,"Aledmys Diaz","R",0.658478819431827,0.216685101022324,0.00489746947825284,0.117922523397577,0.0637451782552485
15941,"Austin Nola","R",0.703617945792783,0.199587491246487,0.00923519361101788,0.08675232814034,0.0259316084254792
15949,"DJ Snelten","L",NA,NA,NA,NA,0
15958,"Travis Demeritte","R",0.742987663767038,0.161815998329156,0.0119854090672225,0.0782685894051673,0
15964,"Keury Mella","R",NA,NA,NA,NA,0
15971,"Ivan Castillo","B",0.991530550514222,0,0,0,0
15982,"Ryder Jones","L",0.340033500837521,0,0,0.782273603082852,0
15983,"Clint Frazier","R",0.641195357917335,0.258105145747774,0.0195127763571662,0.0888980173619674,0.010625
15986,"Willy Adames","R",0.59085844471815,0.220287466673509,0.00769757054333999,0.178281370636078,0.0362359156416106
15988,"Deivy Grullon","R",0.5,0.537433155080214,0,0,0
15994,"Kean Wong","L",0.84842385786802,0.104663212435233,0.051010101010101,0,0
15998,"Cody Bellinger","L",0.594519169918638,0.195719260018832,0.0285080446786828,0.18000114380694,0.0990808215020956
16017,"Odrisamer Despaigne","R",0.951923076923078,0,0,0,0
16041,"Stevie Wilkerson","B",0.668000286265687,0.296441272884941,0.00839214551879783,0.0424186150361764,0
16042,"Mark Payton","L",0.90704331257868,0.121212121212121,0,0,0
16094,"Zach Thompson","R",0.487437185929649,0.505208333333336,0,0,0
16098,"Taylor Gushue","B",NA,NA,NA,NA,0
16110,"Daniel Ponce de Leon","R",0,0,1,0,0
16115,"Mike Gerber","L",0.365482233502538,0.626713492692874,0,0,0
16128,"John Curtiss","R",NA,NA,NA,NA,0
16130,"David Hess","R",NA,NA,NA,NA,0
16137,"Carlos Rodon","L",NA,NA,NA,NA,0
16149,"Aaron Nola","R",0.697230899340539,0.310961268814513,0,0,0
16153,"Austin Slater","R",0.692054416551499,0.16149183110113,0.021794540221213,0.122422268599012,0.0304090909090909
16155,"Eric Skoglund","L",NA,NA,NA,NA,0
16162,"Brandon Woodruff","L",0.726990553306342,0.111686816350028,0,0.141193595342067,0
16192,"Derek Fisher","L",0.464114556464585,0.152308111902264,0.210243012732144,0.168404056865216,0
16207,"Spencer Turnbull","R",NA,NA,NA,NA,0
16208,"Brandon Finnegan","L",NA,NA,NA,NA,0
16209,"Jake Reed","R",NA,NA,NA,NA,0
16211,"Kevin Cron","R",0.33500837520938,0.262725779967159,0,0.404040404040404,0
16218,"Brett Graves","R",NA,NA,NA,NA,0
16219,"JD Davis","R",0.684342840614663,0.184068351705024,0.00432627718787486,0.128260645725404,0.0212715441544786
16221,"Bradley Zimmer","L",0.696747450346123,0.175160527194391,0.00422268907563024,0.132343849338327,0
16233,"Tejay Antone","R",NA,NA,NA,NA,0
16246,"AJ Reed","L",0.796204620462046,0,0,0.153907496012759,0
16252,"Trea Turner","R",0.659684260185712,0.18665977737994,0.0283787121324188,0.127750365757028,0.0289661576255889
16256,"Kyle Freeland","L",0.834962835906233,0.166226939297635,0,0,0
16263,"Sam Travis","R",0.579603627681212,0.238489044430919,0.0182488479262672,0.16607454228422,0.0959090909090908
16265,"Sam Howard","R",NA,NA,NA,NA,0
16269,"John Means","L",0.512626262626263,0.485981308411215,0,0,0
16271,"Alex Blandino","R",0.792631361184219,0.172576719753448,0,0.0442768708301579,0.0269230769230769
16279,"Sam Clay","L",NA,NA,NA,NA,0
16285,"Michael Hermosillo","R",0.632887878103637,0.230578556315852,0.0457803468208093,0.0925375375375374,0
16291,"Nick Ciuffo","L",0.566797904746717,0.37342808018463,0,0.0519978106185002,0
16300,"Jesus Tinoco","R",1,0,0,0,0
16306,"Gerardo Reyes","R",NA,NA,NA,NA,0
16313,"Yairo Munoz","R",0.729870098862002,0.168752005888784,0.0045815801776531,0.0944996595405133,0.0452666666666667
16317,"Alex McRae","R",1,0,0,0,0
16337,"Nick Gordon","L",0.624534251882753,0.232519457024303,0.0363662640277717,0.105821509171717,0.0136184210526316
16357,"Pablo Reyes","R",0.769948081076605,0.162150721143548,0.0108436347863804,0.0621693699951228,0.019537037037037
16358,"Tyler Mahle","R",0.795295695458181,0.223654935275081,0,0,0
16375,"Óscar Mercado","R",0.660553150143516,0.217228047183047,0.0199150952625529,0.103303238768778,0
16376,"Michael Conforto","L",0.598860728854752,0.207090585976688,0.00657022094229576,0.185774769045419,0.0493416911589281
16377,"Ryan Castellani","R",NA,NA,NA,NA,0
16390,"Brad Wieck","L",NA,NA,NA,NA,0
16398,"Brian Navarreto","R",1,0,0,0,0
16400,"Reynaldo Lopez","R",NA,NA,NA,NA,0
16401,"Yonny Chirinos","R",NA,NA,NA,NA,0
16403,"Francisco Mejia","B",0.541481511140997,0.258208765949149,0.0127037807548582,0.184177191106924,0.0125147435897435
16404,"Domingo Leyba","B",0.700901711477936,0.193885312778032,0.0499039739991136,0.0420738636363636,0
16411,"Richard Urena","B",0.776834214765397,0.232166091674434,0,0.0166623622230924,0
16417,"Sergio Alcantara","B",0.563914068868462,0.104506320805443,0.0859509259024578,0.199478473963664,0.0224088888888889
16424,"Jordan Luplow","R",0.539553248202325,0.193557561583196,0.0453032813139278,0.224437617131444,0.0201802871880663
16426,"Thairo Estrada","R",0.701190758659004,0.144669799126902,0.00789127230914223,0.1491404389376,0.0250420875420875
16429,"Jason Martin","L",0.738320676727867,0.149956466412163,0,0.101010101010101,0
16434,"Christian Arroyo","R",0.649026429744662,0.197228964790293,0.0161325411929277,0.13901497680512,0.0248717948717949
16440,"James Norwood","R",NA,NA,NA,NA,0
16442,"Ryan O'Hearn","L",0.606518398766599,0.208312098882143,0.0214902712082466,0.174633314073518,0.0432640016987844
16446,"Johneshwy Fargas","R",0.612794730323328,0.242627846211272,0.183215491302782,0,0
16448,"Jacob Nottingham","R",0.505856779670855,0.14041853811329,0,0.341449182363402,0
16451,"Luis Guillorme","L",0.739978445274604,0.218469218451066,0.0143349851534844,0.0227831997114577,0.0325542564852028
16472,"Rhys Hoskins","R",0.500406635096355,0.248328239509232,0.00836670186771323,0.2375637073645,0.0157267042579339
16478,"Kyle Schwarber","L",0.505952821609975,0.173337527879525,0.0105469878471383,0.302586767335088,0.0719311135180712
16496,"Forrest Wall","L",0.734989946071542,0.183691756272401,0,0.0769519519519519,0
16502,"Ryan Yarbrough","R",NA,NA,NA,NA,0
16505,"Matt Chapman","R",0.511486314877761,0.237510453976409,0.0304745035587784,0.223540885060528,0.0105946521753863
16511,"Jordan Montgomery","L",NA,NA,NA,NA,0
16512,"Isiah KinerFalefa","R",0.76743756055848,0.161514737767517,0.0223243016933397,0.0471322099666505,0.0227142857142857
16524,"Ryan McBroom","R",0.755616863393197,0.123108783474098,0,0.105025125628141,0
16530,"Mauricio Dubon","R",0.709988283535563,0.18277607066463,0.00785284343578688,0.0991758259640892,0.0362962962962963
16532,"Harrison Musgrave","L",NA,NA,NA,NA,0
16535,"Danny Jansen","R",0.553811935310322,0.218903878890455,0.00182576943140324,0.220417092549401,0.0163387297134843
16542,"Shed Long Jr","L",0.567486218176398,0.255144147734822,0.0320461288161546,0.149729386362212,0
16556,"Ozzie Albies","B",0.58956308294608,0.232662271986553,0.0232793847181115,0.154683636677866,0.0284515256302953
16561,"Austin Gomber","L",0.865577889447236,0.127631578947368,0,0,0
16565,"Mark Zagunis","R",0.584254373900794,0.418796170661842,0,0,0
16572,"Connor Joe","R",0.693892931950837,0.182171079561153,0.01621885801942,0.0977038884745204,0.0045
16578,"Yandy Diaz","R",0.711713574567966,0.181375248010089,0.0130151278929503,0.0934139064621815,0.0353608606714197
16587,"Erik Swanson","R",NA,NA,NA,NA,0
16593,"Kevin Padlo","R",0.246902301638481,0.789559337371342,0,0,0
16622,"Luis Urias","R",0.648638657066621,0.210194083125533,0.0126803013858635,0.132317262647725,0.00717687074829932
16623,"Greg Allen","B",0.603578670997296,0.229453956230664,0.0889085933012264,0.104759922411214,0.0266500541125541
16631,"Jeff Brigham","R",0.951923076923078,0,0,0,0
16680,"Brian O'Keefe","R",0.510362694300516,0.497354497354497,0,0,0
16686,"Jason Vosler","L",0.513667230205693,0.227468950629277,0.0991658772262221,0.166287435428086,0.0602678571428572
16725,"Jose Trevino","R",0.717927859310368,0.188333182514988,0.00244456085210407,0.0919405285544539,0.0109523809523809
16727,"Brock Stewart","L",0,0.975609756097561,0,0,0
16729,"Brian O'Grady","L",0.415274479873361,0.370016855637454,0.0674931129476583,0.169348709791446,0
16768,"Montana DuRapau","R",1,0,0,0,0
16793,"Kyle McGrath","L",NA,NA,NA,NA,0
16814,"Tim Hill","R",NA,NA,NA,NA,0
16839,"Braxton Lee","L",0.979274611398965,0,0,0,0
16852,"John Nogowski","R",0.847655672284836,0.114839825312965,0,0.0197440563453353,0
16885,"Joshua Fuentes","R",0.693412618693006,0.16172170392772,0.00417076985460233,0.146312083709871,0.0266666666666667
16904,"Aaron Wilkerson","R",0,0,0,0.937198067632847,0
16909,"Colin Moran","L",0.674172539836379,0.167566123093492,0.00335447912939835,0.152931394103563,0.0458769230769231
16918,"Luke Weaver","R",0.820019910875131,0,0,0.168350168350168,0
16925,"Aramis Garcia","R",0.704920592316738,0.0963235695601301,0,0.211234506094762,0.0455
16929,"Touki Toussaint","R",0.975845410628019,0,0,0,0
16930,"Jonah Heim","B",0.698434442828726,0.168042187428289,0.00424592781711091,0.123274608521001,0.010217
16933,"Elieser Hernandez","R",0.975359891243656,0,0,0,0
16939,"Lane Thomas","R",0.532836842887642,0.246618472223779,0.0312607206080137,0.195276187215524,0.00828136146934078
16943,"Sean Newcomb","L",0.487562189054727,0.487562189054727,0,0,0
16947,"Derek Hill","R",0.826345263743572,0.0825354557326734,0.0205275782230368,0.0664864516583267,0
16953,"Chadwick Tromp","R",0.543864375081707,0.345791775220887,0,0.120313575040469,0
16958,"Jake Jewell","R",NA,NA,NA,NA,0
16959,"Eddy Alvarez","L",0.787501072130815,0.158559276980329,0.0231678486997635,0.0292712066905614,0.0581250000000001
16977,"Trevor Williams","R",0.999085207973805,0,0,0,0
16980,"Daniel Mengden","R",1,0,0,0,0
16981,"Tyler Beede","R",0.947115384615385,0,0,0,0
16997,"Gleyber Torres","R",0.666039921937822,0.192531813304894,0.00523916716980062,0.138575593069439,0.0304164050235479
17018,"Jefry Rodriguez","R",0.683417085427134,0.317757009345794,0,0,0
17022,"Edmundo Sosa","R",0.714046146463168,0.154656535576725,0.0491040382892264,0.0750782977111662,0.0191176470588236
17023,"Magneuris Sierra","L",0.789028792772878,0.128249646899657,0.0701638269839696,0,0.0819333333333334
17027,"Alex Verdugo","L",0.672468958231644,0.226531673043853,0.0139693869165988,0.0866823123974493,0.0403396794615282
17030,"Ariel Jurado","R",NA,NA,NA,NA,0
17034,"Sean ReidFoley","R",NA,NA,NA,NA,0
17040,"Jose Herrera","B",0.796527656627513,0.166962413550266,0.0107284052418063,0.0169534008040312,0
17062,"Grayson Greiner","R",0.66365958410418,0.185244226441268,0.00325318246110326,0.139424209813724,0
17075,"Miguel Gomez","B",1,0,0,0,0
17085,"Pablo Lopez","L",0.549829125785471,0.453234649122808,0,0,0
17098,"Dustin Fowler","L",0.803010838876822,0.100314767664254,0.0272022551092318,0.0720059694067901,0
17109,"Meibrys Viloria","L",0.699627939454782,0.223372192902613,0,0.0580108851104401,0
17117,"Austin Davis","L",NA,NA,NA,NA,0
17128,"Ramon Laureano","R",0.594225870798947,0.224443041212069,0.0197672076360298,0.163323460933115,0
17130,"Raisel Iglesias","R",NA,NA,NA,NA,0
17149,"Domingo German","R",NA,NA,NA,NA,0
17161,"Chad Wallach","R",0.647144264212861,0.197911327200426,0.0166570664055522,0.126362710449319,0
17169,"Jose Castillo","L",NA,NA,NA,NA,0
17171,"Yasmany Tomas","R",NA,NA,NA,NA,0
17182,"Jung Ho Kang","R",0.682593073491286,0.105868118572293,0.0162654521795706,0.190512478567347,0
17186,"Dinelson Lamet","R",0.994845360824743,0,0,0,0
17192,"Jalen Beeks","L",NA,NA,NA,NA,0
17216,"Monte Harrison","R",0.58256453206202,0.207526408450705,0,0.207594196919692,0
17232,"Yoan Moncada","B",0.613916889645094,0.239786041386173,0.045165987684451,0.10813902085182,0.0199471257868819
17237,"Austin Brice","R",NA,NA,NA,NA,0
17264,"Sam Coonrod","R",NA,NA,NA,NA,0
17273,"Jorge Mateo","R",0.529992394050977,0.354684685002369,0.0289510512895255,0.0913842991108707,0
17276,"Alex Jackson","R",0.634666774800599,0.290197933601066,0,0.088561471801964,0.221449654112221
17277,"Ranger Suarez","L",0.455152903606512,0.217821782178218,0.293154761904762,0,0
17278,"Bobby Bradley","L",0.574680098596507,0.260619471071096,0,0.141363375268481,0.0122666666666666
17282,"Michael Kopech","R",NA,NA,NA,NA,0
17285,"Justus Sheffield","L",0.979057591623039,0,0,0,0
17292,"Javy Guerra","L",0.99514563106796,0,0,0,0
17295,"Framber Valdez","R",NA,NA,NA,NA,0
17307,"Luis Liberato","L",NA,NA,NA,NA,0
17312,"Justin Steele","L",1,0,0,0,0
17313,"Merandy Gonzalez","R",0.951923076923078,0,0,0,0
17321,"Michael Chavis","R",0.661282251949588,0.15614101048594,0.0257850961851746,0.155687776210987,0.0241918505942275
17326,"Cole Tucker","B",0.717931584888668,0.183061524952853,0.0609533226376118,0.0337181647765636,0.0166675
17338,"Willi Castro","B",0.674000846612986,0.190307256635955,0.0315514125910811,0.0976494571504487,0.0125485720375107
17345,"Luis Escobar","R",NA,NA,NA,NA,0
17350,"Rafael Devers","L",0.571682624770236,0.210038626705223,0.0131140806225055,0.210123567996556,0.144001231141165
17355,"Edgar Santana","R",NA,NA,NA,NA,0
17423,"Yermin Mercedes","R",0.688675186280636,0.217024886877828,0.00626780626780626,0.0856770670454275,0.0171666666666667
17425,"Erick Fedde","R",1,0,0,0,0
17432,"Jeff Hoffman","R",1,0,0,0,0
17452,"Jose Siri","R",0.577119802647155,0.149230998514642,0.0342523786963878,0.230821908613203,0
17466,"Heath Fillmyer","R",0,0.990196078431372,0,0,0
17468,"Kelvin Gutierrez","R",0.81005745688716,0.124234316640801,0.0192590280994828,0.0275856410840443,0
17470,"Chad Sobotka","R",0.975845410628019,0,0,0,0
17473,"Narciso Crook","R",0.492424242424243,0.535714285714287,0,0,0
17478,"Troy Stokes Jr","R",0.490384615384616,0.492753623188406,0,0,0
17479,"Jack Flaherty","R",0.710390310729185,0.103703703703703,0,0.18040293040293,0
17484,"Eloy Jimenez","R",0.639147346785972,0.182836992035885,0.0041994750656168,0.170980450343028,0.0182832600553655
17490,"Genesis Cabrera","L",NA,NA,NA,NA,0
17496,"Diego Castillo","R",NA,NA,NA,NA,0
17548,"Taylor Ward","R",0.615373711382961,0.227360748971645,0.0126706173293809,0.140553176525714,0
17578,"JT Brubaker","R",0.980769230769228,0,0,0,0
17585,"Jordan Yamamoto","R",0.982846563182028,0,0,0,0
17588,"Blake Trahan","R",1,0,0,0,0
17594,"Mitch Keller","R",0.980769230769228,0,0,0,0
17610,"Tanner Rainey","R",NA,NA,NA,NA,0
17611,"Taylor Clarke","R",0.918760469011725,0,0,0.0841750841750842,0
17620,"Myles Straw","R",0.800528106476949,0.130371541085912,0.0192817692998381,0.05111958011884,0
17642,"JT Riddle","L",0.778414901120998,0.114718481299784,0.0106478873239437,0.0976127620581749,0.0529
17678,"Alex Bregman","R",0.574830113618284,0.243516947396034,0.0141977153748464,0.166985069725996,0.0318706787437614
17684,"Vimael Machin","L",0.860598741949137,0.126795030038017,0,0.00731752160323588,0
17689,"Kevin Kramer","L",0.9514949031849,0.0623869801084991,0,0,0
17696,"Kevin Newman","R",0.7609683250829,0.180530908803887,0.0121644973122301,0.0404738716062787,0.0737250566893424
17710,"Matt Beaty","L",0.661566644115845,0.196007375751747,0.0728883124313289,0.081123193659079,0.0227058823529412
17714,"Christin Stewart","L",0.635675526599692,0.19054065051781,0.0239540631390806,0.155649829792641,0.0291176470588236
17719,"Steven Duggar","L",0.650539082219765,0.243786267299814,0.036774174897053,0.0530884180769578,0.0400555555555556
17723,"Skye Bolt","B",0.439805969208638,0.421790950340751,0,0.137826868379102,0
17732,"Nabil Crismatt","R",NA,NA,NA,NA,0
17734,"Evan Phillips","R",NA,NA,NA,NA,0
17735,"Tyler Alexander","R",NA,NA,NA,NA,0
17736,"Richie Martin","R",0.72621651036806,0.0763333533359352,0.174771701666489,0.0431589801111976,0
17737,"Josh Lester","L",0.990049751243781,0,0,0,0
17738,"Chris Shaw","L",0.839447236180902,0.0898230088495576,0,0.0586705202312139,0
17750,"Max Schrock","L",0.785691609977324,0.0651309846431798,0.0190740740740741,0.144312722764605,0.0435416666666667
17755,"Drew Smith","R",NA,NA,NA,NA,0
17766,"DJ Stewart","L",0.557509947195915,0.197227046676792,0,0.235895693303917,0.013056586270872
17775,"Jacob Nix","R",NA,NA,NA,NA,0
17780,"Jose Alvarado","L",NA,NA,NA,NA,0
17783,"Jake Brentz","L",NA,NA,NA,NA,0
17806,"Braden Bishop","R",0.873153153153153,0.122435897435897,0,0,0
17807,"Drew Jackson","R",NA,NA,NA,NA,0
17837,"Jakson Reetz","R",0,0.72136563876652,0,0.292151162790698,0
17838,"Willie Calhoun","L",0.63817631104116,0.227974556704027,0.0154194633578205,0.116035276246298,0.016142413487134
17839,"Luis Alexander Basabe","B",1,0,0,0,0
17859,"Adbert Alzolay","R",0.50251256281407,0.53475935828877,0,0,0
17874,"Nestor Cortes","R",NA,NA,NA,NA,0
17877,"Brett Kennedy","R",NA,NA,NA,NA,0
17878,"Dennis Santana","R",0.494949494949493,0.475845410628019,0,0,0
17893,"Tyler Nevin","R",0.587273421124865,0.256043827629781,0.01283380865958,0.137978932127591,0
17897,"Garrett Cleavinger","R",0,1,0,0,0
17901,"Andrew Benintendi","L",0.679581272575301,0.209412099050848,0.0163552997684555,0.0877184707725511,0.0221396965441327
17907,"Brendan Rodgers","R",0.689136997023142,0.23614792082929,0.00915098031529409,0.0704194303260049,0.00521505376344087
17910,"Marcus Wilson","R",1,0,0,0,0
17919,"Ian Happ","B",0.557532182199632,0.228129625207787,0.0165942244700357,0.198399326412264,0.0388667928137817
17920,"Cody Ponce","R",NA,NA,NA,NA,0
17922,"Isan Diaz","L",0.81508242816522,0.0901502062264708,0.0131395995550612,0.0650126950426052,0.0410294117647059
17929,"Cedric Mullins","L",0.649516220719078,0.170970472710799,0.0707301931385756,0.102981975036444,0.0162962441578918
17932,"Andrew Stevenson","L",0.733361008279457,0.183906260642975,0.0321462572138674,0.0596729471248279,0.0306153846153847
17948,"Trent Thornton","R",1,0,0,0,0
17954,"Sam Hilliard","L",0.527857091087606,0.186764485354326,0.034135850790885,0.249969535581744,0.0336076604554866
17964,"Tyler Gilbert","L",NA,NA,NA,NA,0
17969,"Peter Lambert","R",1,0,0,0,0
17975,"Scott Kingery","R",0.687851259724761,0.204188753282728,0.0135665143263894,0.0961201119973618,0.0177910539215686
17982,"Ty France","R",0.679342767543047,0.201637151370363,0.0116797254831309,0.109505318652949,0.0171050724637681
17988,"Tyler Stephenson","R",0.677359784710719,0.153133213625238,0.00694820109740783,0.157220343692169,0.0226450008649023
17992,"David Fletcher","R",0.8110407016646,0.141253158237381,0.0133361846659053,0.032034843371769,0.0314006822670417
17995,"Logan Webb","R",0.636940286724769,0.165833333333333,0.0668682795698925,0.0926443202979517,0
18000,"Triston McKenzie","R",1,0,0,0,0
18015,"Paul DeJong","R",0.593812962058643,0.203002065310699,0.00488584655491928,0.20360871429126,0.0100140809011777
18027,"Hoy Park","L",0.618107452249245,0.187402513452934,0.0390384615384615,0.15289598887425,0.0294444444444444
18029,"Tanner Anderson","R",NA,NA,NA,NA,0
18030,"Harrison Bader","R",0.633690304292261,0.207219208506817,0.0329734860360423,0.130766607827904,0.0641939300264285
18032,"Mark Mathias","R",0.693461381775713,0.206989193272396,0,0.0929697284702642,0
18036,"Jake Cronenworth","L",0.602551637961166,0.233913044654163,0.0643720291582109,0.113401226261023,0.039388198757764
18042,"Dylan Moore","R",0.524819483400385,0.264178442569328,0.0378886350793587,0.177132537308014,0.0124722530521643
18054,"Sam Haggerty","B",0.742480549034801,0.169457078899048,0.0156742868140803,0.0687016115988942,0.0269944444444445
18063,"Kyle Garlick","R",0.521636471992962,0.256353064578319,0,0.218093215696386,0.0362
18064,"Phil Maton","R",0.994845360824749,0,0,0,0
18067,"Garrett Stubbs","L",0.75135173854863,0.204053756469126,0.0162237626536352,0.0375921564911526,0
18083,"Austin Allen","L",0.717184758335088,0.11104674281773,0,0.168322382144347,0.115625
18123,"Nathan Lukes","L",0.66958430719906,0.171127423301336,0.147845596432553,0.0217391304347826,0
18126,"LaMonte Wade Jr","L",0.627566293657927,0.196254255811472,0.0302356789385721,0.150730152327705,0.0238219525475468
18136,"Ka'ai Tom","L",0.67341456688842,0.122433197830562,0.0650426363474861,0.147052916959534,0.0311764705882353
18138,"Ryan Helsley","R",0.979999999999996,0,0,0,0
18142,"Patrick Mazeika","L",0.652665522442399,0.267814859393807,0,0.0751864389560726,0.1325
18146,"Kevin Kaczmarski","L",NA,NA,NA,NA,0
18171,"Seth Brown","L",0.554065114023528,0.228561955705252,0.0316465854471009,0.18647081623237,0.0294571611253197
18206,"Nick Dini","R",0.529795563288387,0.264897781644194,0,0.21969696969697,0
18213,"PJ Conlon","L",0.960396039603957,0,0,0,0
18217,"Brett Sullivan","L",0.71342799329458,0.081447963800905,0,0.19228686555123,0
18282,"Jarlin Garcia","L",NA,NA,NA,NA,0
18288,"Austin Dean","R",0.533648570564012,0.370814653094537,0,0.105012561379869,0.0214444444444444
18289,"Brian Anderson","R",0.644839042140303,0.189924498658837,0.0208264559959457,0.145019225949654,0.0322676876305908
18297,"Tyler Kinley","R",NA,NA,NA,NA,0
18300,"Andrew Suarez","L",1,0,0,0,0
18311,"Carson Fulmer","R",NA,NA,NA,NA,0
18313,"Pedro Payano","R",NA,NA,NA,NA,0
18314,"Dansby Swanson","R",0.620469533348735,0.21525216226854,0.0167700732811089,0.146639059584634,0.070693301796243
18316,"Edwin Rios","L",0.528853502980822,0.16903321084876,0.0217296827466319,0.28313767209106,0.0321666666666667
18318,"Jacob Waguespack","R",NA,NA,NA,NA,0
18323,"Josh Sborz","R",NA,NA,NA,NA,0
18331,"James Kaprielian","R",0.974747474747478,0,0,0,0
18333,"Alex Young","L",1,0,0,0,0
18345,"Kyle Tucker","L",0.553673468933241,0.22990100323431,0.0327114181508302,0.176278259790151,0.0972578726032573
18347,"Brandon Waddell","L",NA,NA,NA,NA,0
18353,"Daz Cameron","R",0.64770152663826,0.194132392339566,0.0394582673750408,0.11400211449344,0
18356,"Jaime Barria","R",NA,NA,NA,NA,0
18360,"Austin Riley","R",0.579300745549558,0.195174740742666,0.0164170183066611,0.209025366025935,0.063953589495795
18361,"Thomas Eshelman","R",NA,NA,NA,NA,0
18363,"Victor Robles","R",0.698295401750452,0.202498246158961,0.0273237280288415,0.0733197179084063,0.0250983302411874
18365,"Lewin Diaz","L",0.609158832488762,0.201486887318714,0.0111205673758865,0.174747112704102,0.0516666666666666
18371,"Jermaine Palacios","R",0.795979899497487,0,0,0.203076923076923,0
18373,"Ryan Mountcastle","R",0.641024919314426,0.188254823247595,0.0064183623598118,0.162702814539167,0.0194786374576505
18376,"Connor Overton","L",1,0,0,0,0
18383,"Michael Soroka","R",0.985483680923765,0,0,0,0
18384,"Scott Effross","R",NA,NA,NA,NA,0
18395,"Travis Blankenhorn","L",0.437761771107802,0.448065377782965,0,0.117701364731068,0
18399,"Joe McCarthy","L",NA,NA,NA,NA,0
18400,"Juan Yepez","R",0.660388710671306,0.183107269999568,0,0.157234156399005,0
18401,"Ronald Acuna Jr","R",0.580029247381803,0.193895818197679,0.0136765155756675,0.210838590153907,0.044227772534275
18403,"Enyel De Los Santos","R",NA,NA,NA,NA,0
18413,"Jose Urquidy","R",0.989949748743717,0,0,0,0
18425,"Trey Amburgey","R",NA,NA,NA,NA,0
18433,"PJ Higgins","R",0.802249058202739,0.128105590062112,0.00733413570031592,0.0669336384439359,0
18482,"Chris Gittens","R",0.734924623115578,0,0,0.238970588235294,0
18496,"Junior Fernandez","R",NA,NA,NA,NA,0
18498,"Kenta Maeda","R",0.968240310814233,0.0591787439613525,0,0,0
18510,"Josh Rogers","L",NA,NA,NA,NA,0
18519,"Phil Bickford","R",1,0,0,0,0
18525,"Dylan Cease","R",0.673469387755101,0.333333333333333,0,0,0
18548,"Sam Hentges","L",NA,NA,NA,NA,0
18551,"Ali Sanchez","R",0.63104405678663,0.380847599703388,0,0,0
18555,"Logan Allen","R",0.994845360824749,0,0,0,0
18564,"Trent Grisham","L",0.565308500937946,0.218391163374047,0.0358658786523412,0.178174807837495,0.0174209197235513
18568,"Luis Arraez","L",0.769949410306454,0.177663443350787,0.0166419528074251,0.0288423308072334,0.0833618854532024
18577,"Ke'Bryan Hayes","R",0.677382068519042,0.187497256769091,0.0285516877103069,0.0993812975834346,0.0619023464458247
18587,"Brendon Davis","R",0.980295566502462,0,0,0,0
18603,"Donny Sands","R",NA,NA,NA,NA,0
18607,"Jared Walsh","L",0.565842468455901,0.239353525470122,0.0306340135848819,0.168664538635826,0.0733487654320988
18655,"AJ Minter","L",NA,NA,NA,NA,0
18674,"Jake Woodford","R",0.975247524752474,0,0,0,0
18679,"Freddy Peralta","R",1,0,0,0,0
18684,"Sandy Alcantara","R",0.634056757216032,0.351140752032522,0,0,0
18690,"Nick Plummer","L",0.242647058823529,0.267567567567567,0,0.518324607329844,0
18694,"Kolby Allard","L",0.97512437810945,0,0,0,0
18699,"Nick Neidert","R",NA,NA,NA,NA,0
18721,"Guillermo Heredia","R",0.598850411850375,0.226297456857728,0.0244968883689132,0.151510862425026,0.01875
18769,"Cody Poteet","R",0.974874371859292,0,0,0,0
18790,"Dillon Peters","L",0.979274611398959,0,0,0,0
18795,"Ramon Urias","R",0.669425809642578,0.198118518441571,0.0108707557311157,0.12036480057386,0.0067
18815,"Miguel Diaz","R",NA,NA,NA,NA,0
18819,"Andy Ibanez","R",0.695585946759757,0.199093511138115,0.0182733388456059,0.0888998078580262,0
18821,"Jose Azocar","R",0.748634004884007,0.204891030191456,0.0252897787144362,0.0309563294637922,0
18839,"Josh Naylor","L",0.646904114237413,0.203153647032097,0.0102445895761301,0.139062986960788,0.0977881478775309
18848,"Yohel Pozo","R",0.746891860192353,0.197420634920635,0,0.0485958485958487,0
18854,"Ben Meyer","R",NA,NA,NA,NA,0
18864,"Pedro Avila","R",NA,NA,NA,NA,0
18872,"Jahmai Jones","R",0.728554605309841,0.229742760978737,0.0284482758620689,0.0216157205240175,0
18881,"Curtis Terry","R",0.490147783251231,0.518229166666666,0,0,0
18882,"Brandon Lowe","L",0.54448735077821,0.19620757979648,0.0249086954491738,0.239817362348539,0.0171097529921059
18887,"Seby Zavala","R",0.663930342727002,0.193076277144993,0,0.141512763887666,0
18889,"Danny Mendick","R",0.71714826270589,0.165861786493125,0.0178664162841378,0.103495045658667,0
18899,"Lucius Fox","B",1,0,0,0,0
18900,"Leody Taveras","B",0.660205635178598,0.203014892377218,0.0386979403746579,0.101629706590008,0
18905,"Yusniel Diaz","R",NA,NA,NA,NA,0
19151,"Estevan Florial","L",0.732667178488699,0.179534078269733,0.0571135173436965,0.0613133444708228,0
19170,"Corey Ray","L",NA,NA,NA,NA,0
19178,"Tommy Nance","R",NA,NA,NA,NA,0
19181,"Zack Collins","L",0.510847248625066,0.359738195399715,0.0164115646258503,0.10897033132213,0.0202731092436974
19191,"Robert Dugger","R",NA,NA,NA,NA,0
19197,"Will Smith","R",0.572371901062173,0.212764734472331,0.0150466331908478,0.196211436103877,0.0651083126737285
19198,"Yuli Gurriel","R",0.668474843903049,0.234823466743152,0.0131244992105975,0.082588533338674,0.029230907663111
19199,"Conner Menez","L",NA,NA,NA,NA,0
19200,"Jose Quijada","L",NA,NA,NA,NA,0
19206,"Dakota Hudson","R",0.977623762376238,0,0,0,0
19212,"Taylor Kohlwey","L",0.989690721649485,0,0,0,0
19225,"Mitch White","R",NA,NA,NA,NA,0
19231,"Caleb Baragar","R",NA,NA,NA,NA,0
19238,"Lourdes Gurriel Jr","R",0.649402907039292,0.192899994945459,0.010284860900516,0.150067694294668,0.0334927404005894
19244,"Cole Irvin","L",1,0,0,0,0
19245,"Chris Okey","R",1,0,0,0,0
19249,"Seranthony Dominguez","R",NA,NA,NA,NA,0
19250,"Trent Giambrone","R",1,0,0,0,0
19251,"Pete Alonso","R",0.522105748839611,0.178631089564462,0.00981373178466715,0.281918079621143,0.123666343192463
19252,"Cavan Biggio","L",0.631733464104113,0.21672846339197,0.0120021535921683,0.138739639065405,0.00783783783783784
19254,"Jose Miguel Fernandez","L",0.677419354838711,0.272166402256302,0,0.0558368291624476,0
19260,"Jake Fraley","L",0.635511164841077,0.225148717718,0.0661178631785605,0.0928379372225318,0.0190736388562476
19262,"Garrett Hampson","R",0.704231026816557,0.178315833249679,0.0413480914692528,0.0653315710343631,0.0142343073593074
19266,"Taylor Widener","L",1,0,0,0,0
19267,"Will Craig","R",0.754437869822484,0.151616499442586,0,0.0912343470483006,0.106
19268,"Justin Dunn","R",0,1,0,0,0
19269,"TJ Zeuch","R",NA,NA,NA,NA,0
19273,"Stone Garrett","R",0.444509214631687,0.330775401859257,0,0.229147314565523,0
19274,"Jacob Webb","R",NA,NA,NA,NA,0
19278,"Vladimir Gutierrez","R",1,0,0,0,0
19287,"Adolis Garcia","R",0.546005901409297,0.279227607995201,0.00852227489200508,0.164823449142966,0.0161435185185185
19290,"Randy Arozarena","R",0.599633787904635,0.199022674348738,0.0104106372003207,0.196799180830905,0.0213118530020704
19291,"Zac Gallen","R",0.828587260575235,0.15072463768116,0,0,0
19292,"Armando Alvarez","R",0.871459694989107,0.112233445566779,0,0,0
19293,"Nick Senzel","R",0.658756905886469,0.226417220131943,0.00900537634408603,0.108384247135129,0.00595238095238095
19294,"Nick Solak","R",0.720022668373743,0.147032282275004,0.0114369745425109,0.117504496676492,0.0173333333333334
19296,"Alex Call","R",0.665200180543163,0.193665162588645,0.0170950662317694,0.121520135066411,0
19309,"Trevor Richards","R",0.963884243775547,0,0,0,0
19312,"Cal Quantrill","L",0.997525506319476,0,0,0,0
19314,"Donovan Walton","L",0.595993466577167,0.26358927094411,0.0223017292784734,0.125022063250659,0
19316,"Eric Lauer","R",0.58117214347079,0.340643756404626,0,0.0776422764227642,0
19318,"Matt Thaiss","L",0.736776298480882,0.120340804888026,0,0.140847019877367,0.0187563131313131
19320,"Joey Lucchesi","L",0.987522564277698,0,0,0,0
19326,"Bryan Reynolds","B",0.622348729057879,0.175442729546556,0.0368916685580097,0.16744683197634,0.0546567932212607
19331,"Jose Rojas","L",0.5771608040201,0.373408057523528,0,0.0783451842275371,0
19334,"Yadiel Hernandez","L",0.542166731191121,0.299676033403599,0.00592362548884288,0.147092206499574,0.0150757575757576
19339,"Nicky Lopez","L",0.767079064630247,0.170434751060241,0.0293779429386159,0.0174180336935229,0
19341,"Hector Velazquez","R",NA,NA,NA,NA,0
19346,"Eli White","R",0.776509609658833,0.116963699376558,0.0260549420870277,0.0812881728200878,0
19348,"DJ Peters","R",0.470151361842637,0.211156857510965,0.0251118504072502,0.297645367492831,0.318650088809947
19349,"Caleb Ferguson","R",0.513020833333335,0.532608695652172,0,0,0
19352,"Sean Murphy","R",0.523132409941418,0.237894854404984,0.006198597032662,0.235216259600383,0.0121880511463845
19354,"Luke Raley","L",0.644524627188356,0.170813467716893,0.0141217543858663,0.170358874660952,0.1225
19358,"Weston Wilson","R",0.686423594740427,0.14360824742268,0.0187735849056604,0.153489519714663,0
19361,"Corbin Burnes","R",0.999986506908464,0,0,0,0
19362,"Keegan Akin","L",NA,NA,NA,NA,0
19363,"Austin Hays","R",0.619161404225694,0.234336143973964,0.0100234648161723,0.133854450040801,0.0211988304093567
19374,"Walker Buehler","R",0.851522667147667,0.0967032967032967,0,0.063739837398374,0
19384,"Trenton Brooks","L",0.990049751243781,0,0,0,0
19388,"Tony Gonsolin","R",0.838699494949495,0.16923076923077,0,0,0
19392,"Zach McKinstry","L",0.584898204931138,0.277647743374323,0.0319961395539497,0.0979204218436089,0.0195999999999999
19409,"Dane Dunning","R",0.980295566502464,0,0,0,0
19422,"Brian Serven","R",0.666933459388417,0.27456303853763,0.00619694397283531,0.051687514751003,0
19427,"Shane Bieber","R",0,0.990049751243782,0,0,0
19432,"Yonny Hernandez","B",0.830901243439785,0.165550671297156,0,0,0
19447,"Patrick Sandoval","L",1,0,0,0,0
19452,"Jake Rogers","R",0.518048751187383,0.206054031317774,0.0242239287489044,0.253084348801274,0.0114772727272727
19453,"Shaun Anderson","R",0.473557692307692,0.550279329608938,0,0,0
19454,"Michael Rucker","R",NA,NA,NA,NA,0
19455,"Andruw Monasterio","R",0.763239958706199,0.198454513523007,0.00761890103124521,0.0372628537705541,0
19458,"Cooper Hummel","B",0.521459453052448,0.377351242624975,0.0506929541820918,0.0543674008325846,0
19470,"Tommy Edman","B",0.659841841512426,0.189456256327134,0.0357213050892958,0.110871982249879,0.0159558009153318
19477,"Alex De Goti","R",0.989949748743717,0,0,0,0
19479,"Aaron Civale","R",NA,NA,NA,NA,0
19508,"Kyle Lewis","R",0.632278662647794,0.136845448010309,0,0.222766587942923,0
19514,"Andrew Knizner","R",0.716331955557952,0.191015102066669,0,0.0911329682666275,0.01625
19521,"Andrew Young","R",0.361955650547689,0.350152032851635,0,0.292463510922998,0
19522,"TJ Friedl","L",0.701661628874429,0.137129116763092,0.0406911511491886,0.123382077402384,0.00518617021276596
19528,"Jacob Robson","L",NA,NA,NA,NA,0
19533,"Taylor Jones","R",0.522135424597736,0.294622925253425,0.0194088669950739,0.169776344086021,0
19535,"Ryan Hendrix","R",NA,NA,NA,NA,0
19545,"Stephen Nogosek","R",NA,NA,NA,NA,0
19546,"Jon Duplantier","L",1,0,0,0,0
19548,"JD Hammer","R",NA,NA,NA,NA,0
19552,"Jaylin Davis","R",0.548368759302189,0.279851895734597,0,0.170782350338462,0
19553,"Simon Muzziotti","L",1,0,0,0,0
19556,"Yordan Alvarez","L",0.529115786457951,0.184541691312004,0.00641587309374253,0.289500345648989,0.0937694537346712
19562,"Zack Short","R",0.614203861346445,0.236130816710871,0,0.153095263976093,0.0110227272727273
19563,"Nate Mondou","L",NA,NA,NA,NA,0
19566,"Nathaniel Lowe","L",0.664995981738414,0.168602975221002,0.0132382822492622,0.155116066205459,0.0535874045046864
19569,"David Bednar","L",NA,NA,NA,NA,0
19577,"Nick Heath","L",0.646395832401736,0.355737558181169,0,0,0.121875
19583,"Sean Poppen","R",NA,NA,NA,NA,0
19599,"Chas McCormick","R",0.678265159925984,0.145495695780909,0.0178895608108277,0.159679187568546,0
19600,"Bryan De La Cruz","R",0.662422633494894,0.184851121391358,0.00649829168620621,0.143135260526192,0.0224556320436854
19608,"Otto Lopez","R",0.874229559095323,0.101504413235358,0.00406634349585354,0.0290997706422019,0
19610,"Keibert Ruiz","B",0.657963040668621,0.147900587618816,0,0.181975365815086,0.00613870967741935
19611,"Vladimir Guerrero Jr","R",0.623991693014978,0.19560351228556,0.0122313938031413,0.167966885175889,0.0758775124976561
19612,"Bo Bichette","R",0.644177101305685,0.216601887547206,0.0155174100796463,0.124746427154259,0.0401666666666667
19614,"Cionel Perez","R",NA,NA,NA,NA,0
19615,"Luis Barrera","L",0.841717428087988,0.129760041731873,0,0.0298798798798799,0
19618,"Jordan Hicks","R",NA,NA,NA,NA,0
19625,"David MacKinnon","R",1,0,0,0,0
19627,"Brent Rooker","R",0.577530226440455,0.228040885610517,0.00472181633543121,0.186041059041445,0.0182511241784849
19635,"Sheldon Neuse","R",0.759253756202289,0.121259277899911,0.0100638569604087,0.10407004100289,0
19643,"Daniel Johnson","L",0.895392544369527,0,0,0.114236999147485,0.319999999999999
19644,"Ben DeLuzio","R",0.666666666666667,0.341836734693879,0,0,0
19665,"Kyle Wright","R",0,0.970588235294118,0,0,0
19667,"Zach Reks","L",0.897646414887794,0.107951553449184,0,0,0
19675,"James Marvel","R",NA,NA,NA,NA,0
19677,"Gregory Soto","L",0.98550724637681,0,0,0,0
19683,"Mike Brosseau","R",0.603821159431789,0.194245490681012,0.00735126942023494,0.195422130291342,0
19698,"Edward Olivares","R",0.69727063341483,0.139377240422505,0.0178959032057916,0.150618118080113,0.00868181818181818
19703,"Jake Noll","R",0.667058580858086,0.325174881273264,0,0,0
19709,"Fernando Tatis Jr","R",0.563655322387464,0.193297976625455,0.0246301147786235,0.213024679795745,0.0359407407407407
19710,"Ronnie Dawson","L",1,0,0,0,0
19712,"Patrick Murphy","R",NA,NA,NA,NA,0
19716,"Dustin May","R",0.989898989898986,0,0,0,0
19717,"Darick Hall","L",0.638135050255339,0.178001419422988,0.0122343054869007,0.170360670904587,0
19722,"Carlos Narvaez","R",1,0,0,0,0
19727,"Joe Dunand","R",0.333333333333333,0.322061191626409,0,0.35650623885918,0
19734,"Josh Rojas","L",0.740215663098838,0.183259940675012,0.00961380644618821,0.0649739124689129,0.0124255713052565
19742,"Anthony Bender","R",NA,NA,NA,NA,0
19753,"Jonathan Loaisiga","R",NA,NA,NA,NA,0
19754,"Reiver Sanmartin","L",NA,NA,NA,NA,0
19755,"Shohei Ohtani","L",0.526614768051004,0.202846793347189,0.035831940249947,0.22342697158561,0.118280119946787
19756,"Yoshihisa Hirano","R",NA,NA,NA,NA,0
19757,"Kazuhisa Makita","R",NA,NA,NA,NA,0
19766,"Seth Elledge","R",NA,NA,NA,NA,0
19768,"Rylan Bannon","R",0.957547169811324,0,0,0,0
19779,"Dairon Blanco","R",0.766203477315299,0.11403604674774,0.0307781649245064,0.0780143348425205,0
19780,"Esteban Quiroz","L",0.995260663507108,0,0,0,0
19788,"Zach Remillard","R",0.757442467219695,0.161239431512665,0.105402542372882,0.0130565347956652,0.0609375
19795,"Keegan Thompson","R",1,0,0,0,0
19800,"Wil Crowe","R",0.490384615384616,0.492753623188406,0,0,0
19802,"Jhonny Pereda","R",1,0,0,0,0
19805,"Daniel Castano","L",NA,NA,NA,NA,0
19806,"Jason Delay","R",0.481857172531492,0.47252701964127,0.00781979458450047,0.0216712723248671,0
19813,"Charles Leblanc","R",0.580537328215922,0.117827265229174,0,0.291302079493708,0
19818,"Joshua Palacios","L",0.793356866181136,0.114937040171159,0.00937411229997159,0.0794313031601167,0
19824,"Chuckie Robinson","R",0.747500365800126,0.125,0,0.113986784140969,0
19826,"Riley Smith","R",NA,NA,NA,NA,0
19828,"Cody Thomas","L",0.808284698281712,0.148429319371727,0,0.0502659574468083,0
19842,"Caleb Hamilton","R",0,0,0,1,0
19844,"Abraham Toro","B",0.660225254475035,0.15270984417412,0.0282436046450362,0.161088581224393,0.0157912878787879
19858,"Luis Rengifo","B",0.742135642665899,0.135855252620944,0.0186192948507715,0.104763981275612,0
19859,"Rene Pinto","R",0.608273574837043,0.213551039357133,0,0.181702639688966,0
19864,"Riley Adams","R",0.584621094225842,0.26575275697891,0.0340757853989075,0.112630349105546,0.025
19865,"Charlie Barnes","L",NA,NA,NA,NA,0
19867,"Griffin Canning","R",NA,NA,NA,NA,0
19871,"Tucker Davidson","L",NA,NA,NA,NA,0
19872,"Greg Deichmann","L",1,0,0,0,0
19873,"Drew Ellis","R",0.653745779948048,0.172313570098846,0,0.16611458702122,0.0313333333333334
19877,"Tristan Gray","L",0.5901886527807,0.153426791277258,0,0.266129032258064,0
19878,"Adam Haseley","L",0.787644967209534,0.201225365023618,0,0.014894709809964,0.0430714285714285
19879,"Tanner Houck","R",NA,NA,NA,NA,0
19884,"Corbin Martin","R",1,0,0,0,0
19890,"Emmanuel Rivera","R",0.710409699034233,0.173428188989038,0.0136861678828329,0.0946773401568796,0
19892,"Pavin Smith","L",0.65400463058206,0.154319851803618,0.0223510729089026,0.176494656249905,0.0119285714285714
19896,"Connor Wong","R",0.583430664799471,0.259240540162905,0.0682216634738186,0.0824804090826881,0.00848214285714286
19899,"Clarke Schmidt","R",NA,NA,NA,NA,0
19901,"Gavin Sheets","L",0.61155999162085,0.214183896605286,0.0020703933747412,0.163906757697457,0.0303612956810631
19903,"Adonis Medina","R",NA,NA,NA,NA,0
19906,"Diego A Castillo","R",0.528469498910676,0.348493405888209,0,0.119226579520697,0.0239285714285714
19909,"Anderson Tejeda","B",0.775497903003161,0.109108860662825,0.0236974797880709,0.0783986328645564,0
19910,"Sandro Fabian","R",NA,NA,NA,NA,0
19911,"Jose Suarez","L",NA,NA,NA,NA,0
19913,"Jesus Sanchez","L",0.467827674512868,0.342858287396813,0.0209580410837814,0.153069532122451,0.0430572528883184
19918,"Daulton Varsho","L",0.556937096954696,0.211036836036363,0.0470482435349803,0.187201780580679,0.0235833333333333
19921,"Blake Perkins","B",0.707495655346238,0.19412068070135,0.00946371626351403,0.0900751818727673,0.0119434523809524
19926,"Tony Santillan","R",0,0.954128440366973,0,0,0
19928,"Ryan McKenna","R",0.593982482181303,0.180278071254499,0.00802555711391615,0.230330396295964,0.0228409090909091
19931,"Luke Williams","R",0.810654485212732,0.166464836345415,0.00761413820456347,0.019131493630324,0.0268055555555556
19938,"Aaron Whitefield","R",NA,NA,NA,NA,0
19948,"Cristian Pache","R",0.677273586135129,0.222043026938386,0.0264642011985124,0.0701448762910727,0
19950,"Andres Gimenez","L",0.703326205890249,0.169612582475716,0.0310209640186283,0.101375004861425,0.0488277714932127
19951,"Ian Anderson","R",0.505102040816328,0.485294117647059,0,0,0
19952,"Khalil Lee","L",0,0.515789473684209,0,0.518324607329844,0
19953,"Josh Lowe","L",0.71096183621492,0.188736346049496,0.0220095702176588,0.0819699381496278,0.0627704973118279
19955,"Gavin Lux","L",0.663881894207574,0.188665854127171,0.0457207817621577,0.113564507195921,0.0143414634146341
19956,"Mickey Moniak","L",0.700162839482669,0.130237888652548,0.0183242697830126,0.153032665872176,0.0893333333333334
19957,"Blake Rutherford","L",0.967441860465116,0,0,0,0
19958,"Carter Kieboom","R",0.734638090852925,0.0740734403517505,0,0.190698859988589,0.0825125
19959,"Jesus Luzardo","L",NA,NA,NA,NA,0
19960,"Taylor Trammell","L",0.559391787377171,0.191724157303371,0,0.244620404975735,0
19961,"Colton Welker","R",0.877454299255247,0.132434089515635,0,0,0
19964,"Eguy Rosario","R",0.609319146462003,0.198942245214175,0.0361157177077575,0.137370551618461,0
19966,"Bobby Dalbec","R",0.610066632670106,0.167604169618555,0.0145585113711712,0.211279773854253,0.00732142857142857
19967,"Ryan Aguilar","L",0.673366834170854,0.382857142857142,0,0,0
19968,"Jared Oliva","R",0.855429364449983,0.140786749482401,0,0,0.176666666666667
19977,"Tres Barrera","R",0.831264775413711,0.117769186712486,0.0213541666666666,0.0408692185007973,0.0410416666666666
19979,"Zach Plesac","R",NA,NA,NA,NA,0
19981,"Jeremy Walker","R",NA,NA,NA,NA,0
19983,"Conner Capel","L",0.844567689278494,0.0868007715624139,0.0182741102408481,0.0701416081897138,0
19990,"Bryse Wilson","R",1,0,0,0,0
19995,"Joel Kuhnel","R",NA,NA,NA,NA,0
19997,"Santiago Espinal","R",0.75268830664948,0.200475500972819,0.003813882532418,0.0426552204994611,0.0249444444444444
20002,"Bryce Johnson","B",0.843908750761672,0.10194349535757,0,0.0507808705876337,0
20003,"Keston Hiura","R",0.651715913685953,0.168062318498388,0.0152078808146414,0.164902784825138,0.03258
20017,"Miles Mastrobuoni","L",0.886819156596015,0.104429939838774,0,0.0102634803921569,0
20022,"Kramer Robertson","R",NA,NA,NA,NA,0
20023,"Rico Garcia","R",NA,NA,NA,NA,0
20034,"Hunter Owen","R",NA,NA,NA,NA,0
20036,"Isaac Paredes","R",0.628934934273415,0.197632636756599,0.0106070723866385,0.15968054737898,0.0245897895557287
20038,"Darren McCaughan","R",NA,NA,NA,NA,0
20039,"Adrian Morejon","L",NA,NA,NA,NA,0
20040,"Jorge Ona","R",0.340241796200344,0.343804537521816,0,0.293154761904762,0
20041,"Ronald Bolanos","R",NA,NA,NA,NA,0
20043,"Luis Robert Jr","R",0.603047291799784,0.214165938367293,0.00341562991102621,0.17600202622593,0.073264705882353
20047,"Brian Miller","L",0.984924623115577,0,0,0,0
20054,"Bligh Madris","L",0.707296335275191,0.263864347931971,0,0.0341399075594478,0
20056,"Alan Trejo","R",0.777855095909504,0.146343558194405,0,0.0780383629823092,0.08
20070,"Bailey Falter","R",NA,NA,NA,NA,0
20074,"Miguel Sanchez","R",NA,NA,NA,NA,0
20078,"Evan White","R",0.595668436293437,0.207578554258242,0,0.188744464490733,0
20099,"Chris Paddack","R",1,0,0,0,0
20122,"Mark Contreras","L",0.424349049964813,0.14006968641115,0,0.428571428571429,0
20123,"Juan Soto","L",0.571964698856179,0.194152629627732,0.0179758131714506,0.214606631455262,0.107975397329476
20126,"Dylan Carlson","B",0.630926453396295,0.23021401796711,0.0284440116075921,0.108669619624413,0.0109935906432749
20157,"Matthew Batten","R",0.407311827956989,0.25083131331966,0.383429672447014,0.0209704167335366,0
20165,"JJ Matijevic","L",0.740327380952382,0.138002773925103,0,0.129810828440965,0
20167,"Kyle Muller","R",1,0,0,0,0
20178,"Miguel Vargas","R",0.629577516723118,0.215285546553337,0.0338461538461539,0.12869230310768,0.00885964912280702
20185,"Zach Pop","R",NA,NA,NA,NA,0
20186,"Brendan McKay","L",0.494923857868021,0,0,0.505181347150258,0
20191,"Garrett Whitlock","R",1,0,0,0,0
20202,"Brandon Marsh","L",0.677266759744489,0.201139647003818,0.0394347881006726,0.0869766353167855,0.0169898153074409
20203,"Eli Morgan","R",NA,NA,NA,NA,0
20218,"Yennsy Diaz","R",NA,NA,NA,NA,0
20220,"Jo Adell","R",0.581672485059711,0.202614827804465,0.0443404096288752,0.173028024663218,0.00591428571428572
20233,"Gilberto Celestino","R",0.59422603426899,0.246559863030451,0.0068257032542747,0.130946294104189,0
20242,"Kevin Smith","R",0.614228619659165,0.161198997036699,0.0116740740740741,0.207745048889984,0
20253,"Griffin Jax","R",NA,NA,NA,NA,0
20263,"Mario Feliciano","R",1,0,0,0,0
20275,"Jonathan Arauz","B",0.682638060765265,0.0814421209641491,0,0.227937443254965,0
20277,"Cory Abbott","R",1,0,0,0,0
20287,"Ben Rortvedt","L",0.703076480480244,0.134557581832066,0,0.150955391096236,0
20302,"David Peterson","L",0,1,0,0,0
20308,"Jake Meyers","R",0.65488394912089,0.206112874506013,0.0294840691413522,0.11380960665641,0
20311,"Corey Julks","R",0.717121341628685,0.191959046001011,0,0.0850459220322233,0
20312,"Alec Bettinger","R",NA,NA,NA,NA,0
20321,"Stuart Fairchild","R",0.57457174925245,0.28164098257522,0.026468137254902,0.112450335428934,0
20325,"Alex Kirilloff","L",0.631400914292955,0.209321291126403,0.0312201139676366,0.129029083477505,0.0454910714285713
20332,"Luis Gonzalez","L",0.354430379746835,0.661561007459443,0.0126582278481013,0.0290563866513234,0.0113888888888889
20339,"Matt Peacock","R",1,0,0,0,0
20352,"Ernie Clement","R",0.785950244649391,0.126685013895376,0.027433023573121,0.0650896645349222,0.0218181818181819
20367,"Brusdar Graterol","R",NA,NA,NA,NA,0
20368,"Ramon Rosso","R",NA,NA,NA,NA,0
20369,"Matt Manning","R",NA,NA,NA,NA,0
20370,"Bruce Zimmermann","L",NA,NA,NA,NA,0
20379,"Tyler Zuber","R",NA,NA,NA,NA,0
20391,"Luis Garcia Jr","L",0.67542280472066,0.212312455702613,0.0229073396950284,0.0888178686887574,0.0575286195286196
20395,"Nick Margevicius","L",0.979899497487435,0,0,0,0
20399,"Luis Madero","R",NA,NA,NA,NA,0
20404,"Jared Young","L",0.487015699052133,0.193548387096774,0.148962450592885,0.123161764705882,0
20418,"Josh Fleming","L",NA,NA,NA,NA,0
20430,"Rony Garcia","R",NA,NA,NA,NA,0
20437,"Royce Lewis","R",0.577214976754509,0.215455043547091,0,0.20331379875348,0.0239285714285715
20450,"Brewer Hicklen","R",NA,NA,NA,NA,0
20454,"Jazz Chisholm Jr","L",0.590491898967624,0.146219267030557,0.0538792761934319,0.214501322619513,0.0202174851126262
20463,"Irving Lopez","L",NA,NA,NA,NA,0
20468,"Huascar Ynoa","R",0.577259475218658,0.138655462184874,0,0.281449893390192,0
20492,"Casey Mize","R",NA,NA,NA,NA,0
20493,"Seth Beer","L",0.652217665375561,0.184505381099808,0,0.163173100565528,0.0463636363636363
20501,"Scott Hurst","L",NA,NA,NA,NA,0
20503,"William Contreras","R",0.654372100030455,0.199201672040502,0.0121100808924701,0.13239338143811,0.0353040935672515
20505,"Drew Waters","B",0.597839789475,0.23944008951063,0.0320675889231791,0.124194801769409,0
20510,"Jack Larsen","L",NA,NA,NA,NA,0
20521,"Nick Madrigal","R",0.80723060742326,0.163812272228876,0.013697783076139,0.0117693337292994,0
20529,"Nolan Jones","L",0.643008736532643,0.223814253761934,0.0141726452438069,0.117917683704878,0.0803100978336827
20533,"Mickey McDonald","L",NA,NA,NA,NA,0
20536,"Vidal Brujan","B",0.801758694808294,0.15089697746326,0.00833811490314289,0.0409425402602295,0.0310575000000001
20538,"Jose Miranda","R",0.702138576094036,0.187150697599614,0.0131658837439683,0.099966804183388,0.0186111111111111
20539,"Edwin Uceta","R",1,0,0,0,0
20540,"Jose Devers","L",0.837614613351114,0.154736842105263,0,0,0
20543,"Elehuris Montero","R",0.589427051367373,0.260525486521482,0.011655567183232,0.13319516805165,0
20557,"CJ Alexander","L",1,0,0,0,0
20572,"Kody Clemens","L",0.511521857959484,0.285525201412531,0.0152272727272728,0.212863632429324,0
20599,"Ivan Herrera","R",0.843647078503854,0.117487297255772,0.00450003308847859,0.0272239570822324,0
20617,"JC Mejia","R",NA,NA,NA,NA,0
20626,"Logan Porter","R",0.669826224328594,0.169871794871795,0,0.169871794871795,0
20631,"Jordan Holloway","R",0.974874371859292,0,0,0,0
20632,"Elvis Luciano","R",NA,NA,NA,NA,0
20633,"Yusei Kikuchi","L",NA,NA,NA,NA,0
20739,"Humberto Mejia","R",0,0.904347826086956,0,0,0
20794,"Manuel Rodriguez","R",NA,NA,NA,NA,0
20805,"Carlos Perez","R",0.496293225381651,0.461924083769634,0,0.0483091787439614,0
20926,"Dermis Garcia","R",0.544430272108845,0.230140186915888,0,0.240009746588694,0
20970,"Oscar Gonzalez","R",0.670638715198129,0.209719349270862,0.0182339874120696,0.0888322146513964,0.0633333333333334
21009,"Leo Rivas","B",0.867032402480646,0.0604086902608482,0.0713476869187099,0,0
21065,"Thomas Szapucki","R",NA,NA,NA,NA,0
21078,"Trey Cabbage","L",0.56818181818182,0.386067987743966,0,0.0668395186960022,0
21111,"Miguel Yajure","R",NA,NA,NA,NA,0
21127,"Alejo Lopez","B",0.620151555073154,0.39178630126992,0.00983348547020014,0.00750761114648878,0.0384574074074074
21139,"Tyler Payne","R",NA,NA,NA,NA,0
21183,"Humberto Castellanos","R",0.666666666666667,0,0,0.391713747645952,0
21224,"Bailey Ober","R",1,0,0,0,0
21270,"Sean Bouchard","R",0.546376354845769,0.281743158391232,0,0.180389466845949,0
21293,"Dalton Guthrie","R",0.817693744164331,0.120049504950495,0,0.0704032809295967,0
21298,"Andre Jackson","R",NA,NA,NA,NA,0
21304,"Mark Kolozsvary","R",0.254926108374384,0.499999999999999,0,0.227973568281938,0
21318,"Tylor Megill","R",0.494923857868021,0.518617021276596,0,0,0
21386,"Michael Papierski","B",0.863221141724495,0.0801065923318459,0,0.0658359746692092,0
21390,"Joe Ryan","R",NA,NA,NA,NA,0
21446,"Ryan Feltner","R",NA,NA,NA,NA,0
21454,"Lars Nootbaar","L",0.590776392377966,0.194328272557027,0.0360257307215508,0.189595938029978,0.0389624183006536
21455,"Kris Bubic","L",NA,NA,NA,NA,0
21479,"Nico Hoerner","R",0.76372061389645,0.171678327268277,0.0165635602818546,0.0507612146701193,0.114574049316696
21496,"Brandon Lockridge","R",0.507653061224492,0,0,0.423404255319149,0
21497,"Luken Baker","R",0.56538001789718,0.15346158399564,0.0665362035225048,0.220951780925611,0
21501,"Trevor Larnach","L",0.596900709493334,0.230558971404977,0.0161211129296236,0.151460807983429,0.0303622685185185
21523,"Jonathan India","R",0.664280793876572,0.203363112893176,0.0182123307260489,0.119344734687391,0.0120439572921399
21524,"Joey Bart","R",0.742386839815495,0.152335975593411,0.0140972222222223,0.0892195147830177,0
21534,"Cal Raleigh","B",0.483213141595839,0.275111965682039,0.00650900978748837,0.234869484679622,0.0183680952380952
21535,"Connor Kaiser","R",NA,NA,NA,NA,0
21538,"Nick Fortes","R",0.663780945909628,0.124432304981775,0.0045662100456621,0.216342331894045,0
21541,"Reiss Knehr","L",NA,NA,NA,NA,0
21547,"Coco Montes","R",0.579476861167002,0.277992277992278,0,0.148351648351648,0
21558,"Matt Vierling","R",0.70403164213137,0.166170313879384,0.0375626019705023,0.092016881162396,0.073061945676275
21560,"Alfonso Rivas III","L",0.708377946256028,0.178669518558248,0.0247056603367346,0.0836729010561685,0.0118390804597701
21562,"Romy Gonzalez","R",0.627217993615572,0.241195171424695,0.0507685909925233,0.0890976460590729,0
21587,"Cesar Salazar","L",0.8775,0.134459459459459,0,0,0
21614,"Kyle Isbel","L",0.624191468025976,0.211279407701585,0.0609020910666199,0.0878520516680548,0
21618,"Alec Bohm","R",0.706659687144469,0.200757358702118,0.00594416691489171,0.08808986243645,0.0202178187403994
21622,"Jake McCarthy","L",0.722352408487164,0.146980074836319,0.0294277051565659,0.0941299923351294,0.00794354838709678
21626,"Griffin Conine","L",0.627315812149935,0.187218721872187,0.0423970648185894,0.142530835998172,0
21634,"Ford Proctor","L",0.5,0,0,0.573863636363638,0
21635,"Nick Maton","L",0.614365803942265,0.188676565159936,0.024206162464986,0.171358130994161,0.00641447368421052
21636,"Jeremy Pena","R",0.696533345105143,0.179287431687525,0.018664766237663,0.104791589988959,0.0208573643410852
21646,"Rafael Marchan","B",0.683713791162641,0.122849620297677,0.0238803824311695,0.16354553018433,0
21682,"Luis De Los Santos","R",0.594202898550725,0.4,0,0,0
21690,"Edward Cabrera","R",0,1,0,0,0
21693,"Miguel Amaya","R",0.672237414132466,0.172082174935843,0.0121951219512195,0.139750164245565,0
21707,"Oswaldo Cabrera","B",0.711974086282479,0.179818360105103,0.0103041566535506,0.101653527774172,0.0131293333333333
21711,"Oneil Cruz","L",0.643221885627477,0.12704742120667,0.0219819047326646,0.216075148683844,0.0345973389355742
21716,"Enmanuel Valdez","L",0.611561798473627,0.2149025769956,0,0.168332203899919,0
21730,"Jair Camargo","R",NA,NA,NA,NA,0
21735,"Sebastian  Rivero","R",0.837170490887074,0.140174379610999,0,0,0
21746,"Jose Fermin","R",0.852723458844742,0.0862380311701309,0.0423412204234122,0,0
21780,"Esteury Ruiz","R",0.639745711012173,0.189627522261557,0.112230088918025,0.0803320474914954,0.0166666666666667
21794,"Sherten Apostel","R",0.494949494949495,0.492462311557789,0,0,0
21797,"Andres Chaparro","R",0.376923076923076,0.491638795986623,0,0.156237544838581,0
21837,"Jonathan Aranda","L",0.607323016109384,0.231143615836092,0.0141630901287554,0.148437232492532,0.062900641025641
21840,"Freddy Fermin","R",0.736749800634873,0.153803983543827,0.00605472096875535,0.11018801693282,0.0144927536231884
21844,"Braxton Garrett","R",0.974874371859297,0,0,0,0
21853,"Will Benson","L",0.646669792329369,0.198743981712622,0.0407465828670077,0.100497828906821,0
21865,"Bo Naylor","L",0.571181432131972,0.199763243561251,0.0219803670507896,0.224294632113824,0.0217547892720306
21871,"Jerar Encarnacion","R",0.610373295046662,0.182578825439389,0,0.218930992058557,0
21897,"Christopher Morel","R",0.573075732677479,0.176867566794065,0.0290051932462629,0.216174731228915,0.0166893641908263
21987,"Rodolfo Castro","B",0.637851377255739,0.129275380306697,0.023104772583486,0.221032650002465,0.0146200317649395
22045,"Grant Koch","R",NA,NA,NA,NA,0
22051,"John King","L",NA,NA,NA,NA,0
22054,"Dane Myers","R",0.681025746805451,0.19639122580255,0.0177292576419214,0.0951166510611735,0
22093,"Steele Walker","L",0,0,0,0.944700460829493,0
22117,"Nick Pratto","L",0.541245189972727,0.260454348549297,0.0137663726276397,0.18950113026189,0
22164,"Payton Henry","R",0.865577889447236,0.126302083333334,0,0,0
22165,"Ryan Vilade","R",0.861742424242425,0,0,0.131756756756757,0
22168,"Akil Baddoo","L",0.609235061333387,0.171904302404174,0.0527613509915291,0.143969906343986,0.0175793650793651
22169,"Cal Mitchell","L",0.660256410256411,0.240858843537416,0,0.0993441358024692,0
22175,"Max Kranick","R",NA,NA,NA,NA,0
22184,"Mark Vientos","R",0.628263107515943,0.163827676109035,0.00814681416688105,0.191057851906733,0
22186,"Brice Turang","L",0.772786550955566,0.147789170987755,0.0318027430316163,0.0541065006830895,0.0240947368421053
22192,"Hans Crouse","L",NA,NA,NA,NA,0
22197,"MJ Melendez","L",0.555180241327299,0.224823587347351,0.0284271926121396,0.196257217088677,0.0264986035469906
22202,"Jeter Downs","R",0.825449556679292,0.0829383886255925,0,0.083732057416268,0
22209,"Sam Huff","R",0.580193474444387,0.199391761646046,0,0.218435841921158,0.0235227272727273
22217,"Luis Campusano","R",0.642564265243762,0.0892058126734504,0,0.240583670604709,0
22232,"Mason McCoy","R",0.812244897959184,0.209473684210527,0,0,0
22244,"Jack Suwinski","L",0.561782454364519,0.176336437175343,0.00737430167597766,0.252469403024959,0.0430383619391749
22248,"Paul Campbell","L",NA,NA,NA,NA,0
22254,"Joe Perez","R",NA,NA,NA,NA,0
22261,"Bubba Thompson","R",0.614575971197503,0.347435022742041,0.0365054049264576,0.00691358024691357,0
22263,"Nolan Gorman","L",0.544301913230746,0.194118070582486,0,0.271342518359485,0.0158694043655198
22266,"Xavier Edwards","B",0.823328793043256,0.133825581098321,0.0263561103260264,0.00602938400645626,0.015685606060606
22267,"Tarik Skubal","R",NA,NA,NA,NA,0
22274,"Samad Taylor","R",0.871429657601948,0.0849358974358976,0.0307781649245065,0,0
22275,"Jake Burger","R",0.539695065218975,0.228015412440465,0.0320860562384326,0.197740091988695,0.0408870967741936
22277,"Nick Allen","R",0.760371120137082,0.162493617481413,0.00979948741142771,0.0665003754296343,0
22286,"Trevor Rogers","L",0.984924623115577,0,0,0,0
22411,"Cal Stevenson","L",0.607341178280265,0.413238671157379,0,0,0
22458,"Taylor Walls","B",0.669560672843285,0.216394664468679,0.0308049944957,0.0765194508431791,0
22471,"Livan Soto","L",0.782923049341347,0.20838979860719,0.012430426716141,0.0124813710879285,0
22487,"Johan Oviedo","R",0.975247524752474,0,0,0,0
22505,"Buddy Kennedy","R",0.65364770900301,0.198010079991894,0.0391589506172838,0.107909486716593,0
22514,"Triston Casas","L",0.607343008565172,0.119336468571242,0.00584655451912087,0.286741901341248,0.053031746031746
22515,"Heliot Ramos","R",0.699036190758657,0.192718057303685,0.00654296875,0.101148199331245,0.0168468468468468
22530,"Johnathan Rodriguez","R",0.773684210526318,0.227906976744186,0,0,0
22532,"Tyler Freeman","R",0.746057845077132,0.170470168105281,0.00573854486897964,0.0774522376888154,0.0127380952380952
22542,"Lawrence Butler","L",0.629051037664484,0.178402127195982,0.00864490082499565,0.191988326881944,0
22557,"Michael Siani","L",0.923066241421941,0.052262443438914,0.0135430916552668,0.0157392686804451,0
22558,"Jarred Kelenic","L",0.540435711217076,0.232601608527473,0.0310453046495868,0.200962580626961,0.0307050304878049
22563,"Gabriel Arias","R",0.639331952876845,0.185367727745089,0.0541943713512341,0.13099710902056,0
22581,"Alejandro Kirk","R",0.695561089610682,0.188587221316177,0.00275574674015325,0.110558107296409,0.0163587301587302
22650,"Jordan Diaz","R",0.731784961892291,0.177560011221967,0,0.0864361702127658,0
22664,"Gabriel Moreno","R",0.785263953045389,0.146322670415006,0.00555210307309594,0.0626435015541878,0.00808943089430894
22707,"Gustavo Campero","B",0.816769727734197,0,0.0975883287018662,0.0860893813173875,0
22713,"Carlos Hernandez","R",NA,NA,NA,NA,0
22715,"Maikel Garcia","R",0.779835053760546,0.163584664577713,0.0167676256067967,0.0296153077911137,0
22766,"Steward Berroa","B",0.883884297520661,0.128225878967719,0,0,0
22799,"Geraldo Perdomo","B",0.679166501062009,0.218725466443809,0.0442259028151588,0.0426415337951144,0.08416796875
22823,"Oswald Peraza","R",0.651810849040231,0.152093236629319,0,0.182531365708615,0
22842,"Alexander Canario","R",0.542482058463154,0.185953539349872,0.106914893617021,0.169001386962552,0
22857,"Wenceel Perez","B",0.664650278124391,0.181222233642832,0.0501629949596748,0.0963714475124759,0
22871,"Tucupita Marcano","L",0.729099569706422,0.18478295180799,0.0377091366961542,0.0424138071892209,0
22896,"Lenyn Sosa","R",0.626765897932573,0.196074203117117,0,0.171424897935238,0.0927777777777778
22906,"Israel Pineda","R",1,0,0,0,0
22925,"Joan Adon","R",NA,NA,NA,NA,0
23003,"Yainer Diaz","R",0.424949029362989,0.465262212391899,0.00768211920529802,0.108626916942706,0.0136111111111111
23250,"David Banuelos","R",NA,NA,NA,NA,0
23252,"Spencer Howard","R",0.495098039215686,0.520618556701033,0,0,0
23264,"Canaan SmithNjigba","L",0.248743718592965,0.643367346938778,0.138268156424581,0,0
23292,"Packy Naughton","R",NA,NA,NA,NA,0
23296,"Jacob Amaya","R",0.939507171871034,0.0414583333333333,0,0,0
23312,"Ryan Noda","L",0.602689801388636,0.258665770774581,0.00451612903225806,0.129775769871858,0.00711038961038962
23359,"Nelson Velazquez","R",0.520634271090089,0.180433095570217,0.0235635294667591,0.274556058722604,0
23372,"Hunter Feduccia","L",1,0,0,0,0
23378,"Jose Barrero","R",0.758872505824679,0.198827749487198,0.0388059701492539,0.033684913079968,0
23395,"Eric Wagaman","R",0.614213197969541,0.283505154639175,0,0.106280193236715,0
23401,"Jose Caballero","R",0.690825811806204,0.216246701579182,0.0148338001867413,0.0831287034044387,0.0178703703703703
23442,"Luis Vazquez","R",0.964467005076142,0,0,0,0
23550,"Aaron Ashby","R",NA,NA,NA,NA,0
23552,"Chandler Seagle","R",NA,NA,NA,NA,0
23557,"Chris Roller","R",NA,NA,NA,NA,0
23559,"Ryan Dorow","R",NA,NA,NA,NA,0
23565,"Davis Schneider","R",0.45379927487336,0.304308252427185,0.0311149912764703,0.212866087126131,0
23667,"Wander Franco","B",0.648773606480128,0.203083261886086,0.0441940163716518,0.100200417850934,0.035031043956044
23690,"Brayan Rocchio","B",0.689282544154528,0.246914809889468,0,0.0491678218800446,0.0112835227272727
23691,"Jose Tena","L",0.745914701671933,0.198465366157024,0,0.0370414768640614,0
23695,"Everson Pereira","R",0.721726190476195,0.2996138996139,0,0,0
23697,"Julio Rodriguez","R",0.660671314012713,0.166754961657464,0.0127434859356873,0.158549013845367,0.0832133258678611
23698,"Ronny Mauricio","B",0.758726634902352,0.163375997429444,0,0.0747762145203197,0
23733,"Ezequiel Duran","R",0.715147041158735,0.194649011713682,0.011399443535281,0.0823589272886901,0.0147101449275362
23735,"Luis Garcia","R",NA,NA,NA,NA,0
23772,"Wilyer Abreu","L",0.595416385640936,0.250222772277228,0.0119275085403277,0.128810844885394,0
23779,"Justin Bruihl","L",NA,NA,NA,NA,0
23782,"Leo Jimenez","R",0.628019323671497,0.26829268292683,0,0.099502487562189,0
23788,"Jordyn Adams","R",0.934770317133236,0,0,0.0597826086956522,0
23789,"Blaze Alexander","R",0.767002814258911,0.162272028125687,0,0.0760543073411028,0
23792,"Alek Thomas","L",0.611718983258271,0.216906066743462,0.0285376607678474,0.138760339425845,0.0175438596491228
23794,"Jordan Groshans","R",0.9375,0,0,0.0668449197860962,0
23796,"Ryan Weathers","R",0.753886010362693,0,0,0.241293532338308,0
23800,"Parker Meadows","L",0.632017576309197,0.172745309645519,0.0550668657782949,0.122513470956185,0.0286764705882354
23818,"Ji Hwan Bae","L",0.774120876498438,0.206677719443677,0.00957701516360734,0.00941915227629514,0
23968,"Jorge Barrosa","B",0.337116046496525,0.629271027470944,0,0,0
23985,"Osleivis Basabe","R",0.705817174515237,0.256611678449856,0,0.0482046237088047,0
23986,"Curtis Mead","R",0.824016938898973,0.125030302013173,0.0221169036334913,0.0381364291793715,0
24064,"Ezequiel Tovar","R",0.643582536273359,0.214678890229229,0.0112852639795458,0.133232228436668,0.0140579710144927
24257,"Jhonkensy Noel","R",0.476113360323886,0.163625521765057,0.0304584304584304,0.336769759450172,0
24262,"Ceddanne Rafaela","R",0.631456241032999,0.234611305677503,0.0186567164179105,0.111410743353229,0.0316666666666667
24273,"Liover Peguero","R",0.732762582632084,0.19192145912477,0.00698790154359615,0.0615970580509587,0
24336,"Johan Rojas","R",0.749409988101663,0.171096179268417,0.043782758786125,0.039195950040802,0
24400,"Terrin Vavra","L",0.892481807533294,0.0445706794843785,0.0259344012204424,0.0239717978848414,0
24451,"JP Martinez","L",0.639313725490196,0.323772141706924,0,0.0501474926253687,0
24485,"Tyler Cropley","R",1,0,0,0,0
24488,"Max Schuemann","R",0.743745774171738,0.162544990131197,0,0.0865158818440243,0
24491,"Travis Swaggerty","L",0.990384615384616,0,0,0,0
24496,"DaShawn Keirsey Jr","L",0.497560975609756,0,0,0.485714285714286,0
24580,"Josiah Gray","R",1,0,0,0,0
24589,"Richie Palacios","L",0.661084086078295,0.216683209471612,0.00526575612966925,0.111071007548636,0.0518518518518519
24597,"Jonathan Ornelas","R",0.887437810945274,0.128324468085107,0,0,0
24598,"Addison Barger","L",0.590974305464979,0.228803716608595,0,0.170731707317073,0
24605,"Michael Helman","R",0.343333333333333,0.61309523809524,0,0,0
24610,"Steven Kwan","L",0.745649331662491,0.156813677451387,0.046317590113393,0.055045483273635,0.0198832565284178
24617,"Jarren Duran","L",0.604375314491729,0.228802692844188,0.0623307036648617,0.0954050238908874,0.0149016203703704
24618,"Ryan Jeffers","R",0.624316529490481,0.158316482580365,0.0146560917725214,0.200696818320336,0.00578787878787879
24655,"Owen Miller","R",0.721561679580203,0.222936313273747,0.00278837263060563,0.0558112214955522,0.0223483455882353
24671,"Cody Wilson","R",NA,NA,NA,NA,0
24679,"Brendan Donovan","L",0.722924789086325,0.168340429444252,0.0133791166069728,0.0875587205889007,0.0250757575757576
24703,"Jonah Bride","R",0.778768374038552,0.150717617583942,0,0.0722108379343506,0.0109444444444444
24729,"Logan O'Hoppe","R",0.742913939605506,0.0999877852785612,0.00268620268620269,0.153614199073152,0
24759,"Mickey Gasper","B",NA,NA,NA,NA,0
24765,"Bryan Lavastida","R",0.984693877551027,0,0,0,0
24770,"James Outman","L",0.594245919714768,0.22198025408994,0.0115942028985507,0.169460789969616,0.00468137254901961
24782,"David Villar","R",0.457390179667817,0.303415087523017,0.0074743418116912,0.235093827416741,0
24816,"Andy Pages","R",0.639692307692308,0.239684210526316,0.0126114649681529,0.1144,0
24934,"David Fry","R",0.615523182957395,0.20619338790077,0.00674931129476583,0.180467136794142,0.050952380952381
25007,"Alex Vesia","L",NA,NA,NA,NA,0
25040,"Vinny Capra","R",0.557919679699309,0.46090146750524,0,0,0
25055,"Nate Eaton","R",0.851206877548771,0.070754716981132,0.0432692307692308,0.0211864406779661,0
25111,"David Hensley","R",0.737853433615041,0.130521765481779,0.0345744680851062,0.0974985942420154,0
25138,"Levi Jordan","R",0,0.939814814814815,0,0,0
25180,"Daniel Schneemann","L",0.613095238095238,0.217024863042562,0.0743145743145743,0.113536155202822,0
25332,"Endy Rodriguez","B",0.700313585382844,0.161273627831693,0.0518388745970237,0.0830116528075201,0
25353,"Michael Stefanic","R",0.837691103484944,0.150110389282846,0.0206910821435961,0,0
25376,"Nick Mears","R",NA,NA,NA,NA,0
25379,"Sam Long","L",1,0,0,0,0
25385,"Drew Rasmussen","R",0.984615384615386,0,0,0,0
25425,"Austin Shenton","L",0.324873096446701,0.592592592592593,0,0.115315315315315,0
25448,"Greg Jones","B",0,0,0,1,0
25459,"Peyton Burdick","R",0.533464068825911,0.263585511869264,0,0.207618370717999,0
25475,"Logan Driscoll","L",0.812182741116752,0,0,0.172972972972973,0
25476,"Cam Eden","R",1,0,0,0,0
25477,"Isaac Collins","B",0.993163962860934,0,0,0,0
25479,"Brenton Doyle","R",0.62919651670413,0.184066636194296,0.0296239292585522,0.148814936048979,0.0105434782608696
25482,"TJ Hopkins","R",1,0,0,0,0
25483,"Nick Sogard","B",0.814947487443667,0.173133215567163,0,0,0
25493,"Joey Ortiz","R",0.710027472527473,0.1998778998779,0.0322689075630252,0.0474393530997303,0
25505,"Cade Marlowe","L",0.799267399267397,0.073279052553664,0.0554621848739497,0.0673469387755103,0
25524,"Aaron Schunk","R",0.765605362379557,0.140952797202797,0,0.0944224857268332,0.2425
25543,"Korey Lee","R",0.581696304173025,0.296978181614648,0.00711578345133377,0.117724139738449,0
25569,"Jake Alu","L",0.833074935400518,0.0592592592592593,0.0326428123038293,0.0572057205720572,0
25575,"Kyle McCann","L",0.730983302411872,0.111583120928915,0,0.17056277056277,0.0621875000000002
25616,"Marco Luciano","R",0.642373376784915,0.31295669883225,0.0261718750000001,0,0
25621,"Bryan Ramos","R",0.640346534653467,0.199,0,0.157936507936508,0
25643,"Drew Millas","B",0.723988407255366,0.167455582519647,0,0.102377110724332,0
25660,"Will Brennan","L",0.753520906838637,0.137472146282437,0.0407335959060096,0.0683100974670876,0.238925438596491
25690,"Grant McCray","L",0.594029850746271,0.118805970149254,0.0587453874538745,0.230057803468208,0
25705,"Dustin Harris","L",0,0.532432432432431,0,0.471291866028708,0
25764,"Bobby Witt Jr","R",0.604393945996878,0.187629957306009,0.0384839172203423,0.164572728491317,0.0825899122807018
25768,"CJ Abrams","L",0.647861837477234,0.203573126619037,0.0459226346124647,0.107385394555647,0.0433541666666667
25782,"Pedro Pages","R",0.739130434782609,0.0610047846889952,0.0388127853881278,0.164364640883978,0
25805,"Blake Sabol","L",0.722099732705679,0.171893408206204,0,0.0968261097387526,0.0960000000000001
25807,"Jared Triolo","R",0.758030916814358,0.137253421212337,0.00635673624288424,0.0939129338196413,0
25813,"Grae Kessinger","R",0.615808823529411,0.25507614213198,0,0.128846153846154,0
25816,"Shea Langeliers","R",0.501888401750826,0.220584252064992,0.0310803644763495,0.253246871400904,0.0365997130559541
25817,"Braden Shewmake","L",0.618811881188119,0.264550264550265,0,0.125628140703517,0
25822,"Andre Lipcius","R",0.792,0.101020408163266,0,0.102590673575129,0
25845,"Michael Toglia","B",0.543907635358116,0.234769142269533,0.0301541211466126,0.191360696416969,0.0128024691358025
25867,"Ryan Kreidler","R",0.887878902706489,0.0263018768173409,0,0.0782291166906552,0
25878,"Corbin Carroll","L",0.536732890638026,0.221271350891573,0.0624809540278277,0.177899799205515,0.00584795321637427
25931,"Michael Harris II","L",0.638765295977576,0.199498140472593,0.0254404401327749,0.14036193974395,0.0268028985507246
25961,"Kerry Carpenter","L",0.563679508534603,0.182041845438662,0.0268671173121493,0.233176351247922,0.0444081439393939
25967,"Orelvis Martinez","R",0.990338164251208,0,0,0,0
25971,"Kevin Alcantara","R",0.964467005076142,0,0,0,0
25976,"Riley Greene","L",0.648147504892409,0.199696166697428,0.0270554353000774,0.115990472433776,0.014375
25979,"Nasim Nunez","B",0.915271730366068,0.0682250382861275,0,0,0
26031,"Vaughn Grissom","R",0.791844019918031,0.15049024450112,0.0159519861012398,0.0390944100828568,0.031060606060606
26121,"Francisco Alvarez","R",0.395318176350069,0.295338879266607,0.0096725094515638,0.319368307989798,0
26123,"Brett Baty","L",0.737572986173874,0.0810432045665207,0,0.174668517204818,0.0226041666666667
26149,"Dominic Fletcher","L",0.753575525835788,0.184508325812674,0.0103653530377668,0.0503465124557043,0.11961038961039
26151,"Kyle Stowers","L",0.736414564417944,0.156247483303524,0.0326877216815846,0.0730744208296956,0
26197,"Andrew Vaughn","R",0.639043090015752,0.214448336941211,0.00942897627026003,0.137121443729886,0
26208,"Tyler Fitzgerald","R",0.508466370685884,0.245249571594758,0.00951704545454547,0.246155092422339,0
26224,"Darell Hernaiz","R",0.80988917306053,0.131752305665349,0,0.0467508181393174,0
26288,"Adley Rutschman","B",0.623258601814477,0.239126250032129,0.00790394380552609,0.130496614228127,0.0373952023988006
26289,"Gunnar Henderson","L",0.560351946860006,0.217419516460118,0.0506708127096565,0.171498808129938,0.0294558913308913
26294,"Bryson Stott","L",0.72547938040374,0.187461282463111,0.0148689540585753,0.0829895749159672,0.0152676987582648
26295,"Oliver Dunn","L",0.754208754208757,0.106060606060606,0.0746666666666668,0.0446570972886763,0
26299,"Josh Jung","R",0.619336687948171,0.172761336083139,0.0231972715280718,0.177698053513957,0
26319,"Michael Busch","L",0.587537917493674,0.233947237431558,0.00746878282179949,0.166846377064001,0.00765873015873017
26323,"Spencer Steer","R",0.610470696307455,0.248996184035851,0.023490421872582,0.123355397878241,0.00467592592592593
26365,"Jonny DeLuca","R",0.724185573007563,0.133997133895739,0.0214596949891067,0.118065761112977,0.0201041666666667
26368,"JJ Bleday","L",0.543382555325101,0.254733318678567,0.0236254400128876,0.170522173357327,0.00990049751243782
26374,"Kameron Misner","L",0.974619289340099,0,0,0,0
26396,"Josh Smith","L",0.702404391171952,0.190433541879383,0.0161618783892927,0.0953985121507839,0.00702898550724638
26410,"Alek Manoah","R",NA,NA,NA,NA,0
26420,"Kyren Paris","R",0.74631854048349,0.170103092783505,0,0.0797101449275362,0
26438,"Dominic Canzone","L",0.516357198497477,0.282651552201765,0,0.20176918190608,0.0527777777777779
26466,"Matt Wallner","L",0.53235291569828,0.243182516488423,0.0112075497627191,0.209336802252412,0.0700595238095238
26467,"Luis Matos","R",0.699732131868305,0.188642092106183,0.00789473684210526,0.109295602157203,0.0935
26469,"Davis Wendzel","R",0.5,0.342198581560285,0,0.160033167495854,0
26477,"Spencer Horwitz","L",0.692733936999977,0.190093048713738,0,0.118706449883866,0.0233333333333333
26517,"Noelvi Marte","R",0.736734145601531,0.191602262544803,0,0.0772281154842197,0
26540,"Angel Martinez","B",0.736073788946183,0.182308764671494,0,0.0832340984683613,0
26548,"Luisangel Acuna","R",0.52116402116402,0.161740558292282,0.0882616487455194,0.216960352422907,0
26599,"Jonatan Clase","B",0.80396975791392,0.128303861710887,0,0.0651579311569308,0
26668,"Elly De La Cruz","B",0.604964618041186,0.195050858097822,0.0755027442974095,0.129788169033574,0.0579126190476191
27458,"Kwang Hyun Kim","L",0.634460547504024,0.338487972508592,0,0,0
27459,"Yoshi Tsutsugo","L",0.643084102836508,0.174542371295305,0.0135824511789623,0.168947041472152,0.0125641025641025
27461,"Shogo Akiyama","L",0.819071753892698,0.207927801766056,0.0158829025225786,0,0.0373214285714285
27462,"Austin Martin","R",0.680847457627118,0.280569007263923,0.0190793739001575,0.0161644695543001,0
27464,"Dillon Dingler","R",0.422077922077921,0.360843819393041,0.160098522167487,0.075289575289575,0
27465,"Spencer Torkelson","R",0.578606705356221,0.250441288901552,0.011634411970464,0.161973294606419,0.00522388059701493
27467,"Tyler Soderstrom","L",0.689818427370947,0.129347395766146,0,0.190528806300083,0.024875
27468,"Reid Detmers","L",NA,NA,NA,NA,0
27471,"Zach DeLoach","L",0.565770862800566,0.377928949357521,0,0.0717875089734386,0
27475,"Jordan Walker","R",0.587842940571182,0.230188392533897,0.0237183128547806,0.159794392370021,0
27478,"Patrick Bailey","B",0.6819590514019,0.206446871004855,0.0110558035175731,0.0983151163088069,0
27479,"Masyn Winn","R",0.72656386693175,0.147325244261806,0.0148329116132973,0.10521945677792,0.0119512195121951
27490,"Nick Gonzales","R",0.610909605230073,0.254992104428515,0.0372379684331331,0.0922147225937374,0.0275
27493,"Rece Hinds","R",0.17087542087542,0.31327160493827,0.126243781094527,0.398977987421382,0
27498,"Spencer Strider","R",NA,NA,NA,NA,0
27501,"Justin Foscue","R",0.499999999999998,0.513297872340424,0,0,0
27504,"Nick Yorke","R",0.738970588235294,0,0,0.28072625698324,0
27505,"Kohei Arihara","R",NA,NA,NA,NA,0
27506,"HaSeong Kim","R",0.660920631715756,0.203378789634788,0.0283537798818496,0.111612454752177,0.0316916144200627
27531,"David Hamilton","L",0.58174863948108,0.319942922374429,0.00825122166145956,0.0603618782506776,0
27534,"Edouard Julien","L",0.667633648302978,0.171898863424954,0.00470953860865408,0.159275874408292,0
27543,"Duke Ellis","L",1,0,0,0,0
27555,"Garrett Mitchell","L",0.646653011343836,0.184921166843237,0.0410539316239316,0.135528748682183,0
27562,"Austin Wells","L",0.497418307415204,0.295798611111112,0.00933103646281938,0.180067215865338,0
27577,"Casey Schmitt","R",0.600873539228681,0.216688719992685,0.0155092592592593,0.179167400459123,0
27599,"Jacob Hurtubise","L",0.828426395939086,0.0990291262135923,0.114606741573034,0,0
27604,"Alika Williams","R",0.696114299378287,0.228530571304644,0.0600358422939068,0,0
27615,"Alec Burleson","L",0.695647072685784,0.170616805791771,0.00520990637269708,0.12952237279076,0
27630,"Nick Loftin","R",0.770546472107978,0.193362662112662,0.0184668989547038,0.0191660433807031,0
27647,"Anthony Volpe","R",0.64946921722961,0.197009682739341,0.048434477295649,0.116160092987996,0.0128571428571429
27676,"Vinnie Pasquantino","L",0.626196581196581,0.20776138828654,0.00358105171664493,0.167416719264738,0.0476928571428571
27684,"Michael Massey","L",0.6421104661304,0.188819620027698,0.0148693394351921,0.158926772850398,0.0215555555555556
27690,"Joey Wiemer","R",0.788121827411167,0.126666666666667,0,0.0837073170731707,0
27698,"Eric Yang","R",NA,NA,NA,NA,0
27735,"Brett Wisely","L",0.663901782951273,0.233942428169821,0.00611931119311194,0.0901254288632286,0
27763,"Drew Romo","B",0.662555256731274,0.33803327813264,0,0,0
27769,"Pete CrowArmstrong","L",0.663542642924086,0.144712430426716,0.0626359286646367,0.122574055158325,0.0459523809523809
27781,"Pedro Leon","R",1,0,0,0,0
27784,"Tyler Gentry","R",NA,NA,NA,NA,0
27789,"Shay Whitcomb","R",0.673300165837479,0.323763955342903,0,0,0
27790,"Evan Carter","L",0.4995288164294,0.222055923200088,0.0735685267165836,0.206046648757408,0.0427083333333335
27815,"Jordan Westburg","R",0.560748510748511,0.27712978379645,0.0286368388984736,0.122438622112053,0
27845,"Matt Mervis","L",0.664896907216493,0.230942073799217,0,0.0985294117647058,0
27883,"Thomas Saggese","R",0.689855072463768,0.195215311004784,0,0.112707182320442,0
27899,"Colt Keith","L",0.757406994876366,0.122339124051872,0.0205159768169462,0.0955812072641716,0.0511111111111111
27962,"Adael Amador","B",0.828194070914092,0.16901663906632,0,0,0
28080,"Jasson Dominguez","B",0.545676523020355,0.113403957918203,0,0.305934523181211,0
28163,"Junior Caminero","R",0.691720154043646,0.178455878085711,0.00942132950741272,0.12654411635777,0.0877272727272731
28253,"Javier Sanoja","R",0.753712871287128,0.240521327014218,0,0,0
28312,"Coby Mayo","R",1,0,0,0,0
28806,"Jackson Chourio","R",0.627586206896551,0.213333333333333,0.031156186612576,0.131164606376057,0.104615384615384
29487,"Blake Dunn","R",0.512626262626262,0.234953703703704,0,0.23938679245283,0
29490,"Jackson Merrill","L",0.626605561790746,0.188516073829605,0.044133954313595,0.141737891737892,0.0327586206896552
29518,"James Wood","L",0.653968253968254,0.167479674796748,0.0660256410256411,0.122521808088818,0.0244871794871795
29524,"Bryce Teodosio","R",1,0,0,0,0
29547,"Ryan Bliss","R",0.565317035905272,0.230481727574752,0.0702887537993921,0.136935603256847,0
29554,"Adrian Del Castillo","L",0.64627450980392,0.188127853881278,0,0.186214689265537,0
29573,"Billy Cook","R",0.537433155080214,0.180026869682042,0,0.306246825799898,0
29575,"Trey Sweeney","L",0.621890547263683,0.227686703096539,0,0.164203612479475,0
29576,"Ben Rice","L",0.502577319587628,0.23076923076923,0,0.246478873239436,0
29591,"Colton Cowser","L",0.639995580457845,0.264537269619144,0.0140776019050287,0.0914398362271588,0.0188461538461539
29592,"Connor Norby","R",0.57410839699887,0.206841207628856,0,0.227721100437079,0
29606,"JustynHenry Malloy","R",0.600517368810054,0.172500947807406,0.0273338940285954,0.205669083717864,0
29617,"Henry Davis","R",0.645047226207556,0.230781496886327,0,0.127900846610111,0.0395999999999999
29622,"Sal Frelick","L",0.745893960735683,0.200098962021711,0.0257048687344483,0.0366379221157579,0
29630,"Joey Loperfido","L",0.610214017985945,0.234727150341832,0.0764142319209165,0.0723372697164326,0
29634,"Will Wagner","L",0.716363636363636,0.204675324675324,0,0.08,0
29695,"Matt McLain","R",0.597356575040706,0.230979914790018,0.0466981132075472,0.135234354990182,0
29715,"Hunter Goodman","R",0.440230090218731,0.255282196688446,0.0655605018211249,0.205868105324628,0
29766,"Zack Gelof","R",0.567730330474159,0.228313917338308,0.0182449854979795,0.187887769498099,0.0192307692307692
29782,"Niko Kavadas","L",0.643774260973423,0.122653316645808,0,0.221719457013575,0
29788,"Brett Harris","R",0.588235294117647,0.202020202020202,0,0.21505376344086,0
29794,"Kyle Manzardo","L",0.515,0.321707444039563,0,0.140250544662309,0
29912,"Darren Baker","L",0.700680272108843,0.287108013937282,0,0,0
29931,"Jacob Young","R",0.720848341232227,0.237416048073524,0.023019801980198,0.0126943005181347,0
29949,"Tyler Black","L",0.791919191919189,0.222727272727272,0,0,0
29976,"Jordan Lawlar","R",0.990196078431372,0,0,0,0
30011,"Christian EncarnacionStrand","R",0.661242093291009,0.190253339850114,0,0.140583694884472,0
30116,"Seiya Suzuki","R",0.612166372637925,0.21975668907498,0.0316553555215485,0.138579203640648,0.0572054075867635
30162,"Oscar Colas","L",0.842049415529053,0.0918273174733389,0,0.0515757827078582,0.0420833333333333
31166,"Heston Kjerstad","L",0.659127515133691,0.121796123131527,0,0.201243850977672,0.0979999999999996
31347,"Zach Neto","R",0.583662528689418,0.270662804997185,0.0034920634920635,0.144705928267572,0.0132692307692308
31349,"Victor Scott II","L",0.568312284730196,0.351479289940828,0,0.0823284823284821,0
31363,"Graham Pauley","L",0.502525252525253,0,0,0.478365384615384,0
31394,"Brooks Baldwin","B",0.658976897689767,0.259136686912734,0,0.0850238460228242,0
31396,"Tyler Locklear","R",0.565317035905271,0.153654485049834,0,0.273871206513694,0
31431,"Jordan Beck","R",0.712125576036868,0.193810096153846,0,0.0973731884057971,0.080833333333333
31437,"Jace Jung","L",0.733176224142447,0.287604256542997,0,0,0
31490,"Wade Meckler","L",0.878910563121088,0.081859317153435,0,0,0
31562,"Zach Dezenzo","R",0.740630182421228,0.129505582137161,0,0.129505582137161,0
31567,"Trey Lipscomb","R",0.876842105263159,0.084096109839817,0,0.026724843196073,0
31595,"Brooks Lee","B",0.741588912039135,0.157448532654966,0.0276109375252958,0.0762211926646505,0.181509090909091
31765,"Nacho Alvarez Jr","R",0.985436893203884,0,0,0,0
31781,"Jackson Holliday","L",0.687602627257799,0.121376811594203,0.0630885122410546,0.128058103975535,0
31837,"Masataka Yoshida","L",0.700900899262201,0.178701004260499,0.00959023539668699,0.106553036666531,0
33189,"Nolan Schanuel","L",0.808343095145124,0.130097193903208,0,0.0626548371113588,0.024375
33266,"Jacob Wilson","R",0.80988917306053,0.0878348704435661,0.10413954699297,0,0
33333,"Wyatt Langford","R",0.642857142857145,0.203689631881122,0.0315823924071348,0.121930032377794,0.0597058823529412
33541,"Dylan Crews","R",0.64076923076923,0.204849498327759,0.0373191165270373,0.117178158628936,0
33824,"Jung Hoo Lee","L",0.833726106310554,0.104215763288819,0,0.0605415272284759,0
