"Source","Fangraphs_id","Name","Team","G","AB","PA","H","1B","2B","3B","HR","R","RBI","BB","IBB","SO","HBP","SF","SH","SB","CS","AVG","OBP","SLG","OPS","wOBA","BB%","K%","BB/K","ISO","BABIP","BaseRunning","wRC+","WAR"
"OOPSY","15640","Aaron Judge","NYY",159,564,686,169,83,28,1,57,111,138,113,8,174,6,4,0,9,2,0.3,0.419,0.658,1.077,0.448,0.16,0.25,0.649,0.358,0.332,-0.6,199,9.5
"OOPSY","25764","Bobby Witt Jr","KCR",159,622,686,190,110,39,8,33,112,106,51,4,111,6,7,0,36,10,0.306,0.361,0.553,0.914,0.386,0.07,0.16,0.458,0.247,0.325,3.8,151,8.1
"ZiPS","15640","Aaron Judge","NYY",145,517,635,146,74,26,0,46,102,124,109,14,165,5,4,0,8,1,0.282,0.409,0.6,1.009,0.421,0.17,0.26,0.661,0.317,0.323,-0.2,180,7.7
"REZ","15640","Aaron Judge","NYY",151,537,659,154,80,26,0,48,107,124,117,9,172,6,4,0,8,2,0.287,0.417,0.607,1.024,0.428,17.6,25.9,0.7,0.32,0.331,-0.6,182,7.6
"Depth Charts","15640","Aaron Judge","NYY",159,559,686,156,80,27,0,49,111,126,116,15,178,6,5,0,8,2,0.278,0.405,0.59,0.995,0.415,0.17,0.26,0.653,0.312,0.317,-0.4,176,7.4
"Steamer","25764","Bobby Witt Jr","KCR",150,616,679,182,107,36,8,31,108,96,50,5,106,7,5,2,36,11,0.296,0.353,0.529,0.882,0.374,0.07,0.16,0.474,0.234,0.313,3.3,142,7.4
"THE BAT","15640","Aaron Judge","NYY",146,519,638,148,73,24,1,50,107,120,107,11,163,6,5,0,6,2,0.286,0.41,0.627,1.037,0.431,0.17,0.26,0.656,0.341,0.315,-0.9,187,7.4
"ZiPS DC","15640","Aaron Judge","NYY",159,559,686,158,80,28,0,50,110,134,118,15,178,5,4,0,9,1,0.282,0.409,0.6,1.009,0.421,0.17,0.26,0.661,0.317,0.323,-0.2,180,7.3
"ATC","15640","Aaron Judge","NYY",146,516,638,146,75,25,1,46,104,115,112,10,163,6,4,0,8,2,0.283,0.413,0.601,1.014,0.424,0.17,0.26,0.684,0.318,0.321,-0.5,178,7.2
"Steamer","15640","Aaron Judge","NYY",150,542,665,149,77,24,1,47,109,115,111,15,172,7,5,1,8,2,0.274,0.401,0.58,0.981,0.41,0.17,0.26,0.646,0.306,0.311,-0.6,172,7.1
"Steamer","26289","Gunnar Henderson","BAL",150,597,684,163,94,30,5,34,107,90,75,1,146,6,4,3,18,5,0.273,0.358,0.513,0.871,0.373,0.11,0.21,0.51,0.24,0.307,1.9,149,7.1
"ATC","25764","Bobby Witt Jr","KCR",153,606,668,178,105,35,8,30,105,96,49,5,109,6,6,1,33,10,0.294,0.349,0.527,0.877,0.371,0.07,0.16,0.447,0.233,0.313,2.8,142,7
"OOPSY","23697","Julio Rodriguez","SEA",157,615,679,177,112,31,2,32,87,97,51,4,161,9,5,0,32,7,0.288,0.348,0.502,0.849,0.363,0.07,0.24,0.315,0.214,0.339,3.5,145,7
"OOPSY","26289","Gunnar Henderson","BAL",157,592,679,163,91,34,7,32,106,99,75,4,159,5,6,0,18,4,0.276,0.359,0.516,0.875,0.372,0.11,0.23,0.473,0.24,0.323,2.2,148,7
"THE BATX","15640","Aaron Judge","NYY",146,521,638,146,71,26,1,48,105,117,106,11,166,6,5,0,6,2,0.281,0.405,0.611,1.016,0.424,0.17,0.26,0.637,0.33,0.315,-1.1,182,7
"Depth Charts","25764","Bobby Witt Jr","KCR",159,623,686,182,107,37,8,30,108,101,50,5,111,7,6,1,32,11,0.292,0.348,0.523,0.871,0.369,0.07,0.16,0.45,0.231,0.311,2.2,139,6.9
"OOPSY","20123","Juan Soto","NYM",159,549,686,159,90,30,2,37,107,103,129,7,109,3,5,0,10,5,0.289,0.423,0.553,0.976,0.415,0.19,0.16,1.176,0.264,0.299,-3.1,173,6.9
"THE BATX","25764","Bobby Witt Jr","KCR",153,606,668,180,104,37,7,32,109,98,48,5,111,6,6,1,39,9,0.297,0.353,0.54,0.893,0.377,0.07,0.17,0.438,0.243,0.316,3,145,6.9
"REZ","25764","Bobby Witt Jr","KCR",155,614,676,185,112,35,10,28,111,99,48,4,103,6,6,1,34,10,0.301,0.355,0.527,0.882,0.373,7.2,15.2,0.5,0.226,0.32,2.1,140,6.8
"Depth Charts","26289","Gunnar Henderson","BAL",157,592,679,162,95,30,6,31,108,95,75,1,150,6,5,1,17,4,0.274,0.359,0.504,0.862,0.37,0.11,0.22,0.496,0.23,0.315,1.5,147,6.7
"THE BAT","26289","Gunnar Henderson","BAL",152,585,665,157,88,31,6,33,101,93,69,1,155,6,4,0,15,4,0.268,0.349,0.507,0.856,0.366,0.1,0.23,0.447,0.239,0.308,0.1,144,6.6
"THE BATX","26289","Gunnar Henderson","BAL",152,582,665,157,89,32,5,31,99,92,72,3,152,6,4,0,16,4,0.27,0.353,0.502,0.855,0.366,0.11,0.23,0.469,0.233,0.312,0.3,144,6.6
"ZiPS DC","20123","Juan Soto","NYM",159,539,686,149,87,27,2,34,110,102,140,8,111,3,4,0,7,4,0.277,0.426,0.521,0.946,0.406,0.2,0.16,1.257,0.244,0.29,-2,166,6.6
"REZ","26289","Gunnar Henderson","BAL",154,588,672,160,91,32,7,28,105,94,70,2,148,6,5,1,17,4,0.272,0.352,0.495,0.847,0.362,10.4,22.1,0.5,0.223,0.316,1,146,6.6
"Depth Charts","20123","Juan Soto","NYM",159,542,686,151,87,27,2,34,113,100,135,7,112,4,4,1,8,4,0.279,0.423,0.529,0.952,0.408,0.2,0.16,1.2,0.25,0.293,-2.8,168,6.5
"OOPSY","19755","Shohei Ohtani","LAD",151,563,651,164,82,31,5,47,109,121,79,6,149,5,4,0,35,10,0.291,0.38,0.611,0.991,0.415,0.12,0.23,0.529,0.32,0.316,2.2,171,6.5
"THE BATX","20123","Juan Soto","NYM",153,538,674,146,82,28,2,34,105,94,127,7,116,5,4,1,7,3,0.271,0.412,0.52,0.932,0.399,0.19,0.17,1.088,0.249,0.286,-1.3,162,6.5
"ZiPS","19755","Shohei Ohtani","LAD",152,589,680,171,88,33,5,45,127,139,82,10,157,5,4,0,42,5,0.29,0.379,0.593,0.972,0.407,0.12,0.23,0.522,0.302,0.322,5.1,165,6.5
"ZiPS","20123","Juan Soto","NYM",152,528,672,146,85,26,2,33,108,100,137,8,109,3,4,0,7,4,0.277,0.426,0.521,0.946,0.406,0.2,0.16,1.257,0.244,0.29,-1.9,166,6.5
"REZ","20123","Juan Soto","NYM",155,539,679,154,89,29,2,33,104,98,137,14,115,4,4,1,8,4,0.286,0.431,0.535,0.966,0.41,20.1,16.8,1.2,0.249,0.305,-2.3,166,6.4
"ATC","26289","Gunnar Henderson","BAL",152,584,665,158,90,30,6,31,103,89,71,2,150,6,4,1,16,4,0.27,0.352,0.502,0.854,0.366,0.11,0.23,0.47,0.232,0.311,1.5,144,6.4
"Steamer","20123","Juan Soto","NYM",150,538,676,152,87,28,2,35,114,97,128,5,112,4,5,2,9,3,0.282,0.421,0.537,0.958,0.409,0.19,0.17,1.144,0.255,0.295,-2.8,169,6.4
"ZiPS DC","19755","Shohei Ohtani","LAD",151,564,651,164,84,32,5,43,122,133,79,10,150,5,4,0,40,5,0.29,0.379,0.593,0.972,0.407,0.12,0.23,0.522,0.302,0.322,4.9,165,6.3
"ZiPS DC","25764","Bobby Witt Jr","KCR",159,623,686,180,105,37,8,30,107,105,49,5,115,6,7,0,29,11,0.288,0.343,0.517,0.86,0.364,0.07,0.17,0.429,0.229,0.309,0,135,6.3
"ZiPS DC","26289","Gunnar Henderson","BAL",157,593,679,163,97,30,7,29,110,100,75,1,155,6,5,0,16,4,0.274,0.359,0.495,0.854,0.367,0.11,0.23,0.483,0.22,0.323,0.2,144,6.2
"ZiPS DC","12916","Francisco Lindor","NYM",159,607,686,158,95,31,3,28,101,97,63,2,130,10,5,1,22,4,0.26,0.337,0.462,0.799,0.345,0.09,0.19,0.484,0.202,0.286,1.4,125,6.2
"REZ","19755","Shohei Ohtani","LAD",149,567,658,170,88,34,5,42,116,117,78,10,151,5,4,1,36,8,0.299,0.387,0.602,0.989,0.412,11.9,23,0.5,0.303,0.338,2.8,164,6.1
"ATC","20123","Juan Soto","NYM",153,537,674,148,84,27,2,34,107,96,129,7,112,4,4,1,8,3,0.275,0.416,0.526,0.942,0.403,0.19,0.17,1.143,0.251,0.287,-2.6,164,6.1
"Depth Charts","23697","Julio Rodriguez","SEA",157,618,679,172,112,29,2,29,95,92,48,3,159,9,3,1,28,7,0.278,0.337,0.472,0.808,0.348,0.07,0.23,0.301,0.194,0.329,2.3,135,6.1
"Steamer","13611","Mookie Betts","LAD",150,592,685,164,97,34,3,29,109,89,80,3,95,6,4,2,15,4,0.278,0.367,0.495,0.862,0.37,0.12,0.14,0.842,0.217,0.286,0.6,140,6.1
"Steamer","23697","Julio Rodriguez","SEA",150,613,677,169,108,29,2,30,94,88,48,3,156,9,5,2,28,7,0.275,0.335,0.475,0.809,0.348,0.07,0.23,0.311,0.2,0.321,2.5,135,6.1
"THE BATX","19755","Shohei Ohtani","LAD",146,555,647,160,83,31,4,43,116,110,81,11,144,5,4,1,33,10,0.289,0.382,0.588,0.971,0.406,0.13,0.22,0.565,0.299,0.316,1.4,165,6.1
"ZiPS","25764","Bobby Witt Jr","KCR",152,607,668,175,102,36,8,29,104,102,48,5,112,6,7,0,28,11,0.288,0.343,0.517,0.86,0.364,0.07,0.17,0.429,0.229,0.309,0,135,6.1
"ZiPS","26289","Gunnar Henderson","BAL",152,576,660,158,94,29,7,28,107,97,73,1,151,6,5,0,16,4,0.274,0.359,0.495,0.854,0.367,0.11,0.23,0.483,0.22,0.323,0.2,144,6.1
"ZiPS DC","23697","Julio Rodriguez","SEA",157,622,679,174,116,28,2,28,96,95,47,3,162,8,2,0,28,7,0.281,0.338,0.469,0.807,0.348,0.07,0.24,0.29,0.188,0.337,1.4,135,6.1
"ATC","19755","Shohei Ohtani","LAD",145,555,645,159,83,29,5,41,113,105,81,10,147,5,4,1,34,8,0.286,0.379,0.581,0.961,0.402,0.12,0.23,0.548,0.295,0.317,2.7,163,6
"OOPSY","19556","Yordan Alvarez","HOU",134,499,581,154,84,30,2,37,89,103,68,5,97,9,5,0,4,1,0.309,0.399,0.601,1,0.42,0.12,0.17,0.703,0.293,0.316,-1.6,181,6
"THE BAT","25764","Bobby Witt Jr","KCR",153,607,668,176,104,35,8,28,105,91,47,4,111,7,6,1,37,11,0.289,0.344,0.513,0.857,0.364,0.07,0.17,0.425,0.224,0.311,2,135,6
"THE BAT","20123","Juan Soto","NYM",153,538,674,143,82,27,2,32,102,90,127,7,114,5,4,1,7,3,0.266,0.409,0.502,0.91,0.392,0.19,0.17,1.114,0.236,0.281,-1.5,157,6
"THE BAT","19755","Shohei Ohtani","LAD",146,556,647,161,85,28,6,43,118,110,80,12,143,5,4,1,31,12,0.29,0.382,0.592,0.973,0.406,0.12,0.22,0.56,0.302,0.317,0.1,165,6
"ZiPS","12916","Francisco Lindor","NYM",149,580,656,151,91,30,3,27,97,93,60,2,124,10,5,1,21,4,0.26,0.337,0.462,0.799,0.345,0.09,0.19,0.484,0.202,0.286,1.3,125,6
"ZiPS DC","19709","Fernando Tatis Jr","SDP",152,591,658,163,90,35,1,37,105,104,58,1,144,6,3,0,20,4,0.276,0.346,0.527,0.873,0.373,0.09,0.22,0.404,0.251,0.307,1.3,144,6
"Depth Charts","13611","Mookie Betts","LAD",157,583,679,163,98,34,3,28,109,94,84,3,94,7,5,1,15,3,0.28,0.374,0.495,0.869,0.373,0.12,0.14,0.89,0.215,0.29,0.5,143,5.9
"Depth Charts","12916","Francisco Lindor","NYM",159,607,686,157,95,31,3,28,101,89,63,2,130,10,5,2,23,5,0.259,0.336,0.457,0.793,0.343,0.09,0.19,0.481,0.198,0.285,1.9,124,5.9
"THE BAT","13510","Jose Ramirez","CLE",153,590,662,163,93,35,4,31,97,95,61,13,77,4,6,1,31,9,0.276,0.344,0.506,0.85,0.357,0.09,0.12,0.784,0.231,0.269,1.4,136,5.9
"REZ","23697","Julio Rodriguez","SEA",151,601,661,160,106,26,2,27,85,89,47,4,169,9,3,1,28,7,0.267,0.327,0.449,0.776,0.334,7.1,25.5,0.3,0.182,0.327,2.1,136,5.8
"Depth Charts","19755","Shohei Ohtani","LAD",151,561,651,160,83,30,5,42,119,116,80,10,150,5,4,1,36,6,0.285,0.376,0.579,0.955,0.4,0.12,0.23,0.529,0.294,0.317,3.7,161,5.8
"Depth Charts","19709","Fernando Tatis Jr","SDP",152,590,658,163,91,34,1,37,104,101,57,1,141,7,3,1,19,4,0.277,0.346,0.527,0.873,0.372,0.09,0.21,0.404,0.25,0.304,2,144,5.8
"THE BAT","13611","Mookie Betts","LAD",148,564,652,154,92,32,3,28,96,89,75,1,87,7,5,1,14,4,0.274,0.363,0.487,0.85,0.366,0.12,0.13,0.858,0.214,0.279,0,138,5.8
"THE BATX","13611","Mookie Betts","LAD",148,565,652,156,94,32,3,27,95,89,74,3,87,7,5,1,13,4,0.276,0.365,0.488,0.852,0.367,0.11,0.13,0.856,0.211,0.283,-0.6,138,5.8
"ZiPS","23697","Julio Rodriguez","SEA",149,595,650,167,111,27,2,27,92,91,45,3,155,8,2,0,27,7,0.281,0.338,0.469,0.807,0.348,0.07,0.24,0.29,0.188,0.337,1.3,135,5.8
"ZiPS DC","13611","Mookie Betts","LAD",157,578,679,163,98,35,2,28,110,100,88,3,94,7,6,0,15,3,0.283,0.381,0.495,0.876,0.377,0.13,0.14,0.938,0.212,0.293,0.1,145,5.8
"REZ","13611","Mookie Betts","LAD",149,567,658,159,89,34,4,32,102,91,80,3,91,7,5,1,14,3,0.28,0.372,0.523,0.895,0.381,12.1,13.8,0.9,0.243,0.282,0.2,140,5.7
"ATC","13611","Mookie Betts","LAD",148,565,653,157,94,33,3,28,101,91,77,2,88,6,5,1,15,3,0.279,0.368,0.493,0.861,0.37,0.12,0.14,0.87,0.214,0.286,0.4,141,5.7
"Depth Charts","13510","Jose Ramirez","CLE",156,598,672,164,93,38,3,30,96,102,64,16,81,4,6,0,29,6,0.275,0.345,0.499,0.844,0.353,0.1,0.12,0.786,0.224,0.272,3,134,5.7
"Steamer","19709","Fernando Tatis Jr","SDP",150,607,679,168,95,34,2,38,106,101,58,0,142,7,4,2,19,5,0.277,0.345,0.527,0.872,0.372,0.09,0.21,0.405,0.25,0.302,1.9,144,5.7
"ZiPS DC","13510","Jose Ramirez","CLE",156,597,672,161,90,38,3,30,98,103,65,17,81,3,7,0,28,5,0.27,0.342,0.496,0.837,0.35,0.1,0.12,0.808,0.225,0.266,2.4,131,5.7
"ATC","13510","Jose Ramirez","CLE",153,590,662,161,93,36,3,29,94,98,63,10,78,3,6,0,30,8,0.274,0.344,0.495,0.839,0.354,0.1,0.12,0.804,0.221,0.271,2.7,134,5.6
"OOPSY","19611","Vladimir Guerrero Jr","TOR",156,590,672,181,110,37,1,33,93,104,70,5,90,6,5,0,6,2,0.308,0.384,0.544,0.928,0.395,0.1,0.13,0.78,0.236,0.314,-3,163,5.6
"OOPSY","19709","Fernando Tatis Jr","SDP",152,591,658,166,94,33,2,37,88,107,57,4,141,6,5,0,22,5,0.281,0.347,0.531,0.879,0.373,0.09,0.22,0.401,0.251,0.308,2.4,144,5.6
"Steamer","19755","Shohei Ohtani","LAD",150,592,689,166,87,30,5,43,123,104,85,12,159,6,4,3,34,9,0.28,0.373,0.565,0.938,0.393,0.12,0.23,0.536,0.285,0.311,2.4,156,5.6
"THE BAT","19556","Yordan Alvarez","HOU",137,512,598,153,84,32,1,36,91,101,71,9,98,9,6,0,2,1,0.3,0.391,0.577,0.968,0.407,0.12,0.16,0.725,0.277,0.307,-1.1,171,5.6
"THE BATX","13624","Corey Seager","TEX",126,483,550,137,77,27,1,32,77,88,55,7,96,5,4,0,1,0,0.284,0.36,0.542,0.902,0.38,0.1,0.17,0.575,0.259,0.292,-1,151,5.6
"ZiPS","13510","Jose Ramirez","CLE",150,577,650,156,87,37,3,29,95,100,63,16,78,3,7,0,27,5,0.27,0.342,0.496,0.837,0.35,0.1,0.12,0.808,0.225,0.266,2.3,131,5.6
"REZ","13510","Jose Ramirez","CLE",153,592,664,173,92,41,4,35,92,97,61,10,78,4,6,0,30,7,0.293,0.359,0.553,0.912,0.381,9.2,11.8,0.8,0.26,0.285,2.4,133,5.6
"REZ","19556","Yordan Alvarez","HOU",136,507,592,151,79,28,1,46,91,101,72,7,102,9,5,0,3,0,0.298,0.392,0.637,1.029,0.43,12.1,17.2,0.7,0.339,0.289,-1.2,172,5.5
"ATC","19556","Yordan Alvarez","HOU",136,503,591,150,82,30,2,36,89,97,73,10,98,10,5,0,3,1,0.298,0.394,0.581,0.975,0.409,0.12,0.17,0.747,0.283,0.305,-1.5,173,5.5
"OOPSY","18401","Ronald Acuna Jr","ATL",128,478,553,146,87,28,2,29,80,86,63,4,99,8,4,0,40,11,0.305,0.392,0.553,0.945,0.402,0.11,0.18,0.637,0.248,0.33,3.7,159,5.5
"Steamer","13510","Jose Ramirez","CLE",150,593,664,165,96,37,2,30,93,99,62,15,81,4,5,0,31,7,0.279,0.348,0.501,0.85,0.357,0.09,0.12,0.765,0.223,0.278,3,136,5.5
"Steamer","12916","Francisco Lindor","NYM",150,608,688,156,96,31,2,28,100,81,63,1,131,10,4,3,24,5,0.257,0.335,0.451,0.786,0.34,0.09,0.19,0.479,0.194,0.284,1.9,122,5.5
"THE BATX","19556","Yordan Alvarez","HOU",137,512,598,150,81,30,1,38,91,104,71,9,100,9,5,0,2,1,0.294,0.386,0.582,0.968,0.406,0.12,0.17,0.71,0.288,0.296,-1.1,171,5.5
"THE BATX","19611","Vladimir Guerrero Jr","TOR",154,586,666,176,108,32,1,34,97,103,67,7,92,8,4,0,5,2,0.299,0.376,0.53,0.906,0.386,0.1,0.14,0.734,0.231,0.305,-1.2,156,5.5
"ZiPS","19556","Yordan Alvarez","HOU",144,526,613,158,87,33,2,36,93,106,72,11,104,10,5,0,3,0,0.3,0.392,0.576,0.968,0.406,0.12,0.17,0.692,0.276,0.312,-0.6,171,5.5
"REZ","12916","Francisco Lindor","NYM",154,599,677,159,96,31,2,29,93,88,63,4,132,10,5,1,23,6,0.265,0.343,0.471,0.814,0.349,9.3,19.4,0.5,0.206,0.293,1.3,122,5.5
"ATC","23697","Julio Rodriguez","SEA",147,584,641,160,103,28,2,27,89,84,45,3,153,8,3,0,27,7,0.274,0.333,0.467,0.8,0.344,0.07,0.24,0.295,0.193,0.327,2.2,132,5.4
"Depth Charts","19556","Yordan Alvarez","HOU",134,498,581,150,83,31,2,34,89,99,69,11,99,9,4,0,3,0,0.301,0.393,0.574,0.968,0.406,0.12,0.17,0.701,0.273,0.314,-1.3,171,5.4
"OOPSY","13611","Mookie Betts","LAD",157,592,679,160,97,32,3,28,92,91,76,3,96,6,5,0,15,4,0.271,0.357,0.478,0.835,0.36,0.11,0.14,0.79,0.207,0.28,0.3,133,5.4
"OOPSY","26668","Elly De La Cruz","CIN",154,599,665,155,85,32,8,30,101,94,57,3,205,4,5,1,54,12,0.259,0.325,0.491,0.815,0.347,0.09,0.31,0.277,0.232,0.339,5.3,117,5.4
"Steamer","19556","Yordan Alvarez","HOU",134,509,595,154,86,30,2,34,93,100,72,11,102,10,4,1,3,1,0.302,0.395,0.573,0.968,0.406,0.12,0.17,0.709,0.271,0.316,-1.7,171,5.4
"THE BAT","21534","Cal Raleigh","SEA",142,507,573,111,58,22,1,30,66,87,57,2,161,5,4,0,3,1,0.22,0.302,0.447,0.748,0.322,0.1,0.28,0.352,0.227,0.254,-0.7,117,5.4
"THE BATX","13510","Jose Ramirez","CLE",153,592,662,160,94,34,4,28,94,89,59,10,75,4,6,1,31,9,0.27,0.338,0.482,0.82,0.347,0.09,0.11,0.784,0.212,0.267,1.2,129,5.4
"ZiPS DC","19556","Yordan Alvarez","HOU",134,499,581,150,82,31,2,34,88,100,68,10,99,9,5,0,3,0,0.3,0.392,0.576,0.968,0.406,0.12,0.17,0.692,0.276,0.312,-0.6,171,5.4
"ATC","12916","Francisco Lindor","NYM",153,596,671,153,92,30,2,28,98,87,59,1,127,10,5,1,24,6,0.257,0.332,0.459,0.791,0.342,0.09,0.19,0.467,0.202,0.28,1.7,122,5.3
"THE BAT","13624","Corey Seager","TEX",126,483,550,136,78,27,1,31,76,87,54,8,94,5,4,0,1,0,0.282,0.358,0.533,0.89,0.376,0.1,0.17,0.578,0.251,0.291,-1,148,5.3
"THE BATX","20503","William Contreras","MIL",147,547,620,144,91,28,1,24,75,89,63,2,135,5,3,1,5,2,0.264,0.344,0.45,0.794,0.344,0.1,0.22,0.471,0.186,0.307,-1,121,5.3
"ZiPS","13624","Corey Seager","TEX",126,487,552,137,82,26,1,28,75,84,56,9,94,5,4,0,1,1,0.281,0.359,0.511,0.87,0.368,0.1,0.17,0.596,0.23,0.295,-1.3,143,5.3
"ZiPS","21534","Cal Raleigh","SEA",135,469,529,108,57,22,1,28,65,81,52,2,143,4,4,0,3,1,0.23,0.31,0.461,0.771,0.33,0.1,0.27,0.364,0.23,0.265,-0.7,123,5.3
"ZiPS DC","21534","Cal Raleigh","SEA",146,518,584,119,63,24,1,31,72,89,57,2,158,4,4,0,3,1,0.23,0.31,0.461,0.771,0.33,0.1,0.27,0.364,0.23,0.265,-0.8,123,5.3
"REZ","19709","Fernando Tatis Jr","SDP",146,568,634,152,86,28,3,35,94,95,55,2,141,7,4,1,21,5,0.268,0.337,0.512,0.849,0.361,8.6,22.3,0.4,0.244,0.296,1.6,141,5.3
"Depth Charts","21534","Cal Raleigh","SEA",146,517,584,117,63,23,1,30,71,85,58,2,159,4,4,0,3,1,0.227,0.307,0.45,0.757,0.325,0.1,0.27,0.362,0.223,0.262,-1.6,119,5.2
"OOPSY","18360","Austin Riley","ATL",157,608,679,171,98,34,2,36,91,107,55,4,162,10,6,0,2,1,0.281,0.347,0.523,0.87,0.37,0.08,0.24,0.342,0.243,0.323,-1.1,137,5.2
"OOPSY","13510","Jose Ramirez","CLE",156,600,672,161,95,35,3,27,89,92,63,3,83,3,5,0,34,8,0.269,0.339,0.476,0.815,0.349,0.09,0.12,0.766,0.207,0.27,3.1,131,5.2
"Depth Charts","27478","Patrick Bailey","SFG",128,455,506,108,73,22,1,12,54,52,42,0,121,3,4,1,4,1,0.236,0.302,0.368,0.67,0.295,0.08,0.24,0.348,0.132,0.293,-0.4,90,5.1
"OOPSY","12916","Francisco Lindor","NYM",159,611,686,155,95,30,2,28,84,89,59,3,130,10,5,0,24,7,0.254,0.328,0.449,0.777,0.335,0.09,0.19,0.458,0.195,0.277,1.5,119,5.1
"THE BAT","20503","William Contreras","MIL",147,545,620,144,93,27,2,21,75,83,64,2,134,5,3,1,5,2,0.263,0.345,0.437,0.782,0.34,0.1,0.22,0.483,0.174,0.311,-0.9,118,5.1
"THE BATX","18401","Ronald Acuna Jr","ATL",118,457,529,137,83,27,1,25,94,71,60,3,94,9,3,0,38,13,0.299,0.388,0.529,0.917,0.392,0.11,0.18,0.638,0.231,0.326,1.2,153,5.1
"THE BATX","23697","Julio Rodriguez","SEA",147,581,641,159,101,27,4,27,90,84,47,3,153,9,3,0,29,7,0.274,0.336,0.476,0.812,0.348,0.07,0.24,0.307,0.202,0.326,1.8,135,5.1
"ZiPS","13611","Mookie Betts","LAD",130,499,586,141,85,30,2,24,95,86,76,3,81,6,5,0,13,3,0.283,0.381,0.495,0.876,0.377,0.13,0.14,0.938,0.212,0.293,0.1,145,5.1
"ZiPS","18401","Ronald Acuna Jr","ATL",121,466,547,137,83,26,2,26,105,77,69,2,103,9,3,0,36,8,0.294,0.393,0.526,0.919,0.394,0.13,0.19,0.67,0.232,0.326,2.7,154,5.1
"ZiPS DC","18401","Ronald Acuna Jr","ATL",128,471,553,139,84,26,2,26,106,78,70,2,104,9,3,0,36,8,0.294,0.393,0.526,0.919,0.394,0.13,0.19,0.67,0.232,0.326,2.7,154,5.1
"ZiPS DC","25931","Michael Harris II","ATL",146,586,630,172,112,33,4,22,88,84,34,2,126,7,3,0,17,6,0.294,0.338,0.48,0.817,0.35,0.05,0.2,0.268,0.186,0.339,-0.1,124,5.1
"REZ","13624","Corey Seager","TEX",126,486,551,140,83,30,2,24,78,83,56,6,93,5,4,1,2,1,0.288,0.364,0.508,0.872,0.37,10.1,16.8,0.6,0.22,0.31,-1.6,145,5.1
"ATC","13624","Corey Seager","TEX",126,486,550,137,79,27,1,30,77,83,55,8,94,5,4,0,2,1,0.282,0.357,0.525,0.882,0.372,0.1,0.17,0.58,0.243,0.292,-1.9,146,5
"ATC","18345","Kyle Tucker","CHC",148,551,642,153,89,30,2,31,94,94,83,6,99,2,5,0,21,5,0.277,0.371,0.507,0.878,0.375,0.13,0.15,0.841,0.23,0.286,1.7,145,5
"Depth Charts","25931","Michael Harris II","ATL",146,583,630,169,110,32,4,24,90,82,35,2,121,7,4,1,19,5,0.29,0.336,0.481,0.817,0.35,0.06,0.19,0.29,0.191,0.33,1.2,124,5
"OOPSY","18345","Kyle Tucker","CHC",156,582,672,161,95,33,3,30,95,95,81,4,99,3,6,0,24,4,0.277,0.365,0.501,0.866,0.37,0.12,0.15,0.823,0.224,0.286,2.7,141,5
"Steamer","20503","William Contreras","MIL",147,573,653,156,99,32,2,25,86,86,70,3,136,5,5,1,7,2,0.273,0.355,0.463,0.817,0.353,0.11,0.21,0.516,0.189,0.317,-1.6,127,5
"Steamer","25931","Michael Harris II","ATL",146,594,645,171,110,32,4,25,94,81,37,2,119,6,4,3,21,5,0.287,0.334,0.482,0.816,0.35,0.06,0.18,0.314,0.195,0.32,2.1,124,5
"THE BAT","19611","Vladimir Guerrero Jr","TOR",154,585,666,173,109,33,1,30,94,99,68,7,91,8,4,0,5,2,0.295,0.374,0.51,0.884,0.377,0.1,0.14,0.748,0.215,0.305,-1.1,150,5
"THE BAT","18345","Kyle Tucker","CHC",148,552,642,152,87,31,3,32,93,98,79,6,97,3,6,0,22,5,0.275,0.366,0.512,0.878,0.374,0.12,0.15,0.814,0.237,0.281,1,144,5
"THE BAT","23697","Julio Rodriguez","SEA",147,581,641,160,102,28,3,27,89,84,47,3,156,9,3,0,29,7,0.275,0.336,0.47,0.806,0.347,0.07,0.24,0.3,0.195,0.331,1.7,134,5
"THE BAT","26288","Adley Rutschman","BAL",145,537,614,139,90,28,2,19,73,73,67,3,97,5,5,1,1,1,0.258,0.342,0.423,0.765,0.333,0.11,0.16,0.682,0.165,0.281,-1.2,121,5
"THE BATX","12916","Francisco Lindor","NYM",152,591,670,150,89,31,2,29,93,85,60,2,130,10,5,1,22,7,0.254,0.33,0.46,0.79,0.34,0.09,0.19,0.458,0.206,0.278,0.2,122,5
"ZiPS","26288","Adley Rutschman","BAL",135,507,579,132,85,29,1,17,69,70,64,3,91,3,5,0,2,0,0.26,0.344,0.422,0.766,0.333,0.11,0.16,0.703,0.162,0.285,-0.8,121,5
"ZiPS","26668","Elly De La Cruz","CIN",152,597,664,157,91,32,9,25,104,88,61,2,198,4,1,1,54,13,0.263,0.335,0.472,0.807,0.347,0.09,0.3,0.308,0.209,0.352,4.3,117,5
"ZiPS DC","16252","Trea Turner","PHI",156,622,672,179,120,33,2,24,101,85,41,1,129,6,3,0,24,3,0.287,0.335,0.462,0.797,0.344,0.06,0.19,0.316,0.175,0.328,2.1,120,5
"ZiPS DC","13624","Corey Seager","TEX",126,482,546,136,81,26,1,28,74,83,55,9,93,5,4,0,1,1,0.281,0.359,0.511,0.87,0.368,0.1,0.17,0.596,0.23,0.295,-1.2,143,5
"REZ","21534","Cal Raleigh","SEA",142,508,574,119,58,32,1,28,63,84,55,1,170,4,4,0,3,1,0.234,0.312,0.466,0.778,0.333,9.7,29.6,0.3,0.232,0.287,-1.2,118,5
"REZ","19611","Vladimir Guerrero Jr","TOR",154,588,669,172,107,34,2,30,97,101,68,5,91,7,4,0,5,2,0.292,0.369,0.507,0.876,0.374,10.1,13.7,0.7,0.215,0.301,-2.1,153,5
"Depth Charts","18401","Ronald Acuna Jr","ATL",128,474,553,139,85,26,2,25,101,73,66,2,100,8,3,1,39,9,0.293,0.386,0.517,0.903,0.388,0.12,0.18,0.656,0.224,0.323,4,150,4.9
"Depth Charts","26668","Elly De La Cruz","CIN",154,594,665,153,89,31,8,25,101,85,62,2,195,5,3,1,54,14,0.258,0.331,0.466,0.797,0.343,0.09,0.29,0.316,0.208,0.34,4.5,114,4.9
"Depth Charts","29490","Jackson Merrill","SDP",154,616,665,172,111,31,5,25,84,94,39,2,110,3,5,3,15,4,0.28,0.323,0.468,0.79,0.338,0.06,0.17,0.354,0.188,0.304,0.3,121,4.9
"OOPSY","25931","Michael Harris II","ATL",146,582,630,168,107,33,4,25,82,84,36,3,122,6,5,0,20,4,0.289,0.335,0.484,0.818,0.35,0.06,0.19,0.297,0.195,0.326,2,124,4.9
"Steamer","18401","Ronald Acuna Jr","ATL",128,510,590,149,93,27,2,26,102,73,66,2,103,8,3,3,44,10,0.291,0.379,0.509,0.888,0.382,0.11,0.17,0.64,0.217,0.319,4.8,146,4.9
"Steamer","21534","Cal Raleigh","SEA",137,527,595,117,64,23,1,30,72,82,59,2,164,4,4,1,4,1,0.223,0.304,0.439,0.743,0.32,0.1,0.28,0.361,0.216,0.259,-1.8,115,4.9
"Steamer","19611","Vladimir Guerrero Jr","TOR",150,589,671,175,106,34,1,34,101,100,70,9,96,7,5,1,5,2,0.297,0.375,0.53,0.906,0.384,0.1,0.14,0.725,0.233,0.305,-3,155,4.9
"Steamer","18345","Kyle Tucker","CHC",150,579,669,160,94,32,2,31,101,94,81,6,104,3,5,2,21,4,0.277,0.366,0.503,0.87,0.371,0.12,0.16,0.779,0.226,0.288,2,142,4.9
"Steamer","13624","Corey Seager","TEX",126,503,572,142,85,28,1,29,87,80,58,10,97,5,4,2,3,1,0.283,0.361,0.512,0.872,0.369,0.1,0.17,0.599,0.229,0.298,-2.2,143,4.9
"Steamer","26668","Elly De La Cruz","CIN",150,598,673,151,87,31,7,26,99,83,63,2,194,5,4,2,54,15,0.253,0.328,0.459,0.787,0.338,0.09,0.29,0.324,0.206,0.328,4.3,111,4.9
"THE BAT","12916","Francisco Lindor","NYM",152,593,670,151,90,30,2,29,92,86,57,1,130,10,5,1,23,6,0.254,0.327,0.458,0.785,0.339,0.09,0.19,0.442,0.203,0.277,0.7,121,4.9
"THE BATX","21534","Cal Raleigh","SEA",142,505,573,108,57,22,1,28,63,81,58,2,162,5,4,0,2,1,0.213,0.298,0.424,0.722,0.312,0.1,0.28,0.362,0.211,0.25,-0.8,110,4.9
"THE BATX","19709","Fernando Tatis Jr","SDP",146,566,635,154,90,31,3,32,98,90,57,2,143,7,4,1,25,7,0.273,0.345,0.504,0.849,0.363,0.09,0.22,0.401,0.231,0.31,1,138,4.9
"ZiPS DC","26668","Elly De La Cruz","CIN",154,598,665,157,91,32,9,25,104,88,61,2,198,4,1,1,54,13,0.263,0.335,0.472,0.807,0.347,0.09,0.3,0.308,0.209,0.352,4.3,117,4.9
"ZiPS DC","18360","Austin Riley","ATL",157,606,679,166,98,34,2,33,96,99,56,1,165,10,7,0,1,0,0.275,0.343,0.499,0.842,0.36,0.08,0.24,0.34,0.224,0.322,-1.1,131,4.9
"REZ","18401","Ronald Acuna Jr","ATL",123,471,547,125,72,24,2,27,97,73,65,3,102,8,3,1,38,10,0.265,0.362,0.49,0.852,0.366,11.9,18.7,0.6,0.225,0.284,3.2,149,4.9
"REZ","20503","William Contreras","MIL",149,546,620,149,97,29,2,21,78,83,67,2,140,4,3,0,6,2,0.274,0.356,0.45,0.806,0.349,10.9,22.5,0.5,0.176,0.33,-1,124,4.8
"Depth Charts","13624","Corey Seager","TEX",126,481,546,136,81,26,1,28,78,80,55,9,93,5,4,1,2,1,0.282,0.36,0.512,0.871,0.369,0.1,0.17,0.598,0.229,0.297,-2,143,4.8
"Depth Charts","20503","William Contreras","MIL",156,551,626,150,95,31,1,23,83,83,68,3,132,4,3,0,7,2,0.272,0.354,0.456,0.81,0.351,0.11,0.21,0.514,0.185,0.318,-1.2,125,4.8
"Depth Charts","19611","Vladimir Guerrero Jr","TOR",156,590,672,173,107,34,0,32,97,100,71,8,96,6,4,1,5,2,0.294,0.373,0.516,0.89,0.379,0.1,0.14,0.74,0.223,0.303,-2.7,152,4.8
"OOPSY","10155","Mike Trout","LAA",123,460,532,123,65,22,3,33,78,88,62,4,139,7,3,0,10,2,0.267,0.36,0.544,0.904,0.383,0.12,0.26,0.442,0.276,0.309,-0.2,152,4.8
"Steamer","13613","Ketel Marte","ARI",147,586,669,163,98,33,4,27,100,86,70,5,121,6,4,2,8,2,0.278,0.359,0.488,0.847,0.362,0.1,0.18,0.581,0.21,0.307,-0.8,132,4.8
"Steamer","29490","Jackson Merrill","SDP",150,594,641,165,104,31,5,25,80,90,38,1,106,4,5,1,14,4,0.278,0.323,0.474,0.797,0.341,0.06,0.17,0.355,0.196,0.3,0.2,123,4.8
"ZiPS","19709","Fernando Tatis Jr","SDP",120,467,520,129,71,28,1,29,83,82,46,1,114,5,2,0,16,3,0.276,0.346,0.527,0.873,0.373,0.09,0.22,0.404,0.251,0.307,1,144,4.8
"ZiPS DC","29490","Jackson Merrill","SDP",154,615,665,173,114,30,6,23,85,94,39,2,110,1,6,4,17,4,0.281,0.322,0.461,0.783,0.335,0.06,0.16,0.354,0.18,0.307,0.3,119,4.8
"ATC","13613","Ketel Marte","ARI",141,537,614,148,86,30,3,28,89,89,66,4,109,5,5,0,7,2,0.276,0.357,0.502,0.859,0.367,0.11,0.18,0.599,0.226,0.296,-0.7,135,4.7
"ATC","19611","Vladimir Guerrero Jr","TOR",154,587,666,173,108,34,1,31,92,99,69,8,94,7,4,0,4,2,0.295,0.373,0.513,0.885,0.377,0.1,0.14,0.728,0.218,0.305,-2.7,151,4.7
"Depth Charts","18345","Kyle Tucker","CHC",156,581,672,157,93,32,2,31,97,96,83,6,104,2,5,1,22,4,0.27,0.361,0.488,0.848,0.363,0.12,0.15,0.802,0.218,0.279,2.2,137,4.7
"OOPSY","20503","William Contreras","MIL",156,552,626,153,95,31,2,25,80,84,66,3,132,4,4,0,7,2,0.277,0.356,0.477,0.833,0.358,0.1,0.21,0.499,0.2,0.319,-1.5,130,4.7
"OOPSY","13624","Corey Seager","TEX",126,486,546,137,82,26,1,28,71,83,52,3,93,4,4,0,3,1,0.282,0.353,0.514,0.867,0.37,0.1,0.17,0.559,0.232,0.295,-2.1,144,4.7
"Steamer","25878","Corbin Carroll","ARI",150,593,682,156,92,27,11,26,106,81,72,1,126,10,4,3,41,9,0.263,0.35,0.474,0.824,0.356,0.1,0.18,0.569,0.212,0.291,5.9,127,4.7
"Steamer","26288","Adley Rutschman","BAL",138,539,620,140,92,27,1,20,83,69,71,3,97,4,4,2,2,1,0.26,0.349,0.425,0.774,0.338,0.12,0.16,0.733,0.165,0.283,-0.7,124,4.7
"THE BAT","13613","Ketel Marte","ARI",141,538,613,148,86,30,3,29,87,95,64,4,111,6,4,0,6,2,0.275,0.356,0.503,0.859,0.367,0.1,0.18,0.577,0.228,0.297,-0.8,135,4.7
"THE BAT","19709","Fernando Tatis Jr","SDP",146,567,635,152,88,30,2,32,97,90,56,1,143,7,4,1,26,6,0.268,0.339,0.497,0.836,0.358,0.09,0.22,0.393,0.229,0.303,1.7,135,4.7
"THE BATX","26288","Adley Rutschman","BAL",145,537,614,137,91,26,2,18,72,71,66,3,98,5,5,1,1,0,0.255,0.339,0.41,0.749,0.327,0.11,0.16,0.679,0.155,0.279,-1.2,116,4.7
"ZiPS DC","11579","Bryce Harper","PHI",154,568,665,162,90,41,0,31,96,98,87,12,146,4,5,1,9,4,0.284,0.38,0.519,0.899,0.381,0.13,0.22,0.597,0.234,0.33,-0.9,145,4.7
"ZiPS DC","19950","Andres Gimenez","TOR",147,575,637,154,109,28,3,14,71,73,32,2,108,21,4,4,27,4,0.267,0.327,0.397,0.724,0.317,0.05,0.17,0.301,0.131,0.305,2.5,108,4.7
"ZiPS DC","19611","Vladimir Guerrero Jr","TOR",156,591,672,172,107,34,0,30,92,100,72,8,95,6,3,0,4,2,0.291,0.371,0.503,0.874,0.373,0.11,0.14,0.755,0.212,0.302,-1.4,148,4.7
"ZiPS DC","10155","Mike Trout","LAA",123,455,532,118,62,23,3,29,77,82,67,7,142,8,2,0,8,2,0.259,0.363,0.518,0.881,0.375,0.13,0.27,0.471,0.259,0.31,-0.1,146,4.7
"REZ","18345","Kyle Tucker","CHC",149,554,642,153,85,35,6,26,91,92,81,8,101,2,5,0,21,4,0.276,0.368,0.497,0.865,0.367,12.6,15.7,0.8,0.221,0.295,1.6,138,4.6
"REZ","26288","Adley Rutschman","BAL",143,524,600,132,84,30,1,17,73,70,64,3,92,4,5,1,2,0,0.252,0.335,0.41,0.745,0.325,10.8,15.5,0.7,0.158,0.274,-0.8,120,4.6
"ATC","19709","Fernando Tatis Jr","SDP",145,566,629,154,89,31,2,32,95,88,53,1,138,7,3,1,20,5,0.272,0.339,0.501,0.84,0.36,0.08,0.22,0.381,0.23,0.305,1.7,134,4.6
"Depth Charts","26288","Adley Rutschman","BAL",146,511,586,133,87,28,1,18,74,68,66,3,92,4,4,1,2,0,0.26,0.346,0.424,0.77,0.336,0.11,0.16,0.718,0.163,0.284,-0.6,122,4.6
"Depth Charts","11579","Bryce Harper","PHI",154,568,665,160,90,39,0,31,95,98,87,11,145,4,5,1,10,3,0.282,0.378,0.513,0.892,0.378,0.13,0.22,0.601,0.232,0.326,-1.9,144,4.6
"Depth Charts","18360","Austin Riley","ATL",157,607,679,164,97,33,2,32,94,100,56,1,165,10,6,0,2,0,0.271,0.339,0.492,0.831,0.356,0.08,0.24,0.339,0.221,0.318,-1,128,4.6
"OOPSY","11493","Manny Machado","SDP",154,605,665,166,101,31,1,33,80,98,53,3,126,2,5,0,9,3,0.274,0.332,0.491,0.823,0.351,0.08,0.19,0.421,0.217,0.295,-1.3,130,4.6
"THE BATX","18360","Austin Riley","ATL",150,577,647,157,90,31,3,33,92,98,55,3,154,10,5,0,1,0,0.272,0.343,0.509,0.852,0.363,0.09,0.24,0.359,0.237,0.313,-1.1,133,4.6
"ZiPS","20503","William Contreras","MIL",135,500,567,135,86,28,1,20,76,75,62,3,121,3,2,0,6,1,0.27,0.353,0.45,0.803,0.348,0.11,0.21,0.512,0.18,0.319,-0.4,124,4.6
"ZiPS","19950","Andres Gimenez","TOR",152,551,610,147,104,27,3,13,68,70,31,2,103,20,4,4,26,4,0.267,0.327,0.397,0.724,0.317,0.05,0.17,0.301,0.131,0.305,2.4,108,4.6
"ZiPS","25931","Michael Harris II","ATL",137,521,560,153,100,29,4,20,78,75,30,2,112,6,3,0,15,5,0.294,0.338,0.48,0.817,0.35,0.05,0.2,0.268,0.186,0.339,-0.1,124,4.6
"ZiPS DC","16505","Matt Chapman","SFG",157,595,679,143,81,34,2,26,91,77,72,2,177,8,5,0,10,2,0.241,0.328,0.438,0.766,0.332,0.11,0.26,0.404,0.197,0.296,-0.1,115,4.6
"ZiPS DC","5361","Freddie Freeman","LAD",154,576,665,171,109,37,2,23,100,93,74,10,106,10,5,0,11,2,0.298,0.384,0.492,0.876,0.374,0.11,0.16,0.7,0.194,0.328,-0.2,143,4.6
"ZiPS DC","22664","Gabriel Moreno","ARI",128,450,507,128,93,25,1,10,56,60,49,1,83,4,4,0,5,1,0.285,0.358,0.409,0.767,0.336,0.1,0.16,0.59,0.124,0.328,-0.6,114,4.6
"REZ","26668","Elly De La Cruz","CIN",152,591,660,154,90,29,11,23,105,83,61,3,203,5,3,1,53,12,0.26,0.332,0.465,0.797,0.342,9.3,30.7,0.3,0.205,0.354,4.5,113,4.6
"REZ","18360","Austin Riley","ATL",151,586,656,146,84,28,2,31,92,97,55,3,163,10,6,0,2,0,0.248,0.32,0.461,0.781,0.334,8.4,24.8,0.3,0.213,0.288,-1.1,130,4.5
"ATC","20503","William Contreras","MIL",148,546,620,147,94,29,1,23,81,83,66,3,131,4,3,0,7,2,0.27,0.352,0.454,0.806,0.349,0.11,0.21,0.505,0.184,0.316,-1.3,124,4.5
"ATC","26288","Adley Rutschman","BAL",146,536,613,138,89,28,1,20,76,73,68,3,97,4,5,1,2,0,0.257,0.342,0.425,0.768,0.334,0.11,0.16,0.703,0.168,0.278,-0.7,121,4.5
"Depth Charts","16252","Trea Turner","PHI",156,620,672,175,116,33,2,23,96,83,41,1,129,6,4,1,23,4,0.282,0.331,0.454,0.785,0.339,0.06,0.19,0.318,0.172,0.322,2.8,117,4.5
"OOPSY","21534","Cal Raleigh","SEA",146,517,584,122,65,25,1,31,70,87,58,3,158,4,5,0,4,2,0.236,0.316,0.468,0.785,0.336,0.1,0.27,0.368,0.232,0.275,-1.9,127,4.5
"OOPSY","11579","Bryce Harper","PHI",154,572,665,159,90,35,1,32,90,100,84,4,144,4,4,0,11,4,0.277,0.371,0.51,0.881,0.377,0.13,0.22,0.581,0.233,0.316,-2.1,143,4.5
"OOPSY","25878","Corbin Carroll","ARI",156,583,672,154,90,30,10,23,111,80,69,3,130,11,6,3,39,8,0.263,0.349,0.47,0.82,0.352,0.1,0.19,0.533,0.207,0.299,5.7,125,4.5
"OOPSY","15986","Willy Adames","SFG",156,599,672,151,87,35,1,28,80,92,66,3,163,3,5,0,14,5,0.252,0.327,0.453,0.78,0.336,0.1,0.24,0.406,0.201,0.299,0.3,118,4.5
"THE BATX","13613","Ketel Marte","ARI",141,538,613,148,87,31,2,26,84,92,65,4,110,6,4,0,6,2,0.275,0.356,0.49,0.847,0.363,0.1,0.18,0.587,0.216,0.299,-0.8,132,4.5
"ZiPS DC","26288","Adley Rutschman","BAL",146,513,586,134,86,29,1,17,70,71,65,3,92,3,5,0,2,0,0.26,0.344,0.422,0.766,0.333,0.11,0.16,0.703,0.162,0.285,-0.8,121,4.5
"ZiPS DC","18314","Dansby Swanson","CHC",157,611,679,150,98,29,2,20,88,79,61,1,166,3,3,0,15,3,0.245,0.315,0.4,0.715,0.312,0.09,0.24,0.367,0.155,0.302,0.3,102,4.5
"ZiPS DC","25976","Riley Greene","DET",147,564,637,151,95,28,6,23,88,80,67,2,162,5,2,0,6,2,0.268,0.349,0.458,0.807,0.349,0.1,0.26,0.41,0.19,0.337,-1.1,131,4.5
"ZiPS DC","20503","William Contreras","MIL",156,552,626,149,95,31,1,22,84,83,68,3,134,3,2,0,7,1,0.27,0.353,0.45,0.803,0.348,0.11,0.21,0.512,0.18,0.319,-0.4,124,4.5
"ZiPS DC","33333","Wyatt Langford","TEX",144,557,623,150,89,32,5,24,89,91,58,2,124,5,3,0,20,4,0.27,0.342,0.475,0.818,0.352,0.09,0.2,0.466,0.206,0.306,1.1,131,4.5
"ZiPS DC","14162","Carlos Correa","MIN",130,491,560,133,85,27,1,20,74,72,60,3,107,5,5,0,0,0,0.272,0.354,0.456,0.81,0.35,0.11,0.19,0.558,0.184,0.308,-1.2,130,4.5
"REZ","13613","Ketel Marte","ARI",143,548,624,154,92,36,5,20,89,88,65,4,109,6,5,1,7,2,0.281,0.361,0.478,0.839,0.36,10.5,17.5,0.6,0.197,0.315,-0.6,131,4.4
"REZ","25931","Michael Harris II","ATL",142,560,605,147,96,28,4,21,84,77,33,1,126,6,4,1,19,5,0.263,0.31,0.44,0.75,0.324,5.5,20.8,0.3,0.177,0.303,1,120,4.4
"ATC","29490","Jackson Merrill","SDP",151,582,629,161,100,31,5,25,79,87,36,2,104,2,5,3,16,4,0.277,0.319,0.474,0.793,0.339,0.06,0.17,0.35,0.198,0.297,0.2,120,4.4
"Depth Charts","13613","Ketel Marte","ARI",147,558,637,153,91,32,4,26,92,87,67,5,115,6,5,1,7,2,0.274,0.354,0.486,0.84,0.359,0.1,0.18,0.579,0.212,0.3,-0.6,130,4.4
"OOPSY","16505","Matt Chapman","SFG",157,597,679,145,79,34,3,29,87,94,70,3,182,8,4,0,10,3,0.242,0.327,0.455,0.783,0.337,0.1,0.27,0.383,0.213,0.296,0.7,119,4.4
"OOPSY","17350","Rafael Devers","BOS",157,599,679,165,93,37,2,32,92,102,67,3,145,7,5,0,5,2,0.275,0.352,0.504,0.857,0.366,0.1,0.21,0.466,0.229,0.311,-1.3,135,4.4
"Steamer","27478","Patrick Bailey","SFG",119,420,466,100,67,20,1,11,49,47,38,0,110,3,3,1,4,1,0.238,0.303,0.37,0.673,0.296,0.08,0.24,0.345,0.133,0.294,-0.5,91,4.4
"Steamer","11579","Bryce Harper","PHI",150,566,662,158,90,36,1,30,94,98,86,10,143,5,5,0,10,3,0.279,0.376,0.508,0.884,0.376,0.13,0.22,0.605,0.229,0.321,-2,142,4.4
"THE BAT","25878","Corbin Carroll","ARI",150,571,654,147,86,30,9,22,102,74,66,1,129,9,4,3,40,7,0.258,0.343,0.456,0.799,0.345,0.1,0.2,0.514,0.199,0.296,3.8,121,4.4
"ZiPS","19611","Vladimir Guerrero Jr","TOR",152,585,665,170,106,34,0,30,91,99,71,8,94,6,3,0,4,2,0.291,0.371,0.503,0.874,0.373,0.11,0.14,0.755,0.212,0.302,-1.4,148,4.4
"ZiPS","16252","Trea Turner","PHI",134,550,594,158,106,29,2,21,89,75,36,1,114,5,3,0,21,3,0.287,0.335,0.462,0.797,0.344,0.06,0.19,0.316,0.175,0.328,1.8,120,4.4
"ZiPS","29490","Jackson Merrill","SDP",152,555,600,156,103,27,5,21,77,85,35,2,99,1,5,4,15,4,0.281,0.322,0.461,0.783,0.335,0.06,0.16,0.354,0.18,0.307,0.3,119,4.4
"ZiPS","12533","Marcus Semien","TEX",147,602,670,150,94,30,3,23,97,83,62,1,104,3,3,0,9,2,0.249,0.321,0.424,0.744,0.324,0.09,0.16,0.596,0.174,0.266,-0.3,112,4.4
"ZiPS","18360","Austin Riley","ATL",140,539,604,148,87,30,2,29,85,88,50,1,147,9,6,0,1,0,0.275,0.343,0.499,0.842,0.36,0.08,0.24,0.34,0.224,0.322,-0.9,131,4.4
"ZiPS DC","19627","Brent Rooker","ATH",149,570,644,153,84,26,2,40,83,110,62,3,187,8,4,0,9,2,0.268,0.346,0.534,0.88,0.374,0.1,0.29,0.333,0.266,0.324,-0.3,151,4.4
"ZiPS DC","18345","Kyle Tucker","CHC",156,581,672,153,91,31,1,29,92,97,85,6,103,1,5,0,22,3,0.263,0.355,0.472,0.827,0.355,0.13,0.15,0.825,0.21,0.271,2,131,4.4
"ZiPS DC","12533","Marcus Semien","TEX",154,598,665,149,93,30,3,23,96,82,62,1,103,3,3,0,9,2,0.249,0.321,0.424,0.744,0.324,0.09,0.16,0.596,0.174,0.266,-0.3,112,4.4
"REZ","29490","Jackson Merrill","SDP",152,594,641,154,97,29,5,22,78,86,37,1,108,2,5,3,15,4,0.259,0.302,0.434,0.736,0.315,5.7,16.9,0.3,0.175,0.282,0.3,118,4.4
"ATC","26668","Elly De La Cruz","CIN",150,580,648,147,85,31,7,24,97,77,59,2,198,5,3,1,54,12,0.254,0.327,0.458,0.785,0.338,0.09,0.3,0.3,0.204,0.341,4.4,110,4.3
"Depth Charts","16505","Matt Chapman","SFG",157,595,679,143,81,34,2,26,86,83,71,2,176,8,5,0,10,3,0.241,0.328,0.436,0.764,0.331,0.1,0.26,0.406,0.195,0.295,0.7,115,4.3
"Depth Charts","5361","Freddie Freeman","LAD",154,576,665,168,106,36,2,24,97,92,74,9,109,9,5,0,11,2,0.292,0.378,0.486,0.864,0.37,0.11,0.16,0.678,0.194,0.322,-0.1,140,4.3
"Depth Charts","18314","Dansby Swanson","CHC",157,610,679,149,98,29,2,21,83,79,60,1,166,4,4,1,15,4,0.245,0.315,0.4,0.715,0.312,0.09,0.24,0.365,0.155,0.301,1.4,103,4.3
"Depth Charts","12533","Marcus Semien","TEX",154,597,665,150,95,29,3,23,94,76,60,1,102,4,3,1,10,2,0.251,0.322,0.427,0.748,0.325,0.09,0.15,0.582,0.176,0.267,0.4,112,4.3
"OOPSY","25976","Riley Greene","DET",147,565,637,156,97,28,6,24,93,80,62,3,164,5,5,0,8,2,0.275,0.349,0.476,0.825,0.354,0.1,0.26,0.379,0.201,0.344,-0.1,134,4.3
"OOPSY","14162","Carlos Correa","MIN",130,493,560,136,85,28,2,21,72,73,58,3,108,4,4,0,2,1,0.275,0.354,0.469,0.823,0.355,0.1,0.19,0.542,0.194,0.31,-1.6,134,4.3
"OOPSY","28163","Junior Caminero","TBR",146,586,630,160,98,28,3,31,79,91,35,2,139,4,5,0,4,1,0.273,0.316,0.489,0.805,0.343,0.06,0.22,0.251,0.216,0.307,-1,129,4.3
"OOPSY","21711","Oneil Cruz","PIT",146,565,630,149,83,31,4,31,86,93,56,3,180,4,5,0,20,4,0.263,0.332,0.495,0.826,0.352,0.09,0.29,0.312,0.231,0.329,1.6,124,4.3
"Steamer","12533","Marcus Semien","TEX",150,623,695,158,100,30,3,25,95,73,60,1,106,5,4,3,12,3,0.253,0.322,0.43,0.752,0.326,0.09,0.15,0.567,0.177,0.268,0.7,113,4.3
"THE BAT","18401","Ronald Acuna Jr","ATL",118,458,529,131,84,24,2,20,89,62,60,2,94,9,3,0,41,10,0.285,0.376,0.479,0.855,0.37,0.11,0.18,0.631,0.194,0.319,2.9,138,4.3
"THE BAT","17350","Rafael Devers","BOS",147,561,637,151,85,32,2,32,86,100,65,10,136,7,4,0,3,1,0.269,0.35,0.507,0.857,0.363,0.1,0.21,0.479,0.238,0.299,-1.1,133,4.3
"THE BATX","19197","Will Smith","LAD",124,444,510,116,70,23,1,22,67,72,50,2,94,10,6,0,2,1,0.262,0.346,0.467,0.813,0.35,0.1,0.18,0.529,0.205,0.283,-0.9,127,4.3
"THE BATX","16505","Matt Chapman","SFG",148,550,625,134,72,30,2,30,84,85,63,1,160,7,5,0,7,2,0.244,0.327,0.472,0.799,0.343,0.1,0.26,0.394,0.228,0.285,-0.4,123,4.3
"ZiPS","25878","Corbin Carroll","ARI",152,570,658,146,89,25,11,21,109,86,68,1,133,12,5,3,34,6,0.256,0.345,0.449,0.794,0.344,0.1,0.2,0.511,0.193,0.297,3,120,4.3
"ZiPS","5361","Freddie Freeman","LAD",142,541,625,161,102,35,2,22,94,87,70,9,100,9,5,0,10,2,0.298,0.384,0.492,0.876,0.374,0.11,0.16,0.7,0.194,0.328,-0.2,143,4.3
"ZiPS DC","15986","Willy Adames","SFG",156,601,672,148,86,36,1,24,81,86,65,2,155,2,4,0,14,3,0.246,0.319,0.43,0.749,0.324,0.1,0.23,0.416,0.184,0.291,0.3,110,4.3
"ZiPS DC","13613","Ketel Marte","ARI",147,558,637,151,89,32,3,27,89,91,67,4,115,6,7,0,7,1,0.27,0.35,0.483,0.833,0.356,0.1,0.18,0.577,0.213,0.294,-0.4,128,4.3
"REZ","25878","Corbin Carroll","ARI",153,577,664,146,79,33,13,23,105,80,69,0,126,11,5,3,38,7,0.252,0.341,0.473,0.814,0.35,10.4,18.9,0.5,0.221,0.284,4.5,122,4.2
"REZ","16252","Trea Turner","PHI",149,598,649,168,110,32,5,22,90,80,38,1,126,6,4,1,23,4,0.281,0.328,0.46,0.788,0.338,5.9,19.5,0.3,0.179,0.322,2.2,116,4.2
"REZ","11579","Bryce Harper","PHI",147,544,636,161,86,38,1,35,92,93,83,12,139,4,5,1,9,4,0.295,0.39,0.564,0.954,0.4,13,21.8,0.6,0.269,0.335,-1.5,141,4.2
"ATC","5361","Freddie Freeman","LAD",149,562,651,163,104,34,2,23,94,89,75,9,104,9,5,0,11,3,0.29,0.379,0.48,0.859,0.368,0.12,0.16,0.72,0.19,0.318,-0.2,140,4.2
"ATC","18360","Austin Riley","ATL",150,579,648,155,91,31,2,32,91,93,53,2,157,9,6,0,2,0,0.268,0.336,0.492,0.828,0.355,0.08,0.24,0.34,0.224,0.312,-1,127,4.2
"Depth Charts","25976","Riley Greene","DET",147,562,637,150,94,28,5,22,84,80,67,2,158,5,3,0,6,2,0.268,0.348,0.457,0.805,0.348,0.1,0.25,0.421,0.189,0.333,-0.6,130,4.2
"Depth Charts","22664","Gabriel Moreno","ARI",128,449,507,127,90,25,1,10,58,59,49,1,83,4,4,1,6,2,0.283,0.356,0.414,0.77,0.337,0.1,0.16,0.59,0.131,0.324,-1.4,115,4.2
"Depth Charts","25878","Corbin Carroll","ARI",156,583,672,151,91,26,11,23,108,84,70,1,130,11,5,3,38,7,0.259,0.347,0.462,0.809,0.35,0.1,0.19,0.539,0.202,0.294,5.2,124,4.2
"OOPSY","13613","Ketel Marte","ARI",147,563,637,153,92,32,3,25,86,85,64,3,113,5,5,0,7,2,0.272,0.349,0.478,0.827,0.355,0.1,0.18,0.564,0.205,0.298,-0.8,127,4.2
"Steamer","17350","Rafael Devers","BOS",150,588,669,158,90,33,3,32,96,95,68,13,145,7,4,2,4,1,0.269,0.349,0.499,0.848,0.358,0.1,0.22,0.471,0.23,0.303,-1.2,130,4.2
"THE BAT","26121","Francisco Alvarez","NYM",122,412,462,92,56,17,1,19,52,58,40,1,118,6,3,0,1,0,0.224,0.3,0.405,0.706,0.307,0.09,0.26,0.339,0.181,0.265,-0.7,100,4.2
"THE BATX","18345","Kyle Tucker","CHC",148,553,642,150,90,29,3,27,90,90,79,6,99,3,6,0,20,7,0.271,0.362,0.482,0.844,0.361,0.12,0.15,0.802,0.211,0.283,-0.1,135,4.2
"THE BATX","17350","Rafael Devers","BOS",147,562,637,150,85,30,2,33,85,99,64,9,135,7,4,0,3,1,0.266,0.346,0.502,0.849,0.36,0.1,0.21,0.476,0.236,0.293,-1,131,4.2
"THE BATX","29490","Jackson Merrill","SDP",152,582,630,160,100,33,4,23,83,81,37,3,111,3,5,3,15,4,0.274,0.319,0.463,0.782,0.334,0.06,0.18,0.337,0.189,0.302,0.5,118,4.2
"ZiPS","33333","Wyatt Langford","TEX",141,530,593,143,85,30,5,23,85,87,55,2,118,5,3,0,19,4,0.27,0.342,0.475,0.818,0.352,0.09,0.2,0.466,0.206,0.306,1.1,131,4.2
"ZiPS","21479","Nico Hoerner","CHC",147,563,618,155,114,29,3,9,78,60,41,2,67,11,3,0,28,5,0.275,0.335,0.385,0.72,0.316,0.07,0.11,0.612,0.11,0.298,2.3,105,4.2
"ZiPS","15986","Willy Adames","SFG",152,577,645,142,83,35,1,23,78,83,62,2,149,2,4,0,13,3,0.246,0.319,0.43,0.749,0.324,0.1,0.23,0.416,0.184,0.291,0.2,110,4.2
"ZiPS","19197","Will Smith","LAD",132,473,551,119,75,22,2,20,74,74,57,4,100,12,9,0,2,0,0.252,0.341,0.433,0.775,0.335,0.1,0.18,0.57,0.182,0.273,-0.7,117,4.2
"ZiPS DC","11493","Manny Machado","SDP",154,606,665,161,101,31,1,29,83,102,53,7,127,1,5,0,9,2,0.266,0.323,0.462,0.785,0.335,0.08,0.19,0.414,0.196,0.292,-0.3,119,4.2
"REZ","16505","Matt Chapman","SFG",151,565,644,133,69,32,5,27,81,80,63,1,166,7,5,0,9,2,0.236,0.319,0.452,0.771,0.332,9.9,25.9,0.4,0.216,0.283,0.2,116,4.1
"ATC","25878","Corbin Carroll","ARI",150,567,653,146,86,28,10,23,107,75,68,1,126,10,5,3,39,7,0.257,0.345,0.462,0.807,0.348,0.1,0.19,0.535,0.205,0.291,5.2,123,4.1
"ATC","21534","Cal Raleigh","SEA",142,507,573,111,59,22,1,29,68,83,57,2,158,4,4,0,3,1,0.219,0.302,0.438,0.74,0.319,0.1,0.28,0.363,0.219,0.253,-1.5,114,4.1
"ATC","18401","Ronald Acuna Jr","ATL",117,452,525,128,81,24,2,21,90,63,62,2,98,8,3,1,31,10,0.284,0.377,0.488,0.865,0.374,0.12,0.19,0.627,0.204,0.319,3.7,140,4.1
"Depth Charts","10155","Mike Trout","LAA",123,458,532,117,63,21,3,29,75,80,63,5,143,8,3,0,8,2,0.255,0.353,0.506,0.858,0.366,0.12,0.27,0.442,0.251,0.303,-0.3,139,4.1
"Depth Charts","19950","Andres Gimenez","TOR",147,579,637,153,107,29,3,13,71,70,33,2,107,18,4,3,27,5,0.265,0.322,0.395,0.717,0.314,0.05,0.17,0.305,0.131,0.302,2.2,106,4.1
"Depth Charts","15986","Willy Adames","SFG",156,597,672,145,84,35,1,24,83,84,67,2,158,3,4,1,14,4,0.243,0.32,0.428,0.748,0.324,0.1,0.24,0.422,0.185,0.288,0.5,110,4.1
"Depth Charts","11493","Manny Machado","SDP",154,605,665,161,100,30,1,30,84,101,53,6,129,2,5,0,8,2,0.266,0.325,0.466,0.791,0.337,0.08,0.19,0.409,0.2,0.291,-1,120,4.1
"Depth Charts","14162","Carlos Correa","MIN",130,491,560,132,84,27,2,20,74,69,60,4,109,5,4,1,1,0,0.269,0.351,0.45,0.801,0.346,0.11,0.19,0.549,0.18,0.307,-1.5,128,4.1
"Steamer","18360","Austin Riley","ATL",150,594,662,158,94,31,2,31,89,99,54,1,161,9,5,1,2,1,0.267,0.335,0.485,0.82,0.352,0.08,0.24,0.337,0.218,0.313,-1,125,4.1
"Steamer","16252","Trea Turner","PHI",150,623,677,173,114,34,2,23,93,82,42,1,130,6,5,2,23,4,0.277,0.326,0.447,0.773,0.334,0.06,0.19,0.319,0.17,0.316,2.8,114,4.1
"Steamer","33824","Jung Hoo Lee","SFG",143,598,660,175,120,37,3,14,89,63,50,4,64,5,4,3,13,4,0.293,0.35,0.437,0.787,0.341,0.08,0.1,0.778,0.144,0.307,-0.1,121,4.1
"Steamer","27647","Anthony Volpe","NYY",150,596,664,145,92,30,5,18,86,66,55,1,141,6,4,3,29,7,0.243,0.311,0.401,0.713,0.311,0.08,0.21,0.392,0.159,0.286,3.7,102,4.1
"THE BAT","16252","Trea Turner","PHI",145,580,635,161,106,30,3,23,87,81,39,0,123,6,4,1,23,5,0.278,0.328,0.457,0.784,0.338,0.06,0.19,0.316,0.179,0.317,1.3,117,4.1
"THE BAT","18360","Austin Riley","ATL",150,578,647,154,91,31,2,30,88,93,54,1,155,10,5,0,1,0,0.266,0.337,0.485,0.822,0.353,0.08,0.24,0.348,0.219,0.31,-1.1,126,4.1
"THE BATX","25878","Corbin Carroll","ARI",150,570,654,145,87,31,6,21,98,72,67,2,129,9,4,3,41,7,0.254,0.34,0.44,0.78,0.339,0.1,0.2,0.52,0.185,0.293,4.3,116,4.1
"ZiPS","14162","Carlos Correa","MIN",115,434,495,118,75,24,1,18,65,64,53,3,95,4,4,0,0,0,0.272,0.354,0.456,0.81,0.35,0.11,0.19,0.558,0.184,0.308,-1,130,4.1
"ZiPS","18314","Dansby Swanson","CHC",146,543,603,133,87,26,2,18,78,70,54,1,147,3,3,0,13,3,0.245,0.315,0.4,0.715,0.312,0.09,0.24,0.367,0.155,0.302,0.3,102,4.1
"ZiPS","16505","Matt Chapman","SFG",144,523,597,126,71,30,2,23,80,68,63,2,156,7,4,0,9,2,0.241,0.328,0.438,0.766,0.332,0.11,0.26,0.404,0.197,0.296,-0.1,115,4.1
"ZiPS","25976","Riley Greene","DET",131,500,565,134,84,25,5,20,78,71,59,2,144,4,2,0,5,2,0.268,0.349,0.458,0.807,0.349,0.1,0.26,0.41,0.19,0.337,-1,131,4.1
"ZiPS DC","27478","Patrick Bailey","SFG",128,455,506,107,72,21,1,12,55,53,43,0,122,2,5,1,4,0,0.235,0.301,0.366,0.667,0.293,0.09,0.24,0.35,0.131,0.292,-0.2,89,4.1
"ZiPS DC","20036","Isaac Paredes","HOU",141,521,609,126,73,26,1,25,69,92,69,1,100,14,4,0,1,1,0.242,0.344,0.443,0.788,0.344,0.11,0.16,0.694,0.201,0.252,-1.4,127,4.1
"REZ","17350","Rafael Devers","BOS",151,577,655,163,91,39,2,32,101,99,66,10,133,7,4,0,4,1,0.282,0.361,0.521,0.882,0.372,10.1,20.3,0.5,0.239,0.315,-1.1,132,4.1
"REZ","5361","Freddie Freeman","LAD",151,570,657,164,97,38,2,27,91,88,70,11,106,9,5,0,11,3,0.288,0.372,0.508,0.88,0.373,10.7,16.2,0.7,0.22,0.309,-0.2,137,4
"ATC","16252","Trea Turner","PHI",146,587,635,163,108,31,2,21,91,76,38,0,122,6,3,1,23,4,0.277,0.326,0.446,0.772,0.334,0.06,0.19,0.315,0.169,0.316,2.5,114,4
"Depth Charts","24610","Steven Kwan","CLE",156,592,672,168,125,27,5,11,93,61,68,1,66,5,4,3,18,4,0.283,0.361,0.4,0.761,0.336,0.1,0.1,1.041,0.117,0.302,0.8,121,4
"Depth Charts","27647","Anthony Volpe","NYY",157,611,679,147,92,33,5,18,87,72,55,1,150,7,4,2,28,7,0.241,0.309,0.399,0.708,0.309,0.08,0.22,0.366,0.158,0.29,3.2,101,4
"Steamer","25976","Riley Greene","DET",147,575,655,154,96,29,5,23,82,82,68,3,158,5,5,1,7,2,0.267,0.348,0.456,0.804,0.347,0.1,0.24,0.433,0.188,0.328,-0.4,129,4
"Steamer","5361","Freddie Freeman","LAD",150,578,666,166,104,35,2,24,94,92,73,9,111,9,5,1,11,3,0.287,0.373,0.48,0.853,0.366,0.11,0.17,0.657,0.193,0.316,-0.2,137,4
"Steamer","17678","Alex Bregman","BOS",150,583,664,152,96,30,3,23,86,82,68,1,87,7,4,1,4,1,0.261,0.344,0.442,0.786,0.342,0.1,0.13,0.783,0.181,0.27,-2.6,122,4
"Steamer","24610","Steven Kwan","CLE",150,612,695,173,126,30,4,13,94,62,71,1,71,6,4,3,19,4,0.283,0.361,0.412,0.773,0.34,0.1,0.1,1,0.129,0.301,1.1,124,4
"THE BAT","11579","Bryce Harper","PHI",143,532,622,148,87,33,1,27,88,90,80,9,132,5,4,1,9,5,0.279,0.375,0.5,0.875,0.372,0.13,0.21,0.602,0.221,0.321,-1.5,140,4
"THE BATX","26121","Francisco Alvarez","NYM",122,413,462,92,57,17,0,18,51,56,40,1,118,6,3,0,1,1,0.223,0.298,0.397,0.695,0.304,0.09,0.26,0.335,0.174,0.265,-0.8,98,4
"ZiPS","13613","Ketel Marte","ARI",135,503,574,136,80,29,3,24,80,82,60,4,104,5,6,0,6,1,0.27,0.35,0.483,0.833,0.356,0.1,0.18,0.577,0.213,0.294,-0.3,128,4
"ZiPS","11579","Bryce Harper","PHI",131,482,564,137,76,35,0,26,81,83,74,10,124,3,4,1,8,3,0.284,0.38,0.519,0.899,0.381,0.13,0.22,0.597,0.234,0.33,-0.7,145,4
"ZiPS","20036","Isaac Paredes","HOU",152,512,598,124,72,26,1,25,68,90,68,1,98,14,4,0,1,1,0.242,0.344,0.443,0.788,0.344,0.11,0.16,0.694,0.201,0.252,-1.4,127,4
"ZiPS","17350","Rafael Devers","BOS",145,551,625,148,81,34,3,30,88,95,64,12,136,6,4,0,3,1,0.269,0.349,0.505,0.853,0.36,0.1,0.22,0.471,0.236,0.303,-0.9,131,4
"ZiPS","11493","Manny Machado","SDP",142,552,606,147,92,28,1,26,76,93,48,6,116,1,5,0,8,2,0.266,0.323,0.462,0.785,0.335,0.08,0.19,0.414,0.196,0.292,-0.3,119,4
"ZiPS","19627","Brent Rooker","ATH",144,522,590,140,77,24,2,37,76,101,57,3,171,7,4,0,8,2,0.268,0.346,0.534,0.88,0.374,0.1,0.29,0.333,0.266,0.324,-0.3,151,4
"ZiPS DC","24610","Steven Kwan","CLE",156,593,672,168,128,26,5,9,94,62,68,1,63,5,3,2,17,4,0.283,0.36,0.389,0.749,0.331,0.1,0.09,1.086,0.106,0.303,0.1,118,4
"ZiPS DC","20454","Jazz Chisholm Jr","NYY",141,549,609,138,86,22,3,26,79,92,51,3,153,4,3,1,35,9,0.251,0.318,0.448,0.765,0.329,0.08,0.25,0.331,0.197,0.299,2.4,115,4
"REZ","15986","Willy Adames","SFG",153,584,657,145,87,33,1,23,79,84,61,2,156,3,5,0,13,4,0.249,0.321,0.428,0.749,0.323,9.4,23.9,0.4,0.179,0.299,0.2,111,4
"REZ","10155","Mike Trout","LAA",112,419,487,99,50,17,3,30,72,75,60,8,131,7,3,0,7,2,0.236,0.339,0.503,0.842,0.355,12.2,26.7,0.5,0.267,0.264,-0.3,145,4
"REZ","11493","Manny Machado","SDP",150,585,643,158,97,28,2,32,78,95,51,7,126,2,5,0,8,2,0.27,0.327,0.487,0.814,0.345,7.9,19.7,0.4,0.217,0.291,-0.8,121,4
"REZ","14162","Carlos Correa","MIN",124,473,539,126,78,27,1,20,71,67,57,3,105,4,4,0,1,0,0.267,0.349,0.455,0.804,0.346,10.6,19.5,0.5,0.188,0.303,-1.3,128,3.9
"ATC","19197","Will Smith","LAD",124,442,511,112,69,22,2,19,67,69,51,3,92,10,6,0,2,0,0.253,0.34,0.443,0.784,0.339,0.1,0.18,0.56,0.19,0.275,-1.4,120,3.9
"ATC","25931","Michael Harris II","ATL",140,548,591,153,99,30,4,21,84,71,33,2,115,6,3,1,18,5,0.28,0.326,0.463,0.789,0.338,0.06,0.19,0.288,0.184,0.318,1.5,116,3.9
"ATC","11579","Bryce Harper","PHI",143,533,622,148,86,34,1,27,88,88,80,10,134,4,5,1,9,4,0.277,0.373,0.497,0.87,0.371,0.13,0.22,0.601,0.22,0.32,-1.7,139,3.9
"ATC","16505","Matt Chapman","SFG",148,549,624,132,74,30,2,26,81,77,64,1,160,7,4,0,9,2,0.24,0.325,0.443,0.769,0.333,0.1,0.26,0.399,0.203,0.29,0.5,116,3.9
"Depth Charts","33333","Wyatt Langford","TEX",144,554,623,148,90,30,4,23,84,85,59,2,124,5,4,0,19,5,0.267,0.341,0.46,0.802,0.346,0.1,0.2,0.48,0.193,0.304,1.1,127,3.9
"Depth Charts","20036","Isaac Paredes","HOU",141,521,609,127,75,26,1,25,75,84,70,1,102,14,4,1,2,1,0.243,0.345,0.441,0.786,0.343,0.11,0.17,0.685,0.197,0.255,-2,127,3.9
"Depth Charts","17350","Rafael Devers","BOS",157,598,679,161,89,35,3,32,97,100,69,13,147,7,4,1,4,1,0.269,0.349,0.502,0.851,0.359,0.1,0.22,0.471,0.233,0.303,-1.2,130,3.9
"Depth Charts","22581","Alejandro Kirk","TOR",110,385,436,103,73,19,0,10,42,49,43,1,53,4,4,0,1,0,0.267,0.344,0.397,0.741,0.326,0.1,0.12,0.807,0.131,0.284,-2.7,114,3.9
"OOPSY","18314","Dansby Swanson","CHC",157,612,679,149,97,28,2,22,76,75,58,1,166,4,4,0,16,4,0.243,0.311,0.402,0.713,0.311,0.09,0.24,0.352,0.159,0.296,2,102,3.9
"OOPSY","16252","Trea Turner","PHI",156,623,672,172,115,32,3,22,80,80,40,2,130,5,4,0,24,5,0.277,0.324,0.444,0.768,0.331,0.06,0.19,0.307,0.168,0.316,2.8,112,3.9
"OOPSY","29490","Jackson Merrill","SDP",154,621,665,167,107,32,4,23,81,82,34,2,115,1,6,3,16,4,0.269,0.305,0.446,0.751,0.321,0.05,0.17,0.296,0.178,0.294,0.7,110,3.9
"OOPSY","33333","Wyatt Langford","TEX",144,552,623,147,90,30,4,24,84,80,62,3,124,5,4,0,21,5,0.267,0.344,0.463,0.807,0.348,0.1,0.2,0.499,0.196,0.303,1.6,128,3.9
"Steamer","11493","Manny Machado","SDP",150,589,648,157,97,29,1,30,83,97,52,5,128,3,4,0,7,2,0.266,0.326,0.47,0.796,0.34,0.08,0.2,0.404,0.205,0.291,-1.3,122,3.9
"Steamer","20036","Isaac Paredes","HOU",141,531,621,130,78,26,1,25,83,78,71,1,105,13,4,1,2,1,0.244,0.345,0.438,0.783,0.342,0.12,0.17,0.677,0.194,0.259,-2.1,126,3.9
"Steamer","27479","Masyn Winn","STL",150,616,676,162,108,31,4,18,86,67,49,1,113,4,4,3,16,4,0.262,0.319,0.414,0.732,0.318,0.07,0.17,0.434,0.151,0.294,1.7,105,3.9
"Steamer","14162","Carlos Correa","MIN",130,510,582,136,87,28,2,19,77,68,62,4,114,5,4,2,1,0,0.267,0.348,0.443,0.792,0.343,0.11,0.2,0.54,0.177,0.306,-1.6,125,3.9
"Steamer","22581","Alejandro Kirk","TOR",103,370,419,100,70,19,1,11,47,46,41,1,52,4,3,1,1,0,0.271,0.349,0.413,0.761,0.334,0.1,0.12,0.792,0.142,0.289,-3.1,120,3.9
"ZiPS","24617","Jarren Duran","BOS",149,580,637,152,86,38,10,18,89,78,48,1,144,6,2,1,26,5,0.262,0.324,0.455,0.779,0.335,0.07,0.23,0.333,0.193,0.319,2.1,114,3.9
"ZiPS","17678","Alex Bregman","BOS",143,551,625,139,87,28,2,22,80,82,62,1,81,7,5,0,2,1,0.252,0.333,0.43,0.763,0.332,0.1,0.13,0.765,0.178,0.258,-1.2,119,3.9
"ZiPS DC","17350","Rafael Devers","BOS",157,599,679,161,88,37,3,33,96,103,70,13,148,7,4,0,3,1,0.269,0.349,0.505,0.853,0.36,0.1,0.22,0.471,0.236,0.303,-1,131,3.9
"ZiPS DC","27815","Jordan Westburg","BAL",134,530,581,136,82,30,4,19,77,79,39,0,134,9,2,1,8,2,0.256,0.317,0.437,0.754,0.327,0.07,0.23,0.292,0.181,0.308,-0.4,116,3.9
"ZiPS DC","12161","Xander Bogaerts","SDP",149,579,644,152,108,27,1,15,75,69,52,1,115,6,7,0,13,2,0.262,0.326,0.393,0.719,0.315,0.08,0.18,0.454,0.131,0.299,0.3,105,3.9
"REZ","12533","Marcus Semien","TEX",151,597,666,161,97,32,4,28,90,76,61,1,106,4,4,1,11,3,0.27,0.339,0.475,0.814,0.35,9.1,15.9,0.6,0.205,0.285,0.1,110,3.9
"REZ","18314","Dansby Swanson","CHC",152,576,642,141,89,28,3,20,75,75,57,4,158,4,4,0,15,4,0.244,0.314,0.408,0.722,0.312,8.9,24.7,0.4,0.164,0.299,0.9,102,3.9
"REZ","25976","Riley Greene","DET",143,545,617,145,96,27,6,16,80,76,62,1,155,5,3,0,6,2,0.267,0.345,0.423,0.768,0.334,10,25.2,0.4,0.156,0.343,-0.6,129,3.9
"ATC","10155","Mike Trout","LAA",108,399,464,103,54,18,3,28,67,67,56,4,120,7,2,0,7,2,0.257,0.356,0.523,0.879,0.374,0.12,0.26,0.467,0.266,0.296,-0.4,145,3.8
"ATC","17350","Rafael Devers","BOS",147,561,638,150,85,32,3,31,88,94,66,10,138,6,4,0,4,1,0.268,0.35,0.5,0.85,0.36,0.1,0.22,0.477,0.232,0.302,-1.1,131,3.8
"Depth Charts","19627","Brent Rooker","ATH",149,568,644,147,81,25,2,38,86,101,63,3,190,8,4,1,8,2,0.258,0.338,0.51,0.848,0.361,0.1,0.3,0.33,0.252,0.315,-0.4,142,3.8
"Depth Charts","20454","Jazz Chisholm Jr","NYY",141,548,609,136,84,22,3,27,82,85,51,3,153,5,4,1,35,9,0.249,0.316,0.448,0.764,0.328,0.08,0.25,0.332,0.2,0.294,2.8,115,3.8
"OOPSY","19612","Bo Bichette","TOR",143,569,616,161,109,31,2,18,71,72,38,2,114,4,4,0,11,3,0.283,0.33,0.442,0.772,0.333,0.06,0.18,0.338,0.159,0.323,0.2,119,3.8
"OOPSY","18882","Brandon Lowe","TBR",123,469,532,117,66,23,2,26,69,76,52,2,133,7,3,0,7,2,0.25,0.332,0.474,0.806,0.346,0.1,0.25,0.394,0.224,0.291,0.6,131,3.8
"OOPSY","25816","Shea Langeliers","ATH",128,458,506,109,60,21,2,26,62,73,40,1,136,4,4,0,5,2,0.239,0.303,0.462,0.765,0.327,0.08,0.27,0.291,0.223,0.279,-1.3,118,3.8
"OOPSY","26288","Adley Rutschman","BAL",146,510,586,131,87,26,1,16,69,62,68,2,93,3,5,0,3,1,0.257,0.345,0.407,0.752,0.33,0.12,0.16,0.73,0.151,0.283,-0.7,118,3.8
"OOPSY","20043","Luis Robert Jr","CHW",151,598,651,153,90,32,1,30,75,94,41,2,184,8,4,0,28,7,0.256,0.311,0.466,0.776,0.333,0.06,0.28,0.221,0.209,0.317,2,117,3.8
"Steamer","16505","Matt Chapman","SFG",150,562,642,135,77,32,2,24,77,83,67,2,165,8,4,1,9,3,0.24,0.327,0.434,0.761,0.33,0.1,0.26,0.408,0.194,0.293,0.7,114,3.8
"Steamer","18314","Dansby Swanson","CHC",150,565,631,138,91,26,2,19,72,73,56,1,154,4,5,1,14,4,0.245,0.315,0.401,0.716,0.312,0.09,0.24,0.362,0.156,0.3,1.7,103,3.8
"Steamer","15986","Willy Adames","SFG",150,586,664,140,81,33,1,25,83,80,68,3,160,4,4,1,14,4,0.239,0.32,0.426,0.746,0.324,0.1,0.24,0.427,0.186,0.285,0.5,109,3.8
"Steamer","28163","Junior Caminero","TBR",146,590,643,154,96,27,2,29,78,91,43,3,142,5,5,0,5,2,0.261,0.315,0.46,0.775,0.332,0.07,0.22,0.303,0.199,0.296,-1,121,3.8
"Steamer","5417","Jose Altuve","HOU",150,623,695,167,111,32,1,22,97,72,57,1,120,8,4,3,19,5,0.268,0.334,0.431,0.765,0.333,0.08,0.17,0.474,0.163,0.298,-0.1,120,3.8
"Steamer","19612","Bo Bichette","TOR",143,576,622,160,107,31,2,20,75,81,37,1,119,4,4,1,9,3,0.278,0.324,0.441,0.765,0.331,0.06,0.19,0.308,0.163,0.319,0,118,3.8
"Steamer","10155","Mike Trout","LAA",125,480,553,120,67,20,3,30,77,82,61,4,149,7,4,1,9,2,0.251,0.342,0.493,0.836,0.357,0.11,0.27,0.413,0.243,0.296,-0.5,133,3.8
"THE BAT","10155","Mike Trout","LAA",111,411,478,107,54,20,2,30,71,76,57,3,124,7,3,0,6,2,0.259,0.356,0.538,0.894,0.379,0.12,0.26,0.455,0.279,0.295,-0.3,149,3.8
"THE BAT","5361","Freddie Freeman","LAD",151,574,660,163,105,34,2,22,91,86,72,9,103,8,6,1,14,3,0.285,0.369,0.465,0.835,0.358,0.11,0.16,0.7,0.181,0.312,-0.1,132,3.8
"THE BAT","15986","Willy Adames","SFG",150,568,643,139,82,29,1,27,82,83,63,2,157,3,5,0,12,3,0.244,0.321,0.442,0.763,0.33,0.1,0.24,0.404,0.198,0.286,0.2,113,3.8
"THE BAT","19197","Will Smith","LAD",124,442,510,111,68,22,2,20,64,68,51,3,92,10,6,0,2,0,0.252,0.34,0.443,0.782,0.338,0.1,0.18,0.551,0.19,0.274,-0.9,119,3.8
"THE BAT","27478","Patrick Bailey","SFG",113,385,428,88,61,18,1,9,42,41,35,1,101,3,4,1,2,1,0.229,0.295,0.348,0.644,0.284,0.08,0.24,0.343,0.119,0.285,-0.6,83,3.8
"THE BAT","5417","Jose Altuve","HOU",143,569,631,152,101,29,1,21,83,74,52,1,109,7,3,1,15,5,0.267,0.334,0.434,0.769,0.334,0.08,0.17,0.479,0.167,0.296,-0.1,121,3.8
"THE BATX","26668","Elly De La Cruz","CIN",150,580,648,147,85,32,5,25,100,76,59,3,202,5,3,1,50,9,0.253,0.325,0.453,0.779,0.335,0.09,0.31,0.291,0.2,0.343,5.2,109,3.8
"ZiPS","12927","Brandon Nimmo","NYM",141,537,622,135,87,25,4,19,83,71,70,0,138,11,3,1,9,1,0.251,0.348,0.419,0.767,0.337,0.11,0.22,0.507,0.168,0.303,0.1,120,3.8
"ZiPS DC","21479","Nico Hoerner","CHC",133,523,574,144,106,27,3,8,72,56,38,2,62,10,3,0,26,5,0.275,0.335,0.385,0.72,0.316,0.07,0.11,0.612,0.11,0.298,2.1,105,3.8
"REZ","19197","Will Smith","LAD",125,439,507,109,60,23,1,24,66,67,52,3,92,10,6,0,2,0,0.248,0.337,0.476,0.813,0.348,10.2,18.2,0.6,0.228,0.258,-1.1,119,3.7
"REZ","33333","Wyatt Langford","TEX",143,545,612,136,86,27,5,18,84,80,59,3,123,5,4,0,19,4,0.25,0.327,0.414,0.741,0.321,9.6,20.1,0.5,0.164,0.29,1,126,3.7
"ATC","18314","Dansby Swanson","CHC",149,560,623,137,90,26,2,19,78,74,55,1,152,4,4,0,15,4,0.244,0.315,0.4,0.715,0.313,0.09,0.24,0.363,0.156,0.3,1.3,102,3.7
"Depth Charts","12161","Xander Bogaerts","SDP",149,580,644,154,108,28,1,17,74,71,52,1,114,6,6,1,13,3,0.266,0.329,0.404,0.733,0.321,0.08,0.18,0.454,0.138,0.302,0.7,109,3.7
"Depth Charts","27815","Jordan Westburg","BAL",134,528,581,137,83,30,4,20,74,77,40,0,131,8,3,1,8,2,0.26,0.319,0.445,0.764,0.33,0.07,0.23,0.304,0.185,0.308,-0.4,119,3.7
"OOPSY","20437","Royce Lewis","MIN",133,517,574,136,80,27,1,27,70,82,48,2,134,4,5,0,8,2,0.262,0.327,0.476,0.803,0.344,0.08,0.23,0.36,0.213,0.301,-0.3,126,3.7
"OOPSY","24617","Jarren Duran","BOS",152,598,658,162,94,40,8,20,98,83,50,2,150,6,4,0,30,6,0.27,0.33,0.462,0.792,0.34,0.08,0.23,0.331,0.191,0.328,2.8,117,3.7
"OOPSY","16478","Kyle Schwarber","PHI",152,554,658,133,65,24,1,43,90,109,95,4,191,5,4,0,3,3,0.241,0.355,0.522,0.877,0.374,0.14,0.29,0.495,0.281,0.279,-2.4,141,3.7
"Steamer","22664","Gabriel Moreno","ARI",119,414,469,116,81,23,1,10,55,53,45,0,76,4,3,2,5,2,0.281,0.354,0.418,0.773,0.339,0.1,0.16,0.589,0.138,0.32,-1.6,116,3.7
"THE BAT","20036","Isaac Paredes","HOU",142,514,594,124,76,22,1,25,73,74,63,1,96,12,5,0,1,0,0.242,0.336,0.433,0.769,0.336,0.11,0.16,0.665,0.191,0.25,-1.1,121,3.7
"THE BAT","11493","Manny Machado","SDP",149,572,633,150,94,26,1,29,81,89,51,4,122,2,5,0,9,2,0.263,0.323,0.463,0.786,0.336,0.08,0.19,0.42,0.201,0.284,-0.3,120,3.7
"THE BAT","19612","Bo Bichette","TOR",140,558,600,156,109,30,1,16,74,72,34,1,112,4,4,0,12,3,0.279,0.323,0.426,0.748,0.324,0.06,0.19,0.302,0.146,0.322,0,113,3.7
"THE BATX","27478","Patrick Bailey","SFG",113,385,428,88,61,18,1,9,42,41,35,1,100,3,4,1,2,1,0.228,0.295,0.346,0.641,0.283,0.08,0.23,0.349,0.118,0.283,-0.7,82,3.7
"THE BATX","10155","Mike Trout","LAA",111,411,478,107,56,20,2,29,70,74,56,4,124,7,3,0,6,2,0.261,0.357,0.53,0.887,0.377,0.12,0.26,0.454,0.269,0.301,-0.3,147,3.7
"THE BATX","27562","Austin Wells","NYY",122,413,467,94,56,19,1,17,53,54,44,2,108,5,3,1,4,1,0.227,0.307,0.403,0.71,0.309,0.1,0.23,0.411,0.176,0.263,-0.5,101,3.7
"THE BATX","16252","Trea Turner","PHI",145,580,635,159,104,32,4,19,85,77,39,0,123,6,4,1,23,6,0.274,0.324,0.442,0.766,0.331,0.06,0.19,0.321,0.168,0.316,1.2,112,3.7
"ZiPS","24610","Steven Kwan","CLE",140,548,621,155,118,24,5,8,87,57,63,1,58,5,3,2,16,4,0.283,0.36,0.389,0.749,0.331,0.1,0.09,1.086,0.106,0.303,0.1,118,3.7
"ZiPS DC","19197","Will Smith","LAD",125,424,494,107,67,20,2,18,66,66,51,4,90,11,8,0,2,0,0.252,0.341,0.433,0.775,0.335,0.1,0.18,0.57,0.182,0.273,-0.6,117,3.7
"ZiPS DC","27647","Anthony Volpe","NYY",157,612,679,146,89,35,5,17,85,77,54,1,157,8,4,1,27,6,0.239,0.307,0.396,0.703,0.307,0.08,0.23,0.342,0.157,0.293,1.7,100,3.7
"REZ","17678","Alex Bregman","BOS",145,565,642,150,87,37,2,24,84,81,62,2,86,7,5,0,3,1,0.266,0.343,0.468,0.811,0.349,9.7,13.4,0.7,0.202,0.273,-1.8,117,3.6
"REZ","20036","Isaac Paredes","HOU",143,518,603,129,81,25,1,21,72,78,67,2,99,13,4,0,1,1,0.249,0.348,0.424,0.772,0.337,11.2,16.4,0.7,0.175,0.268,-1.6,122,3.6
"REZ","20454","Jazz Chisholm Jr","NYY",140,543,603,135,78,20,5,33,81,80,53,1,156,5,4,1,35,9,0.25,0.32,0.491,0.811,0.346,8.7,25.8,0.3,0.241,0.286,2.6,114,3.6
"ATC","15986","Willy Adames","SFG",150,571,642,137,81,31,1,25,81,83,63,2,157,3,4,0,13,3,0.24,0.317,0.428,0.745,0.323,0.1,0.24,0.405,0.187,0.285,0.4,109,3.6
"ATC","12533","Marcus Semien","TEX",149,590,656,146,93,29,3,21,92,73,58,1,101,4,3,1,10,3,0.247,0.317,0.413,0.73,0.318,0.09,0.15,0.574,0.166,0.265,0.4,108,3.6
"ATC","25976","Riley Greene","DET",141,533,603,141,88,26,5,22,79,72,62,2,155,5,3,0,6,2,0.265,0.345,0.454,0.799,0.346,0.1,0.26,0.399,0.19,0.332,-0.5,128,3.6
"Depth Charts","17678","Alex Bregman","BOS",157,597,679,153,96,31,2,24,88,87,69,1,89,8,5,1,3,1,0.257,0.338,0.436,0.774,0.337,0.1,0.13,0.774,0.179,0.264,-2.4,115,3.6
"Depth Charts","19612","Bo Bichette","TOR",143,573,616,160,109,31,2,18,75,78,36,1,118,4,3,0,10,3,0.28,0.324,0.435,0.759,0.329,0.06,0.19,0.302,0.155,0.323,-0.2,116,3.6
"Depth Charts","26121","Francisco Alvarez","NYM",123,433,488,101,60,18,1,22,59,68,45,0,119,5,3,1,2,1,0.234,0.312,0.435,0.748,0.324,0.09,0.24,0.382,0.201,0.268,-1.4,111,3.6
"Depth Charts","5417","Jose Altuve","HOU",152,593,658,160,107,31,0,21,94,72,54,2,113,7,3,1,17,5,0.269,0.336,0.431,0.767,0.334,0.08,0.17,0.477,0.162,0.3,-0.3,120,3.6
"Depth Charts","31347","Zach Neto","LAA",130,500,560,126,75,29,1,21,72,72,39,1,124,16,3,2,23,7,0.252,0.324,0.442,0.766,0.332,0.07,0.22,0.311,0.19,0.292,1.2,116,3.6
"Depth Charts","21479","Nico Hoerner","CHC",133,521,574,144,106,27,2,8,69,55,39,2,63,10,3,1,26,5,0.276,0.336,0.385,0.721,0.317,0.07,0.11,0.615,0.109,0.299,2.7,105,3.6
"OOPSY","21636","Jeremy Pena","HOU",157,624,679,166,114,31,3,18,77,72,37,1,126,11,5,2,20,6,0.266,0.316,0.413,0.729,0.317,0.05,0.19,0.291,0.147,0.305,1.2,108,3.6
"OOPSY","5361","Freddie Freeman","LAD",154,578,665,161,103,34,2,22,85,82,73,3,109,9,5,0,11,3,0.279,0.366,0.458,0.825,0.358,0.11,0.16,0.675,0.179,0.308,-0.3,132,3.6
"OOPSY","22664","Gabriel Moreno","ARI",128,451,507,125,88,26,2,10,60,49,47,1,82,5,5,0,6,2,0.278,0.35,0.407,0.756,0.331,0.09,0.16,0.575,0.129,0.318,-1.8,111,3.6
"OOPSY","27647","Anthony Volpe","NYY",157,609,679,141,89,30,5,18,81,70,56,1,154,8,6,1,31,6,0.232,0.302,0.385,0.687,0.3,0.08,0.23,0.361,0.152,0.28,4.2,95,3.6
"OOPSY","19627","Brent Rooker","ATH",149,568,644,145,80,26,1,37,83,100,61,3,192,10,4,0,9,3,0.255,0.335,0.502,0.837,0.357,0.1,0.3,0.317,0.247,0.314,-0.4,139,3.6
"Steamer","20454","Jazz Chisholm Jr","NYY",141,565,629,139,85,23,3,29,88,81,52,3,157,6,4,2,35,10,0.246,0.314,0.449,0.763,0.328,0.08,0.25,0.332,0.202,0.288,2.9,114,3.6
"Steamer","29695","Matt McLain","CIN",134,523,595,136,81,28,3,24,78,80,59,1,149,8,4,1,17,5,0.259,0.341,0.46,0.801,0.346,0.1,0.25,0.395,0.201,0.315,0.1,116,3.6
"THE BAT","17678","Alex Bregman","BOS",129,519,589,135,84,27,2,21,73,75,58,1,77,7,5,0,2,1,0.259,0.339,0.444,0.782,0.34,0.1,0.13,0.76,0.184,0.266,-1,120,3.6
"THE BAT","14162","Carlos Correa","MIN",120,454,517,124,80,24,1,19,65,66,51,2,99,4,4,0,0,0,0.273,0.35,0.455,0.805,0.348,0.1,0.19,0.522,0.182,0.309,-1,129,3.6
"THE BAT","29490","Jackson Merrill","SDP",152,584,630,156,99,32,4,22,80,78,35,2,110,3,5,3,14,4,0.267,0.309,0.447,0.755,0.324,0.06,0.17,0.315,0.179,0.294,0.2,111,3.6
"THE BATX","24617","Jarren Duran","BOS",148,585,646,158,96,36,6,20,94,74,51,2,148,7,3,1,33,6,0.269,0.333,0.454,0.788,0.34,0.08,0.23,0.343,0.185,0.327,2.9,117,3.6
"THE BATX","17678","Alex Bregman","BOS",129,520,589,135,84,28,2,21,72,75,57,0,77,7,5,0,2,1,0.26,0.338,0.443,0.78,0.339,0.1,0.13,0.737,0.182,0.267,-1.1,120,3.6
"THE BATX","33333","Wyatt Langford","TEX",142,536,602,140,84,28,5,24,86,71,55,2,122,6,4,1,18,4,0.262,0.335,0.466,0.801,0.345,0.09,0.2,0.453,0.204,0.294,0.7,126,3.6
"THE BATX","5361","Freddie Freeman","LAD",151,575,660,162,105,32,3,22,90,86,71,9,103,8,6,1,12,4,0.281,0.365,0.46,0.825,0.354,0.11,0.16,0.693,0.178,0.307,-0.5,130,3.6
"THE BATX","11493","Manny Machado","SDP",149,573,633,149,93,25,1,30,81,89,51,4,122,2,5,0,7,3,0.259,0.319,0.463,0.782,0.335,0.08,0.19,0.415,0.204,0.278,-0.9,119,3.6
"ZiPS","29695","Matt McLain","CIN",122,472,536,120,70,27,4,19,70,75,53,1,148,9,2,0,17,6,0.254,0.34,0.449,0.789,0.342,0.1,0.28,0.358,0.195,0.329,-0.1,114,3.6
"ZiPS","20454","Jazz Chisholm Jr","NYY",134,498,552,125,78,20,3,24,72,83,46,3,139,4,3,1,32,8,0.251,0.318,0.448,0.765,0.329,0.08,0.25,0.331,0.197,0.299,2.2,115,3.6
"ZiPS","27815","Jordan Westburg","BAL",123,476,522,122,74,27,4,17,69,71,35,0,120,8,2,1,7,2,0.256,0.317,0.437,0.754,0.327,0.07,0.23,0.292,0.181,0.308,-0.3,116,3.6
"ZiPS","31347","Zach Neto","LAA",140,492,554,124,73,29,1,21,70,75,38,1,125,19,2,3,23,7,0.252,0.328,0.443,0.772,0.336,0.07,0.23,0.304,0.191,0.296,0.7,118,3.6
"ZiPS","18345","Kyle Tucker","CHC",126,453,524,119,71,24,1,23,72,76,66,5,80,1,4,0,17,2,0.263,0.355,0.472,0.827,0.355,0.13,0.15,0.825,0.21,0.271,1.5,131,3.6
"ZiPS DC","31347","Zach Neto","LAA",130,497,560,125,74,29,1,21,71,76,38,1,126,19,2,3,23,7,0.252,0.328,0.443,0.772,0.336,0.07,0.23,0.304,0.191,0.296,0.8,118,3.6
"ZiPS DC","5417","Jose Altuve","HOU",152,595,658,161,108,32,0,21,96,77,54,2,113,7,2,0,16,5,0.271,0.337,0.432,0.769,0.335,0.08,0.17,0.48,0.161,0.302,0,121,3.6
"ZiPS DC","17678","Alex Bregman","BOS",157,599,679,151,95,30,2,24,87,89,67,1,88,8,5,0,2,1,0.252,0.333,0.43,0.763,0.332,0.1,0.13,0.765,0.178,0.258,-1.3,112,3.6
"ZiPS DC","19470","Tommy Edman","LAD",141,556,609,141,94,30,3,14,83,69,42,1,107,5,4,3,26,3,0.254,0.31,0.394,0.704,0.307,0.07,0.18,0.39,0.141,0.289,3.1,98,3.6
"ZiPS DC","17919","Ian Happ","CHC",156,583,672,145,85,35,2,23,87,86,78,2,163,6,4,0,12,3,0.249,0.342,0.436,0.779,0.339,0.12,0.24,0.481,0.187,0.304,-0.3,120,3.6
"REZ","19950","Andres Gimenez","TOR",146,557,615,143,98,26,4,14,70,63,33,2,107,18,4,3,28,5,0.256,0.316,0.397,0.713,0.311,5.3,17.4,0.3,0.141,0.292,2.2,102,3.6
"REZ","27478","Patrick Bailey","SFG",119,416,462,104,72,22,1,9,46,47,37,0,110,2,4,1,3,1,0.251,0.313,0.376,0.689,0.303,8,23.8,0.3,0.125,0.316,-0.5,86,3.6
"REZ","19627","Brent Rooker","ATH",146,551,624,133,77,32,1,23,81,97,60,1,184,9,4,0,8,2,0.241,0.323,0.421,0.744,0.323,9.6,29.5,0.3,0.18,0.316,-0.4,140,3.5
"ATC","27815","Jordan Westburg","BAL",137,517,568,136,82,29,4,21,71,73,39,1,128,8,3,1,10,2,0.263,0.322,0.454,0.777,0.335,0.07,0.22,0.306,0.191,0.31,-0.4,122,3.5
"ATC","14162","Carlos Correa","MIN",120,453,516,121,77,24,2,18,66,64,55,3,98,4,4,0,0,0,0.266,0.348,0.445,0.793,0.343,0.11,0.19,0.555,0.179,0.302,-1.3,126,3.5
"ATC","11493","Manny Machado","SDP",148,575,631,152,94,27,1,29,80,95,50,4,122,2,5,0,8,2,0.264,0.322,0.466,0.788,0.337,0.08,0.19,0.409,0.203,0.285,-1.1,118,3.5
"Depth Charts","22184","Mark Vientos","NYM",154,602,665,150,88,28,2,32,82,100,52,1,194,6,5,1,1,0,0.249,0.313,0.463,0.776,0.333,0.08,0.29,0.267,0.214,0.309,-2.1,118,3.5
"Depth Charts","27479","Masyn Winn","STL",154,607,665,156,105,31,5,16,88,70,47,1,116,4,5,3,14,4,0.258,0.313,0.403,0.716,0.311,0.07,0.17,0.405,0.145,0.293,1.1,101,3.5
"OOPSY","19197","Will Smith","LAD",125,429,494,107,67,20,2,18,61,58,49,2,89,10,5,0,2,0,0.248,0.336,0.428,0.764,0.333,0.1,0.18,0.554,0.179,0.271,-1.5,115,3.5
"OOPSY","20454","Jazz Chisholm Jr","NYY",141,548,609,135,82,23,3,27,75,78,52,2,157,4,4,0,35,10,0.247,0.314,0.446,0.76,0.327,0.09,0.26,0.329,0.199,0.294,2.8,114,3.5
"OOPSY","14344","Matt Olson","ATL",159,597,686,151,82,31,1,37,89,105,78,4,164,6,5,0,1,0,0.252,0.343,0.494,0.837,0.358,0.11,0.24,0.477,0.241,0.284,-1.6,129,3.5
"OOPSY","19950","Andres Gimenez","TOR",147,573,637,144,98,30,3,13,73,61,37,1,113,18,5,4,31,5,0.252,0.314,0.384,0.699,0.306,0.06,0.18,0.325,0.133,0.29,2.8,101,3.5
"OOPSY","23003","Yainer Diaz","HOU",143,542,576,152,100,28,2,22,67,74,25,2,102,3,6,0,2,1,0.281,0.313,0.46,0.773,0.33,0.04,0.18,0.246,0.179,0.308,-2.3,118,3.5
"Steamer","12161","Xander Bogaerts","SDP",149,563,624,151,106,27,1,17,71,70,50,0,110,6,4,1,13,3,0.269,0.333,0.414,0.747,0.327,0.08,0.18,0.454,0.145,0.305,0.7,113,3.5
"Steamer","16578","Yandy Diaz","TBR",150,608,694,174,120,33,1,19,95,69,71,0,107,7,4,3,3,1,0.286,0.365,0.44,0.805,0.352,0.1,0.15,0.666,0.154,0.318,-3.4,136,3.5
"Steamer","22542","Lawrence Butler","ATH",149,609,672,156,94,30,2,29,92,78,53,1,153,3,4,3,21,4,0.256,0.317,0.455,0.772,0.332,0.08,0.23,0.347,0.199,0.294,1,122,3.5
"Steamer","27562","Austin Wells","NYY",109,385,437,89,53,19,1,16,50,53,43,0,98,5,3,1,4,1,0.231,0.314,0.412,0.727,0.317,0.1,0.22,0.442,0.181,0.265,-0.5,107,3.5
"Steamer","21711","Oneil Cruz","PIT",146,571,639,146,86,30,3,26,81,87,58,4,185,5,5,1,19,5,0.256,0.328,0.458,0.786,0.337,0.09,0.29,0.313,0.202,0.329,1.1,114,3.5
"Steamer","19950","Andres Gimenez","TOR",147,555,608,146,101,29,2,13,68,64,32,2,102,15,4,1,26,6,0.262,0.317,0.393,0.711,0.31,0.05,0.17,0.31,0.131,0.299,1.8,103,3.5
"Steamer","26121","Francisco Alvarez","NYM",115,406,458,96,57,17,1,21,56,61,42,0,107,5,3,1,3,1,0.236,0.314,0.437,0.751,0.325,0.09,0.23,0.396,0.201,0.267,-1.3,112,3.5
"THE BAT","27562","Austin Wells","NYY",122,414,467,93,56,21,1,15,51,52,44,1,108,5,3,1,4,1,0.225,0.304,0.39,0.694,0.304,0.09,0.23,0.404,0.165,0.264,-0.4,97,3.5
"THE BAT","12533","Marcus Semien","TEX",148,583,657,145,89,29,3,23,84,76,58,0,106,4,4,1,12,4,0.249,0.319,0.431,0.75,0.325,0.09,0.16,0.552,0.182,0.266,-0.3,113,3.5
"THE BAT","16505","Matt Chapman","SFG",148,549,625,131,74,29,3,24,79,76,63,1,159,7,5,0,7,2,0.238,0.321,0.434,0.755,0.328,0.1,0.25,0.399,0.196,0.287,-0.3,112,3.5
"THE BAT","20454","Jazz Chisholm Jr","NYY",142,546,606,134,81,22,4,28,89,72,50,2,155,5,4,1,35,9,0.246,0.313,0.451,0.764,0.328,0.08,0.26,0.323,0.206,0.29,2.3,115,3.5
"THE BATX","11579","Bryce Harper","PHI",143,533,622,145,87,29,3,25,86,85,79,8,133,5,5,1,9,4,0.271,0.367,0.479,0.846,0.362,0.13,0.21,0.593,0.208,0.314,-0.9,133,3.5
"THE BATX","18314","Dansby Swanson","CHC",149,555,622,137,88,27,1,21,76,76,53,0,154,4,4,1,15,5,0.247,0.316,0.413,0.729,0.318,0.09,0.25,0.344,0.166,0.303,0,106,3.5
"THE BATX","15986","Willy Adames","SFG",150,569,643,137,81,29,2,25,80,79,63,2,158,3,5,0,11,4,0.241,0.317,0.431,0.748,0.324,0.1,0.24,0.399,0.19,0.286,-0.3,110,3.5
"ZiPS","22581","Alejandro Kirk","TOR",118,377,428,99,72,18,0,9,35,48,42,1,51,4,5,0,0,0,0.263,0.339,0.382,0.721,0.318,0.1,0.12,0.824,0.119,0.28,-0.9,109,3.5
"ZiPS","27647","Anthony Volpe","NYY",152,581,645,139,85,33,5,16,81,73,51,1,149,8,4,1,26,6,0.239,0.307,0.396,0.703,0.307,0.08,0.23,0.342,0.157,0.293,1.6,100,3.5
"ZiPS","27478","Patrick Bailey","SFG",110,383,426,90,61,18,1,10,46,45,36,0,103,2,4,1,3,0,0.235,0.301,0.366,0.667,0.293,0.09,0.24,0.35,0.131,0.292,-0.2,89,3.5
"ZiPS","22664","Gabriel Moreno","ARI",101,330,372,94,68,18,1,7,41,44,36,1,61,3,3,0,4,1,0.285,0.358,0.409,0.767,0.336,0.1,0.16,0.59,0.124,0.328,-0.4,114,3.5
"ZiPS","27506","HaSeong Kim","TBR",140,451,521,110,76,21,2,11,61,53,58,2,90,4,4,4,21,5,0.244,0.333,0.373,0.705,0.312,0.11,0.17,0.644,0.129,0.28,1.1,107,3.5
"ZiPS DC","22184","Mark Vientos","NYM",154,603,665,151,89,28,2,31,78,102,51,1,201,6,5,0,0,0,0.25,0.312,0.459,0.771,0.331,0.08,0.3,0.254,0.209,0.319,-1.1,116,3.5
"ZiPS DC","19612","Bo Bichette","TOR",143,576,616,162,112,31,1,17,76,76,35,1,118,3,2,0,10,3,0.281,0.325,0.428,0.753,0.326,0.06,0.19,0.295,0.146,0.327,-0.5,115,3.5
"ZiPS DC","24064","Ezequiel Tovar","COL",159,646,686,171,101,41,4,24,84,94,28,1,180,4,4,3,7,4,0.264,0.298,0.454,0.751,0.321,0.04,0.26,0.158,0.189,0.329,-1.3,93,3.5
"ZiPS DC","19352","Sean Murphy","ATL",109,375,429,88,50,20,1,17,47,58,41,1,103,10,2,0,0,0,0.236,0.326,0.433,0.759,0.331,0.1,0.24,0.4,0.197,0.276,-0.8,111,3.5
"ZiPS DC","22581","Alejandro Kirk","TOR",110,384,436,101,73,18,0,9,36,49,43,1,52,4,5,0,0,0,0.263,0.339,0.382,0.721,0.318,0.1,0.12,0.824,0.119,0.28,-0.9,109,3.5
"ZiPS DC","24617","Jarren Duran","BOS",152,599,658,157,89,39,10,19,92,81,50,1,149,6,2,1,27,5,0.262,0.324,0.455,0.779,0.335,0.07,0.23,0.333,0.193,0.319,2.1,114,3.5
"ZiPS DC","27769","Pete CrowArmstrong","CHC",134,530,581,132,85,23,8,16,83,74,32,2,150,9,3,6,34,6,0.249,0.301,0.412,0.714,0.308,0.06,0.26,0.216,0.163,0.316,3.1,100,3.5
"ZiPS DC","25878","Corbin Carroll","ARI",156,582,672,149,91,26,11,21,111,88,69,1,136,12,5,3,35,6,0.256,0.345,0.449,0.794,0.344,0.1,0.2,0.511,0.193,0.297,3.1,120,3.5
"REZ","24617","Jarren Duran","BOS",150,594,655,160,94,41,10,14,103,75,50,1,140,6,3,1,30,6,0.268,0.33,0.443,0.773,0.333,7.6,21.5,0.4,0.175,0.329,2.5,114,3.5
"REZ","22664","Gabriel Moreno","ARI",120,413,465,109,84,17,1,6,55,52,43,0,75,4,4,1,5,2,0.263,0.335,0.353,0.688,0.306,9.2,16.1,0.6,0.09,0.305,-1.1,112,3.5
"REZ","5417","Jose Altuve","HOU",146,580,643,165,107,32,1,24,87,71,53,1,110,7,3,1,17,5,0.284,0.349,0.468,0.817,0.352,8.2,17.2,0.5,0.184,0.314,-0.2,118,3.5
"REZ","19612","Bo Bichette","TOR",140,560,602,148,95,33,2,19,74,73,34,1,111,4,3,0,10,3,0.265,0.309,0.431,0.74,0.319,5.6,18.5,0.3,0.166,0.298,-0.2,114,3.5
"ATC","24617","Jarren Duran","BOS",148,587,646,157,94,37,8,18,91,69,49,1,148,6,3,1,30,6,0.268,0.329,0.453,0.782,0.337,0.07,0.23,0.33,0.185,0.328,2.6,115,3.4
"ATC","5417","Jose Altuve","HOU",143,570,632,154,104,29,1,19,87,66,52,1,108,7,2,1,17,5,0.27,0.337,0.426,0.762,0.333,0.08,0.17,0.481,0.156,0.302,-0.2,119,3.4
"ATC","20454","Jazz Chisholm Jr","NYY",142,544,604,134,82,22,3,27,83,76,51,3,154,5,4,1,38,9,0.247,0.315,0.447,0.762,0.328,0.08,0.26,0.329,0.2,0.294,2.8,112,3.4
"ATC","17678","Alex Bregman","BOS",138,555,629,143,90,29,2,22,80,80,62,1,81,7,5,0,3,1,0.258,0.338,0.438,0.776,0.338,0.1,0.13,0.767,0.179,0.266,-2.2,115,3.4
"ATC","20036","Isaac Paredes","HOU",141,510,593,121,74,24,1,22,71,76,65,1,99,14,4,0,1,1,0.237,0.337,0.419,0.757,0.332,0.11,0.17,0.66,0.182,0.251,-1.8,119,3.4
"Depth Charts","29695","Matt McLain","CIN",134,511,581,131,77,28,4,22,76,80,57,1,153,9,3,0,18,6,0.257,0.34,0.455,0.795,0.344,0.1,0.26,0.376,0.198,0.322,0,115,3.4
"Depth Charts","33266","Jacob Wilson","ATH",126,501,546,143,98,33,3,9,70,58,32,0,54,7,4,3,4,2,0.286,0.336,0.419,0.755,0.329,0.06,0.1,0.586,0.133,0.305,-0.9,119,3.4
"Depth Charts","21636","Jeremy Pena","HOU",157,627,679,163,113,30,2,18,79,76,36,1,128,11,4,2,17,6,0.26,0.309,0.4,0.709,0.309,0.05,0.19,0.278,0.14,0.3,0.6,103,3.4
"OOPSY","5417","Jose Altuve","HOU",152,593,658,159,108,30,1,20,73,74,55,2,114,7,3,0,19,6,0.267,0.335,0.422,0.757,0.33,0.08,0.17,0.484,0.154,0.3,-0.6,117,3.4
"Steamer","22184","Mark Vientos","NYM",150,567,628,141,82,26,1,32,80,92,50,1,177,6,5,1,1,0,0.248,0.313,0.468,0.781,0.335,0.08,0.28,0.28,0.22,0.3,-2.3,119,3.4
"Steamer","31347","Zach Neto","LAA",130,477,532,120,72,26,1,21,69,65,37,1,115,13,4,2,22,6,0.252,0.32,0.441,0.761,0.329,0.07,0.22,0.319,0.189,0.289,1.4,114,3.4
"Steamer","22266","Xavier Edwards","MIA",136,552,621,156,119,26,5,6,78,47,60,1,88,4,4,3,34,7,0.282,0.354,0.378,0.732,0.324,0.1,0.14,0.677,0.096,0.325,2.7,105,3.4
"Steamer","26368","JJ Bleday","ATH",150,570,659,132,75,31,2,24,80,78,79,1,142,5,5,1,6,2,0.231,0.327,0.417,0.744,0.325,0.12,0.22,0.556,0.186,0.264,-1.3,116,3.4
"Steamer","33333","Wyatt Langford","TEX",144,555,627,146,92,29,4,21,79,80,61,3,124,6,4,1,18,5,0.264,0.341,0.445,0.785,0.34,0.1,0.2,0.494,0.181,0.302,0.8,123,3.4
"THE BAT","19627","Brent Rooker","ATH",142,533,602,134,71,25,1,37,85,92,54,2,180,10,4,0,7,2,0.252,0.331,0.515,0.845,0.36,0.09,0.3,0.303,0.263,0.302,-0.4,141,3.4
"THE BAT","25931","Michael Harris II","ATL",137,533,579,147,95,29,3,19,82,70,36,2,115,6,3,1,20,5,0.276,0.326,0.451,0.777,0.334,0.06,0.2,0.31,0.175,0.317,0.7,114,3.4
"THE BAT","18882","Brandon Lowe","TBR",115,427,483,105,58,21,2,24,63,71,46,1,123,6,3,0,4,1,0.245,0.325,0.475,0.8,0.344,0.1,0.26,0.37,0.229,0.285,-0.5,129,3.4
"THE BATX","25931","Michael Harris II","ATL",137,531,579,146,93,30,3,19,82,69,38,3,114,6,3,1,20,5,0.274,0.328,0.451,0.779,0.335,0.07,0.2,0.333,0.177,0.315,0.8,114,3.4
"THE BATX","19352","Sean Murphy","ATL",110,375,429,89,53,19,0,17,53,55,41,1,103,9,3,0,0,0,0.237,0.325,0.424,0.749,0.327,0.1,0.24,0.395,0.187,0.279,-0.8,109,3.4
"THE BATX","20454","Jazz Chisholm Jr","NYY",142,545,606,133,80,24,3,26,87,71,52,2,155,5,4,1,35,8,0.244,0.313,0.443,0.756,0.326,0.09,0.26,0.333,0.199,0.29,2.8,113,3.4
"ZiPS","14551","Anthony Santander","TOR",149,565,631,141,73,32,1,35,80,99,54,2,130,7,5,0,2,1,0.25,0.32,0.496,0.816,0.348,0.09,0.21,0.415,0.246,0.262,-1,130,3.4
"ZiPS","23003","Yainer Diaz","HOU",135,519,552,145,98,26,2,19,65,80,24,1,99,3,6,0,1,0,0.279,0.312,0.447,0.759,0.325,0.04,0.18,0.242,0.168,0.31,-0.8,114,3.4
"ZiPS","19352","Sean Murphy","ATL",106,365,417,86,49,19,1,17,46,56,40,1,100,10,2,0,0,0,0.236,0.326,0.433,0.759,0.331,0.1,0.24,0.4,0.197,0.276,-0.8,111,3.4
"ZiPS","24064","Ezequiel Tovar","COL",152,613,651,162,96,39,4,23,80,89,27,1,171,4,4,3,7,4,0.264,0.298,0.454,0.751,0.321,0.04,0.26,0.158,0.189,0.329,-1.2,93,3.4
"ZiPS","17919","Ian Happ","CHC",152,550,634,137,80,33,2,22,82,81,74,2,154,6,4,0,11,3,0.249,0.342,0.436,0.779,0.339,0.12,0.24,0.481,0.187,0.304,-0.3,120,3.4
"ZiPS DC","12927","Brandon Nimmo","NYM",134,502,581,126,81,23,4,18,78,66,65,0,129,10,3,1,8,1,0.251,0.348,0.419,0.767,0.337,0.11,0.22,0.507,0.168,0.303,0.1,120,3.4
"ZiPS DC","9777","Nolan Arenado","STL",152,598,658,158,104,32,1,20,69,87,48,3,96,6,7,0,2,2,0.264,0.321,0.423,0.744,0.321,0.07,0.15,0.494,0.159,0.281,-1.7,107,3.4
"ZiPS DC","14161","Byron Buxton","MIN",118,461,511,114,56,30,3,26,79,75,37,1,144,11,3,0,8,1,0.247,0.316,0.491,0.807,0.345,0.07,0.28,0.255,0.244,0.3,0.3,127,3.4
"ZiPS DC","14344","Matt Olson","ATL",159,594,686,150,81,35,1,34,89,106,81,6,160,6,5,0,1,0,0.252,0.345,0.483,0.828,0.354,0.12,0.23,0.503,0.231,0.287,-1.1,127,3.4
"ZiPS DC","14551","Anthony Santander","TOR",156,602,672,150,78,34,1,37,85,105,58,2,138,7,5,0,2,1,0.25,0.32,0.496,0.816,0.348,0.09,0.21,0.415,0.246,0.262,-1.1,130,3.4
"ZiPS DC","29695","Matt McLain","CIN",134,512,581,130,76,29,4,21,76,81,57,1,160,10,2,0,18,7,0.254,0.34,0.449,0.789,0.342,0.1,0.28,0.358,0.195,0.329,-0.1,114,3.4
"ZiPS DC","18882","Brandon Lowe","TBR",123,472,532,114,64,24,1,25,72,78,50,1,139,7,2,0,6,1,0.242,0.323,0.458,0.781,0.337,0.1,0.26,0.362,0.216,0.287,-0.2,125,3.4
"ZiPS DC","25479","Brenton Doyle","COL",154,608,665,154,100,25,5,23,87,87,42,1,189,5,6,4,27,5,0.252,0.303,0.423,0.727,0.313,0.06,0.28,0.224,0.171,0.324,2.2,88,3.4
"REZ","27815","Jordan Westburg","BAL",133,510,560,130,75,35,5,14,70,72,37,0,126,8,3,1,9,2,0.255,0.313,0.422,0.735,0.317,6.6,22.6,0.3,0.167,0.311,-0.3,117,3.4
"REZ","22581","Alejandro Kirk","TOR",109,375,425,98,68,19,0,11,43,46,40,1,51,4,4,0,0,0,0.261,0.336,0.401,0.737,0.323,9.5,11.9,0.8,0.14,0.273,-1.9,111,3.3
"REZ","24610","Steven Kwan","CLE",150,580,657,151,114,24,5,8,85,57,63,1,61,5,4,2,17,4,0.261,0.336,0.361,0.697,0.309,9.6,9.3,1,0.1,0.278,0.4,115,3.3
"REZ","12161","Xander Bogaerts","SDP",145,552,614,141,93,27,1,21,70,67,48,2,112,6,6,0,13,3,0.256,0.319,0.422,0.741,0.321,7.8,18.3,0.4,0.166,0.283,0.4,108,3.3
"REZ","27647","Anthony Volpe","NYY",151,585,649,144,92,28,6,19,81,66,53,1,149,7,4,2,27,6,0.246,0.314,0.409,0.723,0.314,8.1,22.8,0.4,0.163,0.297,2.6,96,3.3
"ATC","22664","Gabriel Moreno","ARI",119,400,450,111,79,22,1,9,51,53,42,1,74,4,4,0,5,1,0.277,0.348,0.403,0.751,0.33,0.09,0.16,0.565,0.126,0.318,-1.3,110,3.3
"ATC","33333","Wyatt Langford","TEX",142,536,602,140,86,29,4,21,81,76,57,2,121,5,4,0,19,4,0.261,0.335,0.447,0.782,0.338,0.09,0.2,0.466,0.187,0.299,0.9,121,3.3
"Depth Charts","24617","Jarren Duran","BOS",152,597,658,157,91,39,9,18,92,74,50,1,150,6,3,2,28,6,0.262,0.324,0.449,0.774,0.333,0.08,0.23,0.334,0.187,0.321,2.5,113,3.3
"Depth Charts","21711","Oneil Cruz","PIT",146,565,630,144,84,30,4,26,83,86,56,4,181,4,4,0,20,4,0.255,0.325,0.458,0.783,0.336,0.09,0.29,0.311,0.203,0.326,1.6,113,3.3
"Depth Charts","22542","Lawrence Butler","ATH",149,585,644,148,90,29,3,26,87,79,51,1,154,2,4,1,20,3,0.253,0.314,0.444,0.758,0.327,0.08,0.24,0.333,0.191,0.299,1.4,117,3.3
"Depth Charts","27562","Austin Wells","NYY",117,407,462,94,56,20,1,17,51,58,45,0,109,6,4,1,4,1,0.23,0.313,0.407,0.72,0.315,0.1,0.23,0.417,0.177,0.27,-0.5,105,3.3
"Depth Charts","14344","Matt Olson","ATL",159,594,686,149,82,32,1,34,92,105,81,6,163,6,5,0,1,0,0.251,0.345,0.482,0.827,0.354,0.12,0.24,0.497,0.23,0.287,-1.5,127,3.3
"Depth Charts","19197","Will Smith","LAD",125,428,494,107,67,20,2,18,64,65,51,4,89,10,6,0,2,0,0.25,0.339,0.436,0.775,0.335,0.1,0.18,0.573,0.185,0.272,-1.3,117,3.3
"OOPSY","31347","Zach Neto","LAA",130,498,560,124,76,27,1,20,65,68,39,1,125,17,4,2,25,7,0.249,0.322,0.426,0.749,0.326,0.07,0.22,0.312,0.177,0.293,1.5,111,3.3
"OOPSY","19251","Pete Alonso","NYM",154,582,665,144,77,27,1,38,85,104,65,3,152,14,5,0,4,1,0.247,0.334,0.496,0.831,0.355,0.1,0.23,0.426,0.249,0.266,-2.4,132,3.3
"OOPSY","17678","Alex Bregman","BOS",157,599,679,156,101,32,2,20,82,77,68,2,91,7,5,0,4,1,0.26,0.34,0.424,0.764,0.333,0.1,0.13,0.751,0.164,0.274,-2.6,112,3.3
"OOPSY","20036","Isaac Paredes","HOU",141,520,609,126,80,25,1,20,73,68,71,2,98,13,5,0,2,1,0.242,0.344,0.409,0.753,0.331,0.12,0.16,0.72,0.166,0.261,-2,118,3.3
"Steamer","33266","Jacob Wilson","ATH",126,437,478,126,88,27,2,8,55,50,30,0,51,5,3,2,6,1,0.287,0.338,0.417,0.755,0.329,0.06,0.11,0.585,0.13,0.308,-0.4,119,3.3
"Steamer","20437","Royce Lewis","MIN",133,497,553,125,73,25,1,27,68,76,47,2,130,4,4,1,6,2,0.252,0.32,0.465,0.785,0.337,0.09,0.23,0.363,0.213,0.287,-0.5,122,3.3
"Steamer","24617","Jarren Duran","BOS",150,622,688,163,97,39,9,19,97,71,53,1,159,6,4,3,31,6,0.263,0.325,0.443,0.768,0.331,0.08,0.23,0.334,0.181,0.323,2.8,111,3.3
"Steamer","25768","CJ Abrams","WSN",139,574,633,146,92,29,5,21,87,66,39,3,119,13,4,3,37,9,0.255,0.315,0.43,0.745,0.322,0.06,0.19,0.331,0.175,0.286,3.5,106,3.3
"Steamer","21636","Jeremy Pena","HOU",150,574,621,151,103,29,2,17,69,72,32,1,116,9,4,1,16,5,0.264,0.311,0.412,0.724,0.314,0.05,0.19,0.277,0.148,0.302,0.9,106,3.3
"THE BAT","26668","Elly De La Cruz","CIN",150,583,648,146,86,30,6,24,99,73,57,2,204,5,3,1,46,12,0.25,0.32,0.447,0.767,0.331,0.09,0.32,0.277,0.196,0.342,3.3,106,3.3
"THE BAT","12161","Xander Bogaerts","SDP",145,540,606,146,103,27,1,16,75,68,46,1,110,6,5,1,14,3,0.27,0.332,0.412,0.744,0.325,0.08,0.18,0.42,0.141,0.31,0.2,112,3.3
"THE BATX","14162","Carlos Correa","MIN",120,455,517,121,79,23,1,18,63,64,51,2,99,4,4,0,0,0,0.266,0.343,0.44,0.783,0.34,0.1,0.19,0.513,0.174,0.302,-1,123,3.3
"ZiPS","sa3017795","Carson Williams","TBR",121,476,530,109,67,20,4,18,70,71,43,1,176,8,3,0,17,8,0.229,0.302,0.401,0.703,0.306,0.08,0.33,0.244,0.172,0.319,-0.8,103,3.3
"ZiPS","5417","Jose Altuve","HOU",130,528,584,143,96,28,0,19,85,68,48,2,100,6,2,0,14,4,0.271,0.337,0.432,0.769,0.335,0.08,0.17,0.48,0.161,0.302,0,121,3.3
"ZiPS","29591","Colton Cowser","BAL",139,488,559,123,78,24,2,19,81,74,58,2,164,9,4,0,8,3,0.252,0.34,0.426,0.766,0.334,0.1,0.29,0.354,0.174,0.337,-0.7,121,3.3
"ZiPS","29518","James Wood","WSN",137,518,590,137,83,29,5,20,81,76,67,2,160,3,2,0,18,6,0.264,0.351,0.456,0.806,0.349,0.11,0.27,0.419,0.191,0.344,0,125,3.3
"ZiPS","27769","Pete CrowArmstrong","CHC",136,490,537,122,79,21,7,15,77,68,30,2,139,8,3,6,31,6,0.249,0.301,0.412,0.714,0.308,0.06,0.26,0.216,0.163,0.316,2.9,100,3.3
"ZiPS DC","15491","JP Crawford","SEA",141,527,609,127,87,27,1,12,76,56,70,0,121,7,3,1,4,1,0.242,0.336,0.367,0.703,0.314,0.12,0.2,0.583,0.125,0.289,-0.9,111,3.3
"ZiPS DC","29591","Colton Cowser","BAL",130,489,560,123,78,24,2,19,81,74,58,2,164,9,4,0,8,3,0.252,0.34,0.426,0.766,0.334,0.1,0.29,0.354,0.174,0.337,-0.7,121,3.3
"ZiPS DC","29518","James Wood","WSN",141,535,609,141,86,30,5,21,84,78,69,2,165,3,2,0,19,6,0.264,0.351,0.456,0.806,0.349,0.11,0.27,0.419,0.191,0.344,0,125,3.3
"ZiPS DC","22542","Lawrence Butler","ATH",149,586,644,147,90,30,4,24,86,84,52,1,162,1,5,0,20,2,0.25,0.31,0.433,0.744,0.321,0.08,0.25,0.321,0.183,0.303,1.9,113,3.3
"REZ","26121","Francisco Alvarez","NYM",121,416,468,93,37,27,1,31,54,63,45,0,118,6,3,0,2,1,0.224,0.306,0.523,0.829,0.353,9.6,25.1,0.4,0.299,0.229,-1.2,108,3.3
"REZ","31347","Zach Neto","LAA",131,483,541,122,71,33,0,19,70,67,38,0,124,16,3,2,22,6,0.253,0.325,0.438,0.763,0.332,7,22.9,0.3,0.185,0.301,1,113,3.3
"ATC","19950","Andres Gimenez","TOR",143,539,596,138,98,27,3,11,68,59,33,2,100,17,4,3,26,5,0.256,0.316,0.377,0.694,0.304,0.06,0.17,0.326,0.121,0.294,1.9,99,3.2
"ATC","23003","Yainer Diaz","HOU",134,509,541,142,94,26,2,20,64,74,24,1,97,4,5,0,1,0,0.279,0.313,0.454,0.768,0.329,0.04,0.18,0.243,0.175,0.308,-1.9,117,3.2
"Depth Charts","28163","Junior Caminero","TBR",146,581,630,151,97,24,2,27,75,90,40,3,137,5,4,0,4,2,0.259,0.311,0.448,0.759,0.326,0.06,0.22,0.293,0.189,0.294,-1.2,117,3.2
"Depth Charts","20437","Royce Lewis","MIN",133,519,574,129,76,26,1,26,74,83,47,2,137,4,4,0,7,2,0.249,0.314,0.453,0.767,0.33,0.08,0.24,0.343,0.204,0.288,-0.6,116,3.2
"Depth Charts","26294","Bryson Stott","PHI",151,585,651,151,106,27,3,14,78,69,55,1,112,4,6,1,29,5,0.258,0.323,0.387,0.71,0.311,0.08,0.17,0.492,0.13,0.294,3.1,99,3.2
"Depth Charts","19352","Sean Murphy","ATL",109,375,429,88,51,19,1,17,49,55,41,1,101,9,3,1,1,0,0.234,0.323,0.424,0.747,0.326,0.1,0.23,0.41,0.19,0.273,-1,108,3.2
"Depth Charts","33824","Jung Hoo Lee","SFG",143,561,616,161,113,32,4,11,73,62,45,3,53,5,2,3,8,6,0.287,0.343,0.418,0.762,0.331,0.07,0.09,0.86,0.132,0.299,-2.1,114,3.2
"Depth Charts","13419","Christian Walker","HOU",151,571,651,136,76,28,1,31,83,97,65,4,152,9,6,0,5,1,0.237,0.322,0.453,0.775,0.333,0.1,0.23,0.429,0.216,0.265,-0.6,120,3.2
"Depth Charts","16556","Ozzie Albies","ATL",152,600,658,158,98,35,3,23,86,87,44,1,105,7,6,1,12,3,0.263,0.318,0.446,0.764,0.329,0.07,0.16,0.418,0.182,0.283,1.1,110,3.2
"Depth Charts","24064","Ezequiel Tovar","COL",159,645,686,169,101,39,4,24,85,87,29,1,178,5,4,3,9,4,0.261,0.296,0.446,0.742,0.318,0.04,0.26,0.163,0.185,0.323,-0.8,91,3.2
"Depth Charts","9777","Nolan Arenado","STL",152,599,658,156,103,31,1,22,72,86,47,3,99,6,6,0,3,2,0.26,0.318,0.424,0.741,0.32,0.07,0.15,0.473,0.163,0.278,-1.7,107,3.2
"OOPSY","12533","Marcus Semien","TEX",154,599,665,145,93,28,3,21,77,74,59,1,107,3,4,0,11,3,0.242,0.312,0.403,0.715,0.312,0.09,0.16,0.547,0.161,0.262,0.4,103,3.2
"OOPSY","11739","JT Realmuto","PHI",126,456,501,115,72,22,2,19,61,62,34,1,123,8,3,0,9,2,0.253,0.315,0.437,0.752,0.325,0.07,0.25,0.277,0.184,0.305,-0.2,108,3.2
"Steamer","21479","Nico Hoerner","CHC",133,511,565,141,104,27,2,8,64,53,39,1,64,9,4,1,26,6,0.276,0.337,0.384,0.721,0.317,0.07,0.11,0.617,0.108,0.301,2.7,106,3.2
"Steamer","28806","Jackson Chourio","MIL",150,612,673,164,102,31,3,28,95,82,49,3,137,5,4,3,27,7,0.268,0.325,0.466,0.791,0.339,0.07,0.2,0.356,0.198,0.301,2.5,117,3.2
"THE BAT","22581","Alejandro Kirk","TOR",108,366,414,93,66,18,0,9,45,44,40,1,52,5,3,0,0,0,0.255,0.333,0.377,0.71,0.313,0.1,0.13,0.761,0.122,0.274,-0.8,106,3.2
"THE BAT","24617","Jarren Duran","BOS",148,587,646,156,97,35,7,17,92,68,49,1,149,7,3,1,32,7,0.266,0.328,0.437,0.765,0.331,0.08,0.23,0.329,0.171,0.328,2.6,111,3.2
"THE BATX","22581","Alejandro Kirk","TOR",108,368,414,93,66,17,0,10,45,45,38,1,53,5,3,0,0,0,0.252,0.328,0.378,0.706,0.312,0.09,0.13,0.723,0.126,0.269,-0.9,104,3.2
"THE BATX","27815","Jordan Westburg","BAL",135,509,558,132,81,28,4,19,71,68,38,1,129,7,4,1,9,2,0.26,0.317,0.443,0.76,0.328,0.07,0.23,0.292,0.183,0.309,-0.2,117,3.2
"THE BATX","12533","Marcus Semien","TEX",148,583,657,144,90,29,4,20,82,72,58,0,107,4,4,1,12,4,0.247,0.317,0.415,0.732,0.319,0.09,0.16,0.542,0.168,0.269,-0.2,108,3.2
"ZiPS","14344","Matt Olson","ATL",152,567,655,143,77,33,1,32,85,101,77,6,153,6,5,0,1,0,0.252,0.345,0.483,0.828,0.354,0.12,0.23,0.503,0.231,0.287,-1,127,3.2
"ZiPS","19612","Bo Bichette","TOR",127,512,548,144,100,28,1,15,68,68,31,1,105,3,2,0,9,3,0.281,0.325,0.428,0.753,0.326,0.06,0.19,0.295,0.146,0.327,-0.5,115,3.2
"ZiPS DC","11739","JT Realmuto","PHI",126,453,501,117,74,23,3,17,61,62,35,2,124,9,3,0,8,3,0.258,0.321,0.435,0.756,0.327,0.07,0.25,0.284,0.178,0.315,-0.7,109,3.2
"ZiPS DC","26294","Bryson Stott","PHI",151,586,651,151,108,27,3,13,77,69,54,1,114,3,7,0,28,3,0.257,0.32,0.379,0.7,0.307,0.08,0.17,0.475,0.122,0.296,2.8,95,3.2
"ZiPS DC","20043","Luis Robert Jr","CHW",151,600,651,149,89,33,0,27,83,87,39,4,185,9,3,0,25,5,0.248,0.303,0.437,0.739,0.318,0.06,0.28,0.209,0.188,0.313,1.9,107,3.2
"ZiPS DC","21711","Oneil Cruz","PIT",146,568,630,144,84,30,4,26,86,86,56,4,180,3,3,0,21,3,0.253,0.322,0.457,0.779,0.334,0.09,0.29,0.31,0.204,0.324,1.9,112,3.2
"ZiPS DC","21636","Jeremy Pena","HOU",157,625,679,161,114,28,2,16,82,74,36,1,129,11,4,2,16,5,0.257,0.307,0.388,0.695,0.303,0.05,0.19,0.28,0.131,0.298,-0.2,99,3.2
"ZiPS DC","19251","Pete Alonso","NYM",154,576,665,140,79,27,1,34,85,103,70,7,153,14,5,0,4,0,0.244,0.337,0.47,0.807,0.346,0.1,0.23,0.456,0.226,0.27,-0.4,126,3.2
"ZiPS DC","19918","Daulton Varsho","TOR",131,510,567,114,63,24,4,23,75,74,49,1,141,4,2,1,12,3,0.223,0.296,0.419,0.715,0.31,0.09,0.25,0.351,0.196,0.262,0.1,103,3.2
"ZiPS DC","27479","Masyn Winn","STL",154,608,665,154,104,30,5,15,91,74,46,1,121,3,5,3,14,4,0.253,0.307,0.392,0.699,0.304,0.07,0.18,0.379,0.139,0.292,-0.2,96,3.2
"ZiPS DC","33266","Jacob Wilson","ATH",126,502,546,143,96,36,3,9,77,60,29,0,49,9,3,3,2,2,0.286,0.333,0.422,0.755,0.329,0.05,0.09,0.586,0.136,0.302,-1.4,119,3.2
"ZiPS DC","13419","Christian Walker","HOU",151,570,651,132,73,27,1,31,81,98,65,4,153,9,7,0,5,1,0.232,0.317,0.445,0.762,0.328,0.1,0.24,0.423,0.213,0.258,-0.7,116,3.2
"REZ","21636","Jeremy Pena","HOU",153,597,648,154,107,27,2,17,77,69,34,1,121,10,4,2,17,5,0.258,0.307,0.394,0.701,0.305,5.2,18.7,0.3,0.136,0.297,0.6,102,3.2
"REZ","21711","Oneil Cruz","PIT",144,553,615,146,93,19,3,31,85,83,56,2,171,4,4,0,21,4,0.263,0.333,0.478,0.811,0.348,9.1,27.8,0.3,0.215,0.323,1.5,113,3.2
"REZ","29695","Matt McLain","CIN",129,496,562,120,71,28,4,18,77,74,55,0,152,9,3,0,18,6,0.242,0.327,0.423,0.75,0.328,9.8,26.9,0.4,0.181,0.311,0.3,112,3.1
"REZ","23003","Yainer Diaz","HOU",138,525,559,142,60,66,1,16,65,76,25,0,99,4,5,0,1,0,0.271,0.305,0.491,0.796,0.337,4.4,17.7,0.2,0.22,0.304,-1.5,115,3.1
"REZ","19352","Sean Murphy","ATL",108,371,425,88,46,21,0,21,50,55,42,1,104,9,3,0,0,0,0.237,0.327,0.465,0.792,0.342,9.8,24.4,0.4,0.228,0.269,-0.9,109,3.1
"REZ","18882","Brandon Lowe","TBR",118,447,505,100,54,20,3,23,62,70,47,1,141,6,3,0,6,1,0.223,0.304,0.435,0.739,0.319,9.3,28,0.3,0.212,0.268,0,123,3.1
"REZ","14344","Matt Olson","ATL",155,579,669,157,83,32,1,43,88,101,76,7,169,6,5,0,1,0,0.271,0.359,0.552,0.911,0.384,11.3,25.3,0.4,0.281,0.307,-1.4,126,3.1
"ATC","31347","Zach Neto","LAA",125,456,510,114,69,25,1,19,64,61,34,1,115,15,3,2,21,6,0.249,0.319,0.431,0.75,0.326,0.07,0.23,0.293,0.182,0.293,1.1,112,3.1
"ATC","19612","Bo Bichette","TOR",140,559,600,153,105,30,2,16,72,71,34,1,115,4,3,0,9,3,0.274,0.318,0.419,0.737,0.32,0.06,0.19,0.293,0.145,0.318,-0.2,110,3.1
"ATC","24610","Steven Kwan","CLE",146,567,640,157,117,26,5,9,84,55,62,1,62,5,4,2,17,4,0.276,0.351,0.384,0.735,0.325,0.1,0.1,1.001,0.108,0.296,0.8,114,3.1
"ATC","12161","Xander Bogaerts","SDP",144,545,602,144,101,26,1,16,71,64,46,0,105,5,6,0,13,3,0.265,0.325,0.403,0.727,0.318,0.08,0.17,0.436,0.138,0.299,0.5,105,3.1
"Depth Charts","18882","Brandon Lowe","TBR",123,471,532,112,63,22,2,24,71,72,51,1,139,7,3,1,6,1,0.237,0.319,0.447,0.765,0.331,0.1,0.26,0.366,0.209,0.282,0.3,121,3.1
"Depth Charts","17919","Ian Happ","CHC",156,581,672,143,85,33,2,23,88,79,79,2,162,7,4,1,12,3,0.247,0.342,0.43,0.771,0.337,0.12,0.24,0.488,0.183,0.301,-0.1,119,3.1
"Depth Charts","16578","Yandy Diaz","TBR",152,580,658,166,116,32,1,17,82,71,67,1,99,6,4,1,1,1,0.286,0.364,0.433,0.796,0.349,0.1,0.15,0.676,0.147,0.317,-3.2,133,3.1
"Depth Charts","15491","JP Crawford","SEA",141,526,609,126,87,26,1,12,71,55,71,0,121,7,4,2,5,1,0.24,0.336,0.363,0.699,0.312,0.12,0.2,0.584,0.124,0.288,-0.6,110,3.1
"Depth Charts","29518","James Wood","WSN",141,533,609,140,86,29,4,21,80,78,69,2,163,4,3,0,18,6,0.263,0.349,0.451,0.8,0.347,0.11,0.27,0.421,0.188,0.338,-0.1,123,3.1
"Depth Charts","28806","Jackson Chourio","MIL",152,603,658,162,103,31,3,25,90,86,45,3,135,4,4,2,28,8,0.268,0.321,0.452,0.774,0.332,0.07,0.21,0.333,0.184,0.307,2.1,113,3.1
"Depth Charts","14551","Anthony Santander","TOR",156,602,672,148,79,32,1,36,86,102,57,2,139,8,5,0,2,1,0.247,0.318,0.483,0.801,0.342,0.09,0.21,0.413,0.236,0.261,-1,126,3.1
"OOPSY","16578","Yandy Diaz","TBR",152,580,658,167,116,32,1,17,78,71,68,3,99,6,4,0,2,1,0.287,0.365,0.435,0.8,0.349,0.1,0.15,0.685,0.148,0.319,-3.5,133,3.1
"OOPSY","12161","Xander Bogaerts","SDP",149,582,644,154,108,27,1,17,70,65,52,2,116,5,5,0,15,4,0.264,0.327,0.401,0.728,0.318,0.08,0.18,0.445,0.137,0.301,0.7,107,3.1
"OOPSY","29695","Matt McLain","CIN",134,509,581,126,73,26,3,23,76,74,59,2,157,9,4,0,22,6,0.247,0.333,0.445,0.778,0.337,0.1,0.27,0.377,0.198,0.309,0.9,110,3.1
"OOPSY","13419","Christian Walker","HOU",151,577,651,142,80,29,1,31,78,93,60,2,148,8,5,0,4,2,0.246,0.323,0.462,0.785,0.338,0.09,0.23,0.407,0.217,0.274,-0.9,123,3.1
"OOPSY","14161","Byron Buxton","MIN",118,461,511,115,59,25,2,28,67,81,37,2,141,9,4,0,10,2,0.249,0.315,0.495,0.81,0.345,0.07,0.28,0.262,0.246,0.294,1.2,127,3.1
"OOPSY","29518","James Wood","WSN",141,536,609,142,87,30,3,22,81,76,65,2,162,3,5,0,20,4,0.266,0.346,0.457,0.802,0.346,0.11,0.27,0.399,0.191,0.338,0.9,123,3.1
"OOPSY","24610","Steven Kwan","CLE",156,593,672,165,124,28,5,8,85,52,67,2,64,5,5,2,18,5,0.279,0.355,0.385,0.74,0.326,0.1,0.1,1.055,0.106,0.299,0.9,115,3.1
"Steamer","27815","Jordan Westburg","BAL",134,483,533,127,77,27,4,19,65,69,38,0,119,6,4,2,8,2,0.263,0.322,0.452,0.774,0.334,0.07,0.22,0.316,0.189,0.309,-0.4,121,3.1
"Steamer","16556","Ozzie Albies","ATL",150,580,636,154,96,33,2,22,80,80,43,1,101,7,4,1,12,3,0.265,0.322,0.446,0.768,0.332,0.07,0.16,0.426,0.18,0.286,1.1,112,3.1
"Steamer","19627","Brent Rooker","ATH",149,585,665,145,81,26,2,37,93,94,65,3,199,9,4,1,8,3,0.248,0.33,0.486,0.815,0.349,0.1,0.3,0.327,0.238,0.305,-0.5,133,3.1
"Steamer","13419","Christian Walker","HOU",150,569,646,138,77,28,1,32,84,96,65,4,149,8,4,0,5,2,0.243,0.327,0.462,0.788,0.339,0.1,0.23,0.434,0.219,0.271,-0.6,124,3.1
"Steamer","19197","Will Smith","LAD",116,426,488,106,65,21,2,19,61,63,50,3,86,8,3,1,2,1,0.249,0.337,0.438,0.775,0.336,0.1,0.18,0.575,0.189,0.27,-1.5,117,3.1
"THE BAT","19352","Sean Murphy","ATL",110,375,429,87,53,17,1,16,52,53,41,1,103,9,3,0,0,0,0.232,0.321,0.41,0.732,0.321,0.1,0.24,0.4,0.178,0.275,-0.8,104,3.1
"THE BAT","25976","Riley Greene","DET",141,532,603,140,88,26,5,21,79,73,61,2,156,5,4,0,6,2,0.262,0.342,0.45,0.792,0.343,0.1,0.26,0.393,0.188,0.33,-0.8,126,3.1
"THE BATX","19627","Brent Rooker","ATH",142,532,602,133,71,25,2,35,83,88,55,4,177,10,4,0,7,2,0.249,0.33,0.499,0.829,0.353,0.09,0.3,0.312,0.25,0.302,-0.6,136,3.1
"ZiPS","30116","Seiya Suzuki","CHC",131,491,561,133,82,26,4,21,72,72,61,3,139,4,5,0,11,5,0.271,0.353,0.468,0.821,0.353,0.11,0.25,0.439,0.198,0.333,-1,130,3.1
"ZiPS","31781","Jackson Holliday","BAL",135,507,591,117,72,28,2,15,101,68,77,1,155,4,3,0,9,1,0.231,0.335,0.383,0.718,0.318,0.13,0.26,0.497,0.152,0.3,0.2,110,3.1
"ZiPS","9777","Nolan Arenado","STL",138,527,580,139,92,28,1,18,61,77,42,3,85,5,6,0,2,2,0.264,0.321,0.423,0.744,0.321,0.07,0.15,0.494,0.159,0.281,-1.5,107,3.1
"ZiPS","19251","Pete Alonso","NYM",152,562,649,137,77,26,1,33,83,101,68,7,149,14,5,0,4,0,0.244,0.337,0.47,0.807,0.346,0.1,0.23,0.456,0.226,0.27,-0.4,126,3.1
"ZiPS","21618","Alec Bohm","PHI",146,553,607,157,105,34,2,16,70,82,42,1,93,5,7,0,4,2,0.284,0.336,0.439,0.775,0.335,0.07,0.15,0.452,0.156,0.313,-1.2,115,3.1
"ZiPS","26466","Matt Wallner","MIN",139,486,561,117,62,29,3,23,67,81,56,2,194,17,2,0,5,1,0.241,0.339,0.455,0.793,0.344,0.1,0.35,0.289,0.214,0.347,-0.5,127,3.1
"ZiPS","19918","Daulton Varsho","TOR",141,475,528,106,59,22,4,21,70,69,46,1,131,4,2,1,11,3,0.223,0.296,0.419,0.715,0.31,0.09,0.25,0.351,0.196,0.262,0.1,103,3.1
"ZiPS","27479","Masyn Winn","STL",146,584,639,148,100,29,5,14,87,71,44,1,116,3,5,3,13,4,0.253,0.307,0.392,0.699,0.304,0.07,0.18,0.379,0.139,0.292,-0.2,96,3.1
"ZiPS","14161","Byron Buxton","MIN",95,340,377,84,41,22,2,19,58,55,27,1,106,8,2,0,6,1,0.247,0.316,0.491,0.807,0.345,0.07,0.28,0.255,0.244,0.3,0.2,127,3.1
"ZiPS","22184","Mark Vientos","NYM",137,508,560,127,75,24,2,26,66,86,43,1,169,5,4,0,0,0,0.25,0.312,0.459,0.771,0.331,0.08,0.3,0.254,0.209,0.319,-1,116,3.1
"ZiPS DC","16997","Gleyber Torres","DET",152,582,658,151,105,28,1,18,78,64,66,0,117,3,6,1,8,4,0.26,0.335,0.402,0.737,0.324,0.1,0.18,0.561,0.142,0.295,-1.4,113,3.1
"ZiPS DC","19953","Josh Lowe","TBR",126,496,546,130,81,30,2,17,66,68,46,3,163,1,3,0,27,1,0.261,0.323,0.433,0.756,0.326,0.08,0.3,0.28,0.172,0.352,4,117,3.1
"ZiPS DC","16556","Ozzie Albies","ATL",152,601,658,157,96,34,4,23,89,92,43,1,106,6,8,0,13,3,0.261,0.314,0.446,0.76,0.326,0.07,0.16,0.41,0.185,0.279,0.4,108,3.1
"ZiPS DC","21618","Alec Bohm","PHI",143,561,616,159,107,35,2,16,71,83,43,1,94,5,7,0,4,2,0.284,0.336,0.439,0.775,0.335,0.07,0.15,0.452,0.156,0.313,-1.2,115,3.1
"ZiPS DC","15711","Tyler O'Neill","BAL",110,418,476,104,60,18,1,26,70,70,48,2,146,6,3,0,6,1,0.249,0.333,0.481,0.814,0.349,0.1,0.31,0.328,0.232,0.315,0,132,3.1
"REZ","28163","Junior Caminero","TBR",137,543,588,131,89,23,1,17,68,82,35,3,127,5,4,0,4,2,0.24,0.29,0.384,0.674,0.292,6,21.6,0.3,0.144,0.281,-1,116,3
"REZ","21479","Nico Hoerner","CHC",133,516,567,141,110,22,3,7,65,52,38,4,63,10,3,1,26,6,0.273,0.333,0.371,0.704,0.309,6.7,11.1,0.6,0.098,0.298,2.2,101,3
"REZ","27562","Austin Wells","NYY",117,404,458,89,43,26,1,18,50,56,47,0,109,5,4,1,4,1,0.221,0.307,0.424,0.731,0.316,10.1,23.8,0.4,0.203,0.253,-0.5,103,3
"REZ","27479","Masyn Winn","STL",148,589,644,141,104,21,2,14,82,66,44,1,109,3,5,3,15,4,0.24,0.294,0.352,0.646,0.284,6.9,16.9,0.4,0.112,0.269,0.8,97,3
"ATC","14344","Matt Olson","ATL",155,575,664,144,80,29,1,33,89,101,78,6,158,6,5,0,1,0,0.25,0.343,0.479,0.822,0.352,0.12,0.24,0.495,0.229,0.284,-1.5,125,3
"ATC","21636","Jeremy Pena","HOU",152,586,634,153,108,28,2,15,77,67,32,1,120,10,4,2,17,5,0.261,0.309,0.393,0.702,0.306,0.05,0.19,0.266,0.132,0.303,0.8,101,3
"ATC","27479","Masyn Winn","STL",143,561,615,144,98,28,4,13,79,60,42,0,108,3,5,3,14,4,0.256,0.308,0.393,0.702,0.306,0.07,0.18,0.388,0.138,0.293,1.2,97,3
"ATC","16556","Ozzie Albies","ATL",145,571,626,149,92,32,3,21,82,81,42,1,98,7,6,0,12,3,0.261,0.316,0.441,0.757,0.326,0.07,0.16,0.428,0.18,0.279,0.9,108,3
"Depth Charts","29591","Colton Cowser","BAL",130,488,560,120,75,23,2,20,74,71,59,2,163,8,4,1,8,3,0.246,0.335,0.422,0.758,0.331,0.1,0.29,0.361,0.176,0.325,0,119,3
"Depth Charts","22266","Xavier Edwards","MIA",136,523,588,149,116,24,4,5,72,48,54,1,82,2,4,5,32,7,0.285,0.352,0.373,0.724,0.321,0.09,0.14,0.656,0.088,0.328,2.6,103,3
"Depth Charts","16997","Gleyber Torres","DET",152,583,658,151,104,29,1,18,79,66,64,0,117,4,5,1,8,3,0.259,0.333,0.402,0.736,0.323,0.1,0.18,0.549,0.144,0.294,-1.4,112,3
"Depth Charts","27769","Pete CrowArmstrong","CHC",134,531,581,131,84,23,7,16,74,70,34,2,147,8,4,4,32,7,0.246,0.3,0.408,0.708,0.306,0.06,0.25,0.232,0.162,0.308,2.3,98,3
"Depth Charts","12927","Brandon Nimmo","NYM",134,502,581,126,82,24,3,17,76,67,65,0,128,10,3,1,8,2,0.252,0.347,0.417,0.764,0.336,0.11,0.22,0.51,0.165,0.302,-0.6,119,3
"Depth Charts","20043","Luis Robert Jr","CHW",151,600,651,148,89,31,0,27,82,84,39,4,186,9,4,1,26,6,0.246,0.3,0.436,0.735,0.316,0.06,0.28,0.208,0.19,0.309,1.9,105,3
"Depth Charts","26368","JJ Bleday","ATH",152,573,658,130,72,32,3,23,79,77,77,1,141,4,3,1,5,2,0.228,0.321,0.416,0.738,0.322,0.12,0.22,0.544,0.189,0.26,-1.5,114,3
"Depth Charts","23003","Yainer Diaz","HOU",143,541,576,151,101,28,2,21,68,82,25,1,103,4,5,0,1,0,0.28,0.314,0.453,0.766,0.329,0.04,0.18,0.245,0.173,0.309,-2,117,3
"OOPSY","16997","Gleyber Torres","DET",152,584,658,153,106,29,1,17,74,67,64,2,117,4,6,1,9,4,0.263,0.336,0.404,0.74,0.324,0.1,0.18,0.543,0.141,0.299,-1.4,113,3
"OOPSY","25768","CJ Abrams","WSN",139,546,602,141,91,29,4,17,75,68,36,1,115,13,5,2,33,10,0.259,0.318,0.423,0.741,0.321,0.06,0.19,0.314,0.164,0.297,2.3,106,3
"OOPSY","24064","Ezequiel Tovar","COL",159,641,686,168,103,38,4,23,82,88,30,0,174,5,6,4,11,4,0.263,0.298,0.443,0.742,0.318,0.04,0.25,0.172,0.18,0.323,-0.5,90,3
"OOPSY","22184","Mark Vientos","NYM",154,602,665,146,86,27,1,32,76,91,52,2,192,5,6,0,0,0,0.242,0.304,0.448,0.753,0.323,0.08,0.29,0.268,0.207,0.297,-2.4,111,3
"Steamer","16997","Gleyber Torres","DET",150,592,666,152,104,30,1,18,80,69,64,0,119,4,4,2,8,3,0.258,0.332,0.403,0.735,0.323,0.1,0.18,0.537,0.146,0.292,-1.2,112,3
"Steamer","23003","Yainer Diaz","HOU",135,531,565,149,98,28,2,21,67,78,25,1,101,5,4,1,2,1,0.28,0.315,0.459,0.774,0.332,0.04,0.18,0.247,0.179,0.309,-2.3,119,3
"Steamer","18882","Brandon Lowe","TBR",123,487,553,113,65,22,2,24,72,68,53,2,144,7,4,2,6,2,0.233,0.315,0.435,0.75,0.325,0.1,0.26,0.37,0.203,0.277,0.4,116,3
"THE BAT","21636","Jeremy Pena","HOU",152,584,634,154,109,27,2,15,78,65,31,1,119,10,5,2,19,5,0.264,0.31,0.397,0.707,0.308,0.05,0.19,0.263,0.133,0.305,0.6,102,3
"THE BAT","25816","Shea Langeliers","ATH",127,455,501,105,57,19,2,28,62,69,37,1,136,5,4,1,4,1,0.231,0.293,0.463,0.756,0.323,0.07,0.27,0.268,0.232,0.263,-0.4,115,3
"THE BAT","16556","Ozzie Albies","ATL",142,558,614,146,91,31,4,21,80,76,43,1,97,6,6,1,12,3,0.262,0.318,0.444,0.761,0.328,0.07,0.16,0.437,0.182,0.281,-0.1,109,3
"THE BAT","21865","Bo Naylor","CLE",110,352,395,74,45,15,1,13,43,44,36,1,110,3,2,1,6,2,0.211,0.288,0.371,0.659,0.289,0.09,0.28,0.324,0.16,0.266,-0.2,88,3
"THE BAT","18314","Dansby Swanson","CHC",149,554,622,133,89,25,1,19,72,72,54,1,154,4,4,1,15,4,0.241,0.311,0.392,0.703,0.308,0.09,0.25,0.348,0.151,0.298,0.2,99,3
"THE BAT","33333","Wyatt Langford","TEX",142,536,602,137,84,29,4,20,81,66,56,3,121,6,4,1,18,4,0.256,0.331,0.438,0.769,0.333,0.09,0.2,0.459,0.182,0.294,0.8,118,3
"THE BAT","27815","Jordan Westburg","BAL",135,511,558,130,78,29,3,20,70,69,36,1,130,7,4,1,8,2,0.255,0.311,0.44,0.751,0.324,0.06,0.23,0.278,0.186,0.302,-0.2,114,3
"THE BAT","23003","Yainer Diaz","HOU",134,508,541,139,95,26,1,18,62,68,24,1,96,4,4,1,1,0,0.274,0.309,0.433,0.742,0.319,0.04,0.18,0.251,0.16,0.304,-0.9,110,3
"THE BAT","16535","Danny Jansen","TBR",98,327,372,74,42,15,1,15,42,48,36,0,74,6,3,0,1,0,0.225,0.311,0.418,0.728,0.317,0.1,0.2,0.479,0.192,0.243,-0.6,111,3
"THE BATX","16578","Yandy Diaz","TBR",141,546,614,152,105,25,1,20,75,76,58,1,91,6,3,1,1,1,0.278,0.351,0.437,0.789,0.344,0.1,0.15,0.639,0.16,0.3,-1.3,130,3
"THE BATX","25976","Riley Greene","DET",141,530,603,138,85,28,4,20,77,72,63,3,155,5,4,0,6,2,0.26,0.343,0.444,0.786,0.341,0.1,0.26,0.409,0.184,0.327,-0.7,125,3
"THE BATX","21711","Oneil Cruz","PIT",142,541,602,136,77,30,2,28,84,82,54,4,175,4,4,0,22,5,0.251,0.321,0.467,0.788,0.337,0.09,0.29,0.307,0.215,0.317,1.4,114,3
"THE BATX","23003","Yainer Diaz","HOU",134,507,541,140,95,26,1,17,62,68,26,1,96,4,4,0,1,0,0.275,0.313,0.432,0.745,0.321,0.05,0.18,0.267,0.156,0.308,-0.9,111,3
"THE BATX","12161","Xander Bogaerts","SDP",145,542,606,144,100,26,2,16,75,68,45,0,110,6,5,1,12,4,0.265,0.325,0.409,0.734,0.32,0.07,0.18,0.408,0.144,0.302,-0.4,109,3
"THE BATX","19612","Bo Bichette","TOR",140,559,600,152,109,28,2,14,71,67,33,0,113,4,4,0,11,4,0.272,0.314,0.402,0.717,0.312,0.05,0.19,0.289,0.13,0.317,-0.5,105,3
"THE BATX","21865","Bo Naylor","CLE",110,352,395,74,44,15,1,13,42,45,36,1,110,3,2,1,6,2,0.209,0.287,0.371,0.657,0.288,0.09,0.28,0.326,0.161,0.261,-0.3,88,3
"ZiPS","16997","Gleyber Torres","DET",151,565,639,147,102,27,1,17,76,62,64,0,114,3,6,1,8,4,0.26,0.335,0.402,0.737,0.324,0.1,0.18,0.561,0.142,0.295,-1.4,113,3
"ZiPS","21711","Oneil Cruz","PIT",140,529,587,134,78,28,4,24,80,80,52,4,168,3,3,0,20,3,0.253,0.322,0.457,0.779,0.334,0.09,0.29,0.31,0.204,0.324,1.8,112,3
"ZiPS","15491","JP Crawford","SEA",127,472,545,114,78,24,1,11,68,50,63,0,108,6,3,1,4,1,0.242,0.336,0.367,0.703,0.314,0.12,0.2,0.583,0.125,0.289,-0.8,111,3
"ZiPS","10155","Mike Trout","LAA",76,278,325,72,38,14,2,18,47,50,41,4,87,5,1,0,5,1,0.259,0.363,0.518,0.881,0.375,0.13,0.27,0.471,0.259,0.31,0,146,3
"ZiPS","15998","Cody Bellinger","NYY",132,500,556,132,85,25,2,20,77,81,43,5,90,4,9,0,11,3,0.264,0.322,0.442,0.764,0.326,0.08,0.16,0.478,0.178,0.281,0,113,3
"ZiPS","12161","Xander Bogaerts","SDP",129,488,543,128,91,23,1,13,63,58,44,1,97,5,6,0,11,2,0.262,0.326,0.393,0.719,0.315,0.08,0.18,0.454,0.131,0.299,0.3,105,3
"ZiPS","21636","Jeremy Pena","HOU",149,572,621,147,104,26,2,15,75,68,33,1,118,10,4,2,15,5,0.257,0.307,0.388,0.695,0.303,0.05,0.19,0.28,0.131,0.298,-0.2,99,3
"ZiPS DC","16578","Yandy Diaz","TBR",152,582,658,166,117,33,0,16,74,77,66,1,96,6,3,0,0,1,0.285,0.362,0.425,0.787,0.345,0.1,0.15,0.687,0.14,0.317,-2,131,3
"ZiPS DC","20437","Royce Lewis","MIN",133,522,574,129,76,27,1,24,78,87,45,1,139,3,4,0,7,3,0.246,0.307,0.441,0.749,0.322,0.08,0.24,0.323,0.195,0.288,-0.7,111,3
"ZiPS DC","13066","Teoscar Hernandez","LAD",151,595,651,158,99,29,1,30,83,106,46,2,186,7,3,0,10,3,0.267,0.325,0.469,0.794,0.341,0.07,0.29,0.246,0.202,0.337,-0.6,121,3
"ZiPS DC","29766","Zack Gelof","ATH",146,571,630,133,81,28,2,22,76,76,49,0,200,3,3,2,25,3,0.233,0.296,0.404,0.7,0.305,0.08,0.32,0.247,0.171,0.315,2.6,102,3
"ZiPS DC","23003","Yainer Diaz","HOU",143,541,576,151,102,27,2,20,68,83,25,1,103,3,6,0,1,0,0.279,0.312,0.447,0.759,0.325,0.04,0.18,0.242,0.168,0.31,-0.8,114,3
"ZiPS DC","26121","Francisco Alvarez","NYM",123,433,488,100,59,18,1,22,58,71,46,0,124,6,3,0,1,1,0.232,0.311,0.433,0.744,0.323,0.09,0.25,0.369,0.201,0.269,-1.1,111,3
"ZiPS DC","20202","Brandon Marsh","PHI",125,476,539,119,77,23,5,15,63,67,54,1,166,3,5,1,16,3,0.25,0.328,0.41,0.738,0.322,0.1,0.31,0.327,0.16,0.348,0.7,106,3
"REZ","17919","Ian Happ","CHC",153,570,659,135,76,30,3,26,82,79,78,3,164,6,4,1,12,3,0.237,0.334,0.434,0.768,0.333,11.9,24.8,0.5,0.197,0.285,-0.2,116,2.9
"REZ","16556","Ozzie Albies","ATL",144,568,622,147,88,33,3,23,80,80,41,1,104,6,6,0,12,3,0.26,0.314,0.451,0.765,0.328,6.6,16.8,0.4,0.191,0.279,0.6,109,2.9
"REZ","19251","Pete Alonso","NYM",150,565,649,140,73,24,1,42,83,100,69,8,152,13,5,0,4,1,0.248,0.341,0.516,0.857,0.362,10.6,23.3,0.5,0.268,0.262,-1.4,126,2.9
"REZ","16997","Gleyber Torres","DET",150,572,644,141,95,27,1,19,74,66,62,2,113,4,6,1,8,4,0.247,0.322,0.394,0.716,0.313,9.7,17.5,0.6,0.147,0.275,-1.2,111,2.9
"REZ","20437","Royce Lewis","MIN",124,472,521,107,61,24,0,22,68,74,43,1,124,3,4,0,7,2,0.227,0.294,0.419,0.713,0.308,8.2,23.7,0.3,0.192,0.258,-0.4,117,2.9
"REZ","25816","Shea Langeliers","ATH",127,458,505,99,50,23,3,23,59,72,39,1,137,5,4,0,4,2,0.217,0.283,0.43,0.713,0.305,7.7,27.1,0.3,0.213,0.253,-1,113,2.9
"REZ","16578","Yandy Diaz","TBR",146,561,634,155,109,28,2,15,75,71,62,2,96,6,4,1,1,1,0.276,0.352,0.413,0.765,0.334,9.8,15.2,0.6,0.137,0.308,-2.4,130,2.9
"ATC","21711","Oneil Cruz","PIT",142,541,602,136,79,29,3,25,78,80,53,3,176,4,4,0,22,4,0.251,0.32,0.454,0.774,0.332,0.09,0.29,0.302,0.203,0.322,1.3,111,2.9
"ATC","19352","Sean Murphy","ATL",110,374,428,87,52,18,1,17,50,53,42,1,100,10,3,0,0,0,0.233,0.324,0.42,0.745,0.326,0.1,0.23,0.42,0.187,0.272,-1,108,2.9
"Depth Charts","14161","Byron Buxton","MIN",118,461,511,112,57,27,2,25,71,74,37,1,145,10,3,0,8,2,0.242,0.31,0.476,0.787,0.336,0.07,0.28,0.257,0.234,0.294,0.8,121,2.9
"Depth Charts","25768","CJ Abrams","WSN",139,546,602,138,87,28,4,19,82,67,36,2,116,13,4,2,33,8,0.253,0.313,0.425,0.738,0.319,0.06,0.19,0.315,0.171,0.288,2.8,105,2.9
"Depth Charts","25479","Brenton Doyle","COL",154,608,665,151,98,26,5,23,85,80,43,1,188,5,5,3,28,6,0.249,0.302,0.421,0.722,0.312,0.06,0.28,0.23,0.172,0.318,2.8,87,2.9
"Depth Charts","15998","Cody Bellinger","NYY",136,530,588,138,88,25,2,22,77,82,46,5,101,4,7,0,12,3,0.259,0.32,0.441,0.761,0.326,0.08,0.17,0.458,0.182,0.278,0.3,113,2.9
"Depth Charts","19251","Pete Alonso","NYM",154,577,665,139,77,25,1,35,88,103,69,7,154,13,5,0,4,1,0.241,0.333,0.471,0.805,0.344,0.1,0.23,0.449,0.231,0.264,-1.9,125,2.9
"OOPSY","22514","Triston Casas","BOS",143,529,616,139,79,31,2,27,82,86,79,3,157,3,5,0,3,1,0.263,0.359,0.48,0.839,0.361,0.13,0.25,0.504,0.217,0.32,-2.1,132,2.9
"OOPSY","29591","Colton Cowser","BAL",130,485,560,119,73,24,2,20,68,67,61,2,167,8,5,0,10,3,0.245,0.336,0.426,0.762,0.332,0.11,0.3,0.368,0.181,0.326,0.3,120,2.9
"OOPSY","27815","Jordan Westburg","BAL",134,527,581,132,79,29,3,20,72,72,42,1,135,8,4,1,10,2,0.25,0.312,0.434,0.747,0.322,0.07,0.23,0.309,0.184,0.297,0,113,2.9
"OOPSY","19352","Sean Murphy","ATL",109,374,429,90,52,19,1,19,52,57,43,1,101,9,3,0,1,0,0.241,0.332,0.446,0.778,0.338,0.1,0.23,0.424,0.205,0.279,-1.1,116,2.9
"OOPSY","13066","Teoscar Hernandez","LAD",151,594,651,156,92,29,1,33,79,96,47,2,186,7,4,0,10,3,0.262,0.321,0.483,0.804,0.344,0.07,0.29,0.25,0.221,0.324,-1.2,123,2.9
"OOPSY","11609","Willson Contreras","STL",139,519,601,131,77,28,1,25,74,80,60,2,148,18,3,0,6,3,0.252,0.349,0.455,0.804,0.349,0.1,0.25,0.406,0.203,0.303,-1.9,126,2.9
"OOPSY","26368","JJ Bleday","ATH",152,573,658,130,75,31,3,21,80,77,77,1,141,3,4,1,6,2,0.228,0.32,0.404,0.724,0.317,0.12,0.21,0.544,0.176,0.263,-1.4,111,2.9
"OOPSY","10324","Marcell Ozuna","ATL",154,596,665,160,94,28,1,37,82,102,62,3,162,3,4,0,1,0,0.268,0.338,0.505,0.843,0.36,0.09,0.24,0.385,0.237,0.306,-2.3,131,2.9
"OOPSY","16556","Ozzie Albies","ATL",152,602,658,157,98,34,3,23,80,82,44,2,104,6,6,0,12,3,0.261,0.315,0.441,0.756,0.325,0.07,0.16,0.422,0.18,0.28,1.4,107,2.9
"OOPSY","27479","Masyn Winn","STL",154,607,665,153,104,31,5,13,80,63,46,1,122,3,6,2,17,3,0.253,0.305,0.386,0.691,0.301,0.07,0.18,0.379,0.133,0.293,2.2,94,2.9
"OOPSY","22581","Alejandro Kirk","TOR",110,383,436,104,73,20,1,10,50,43,45,1,50,4,4,0,1,1,0.271,0.35,0.406,0.756,0.331,0.1,0.12,0.903,0.135,0.286,-3.5,118,2.9
"Steamer","26294","Bryson Stott","PHI",150,533,595,137,95,25,3,14,72,64,51,1,100,5,4,2,27,6,0.258,0.325,0.396,0.721,0.316,0.09,0.17,0.51,0.138,0.291,2.8,102,2.9
"Steamer","14344","Matt Olson","ATL",150,561,649,141,79,28,1,33,89,99,77,5,157,6,4,1,1,0,0.251,0.345,0.48,0.825,0.353,0.12,0.24,0.492,0.229,0.287,-1.6,126,2.9
"Steamer","9777","Nolan Arenado","STL",150,581,637,149,98,29,1,22,73,82,45,3,99,6,5,1,4,1,0.257,0.314,0.424,0.739,0.319,0.07,0.16,0.454,0.167,0.274,-1.4,106,2.9
"Steamer","29518","James Wood","WSN",141,542,621,141,87,29,4,21,78,78,69,2,164,4,4,1,19,6,0.261,0.347,0.446,0.793,0.344,0.11,0.26,0.423,0.185,0.332,-0.1,121,2.9
"THE BAT","24610","Steven Kwan","CLE",146,567,640,158,119,26,4,9,78,60,61,1,59,5,5,2,16,5,0.278,0.351,0.386,0.737,0.326,0.1,0.09,1.035,0.108,0.295,-0.4,114,2.9
"THE BAT","14344","Matt Olson","ATL",155,574,664,144,81,28,1,33,89,97,78,6,156,6,5,0,0,0,0.25,0.343,0.479,0.822,0.352,0.12,0.23,0.499,0.228,0.283,-1.2,125,2.9
"THE BAT","19251","Pete Alonso","NYM",143,539,617,133,74,23,1,34,82,95,60,3,142,13,5,0,4,1,0.247,0.334,0.485,0.819,0.351,0.1,0.23,0.422,0.238,0.269,-0.7,128,2.9
"THE BAT","25768","CJ Abrams","WSN",139,545,599,135,86,27,4,18,77,64,36,2,121,12,4,3,33,9,0.248,0.306,0.411,0.717,0.311,0.06,0.2,0.298,0.163,0.285,1.8,99,2.9
"THE BAT","19290","Randy Arozarena","SEA",146,537,620,127,81,24,2,20,81,65,65,1,156,15,4,1,27,8,0.237,0.334,0.403,0.737,0.325,0.1,0.25,0.413,0.166,0.295,1,119,2.9
"THE BATX","19290","Randy Arozarena","SEA",146,537,620,126,78,24,2,22,82,68,64,0,156,15,4,1,26,8,0.235,0.331,0.412,0.743,0.327,0.1,0.25,0.41,0.177,0.287,0.8,120,2.9
"THE BATX","24729","Logan O'Hoppe","LAA",126,445,493,108,63,22,1,22,60,64,37,1,133,6,3,1,3,1,0.243,0.309,0.444,0.753,0.325,0.08,0.27,0.282,0.201,0.295,-0.6,110,2.9
"THE BATX","18882","Brandon Lowe","TBR",115,426,483,102,57,22,2,21,60,65,47,1,123,6,3,0,4,1,0.239,0.321,0.447,0.769,0.332,0.1,0.26,0.381,0.208,0.283,-0.6,121,2.9
"THE BATX","25768","CJ Abrams","WSN",139,543,599,134,85,27,4,18,77,64,38,2,120,12,4,3,33,9,0.247,0.307,0.408,0.716,0.31,0.06,0.2,0.315,0.162,0.284,1.9,99,2.9
"THE BATX","25816","Shea Langeliers","ATH",127,455,501,104,56,21,1,27,61,68,37,1,137,5,4,1,4,1,0.23,0.292,0.456,0.748,0.32,0.07,0.27,0.27,0.226,0.264,-0.5,113,2.9
"THE BATX","5417","Jose Altuve","HOU",143,570,631,147,100,28,2,17,79,67,51,0,110,7,3,1,15,5,0.258,0.324,0.403,0.726,0.318,0.08,0.17,0.458,0.145,0.291,-0.4,109,2.9
"THE BATX","21636","Jeremy Pena","HOU",152,585,634,154,109,29,3,13,76,62,31,0,119,10,5,2,19,5,0.263,0.309,0.389,0.697,0.304,0.05,0.19,0.258,0.126,0.308,0.8,99,2.9
"THE BATX","16535","Danny Jansen","TBR",98,327,372,74,43,15,1,15,41,46,35,0,75,6,3,0,1,0,0.225,0.309,0.41,0.719,0.314,0.09,0.2,0.469,0.185,0.246,-0.6,109,2.9
"ZiPS","26396","Josh Smith","TEX",139,456,525,112,74,24,2,12,64,57,47,1,107,17,3,2,9,3,0.246,0.337,0.386,0.722,0.32,0.09,0.2,0.439,0.14,0.294,-0.5,109,2.9
"ZiPS","11739","JT Realmuto","PHI",109,400,442,103,65,20,3,15,54,55,31,2,109,8,3,0,7,3,0.258,0.321,0.435,0.756,0.327,0.07,0.25,0.284,0.178,0.315,-0.6,109,2.9
"ZiPS","25479","Brenton Doyle","COL",138,503,550,127,83,21,4,19,72,72,35,1,156,4,5,3,22,4,0.252,0.303,0.423,0.727,0.313,0.06,0.28,0.224,0.171,0.324,1.8,88,2.9
"ZiPS","11609","Willson Contreras","STL",104,362,422,86,51,19,0,16,50,52,44,1,107,14,2,0,4,2,0.238,0.341,0.423,0.764,0.336,0.1,0.25,0.411,0.185,0.29,-0.9,117,2.9
"ZiPS","26294","Bryson Stott","PHI",142,509,565,131,94,23,3,11,67,60,47,1,99,3,6,0,24,3,0.257,0.32,0.379,0.7,0.307,0.08,0.17,0.475,0.122,0.296,2.5,95,2.9
"ZiPS","18900","Leody Taveras","TEX",146,492,543,125,84,24,4,13,66,60,43,0,115,1,4,3,20,5,0.254,0.313,0.398,0.711,0.31,0.08,0.21,0.374,0.144,0.304,1,102,2.9
"ZiPS","15711","Tyler O'Neill","BAL",112,393,447,98,56,17,1,24,66,66,45,2,137,6,3,0,6,1,0.249,0.333,0.481,0.814,0.349,0.1,0.31,0.328,0.232,0.315,0,132,2.9
"ZiPS DC","15998","Cody Bellinger","NYY",136,529,588,140,90,26,2,21,81,86,45,5,95,4,10,0,12,3,0.264,0.322,0.442,0.764,0.326,0.08,0.16,0.478,0.178,0.281,0,113,2.9
"ZiPS DC","28806","Jackson Chourio","MIL",152,608,658,163,107,32,3,22,87,92,42,3,137,3,3,1,29,9,0.268,0.318,0.438,0.756,0.325,0.06,0.21,0.31,0.17,0.312,1.2,108,2.9
"ZiPS DC","19290","Randy Arozarena","SEA",152,567,658,138,86,30,1,21,86,75,69,1,167,18,4,0,22,10,0.244,0.342,0.412,0.755,0.332,0.1,0.25,0.415,0.168,0.306,-1.2,124,2.9
"ZiPS DC","13301","Max Muncy","LAD",126,452,546,97,50,21,1,25,77,76,81,4,144,8,5,0,2,1,0.214,0.341,0.434,0.776,0.338,0.15,0.26,0.563,0.22,0.249,-1.1,119,2.9
"ZiPS DC","17929","Cedric Mullins","BAL",130,504,560,121,77,24,3,17,68,67,45,1,111,5,3,2,27,6,0.24,0.308,0.401,0.708,0.309,0.08,0.2,0.41,0.161,0.274,1.9,104,2.9
"ZiPS DC","22266","Xavier Edwards","MIA",136,524,588,151,120,23,4,4,70,51,51,1,80,1,4,8,32,6,0.287,0.349,0.367,0.717,0.317,0.09,0.14,0.635,0.08,0.33,2.4,100,2.9
"REZ","25768","CJ Abrams","WSN",140,548,604,140,92,28,5,14,83,67,35,2,107,13,4,2,33,9,0.255,0.313,0.404,0.717,0.311,5.9,17.8,0.3,0.149,0.291,2.4,103,2.9
"REZ","24064","Ezequiel Tovar","COL",154,623,664,152,97,33,3,20,92,84,28,0,162,5,5,3,10,4,0.244,0.28,0.402,0.682,0.294,4.2,24.5,0.2,0.158,0.297,-0.6,90,2.9
"REZ","15491","JP Crawford","SEA",136,500,579,114,75,24,4,10,60,53,64,0,123,7,4,2,4,1,0.227,0.321,0.348,0.669,0.299,11.1,21.4,0.5,0.121,0.281,-0.7,109,2.9
"REZ","20043","Luis Robert Jr","CHW",142,562,611,129,78,27,0,23,78,78,37,3,175,8,3,0,25,6,0.229,0.285,0.399,0.684,0.295,6.1,28.7,0.2,0.17,0.289,1.8,108,2.9
"REZ","12927","Brandon Nimmo","NYM",138,519,601,127,79,26,5,18,75,66,71,1,136,10,3,1,7,2,0.245,0.345,0.421,0.766,0.336,11.7,22.6,0.5,0.176,0.297,-0.7,117,2.9
"REZ","22542","Lawrence Butler","ATH",146,558,613,136,85,26,1,24,77,75,49,0,147,2,4,1,18,3,0.244,0.305,0.425,0.73,0.316,8,23.9,0.3,0.181,0.286,1.1,114,2.9
"REZ","22184","Mark Vientos","NYM",149,569,627,132,83,21,1,27,73,90,50,0,187,5,5,0,0,0,0.233,0.299,0.412,0.711,0.308,8,29.7,0.3,0.179,0.294,-1.6,112,2.9
"REZ","14551","Anthony Santander","TOR",152,582,651,138,74,36,2,28,82,98,56,3,135,8,5,0,2,1,0.237,0.31,0.452,0.762,0.327,8.6,20.8,0.4,0.215,0.26,-1,124,2.8
"REZ","28806","Jackson Chourio","MIL",150,592,644,151,94,32,4,22,82,85,43,4,143,4,4,1,27,7,0.255,0.308,0.432,0.74,0.317,6.7,22.1,0.3,0.177,0.3,1.8,111,2.8
"REZ","13419","Christian Walker","HOU",147,552,627,126,69,27,1,29,78,90,61,2,143,8,5,0,5,1,0.228,0.311,0.439,0.75,0.324,9.7,22.8,0.4,0.211,0.251,-0.7,119,2.8
"ATC","28806","Jackson Chourio","MIL",149,582,633,157,100,30,3,23,85,84,43,3,131,4,4,1,27,7,0.269,0.321,0.451,0.772,0.332,0.07,0.21,0.325,0.182,0.31,2.1,113,2.8
"ATC","27562","Austin Wells","NYY",122,411,467,95,56,20,1,18,50,59,46,1,106,5,4,1,3,1,0.232,0.314,0.417,0.731,0.318,0.1,0.23,0.433,0.184,0.266,-0.5,105,2.8
"ATC","20437","Royce Lewis","MIN",121,454,501,114,67,23,1,23,64,71,41,1,116,3,4,0,5,2,0.251,0.315,0.46,0.774,0.332,0.08,0.23,0.355,0.209,0.284,-0.5,118,2.8
"ATC","27647","Anthony Volpe","NYY",146,558,615,132,85,28,4,14,77,59,45,1,141,6,4,2,26,6,0.237,0.299,0.38,0.679,0.297,0.07,0.23,0.323,0.143,0.289,3,91,2.8
"ATC","13419","Christian Walker","HOU",147,547,622,130,74,25,1,30,78,90,61,3,141,8,6,0,5,1,0.239,0.321,0.452,0.773,0.333,0.1,0.23,0.431,0.213,0.264,-0.6,119,2.8
"Depth Charts","19452","Jake Rogers","DET",97,348,384,74,43,15,1,14,44,45,29,1,116,4,3,1,2,0,0.212,0.277,0.38,0.657,0.286,0.07,0.3,0.249,0.168,0.272,-0.2,86,2.8
"Depth Charts","21865","Bo Naylor","CLE",110,381,435,84,49,18,1,16,52,52,47,2,113,3,3,1,7,2,0.22,0.308,0.396,0.704,0.308,0.11,0.26,0.414,0.176,0.267,-0.3,101,2.8
"Depth Charts","21618","Alec Bohm","PHI",143,562,616,157,105,34,2,17,71,80,42,1,95,6,6,0,4,2,0.28,0.333,0.435,0.768,0.333,0.07,0.15,0.447,0.155,0.308,-1.7,113,2.8
"Depth Charts","21454","Lars Nootbaar","STL",125,460,539,115,70,24,3,18,69,63,71,2,110,2,5,1,9,3,0.249,0.35,0.433,0.783,0.341,0.13,0.2,0.65,0.184,0.286,-0.1,121,2.8
"Depth Charts","17929","Cedric Mullins","BAL",130,504,560,122,78,24,3,17,67,66,45,1,112,5,3,2,28,7,0.242,0.309,0.404,0.713,0.311,0.08,0.2,0.404,0.162,0.277,2.1,105,2.8
"Depth Charts","29766","Zack Gelof","ATH",146,571,630,131,80,27,2,22,73,73,50,0,197,4,4,2,25,5,0.229,0.294,0.399,0.693,0.302,0.08,0.31,0.252,0.17,0.306,2.7,100,2.8
"Depth Charts","19470","Tommy Edman","LAD",141,555,609,140,94,29,3,15,78,69,42,1,108,6,4,2,25,4,0.252,0.309,0.394,0.704,0.307,0.07,0.18,0.388,0.142,0.287,2.9,98,2.8
"OOPSY","21897","Christopher Morel","TBR",118,454,511,112,62,22,3,25,68,73,47,2,140,5,4,1,10,3,0.247,0.322,0.474,0.796,0.341,0.09,0.27,0.335,0.227,0.297,0.2,128,2.8
"OOPSY","33266","Jacob Wilson","ATH",126,505,546,139,97,31,2,8,60,53,29,1,70,7,4,2,3,1,0.275,0.32,0.393,0.713,0.311,0.05,0.13,0.41,0.118,0.304,-0.8,106,2.8
"OOPSY","7304","Salvador Perez","KCR",149,565,612,148,93,27,1,27,68,82,32,2,135,10,4,0,1,0,0.262,0.312,0.456,0.768,0.33,0.05,0.22,0.238,0.194,0.298,-2.9,111,2.8
"OOPSY","15491","JP Crawford","SEA",141,526,609,126,87,26,2,11,68,54,71,2,119,7,4,1,5,2,0.24,0.336,0.361,0.697,0.311,0.12,0.2,0.598,0.12,0.288,-0.6,109,2.8
"OOPSY","26466","Matt Wallner","MIN",120,450,518,108,56,25,2,25,68,76,51,2,177,14,4,0,4,1,0.241,0.334,0.474,0.808,0.347,0.1,0.34,0.287,0.233,0.329,-0.4,129,2.8
"OOPSY","22275","Jake Burger","TEX",143,564,616,142,80,26,2,34,77,94,38,2,162,10,4,0,2,1,0.252,0.309,0.487,0.796,0.339,0.06,0.26,0.236,0.235,0.291,-1.1,122,2.8
"OOPSY","20391","Luis Garcia Jr","WSN",126,509,546,143,96,28,3,16,65,64,31,1,83,1,5,0,15,5,0.281,0.32,0.442,0.762,0.328,0.06,0.15,0.367,0.161,0.306,-0.7,110,2.8
"Steamer","20043","Luis Robert Jr","CHW",150,620,674,151,91,30,1,29,84,84,40,3,193,8,5,2,27,7,0.244,0.296,0.435,0.732,0.314,0.06,0.29,0.207,0.191,0.304,1.8,104,2.8
"Steamer","23800","Parker Meadows","DET",133,533,600,126,79,24,7,16,76,56,55,1,138,5,4,2,22,6,0.237,0.312,0.398,0.71,0.31,0.09,0.23,0.402,0.161,0.288,2.2,103,2.8
"Steamer","20391","Luis Garcia Jr","WSN",131,507,545,141,94,27,2,17,62,66,31,2,82,2,4,1,16,5,0.278,0.319,0.441,0.76,0.327,0.06,0.15,0.374,0.163,0.301,-0.6,110,2.8
"Steamer","24064","Ezequiel Tovar","COL",150,629,670,163,99,37,3,23,83,78,29,1,172,5,4,2,11,4,0.258,0.295,0.439,0.734,0.315,0.04,0.26,0.168,0.18,0.318,-0.4,88,2.8
"Steamer","15491","JP Crawford","SEA",141,509,591,121,84,25,2,11,63,53,69,0,118,7,4,2,5,1,0.238,0.335,0.36,0.695,0.311,0.12,0.2,0.584,0.122,0.286,-0.5,109,2.8
"Steamer","16478","Kyle Schwarber","PHI",150,577,693,131,69,21,1,40,106,88,102,4,199,6,4,3,7,2,0.227,0.347,0.475,0.822,0.354,0.15,0.29,0.515,0.248,0.265,-1.5,128,2.8
"Steamer","15998","Cody Bellinger","NYY",136,525,580,134,85,24,2,23,71,78,46,5,106,4,4,1,12,3,0.255,0.318,0.44,0.758,0.325,0.08,0.18,0.44,0.185,0.276,0.5,113,2.8
"THE BAT","28163","Junior Caminero","TBR",131,516,558,136,91,21,2,22,65,74,33,2,111,5,4,1,5,1,0.264,0.311,0.44,0.751,0.323,0.06,0.2,0.294,0.176,0.295,-0.6,115,2.8
"THE BAT","14551","Anthony Santander","TOR",149,566,633,138,75,27,1,35,81,97,54,2,130,8,5,0,2,0,0.244,0.316,0.483,0.799,0.342,0.09,0.2,0.417,0.238,0.254,-0.9,125,2.8
"THE BAT","16997","Gleyber Torres","DET",146,556,625,140,96,26,1,17,71,69,58,0,115,4,6,1,10,3,0.252,0.325,0.397,0.721,0.316,0.09,0.18,0.508,0.144,0.287,-0.6,107,2.8
"THE BAT","13301","Max Muncy","LAD",126,440,523,95,49,19,1,26,69,75,72,3,135,6,4,0,1,0,0.216,0.332,0.441,0.772,0.335,0.14,0.26,0.536,0.225,0.243,-0.9,117,2.8
"THE BAT","28806","Jackson Chourio","MIL",149,582,633,156,99,31,4,22,81,84,41,3,134,5,4,1,24,6,0.268,0.319,0.447,0.766,0.329,0.06,0.21,0.308,0.179,0.312,1.2,111,2.8
"THE BAT","20437","Royce Lewis","MIN",122,457,504,116,69,23,1,23,65,68,39,2,113,4,4,1,8,2,0.255,0.316,0.46,0.777,0.333,0.08,0.22,0.351,0.205,0.287,0,119,2.8
"THE BAT","17919","Ian Happ","CHC",150,560,647,133,81,29,2,22,80,77,76,1,160,6,4,0,11,3,0.238,0.333,0.412,0.745,0.327,0.12,0.25,0.473,0.174,0.292,-0.2,112,2.8
"THE BAT","31347","Zach Neto","LAA",130,474,528,115,71,24,1,19,68,59,35,1,123,14,3,2,19,5,0.243,0.311,0.421,0.732,0.318,0.07,0.23,0.282,0.178,0.287,0.8,106,2.8
"THE BATX","28163","Junior Caminero","TBR",131,516,558,136,90,22,2,23,65,75,32,2,111,5,4,1,5,2,0.263,0.309,0.443,0.753,0.323,0.06,0.2,0.285,0.181,0.292,-0.7,115,2.8
"THE BATX","28806","Jackson Chourio","MIL",149,582,633,157,102,30,5,20,81,81,41,2,134,5,4,1,25,6,0.27,0.321,0.444,0.764,0.329,0.06,0.21,0.304,0.174,0.317,1.5,111,2.8
"THE BATX","16556","Ozzie Albies","ATL",142,557,614,144,89,33,3,20,78,74,44,1,97,6,6,1,11,4,0.259,0.317,0.435,0.751,0.324,0.07,0.16,0.448,0.175,0.279,-0.3,107,2.8
"THE BATX","19251","Pete Alonso","NYM",143,540,617,133,74,25,0,34,81,95,59,3,144,13,5,0,4,1,0.246,0.332,0.48,0.812,0.349,0.1,0.23,0.41,0.234,0.27,-1,127,2.8
"THE BATX","17919","Ian Happ","CHC",150,560,647,134,81,29,2,21,79,77,76,2,159,6,4,0,11,3,0.239,0.334,0.412,0.746,0.327,0.12,0.25,0.478,0.174,0.293,-0.3,112,2.8
"THE BATX","29695","Matt McLain","CIN",126,482,540,123,74,25,2,21,73,69,47,1,146,8,3,1,18,5,0.255,0.329,0.449,0.778,0.337,0.09,0.27,0.319,0.194,0.32,0.6,110,2.8
"ZiPS","18882","Brandon Lowe","TBR",110,393,443,95,53,20,1,21,60,65,42,1,116,6,2,0,5,1,0.242,0.323,0.458,0.781,0.337,0.1,0.26,0.362,0.216,0.287,-0.2,125,2.8
"ZiPS","28806","Jackson Chourio","MIL",147,559,605,150,98,29,3,20,80,85,39,3,126,3,3,1,27,8,0.268,0.318,0.438,0.756,0.325,0.06,0.21,0.31,0.17,0.312,1.1,108,2.8
"ZiPS","13066","Teoscar Hernandez","LAD",145,559,612,149,93,27,1,28,78,100,43,2,175,7,3,0,9,3,0.267,0.325,0.469,0.794,0.341,0.07,0.29,0.246,0.202,0.337,-0.5,121,2.8
"ZiPS","7304","Salvador Perez","KCR",135,511,557,134,86,23,1,24,55,81,30,6,123,11,5,0,0,0,0.262,0.314,0.452,0.766,0.327,0.05,0.22,0.244,0.19,0.298,-1,109,2.8
"ZiPS","25816","Shea Langeliers","ATH",133,469,517,109,60,20,2,27,61,78,39,2,141,5,4,0,3,2,0.232,0.296,0.456,0.752,0.322,0.07,0.27,0.277,0.224,0.269,-1,114,2.8
"ZiPS","19290","Randy Arozarena","SEA",148,541,628,132,82,29,1,20,82,72,66,1,159,17,4,0,21,10,0.244,0.342,0.412,0.755,0.332,0.1,0.25,0.415,0.168,0.306,-1.1,124,2.8
"ZiPS","22542","Lawrence Butler","ATH",136,496,545,124,76,25,3,20,73,71,44,1,137,1,4,0,17,2,0.25,0.31,0.433,0.744,0.321,0.08,0.25,0.321,0.183,0.303,1.6,113,2.8
"ZiPS","19470","Tommy Edman","LAD",114,426,467,108,72,23,2,11,64,53,32,1,82,4,3,2,20,2,0.254,0.31,0.394,0.704,0.307,0.07,0.18,0.39,0.141,0.289,2.3,98,2.8
"ZiPS","17929","Cedric Mullins","BAL",138,479,532,115,73,23,3,16,65,64,43,1,105,5,3,2,26,6,0.24,0.308,0.401,0.708,0.309,0.08,0.2,0.41,0.161,0.274,1.8,104,2.8
"ZiPS DC","26466","Matt Wallner","MIN",120,449,518,108,57,27,3,21,62,75,52,2,179,16,2,0,5,1,0.241,0.339,0.455,0.793,0.344,0.1,0.35,0.289,0.214,0.347,-0.4,127,2.8
"ZiPS DC","30116","Seiya Suzuki","CHC",143,539,616,146,90,29,4,23,79,79,67,3,153,4,5,0,12,5,0.271,0.353,0.468,0.821,0.353,0.11,0.25,0.439,0.198,0.333,-1.1,130,2.8
"ZiPS DC","27506","HaSeong Kim","TBR",100,376,434,92,63,17,2,9,51,44,48,2,75,3,3,3,17,4,0.244,0.333,0.373,0.705,0.312,0.11,0.17,0.644,0.129,0.28,0.9,107,2.8
"ZiPS DC","25816","Shea Langeliers","ATH",128,459,506,107,59,20,2,26,60,76,38,2,138,5,4,0,3,2,0.232,0.296,0.456,0.752,0.322,0.07,0.27,0.277,0.224,0.269,-1,114,2.8
"ZiPS DC","21454","Lars Nootbaar","STL",125,460,539,112,66,25,3,18,71,62,71,2,110,1,6,1,8,2,0.244,0.344,0.432,0.776,0.337,0.13,0.2,0.649,0.188,0.279,-0.4,118,2.8
"ZiPS DC","28163","Junior Caminero","TBR",146,584,630,150,99,23,3,25,73,90,38,3,135,5,3,0,4,3,0.257,0.307,0.436,0.743,0.32,0.06,0.21,0.283,0.179,0.293,-1.4,113,2.8
"ZiPS DC","24679","Brendan Donovan","STL",141,536,609,150,108,27,2,13,72,66,55,1,79,14,3,1,4,4,0.28,0.36,0.409,0.769,0.339,0.09,0.13,0.697,0.128,0.308,-2.2,119,2.8
"REZ","29591","Colton Cowser","BAL",135,488,559,122,80,30,2,12,73,69,55,1,160,8,4,1,9,3,0.251,0.335,0.391,0.726,0.32,10,28.9,0.3,0.14,0.346,-0.2,118,2.8
"REZ","33824","Jung Hoo Lee","SFG",128,506,557,130,111,14,0,7,63,57,40,0,51,4,3,2,8,4,0.257,0.315,0.328,0.643,0.289,7.2,9.1,0.8,0.071,0.273,-1.4,113,2.8
"REZ","14161","Byron Buxton","MIN",111,423,469,105,51,27,2,25,67,68,35,1,133,9,3,0,8,2,0.248,0.316,0.493,0.809,0.344,7.4,28.4,0.3,0.245,0.3,0.5,122,2.7
"REZ","29518","James Wood","WSN",139,529,602,130,87,21,7,15,82,74,64,2,148,4,3,0,18,5,0.246,0.33,0.402,0.732,0.32,10.6,24.7,0.4,0.156,0.312,0.2,120,2.7
"REZ","27769","Pete CrowArmstrong","CHC",136,504,553,102,68,15,7,12,71,62,33,1,147,8,4,5,30,6,0.202,0.259,0.331,0.59,0.258,5.9,26.5,0.2,0.129,0.258,2.3,96,2.7
"REZ","26294","Bryson Stott","PHI",148,551,612,140,100,25,2,13,75,62,51,1,106,4,6,1,27,5,0.254,0.319,0.38,0.699,0.306,8.3,17.3,0.5,0.126,0.29,2.5,96,2.7
"REZ","11739","JT Realmuto","PHI",118,425,470,105,63,21,3,18,57,58,31,1,117,8,3,0,8,3,0.248,0.31,0.439,0.749,0.322,6.7,25,0.3,0.191,0.298,-0.3,106,2.7
"ATC","29591","Colton Cowser","BAL",137,484,555,117,71,23,2,21,74,68,58,2,165,8,4,1,9,3,0.241,0.33,0.426,0.756,0.329,0.1,0.3,0.35,0.185,0.317,0.2,118,2.7
"ATC","11739","JT Realmuto","PHI",114,410,452,103,65,20,2,16,56,56,32,1,111,7,3,0,7,3,0.251,0.314,0.427,0.741,0.321,0.07,0.25,0.286,0.176,0.305,-0.3,105,2.7
"ATC","19627","Brent Rooker","ATH",142,533,603,135,74,24,2,35,80,92,56,3,180,8,4,0,8,2,0.253,0.332,0.5,0.832,0.355,0.09,0.3,0.314,0.247,0.31,-0.5,131,2.7
"ATC","29695","Matt McLain","CIN",126,480,540,123,74,26,3,19,72,68,49,1,147,8,3,0,17,5,0.255,0.332,0.446,0.778,0.337,0.09,0.27,0.332,0.19,0.326,0.1,110,2.7
"ATC","25768","CJ Abrams","WSN",139,541,595,134,85,27,4,18,79,64,36,2,118,12,4,2,34,9,0.248,0.308,0.413,0.721,0.312,0.06,0.2,0.304,0.165,0.285,2.9,100,2.7
"ATC","25816","Shea Langeliers","ATH",127,454,500,103,56,19,2,26,58,70,37,1,136,5,4,0,3,1,0.227,0.291,0.45,0.74,0.317,0.07,0.27,0.274,0.222,0.262,-1.2,105,2.7
"ATC","17919","Ian Happ","CHC",150,559,647,135,82,30,2,22,84,77,77,2,157,6,4,0,12,3,0.242,0.338,0.42,0.758,0.332,0.12,0.24,0.49,0.178,0.296,-0.1,115,2.7
"ATC","21479","Nico Hoerner","CHC",128,491,540,134,101,24,2,6,67,49,36,1,60,9,3,1,26,6,0.273,0.332,0.369,0.701,0.309,0.07,0.11,0.598,0.096,0.299,2.4,99,2.7
"ATC","24729","Logan O'Hoppe","LAA",126,447,497,108,66,18,1,22,60,63,39,0,131,7,2,1,3,2,0.241,0.311,0.438,0.749,0.325,0.08,0.26,0.3,0.196,0.289,-1.2,110,2.7
"ATC","22266","Xavier Edwards","MIA",134,514,577,145,114,24,4,4,69,43,51,1,86,2,4,6,36,6,0.282,0.347,0.366,0.712,0.315,0.09,0.15,0.59,0.083,0.33,2.5,99,2.7
"ATC","16997","Gleyber Torres","DET",146,556,626,142,98,27,1,16,75,65,59,0,114,4,5,1,7,3,0.256,0.328,0.396,0.725,0.318,0.1,0.18,0.519,0.141,0.292,-1.2,109,2.7
"ATC","15491","JP Crawford","SEA",132,479,555,113,77,23,1,11,64,51,64,1,110,6,3,2,4,1,0.235,0.332,0.359,0.691,0.309,0.12,0.2,0.587,0.124,0.281,-0.6,108,2.7
"ATC","19251","Pete Alonso","NYM",153,574,658,138,77,25,1,36,88,101,66,5,153,13,5,0,4,1,0.241,0.331,0.474,0.805,0.345,0.1,0.23,0.433,0.233,0.263,-2,124,2.7
"ATC","17548","Taylor Ward","LAA",148,562,639,141,88,27,1,24,81,74,63,0,147,8,6,1,7,2,0.251,0.332,0.433,0.765,0.333,0.1,0.23,0.425,0.182,0.295,-0.6,116,2.7
"Depth Charts","24679","Brendan Donovan","STL",141,537,609,150,107,27,2,13,72,67,55,1,81,13,4,1,6,3,0.279,0.357,0.411,0.768,0.338,0.09,0.13,0.679,0.132,0.306,-1.5,119,2.7
"Depth Charts","19290","Randy Arozarena","SEA",152,569,658,137,85,30,1,22,82,77,68,1,168,16,4,0,22,9,0.241,0.337,0.41,0.748,0.329,0.1,0.26,0.407,0.17,0.301,-0.8,122,2.7
"Depth Charts","13066","Teoscar Hernandez","LAD",151,594,651,155,96,28,1,30,83,102,46,2,185,7,4,0,9,3,0.262,0.321,0.465,0.786,0.338,0.07,0.28,0.25,0.203,0.328,-1.1,119,2.7
"Depth Charts","13301","Max Muncy","LAD",126,454,546,97,52,20,1,25,74,74,80,3,146,8,4,0,3,1,0.214,0.338,0.426,0.764,0.333,0.15,0.27,0.546,0.212,0.251,-1,116,2.7
"OOPSY","22542","Lawrence Butler","ATH",149,587,644,146,87,31,3,25,76,84,51,2,165,0,6,0,21,4,0.248,0.306,0.438,0.744,0.32,0.08,0.26,0.306,0.19,0.299,1.3,113,2.7
"OOPSY","21479","Nico Hoerner","CHC",133,520,574,139,105,26,2,6,63,44,40,1,64,10,4,0,27,6,0.268,0.33,0.361,0.692,0.306,0.07,0.11,0.629,0.093,0.294,2.8,98,2.7
"OOPSY","19953","Josh Lowe","TBR",126,494,546,127,78,28,3,19,67,68,46,2,156,1,4,0,29,4,0.258,0.32,0.439,0.759,0.327,0.08,0.29,0.294,0.182,0.336,3.2,118,2.7
"OOPSY","19566","Nathaniel Lowe","WSN",144,544,623,151,104,26,2,18,78,66,71,2,129,4,4,0,3,1,0.277,0.362,0.433,0.794,0.347,0.11,0.21,0.546,0.156,0.331,-2.5,124,2.7
"Steamer","27676","Vinnie Pasquantino","KCR",146,571,644,154,93,34,2,26,83,89,62,2,90,6,5,0,2,1,0.27,0.344,0.47,0.814,0.351,0.1,0.14,0.69,0.201,0.279,-2.3,126,2.7
"Steamer","25816","Shea Langeliers","ATH",119,455,504,105,58,19,2,26,61,72,40,2,136,5,3,1,4,1,0.23,0.296,0.451,0.747,0.32,0.08,0.27,0.293,0.221,0.265,-1.3,113,2.7
"Steamer","17919","Ian Happ","CHC",150,584,678,143,86,32,2,23,90,74,81,1,163,7,4,2,13,3,0.245,0.341,0.423,0.764,0.334,0.12,0.24,0.496,0.178,0.299,-0.1,117,2.7
"Steamer","14551","Anthony Santander","TOR",150,590,659,144,79,30,1,34,85,98,56,2,136,8,5,1,3,1,0.244,0.315,0.471,0.786,0.337,0.09,0.21,0.41,0.227,0.259,-1,122,2.7
"Steamer","12927","Brandon Nimmo","NYM",134,514,595,129,84,25,3,18,77,69,67,1,130,10,4,1,7,2,0.252,0.347,0.415,0.762,0.335,0.11,0.22,0.513,0.163,0.302,-1.2,119,2.7
"Steamer","17548","Taylor Ward","LAA",149,598,679,150,95,28,2,25,89,75,66,0,159,8,4,2,8,2,0.251,0.331,0.429,0.76,0.332,0.1,0.23,0.416,0.178,0.298,-0.4,115,2.7
"Steamer","21454","Lars Nootbaar","STL",125,444,520,113,71,22,2,18,64,61,69,2,105,3,3,1,9,3,0.254,0.355,0.435,0.79,0.345,0.13,0.2,0.65,0.181,0.292,0.1,123,2.7
"THE BAT","27506","HaSeong Kim","TBR",117,424,484,101,67,20,1,12,59,46,49,2,88,4,3,3,20,4,0.238,0.32,0.379,0.699,0.307,0.1,0.18,0.553,0.14,0.271,1.2,104,2.7
"THE BAT","20043","Luis Robert Jr","CHW",141,549,599,137,82,28,2,26,81,75,37,2,175,8,4,0,27,6,0.25,0.305,0.448,0.753,0.324,0.06,0.29,0.212,0.198,0.317,2.2,111,2.7
"THE BAT","15491","JP Crawford","SEA",132,479,555,113,79,22,1,11,58,53,63,0,111,6,3,2,3,1,0.236,0.33,0.358,0.688,0.308,0.11,0.2,0.57,0.122,0.282,-1,106,2.7
"THE BAT","16478","Kyle Schwarber","PHI",150,554,664,124,64,20,1,38,93,101,99,3,190,7,3,0,4,2,0.223,0.346,0.471,0.817,0.353,0.15,0.28,0.523,0.248,0.259,-1.2,127,2.7
"THE BAT","12927","Brandon Nimmo","NYM",143,535,622,131,83,25,4,19,79,66,71,1,140,11,4,2,5,2,0.245,0.343,0.414,0.757,0.333,0.11,0.22,0.504,0.169,0.296,-1,117,2.7
"THE BATX","20036","Isaac Paredes","HOU",142,516,594,119,77,22,1,20,67,66,61,0,96,12,5,0,1,0,0.231,0.323,0.391,0.714,0.315,0.1,0.16,0.636,0.16,0.245,-1.2,107,2.7
"THE BATX","17548","Taylor Ward","LAA",147,561,637,143,89,28,2,24,80,79,62,1,145,8,5,0,6,2,0.255,0.335,0.443,0.778,0.338,0.1,0.23,0.424,0.187,0.3,-0.9,120,2.7
"THE BATX","33824","Jung Hoo Lee","SFG",114,444,490,127,85,30,3,9,61,53,38,2,48,4,4,1,7,2,0.286,0.345,0.431,0.775,0.336,0.08,0.1,0.78,0.144,0.302,-0.3,118,2.7
"THE BATX","31347","Zach Neto","LAA",130,474,528,115,71,24,2,19,68,58,34,0,123,14,3,2,19,6,0.243,0.311,0.419,0.73,0.318,0.06,0.23,0.279,0.176,0.288,0.6,106,2.7
"THE BATX","15491","JP Crawford","SEA",132,479,555,112,77,21,1,12,58,54,63,1,110,6,4,2,3,1,0.234,0.328,0.36,0.688,0.307,0.11,0.2,0.575,0.127,0.276,-0.9,106,2.7
"THE BATX","14344","Matt Olson","ATL",155,573,664,141,80,28,1,33,88,96,79,6,156,6,5,0,0,0,0.246,0.341,0.468,0.809,0.347,0.12,0.23,0.506,0.222,0.278,-1.2,122,2.7
"THE BATX","11739","JT Realmuto","PHI",113,401,450,103,63,22,2,16,58,57,31,0,110,7,3,0,10,3,0.256,0.318,0.438,0.756,0.327,0.07,0.25,0.281,0.182,0.311,-0.1,109,2.7
"THE BATX","16997","Gleyber Torres","DET",146,558,625,140,96,26,1,17,71,68,57,0,115,4,6,1,9,4,0.252,0.322,0.395,0.717,0.314,0.09,0.18,0.494,0.144,0.286,-1.1,106,2.7
"ZiPS","33541","Dylan Crews","WSN",125,505,559,124,80,25,5,14,66,66,38,0,124,11,5,0,26,7,0.246,0.309,0.398,0.708,0.309,0.07,0.22,0.306,0.152,0.296,1.3,98,2.7
"ZiPS","24679","Brendan Donovan","STL",146,514,584,144,104,26,2,12,69,63,53,1,76,13,3,1,4,4,0.28,0.36,0.409,0.769,0.339,0.09,0.13,0.697,0.128,0.308,-2.2,119,2.7
"ZiPS","19953","Josh Lowe","TBR",124,436,480,114,71,26,2,15,58,60,40,3,143,1,3,0,24,1,0.261,0.323,0.433,0.756,0.326,0.08,0.3,0.28,0.172,0.352,3.5,117,2.7
"ZiPS","24618","Ryan Jeffers","MIN",111,361,410,85,49,18,1,17,48,55,34,0,96,10,3,2,2,0,0.235,0.316,0.432,0.748,0.326,0.08,0.23,0.354,0.197,0.271,-0.3,114,2.7
"ZiPS","26121","Francisco Alvarez","NYM",119,388,437,90,53,16,1,20,52,64,41,0,111,5,3,0,1,1,0.232,0.311,0.433,0.744,0.323,0.09,0.25,0.369,0.201,0.269,-1,111,2.7
"ZiPS","24816","Andy Pages","LAD",132,486,546,120,69,27,2,22,75,75,43,1,139,12,5,0,3,3,0.247,0.321,0.447,0.767,0.331,0.08,0.26,0.309,0.2,0.297,-1.6,114,2.7
"ZiPS","13419","Christian Walker","HOU",132,483,552,112,62,23,1,26,69,83,55,3,130,8,6,0,4,1,0.232,0.317,0.445,0.762,0.328,0.1,0.24,0.423,0.213,0.258,-0.6,116,2.7
"ZiPS","25768","CJ Abrams","WSN",143,543,598,137,86,29,4,18,82,70,35,2,117,14,4,2,31,8,0.252,0.312,0.42,0.732,0.317,0.06,0.2,0.299,0.168,0.289,1.9,103,2.7
"ZiPS","20043","Luis Robert Jr","CHW",117,451,489,112,67,25,0,20,62,65,29,3,139,7,2,0,19,4,0.248,0.303,0.437,0.739,0.318,0.06,0.28,0.209,0.188,0.313,1.4,107,2.7
"ZiPS","21865","Bo Naylor","CLE",125,396,451,87,50,20,1,16,56,55,50,2,117,2,2,1,6,2,0.22,0.309,0.396,0.705,0.308,0.11,0.26,0.427,0.177,0.268,-0.4,102,2.7
"ZiPS DC","15112","Ryan McMahon","COL",147,563,637,138,86,29,1,22,75,75,67,3,179,3,4,0,4,4,0.245,0.326,0.418,0.744,0.323,0.1,0.28,0.373,0.173,0.316,-2.1,94,2.7
"ZiPS DC","25768","CJ Abrams","WSN",139,547,602,138,87,29,4,18,83,70,35,2,118,14,4,2,31,8,0.252,0.312,0.42,0.732,0.317,0.06,0.2,0.299,0.168,0.289,1.9,103,2.7
"ZiPS DC","22186","Brice Turang","MIL",139,543,602,138,102,24,3,9,71,57,50,1,110,1,3,4,37,5,0.254,0.317,0.36,0.677,0.299,0.08,0.18,0.458,0.106,0.301,4.1,90,2.7
"REZ","33266","Jacob Wilson","ATH",120,449,488,113,92,10,12,0,56,48,27,0,53,6,3,3,3,1,0.251,0.301,0.327,0.628,0.278,5.5,10.8,0.5,0.076,0.282,-0.8,110,2.7
"REZ","9777","Nolan Arenado","STL",147,573,628,148,91,29,1,27,68,78,45,6,89,5,6,0,3,1,0.259,0.316,0.454,0.77,0.328,7.2,14.2,0.5,0.195,0.262,-1.4,102,2.7
"REZ","19290","Randy Arozarena","SEA",149,552,639,129,77,25,1,27,75,73,66,1,175,16,4,0,23,9,0.234,0.331,0.429,0.76,0.332,10.4,27.4,0.4,0.195,0.289,-0.3,121,2.7
"REZ","16478","Kyle Schwarber","PHI",150,553,663,134,66,22,2,46,99,96,100,7,193,6,4,1,4,2,0.242,0.362,0.54,0.902,0.382,15,29.1,0.5,0.298,0.277,-1.5,127,2.7
"REZ","21618","Alec Bohm","PHI",144,558,611,153,107,31,1,14,70,77,40,1,95,5,6,0,4,2,0.275,0.326,0.408,0.734,0.319,6.5,15.6,0.4,0.133,0.306,-1.4,110,2.6
"REZ","13066","Teoscar Hernandez","LAD",148,578,634,141,79,28,2,33,83,96,46,1,183,7,4,0,9,3,0.245,0.306,0.475,0.781,0.334,7.2,28.8,0.3,0.23,0.295,-0.8,119,2.6
"REZ","22266","Xavier Edwards","MIA",132,511,573,130,106,18,4,1,70,43,49,1,81,2,4,6,32,7,0.254,0.319,0.305,0.624,0.28,8.6,14.2,0.6,0.051,0.298,2.4,98,2.6
"REZ","26368","JJ Bleday","ATH",148,547,627,127,69,34,3,20,72,72,73,1,131,4,4,1,4,2,0.232,0.324,0.415,0.739,0.322,11.6,20.8,0.6,0.183,0.267,-1.2,112,2.6
"REZ","27506","HaSeong Kim","TBR",110,399,457,95,62,19,3,11,53,45,48,2,83,3,3,3,19,5,0.238,0.323,0.386,0.709,0.311,10.5,18.1,0.6,0.148,0.273,1.1,106,2.6
"ATC","26121","Francisco Alvarez","NYM",123,414,465,97,58,17,1,21,56,63,43,1,115,5,3,0,2,1,0.233,0.311,0.43,0.74,0.321,0.09,0.25,0.371,0.196,0.27,-1.3,108,2.6
"ATC","22581","Alejandro Kirk","TOR",108,366,414,94,67,18,0,9,38,48,39,1,51,4,4,0,0,0,0.258,0.334,0.382,0.715,0.315,0.1,0.12,0.765,0.123,0.277,-2.6,107,2.6
"ATC","13301","Max Muncy","LAD",125,436,523,93,49,19,1,25,72,75,75,3,138,7,5,0,2,1,0.214,0.336,0.431,0.767,0.334,0.14,0.26,0.546,0.217,0.247,-0.9,116,2.6
"ATC","27769","Pete CrowArmstrong","CHC",138,487,540,120,78,21,6,14,68,60,34,2,137,7,3,10,32,6,0.246,0.302,0.403,0.705,0.305,0.06,0.25,0.245,0.157,0.312,1.9,97,2.6
"ATC","26466","Matt Wallner","MIN",128,438,508,103,54,23,2,24,62,68,53,2,173,15,2,0,4,1,0.236,0.336,0.461,0.797,0.345,0.1,0.34,0.304,0.226,0.326,-0.4,127,2.6
"ATC","24064","Ezequiel Tovar","COL",150,604,643,157,96,35,4,22,78,76,27,1,172,5,4,3,9,3,0.259,0.294,0.439,0.733,0.314,0.04,0.27,0.157,0.179,0.325,-0.5,88,2.6
"Depth Charts","19918","Daulton Varsho","TOR",131,509,567,114,65,23,4,22,71,71,49,1,141,5,3,1,12,4,0.223,0.296,0.414,0.711,0.308,0.09,0.25,0.351,0.191,0.263,1,102,2.6
"Depth Charts","23800","Parker Meadows","DET",133,512,574,120,75,23,6,16,72,60,51,1,133,4,4,2,20,6,0.234,0.307,0.396,0.703,0.306,0.09,0.23,0.386,0.161,0.284,1.5,100,2.6
"Depth Charts","16478","Kyle Schwarber","PHI",152,549,658,124,65,20,1,38,99,91,98,4,191,6,4,1,5,2,0.225,0.347,0.473,0.819,0.353,0.15,0.29,0.514,0.247,0.264,-1.6,127,2.6
"Depth Charts","27506","HaSeong Kim","TBR",100,377,434,92,63,17,2,10,51,44,48,2,77,3,3,2,18,4,0.244,0.333,0.378,0.711,0.314,0.11,0.18,0.626,0.134,0.28,1.1,108,2.6
"Depth Charts","19858","Luis Rengifo","LAA",139,552,602,144,101,23,4,17,73,68,38,0,99,7,3,2,22,7,0.261,0.315,0.406,0.721,0.314,0.06,0.16,0.387,0.145,0.29,0.7,103,2.6
"Depth Charts","22186","Brice Turang","MIL",139,541,602,137,100,25,3,10,69,57,52,1,108,2,4,3,37,7,0.253,0.319,0.365,0.684,0.302,0.09,0.18,0.481,0.111,0.298,4,92,2.6
"Depth Charts","17548","Taylor Ward","LAA",149,566,644,142,90,27,1,24,82,75,63,0,151,8,5,1,7,3,0.25,0.331,0.428,0.76,0.331,0.1,0.23,0.421,0.178,0.297,-0.9,115,2.6
"OOPSY","33824","Jung Hoo Lee","SFG",143,560,616,152,107,29,2,13,70,60,45,2,69,6,5,1,13,4,0.271,0.329,0.401,0.73,0.319,0.07,0.11,0.656,0.13,0.287,-0.4,106,2.6
"OOPSY","26294","Bryson Stott","PHI",151,586,651,149,105,28,3,13,72,59,55,1,110,4,6,0,29,6,0.254,0.319,0.378,0.696,0.306,0.08,0.17,0.499,0.123,0.289,3.1,95,2.6
"OOPSY","29766","Zack Gelof","ATH",146,569,630,129,80,26,2,21,68,71,51,0,197,4,5,2,27,5,0.227,0.293,0.391,0.684,0.298,0.08,0.31,0.258,0.164,0.305,3.1,97,2.6
"OOPSY","26121","Francisco Alvarez","NYM",123,429,488,102,59,20,1,23,58,66,48,2,119,6,4,0,2,1,0.238,0.32,0.448,0.768,0.331,0.1,0.24,0.405,0.21,0.272,-1.6,116,2.6
"OOPSY","28080","Jasson Dominguez","NYY",136,523,588,129,82,24,2,21,70,68,58,2,155,2,5,0,28,4,0.247,0.321,0.42,0.741,0.322,0.1,0.26,0.373,0.174,0.307,2.3,110,2.6
"OOPSY","14551","Anthony Santander","TOR",156,601,672,145,77,34,1,33,81,100,58,2,142,8,5,0,3,2,0.241,0.314,0.464,0.778,0.334,0.09,0.21,0.41,0.223,0.261,-1.1,120,2.6
"Steamer","19352","Sean Murphy","ATL",101,355,406,82,49,17,1,15,48,50,39,1,93,8,3,1,1,0,0.232,0.321,0.414,0.735,0.321,0.1,0.23,0.421,0.182,0.27,-1,105,2.6
"Steamer","24679","Brendan Donovan","STL",141,538,609,149,106,27,2,14,72,68,54,1,82,12,4,1,7,2,0.278,0.354,0.412,0.767,0.337,0.09,0.14,0.662,0.135,0.304,-0.8,118,2.6
"Steamer","19452","Jake Rogers","DET",90,317,351,68,41,14,1,13,37,40,26,1,102,4,3,1,2,1,0.214,0.279,0.383,0.663,0.288,0.07,0.29,0.255,0.169,0.27,-0.2,88,2.6
"Steamer","21865","Bo Naylor","CLE",102,347,397,76,45,15,1,14,45,46,42,1,104,4,3,1,7,2,0.22,0.307,0.395,0.702,0.307,0.1,0.26,0.4,0.176,0.267,-0.1,101,2.6
"Steamer","17929","Cedric Mullins","BAL",130,472,525,115,74,22,3,17,62,61,43,1,107,5,4,1,27,7,0.244,0.311,0.407,0.718,0.313,0.08,0.2,0.399,0.163,0.28,2,106,2.6
"Steamer","21618","Alec Bohm","PHI",143,550,602,152,101,33,1,17,70,75,41,1,93,6,4,1,5,2,0.276,0.331,0.431,0.761,0.33,0.07,0.15,0.443,0.155,0.304,-1.8,111,2.6
"Steamer","19858","Luis Rengifo","LAA",134,544,595,143,98,24,3,18,75,66,39,0,98,7,4,2,23,7,0.263,0.317,0.415,0.732,0.319,0.06,0.16,0.395,0.152,0.29,1,106,2.6
"Steamer","29591","Colton Cowser","BAL",130,471,541,113,70,21,2,20,66,65,58,2,157,8,4,1,9,3,0.24,0.331,0.418,0.749,0.327,0.11,0.29,0.369,0.178,0.313,0.4,116,2.6
"THE BAT","29695","Matt McLain","CIN",126,481,540,122,74,25,3,20,72,66,48,1,146,8,3,1,18,5,0.253,0.329,0.442,0.771,0.334,0.09,0.27,0.327,0.189,0.321,0.7,108,2.6
"THE BAT","19326","Bryan Reynolds","PIT",148,577,648,154,100,28,4,22,82,84,57,3,142,9,4,1,8,3,0.267,0.341,0.445,0.786,0.341,0.09,0.22,0.405,0.178,0.317,-0.8,116,2.6
"THE BAT","17548","Taylor Ward","LAA",147,561,637,142,89,28,2,24,79,77,62,0,146,8,5,0,7,2,0.253,0.333,0.435,0.768,0.334,0.1,0.23,0.424,0.182,0.298,-0.6,117,2.6
"THE BAT","24729","Logan O'Hoppe","LAA",126,446,493,106,64,20,1,21,58,63,37,1,133,6,3,1,3,1,0.238,0.303,0.428,0.731,0.316,0.07,0.27,0.276,0.19,0.289,-0.6,105,2.6
"THE BAT","24618","Ryan Jeffers","MIN",108,368,414,87,52,17,1,17,50,52,33,0,96,8,3,2,2,1,0.237,0.312,0.429,0.741,0.322,0.08,0.23,0.342,0.192,0.272,-0.6,111,2.6
"THE BATX","22664","Gabriel Moreno","ARI",120,405,452,112,79,22,2,9,54,52,38,1,78,5,3,1,5,2,0.277,0.343,0.407,0.75,0.329,0.08,0.17,0.491,0.131,0.32,-0.7,109,2.6
"THE BATX","13301","Max Muncy","LAD",126,440,523,95,50,19,1,24,68,72,72,3,135,6,4,0,1,0,0.215,0.332,0.43,0.761,0.331,0.14,0.26,0.534,0.215,0.248,-0.9,114,2.6
"THE BATX","20599","Ivan Herrera","STL",95,318,359,81,56,15,1,9,42,39,33,0,79,4,2,1,4,1,0.256,0.333,0.397,0.73,0.321,0.09,0.22,0.422,0.141,0.311,-0.5,107,2.6
"THE BATX","22542","Lawrence Butler","ATH",145,532,585,130,76,26,2,25,75,71,46,2,147,3,4,1,14,4,0.244,0.305,0.442,0.747,0.321,0.08,0.25,0.314,0.198,0.288,0.3,114,2.6
"THE BATX","13066","Teoscar Hernandez","LAD",146,565,621,146,88,27,2,28,86,88,46,2,178,7,4,0,10,3,0.258,0.32,0.465,0.785,0.337,0.07,0.29,0.258,0.207,0.324,-0.2,118,2.6
"ZiPS","15112","Ryan McMahon","COL",147,531,601,130,81,27,1,21,71,71,63,3,169,3,4,0,4,4,0.245,0.326,0.418,0.744,0.323,0.1,0.28,0.373,0.173,0.316,-2,94,2.6
"ZiPS","29766","Zack Gelof","ATH",130,498,549,116,71,24,2,19,66,66,43,0,174,3,3,2,22,3,0.233,0.296,0.404,0.7,0.305,0.08,0.32,0.247,0.171,0.315,2.3,102,2.6
"ZiPS","16578","Yandy Diaz","TBR",134,501,566,143,101,28,0,14,64,66,57,1,83,5,3,0,0,1,0.285,0.362,0.425,0.787,0.345,0.1,0.15,0.687,0.14,0.317,-1.7,131,2.6
"ZiPS","27490","Nick Gonzales","PIT",121,474,523,125,77,32,5,11,66,66,35,1,117,9,4,1,4,4,0.264,0.324,0.422,0.746,0.323,0.07,0.22,0.299,0.158,0.326,-1.8,105,2.6
"ZiPS","sa3023011","Kristian Campbell","BOS",116,450,509,120,77,25,4,14,71,74,47,1,117,11,1,0,13,6,0.267,0.35,0.433,0.783,0.342,0.09,0.23,0.402,0.167,0.331,-0.9,119,2.6
"ZiPS","22186","Brice Turang","MIL",148,528,585,134,99,23,3,9,69,55,49,1,107,1,3,4,36,5,0.254,0.317,0.36,0.677,0.299,0.08,0.18,0.458,0.106,0.301,4,90,2.6
"ZiPS","24729","Logan O'Hoppe","LAA",121,434,487,106,68,15,1,22,59,62,41,1,126,9,2,1,2,3,0.244,0.321,0.435,0.756,0.329,0.08,0.26,0.325,0.191,0.292,-1.7,113,2.6
"ZiPS","17988","Tyler Stephenson","CIN",134,422,475,111,73,22,1,15,60,61,44,2,109,6,3,0,1,0,0.263,0.339,0.427,0.765,0.333,0.09,0.23,0.404,0.164,0.319,-0.8,107,2.6
"ZiPS","21523","Jonathan India","KCR",138,496,585,123,81,28,2,12,76,57,66,0,111,17,5,1,11,2,0.248,0.353,0.385,0.738,0.329,0.11,0.19,0.595,0.137,0.294,0.1,111,2.6
"ZiPS","sa3020011","Chase Meidroth","CHW",121,459,545,114,88,17,2,7,71,48,72,0,89,11,3,0,8,3,0.248,0.361,0.34,0.701,0.319,0.13,0.16,0.809,0.092,0.292,-1,108,2.6
"ZiPS DC","26368","JJ Bleday","ATH",152,577,658,129,69,33,3,23,78,76,75,1,141,3,2,1,3,2,0.224,0.316,0.416,0.732,0.319,0.11,0.21,0.532,0.191,0.255,-1.4,112,2.6
"ZiPS DC","33824","Jung Hoo Lee","SFG",143,564,616,158,114,30,4,10,63,66,44,3,45,4,1,3,3,8,0.28,0.336,0.4,0.736,0.321,0.07,0.07,0.97,0.12,0.291,-4.1,108,2.6
"ZiPS DC","21865","Bo Naylor","CLE",110,382,435,84,48,19,1,15,54,53,48,2,113,2,2,1,6,2,0.22,0.309,0.396,0.705,0.308,0.11,0.26,0.427,0.177,0.268,-0.4,102,2.6
"ZiPS DC","16478","Kyle Schwarber","PHI",152,549,658,123,64,20,1,38,98,98,99,4,192,6,4,0,4,2,0.224,0.346,0.47,0.817,0.352,0.15,0.29,0.513,0.246,0.264,-1.3,126,2.6
"ZiPS DC","27490","Nick Gonzales","PIT",117,457,504,120,74,31,5,11,64,64,34,1,113,9,4,1,4,4,0.264,0.324,0.422,0.746,0.323,0.07,0.22,0.299,0.158,0.326,-1.7,105,2.6
"ZiPS DC","12564","Trevor Story","BOS",141,548,609,124,73,33,2,17,71,73,50,4,176,8,4,0,23,6,0.227,0.299,0.388,0.687,0.298,0.08,0.29,0.283,0.161,0.299,1.3,88,2.6
"ZiPS DC","25493","Joey Ortiz","MIL",147,567,637,141,89,33,6,14,80,75,55,0,128,6,6,2,11,5,0.249,0.32,0.401,0.721,0.315,0.09,0.2,0.433,0.152,0.296,-1,101,2.6
"REZ","21865","Bo Naylor","CLE",111,368,417,87,50,18,1,19,48,48,41,1,108,3,3,1,6,2,0.237,0.317,0.451,0.768,0.332,10,25.9,0.4,0.214,0.28,-0.2,96,2.6
"REZ","17548","Taylor Ward","LAA",147,560,637,137,84,31,2,20,81,75,64,0,150,8,5,1,7,3,0.244,0.327,0.411,0.738,0.323,10,23.5,0.4,0.167,0.294,-0.9,116,2.5
"REZ","17929","Cedric Mullins","BAL",132,483,537,116,77,18,7,12,67,60,42,1,105,5,3,2,28,7,0.24,0.305,0.381,0.686,0.299,7.8,19.6,0.4,0.141,0.28,2.1,103,2.5
"REZ","15998","Cody Bellinger","NYY",135,519,576,125,72,24,3,26,72,76,48,5,101,4,7,0,12,3,0.241,0.306,0.447,0.753,0.32,8.3,17.4,0.5,0.206,0.249,0.3,110,2.5
"REZ","25479","Brenton Doyle","COL",148,571,624,154,96,29,7,23,91,73,40,0,166,5,5,3,26,6,0.27,0.32,0.463,0.783,0.335,6.4,26.6,0.2,0.193,0.34,2.3,87,2.5
"ATC","33824","Jung Hoo Lee","SFG",121,472,520,133,91,30,3,9,64,52,39,2,47,4,3,1,8,3,0.281,0.34,0.413,0.753,0.328,0.08,0.09,0.846,0.132,0.295,-0.8,112,2.5
"ATC","18882","Brandon Lowe","TBR",115,428,483,101,57,20,2,22,63,66,46,1,125,6,3,0,6,1,0.237,0.317,0.447,0.764,0.33,0.09,0.26,0.365,0.21,0.279,0.2,114,2.5
"ATC","12927","Brandon Nimmo","NYM",139,521,603,128,82,25,4,18,78,68,67,1,133,10,3,1,8,2,0.247,0.342,0.411,0.754,0.332,0.11,0.22,0.506,0.165,0.296,-0.9,115,2.5
"ATC","19290","Randy Arozarena","SEA",146,535,620,127,78,26,1,21,79,70,65,0,157,16,4,0,21,8,0.237,0.335,0.408,0.743,0.328,0.1,0.25,0.415,0.171,0.293,-0.3,121,2.5
"ATC","20043","Luis Robert Jr","CHW",135,529,574,130,78,27,1,24,74,68,35,2,168,7,3,0,23,6,0.246,0.3,0.435,0.735,0.316,0.06,0.29,0.207,0.189,0.312,1.6,104,2.5
"ATC","22184","Mark Vientos","NYM",145,551,606,133,78,25,1,29,71,86,45,1,178,5,5,0,1,0,0.242,0.303,0.448,0.751,0.323,0.07,0.29,0.253,0.206,0.299,-1.9,109,2.5
"ATC","29518","James Wood","WSN",138,518,590,135,83,28,4,19,77,73,65,2,161,4,3,0,20,6,0.26,0.345,0.44,0.785,0.341,0.11,0.27,0.401,0.18,0.339,0,119,2.5
"ATC","14551","Anthony Santander","TOR",149,567,634,136,73,28,1,33,80,94,54,2,130,8,5,0,2,1,0.24,0.312,0.47,0.782,0.335,0.09,0.2,0.417,0.23,0.252,-1,121,2.5
"ATC","26294","Bryson Stott","PHI",146,534,592,136,96,25,3,12,70,59,48,1,100,4,6,1,28,5,0.255,0.317,0.38,0.698,0.306,0.08,0.17,0.477,0.126,0.29,2.7,95,2.5
"Depth Charts","25816","Shea Langeliers","ATH",128,458,506,106,58,19,2,26,61,74,39,2,137,5,4,0,4,2,0.231,0.296,0.454,0.75,0.321,0.08,0.27,0.285,0.223,0.267,-1.3,114,2.5
"Depth Charts","20391","Luis Garcia Jr","WSN",126,510,546,139,94,27,3,16,63,67,31,2,84,1,4,1,15,5,0.273,0.314,0.432,0.746,0.321,0.06,0.16,0.363,0.158,0.298,-0.3,106,2.5
"Depth Charts","19953","Josh Lowe","TBR",126,494,546,125,77,28,3,17,65,67,46,3,163,2,3,0,26,3,0.253,0.318,0.423,0.74,0.319,0.09,0.3,0.284,0.17,0.341,2.9,113,2.5
"Depth Charts","20202","Brandon Marsh","PHI",125,475,539,117,76,23,4,15,63,63,55,1,166,4,4,1,16,4,0.247,0.327,0.405,0.732,0.32,0.1,0.31,0.328,0.158,0.344,1.2,105,2.5
"Depth Charts","23690","Brayan Rocchio","CLE",130,496,560,120,82,27,2,10,67,56,50,1,104,8,4,2,13,5,0.243,0.319,0.366,0.686,0.303,0.09,0.19,0.482,0.124,0.285,-0.9,98,2.5
"Depth Charts","26466","Matt Wallner","MIN",120,448,518,106,57,25,2,22,63,71,52,1,177,14,3,0,4,1,0.236,0.332,0.446,0.778,0.338,0.1,0.34,0.293,0.21,0.334,-0.4,122,2.5
"Depth Charts","11477","Christian Yelich","MIL",133,494,574,131,87,24,3,17,81,65,72,5,126,4,2,1,23,4,0.264,0.361,0.427,0.788,0.343,0.13,0.22,0.575,0.162,0.321,2.5,120,2.5
"OOPSY","sa3022615","Matt Shaw","CHC",125,483,539,120,79,21,4,17,69,57,44,1,120,8,5,0,22,7,0.249,0.319,0.413,0.732,0.318,0.08,0.22,0.367,0.164,0.295,0.7,106,2.5
"OOPSY","12552","Eugenio Suarez","ARI",141,539,609,128,76,26,1,25,71,78,55,1,170,9,6,0,2,1,0.238,0.316,0.431,0.747,0.324,0.09,0.28,0.325,0.193,0.295,-1.9,106,2.5
"OOPSY","19858","Luis Rengifo","LAA",139,549,602,144,100,24,4,16,73,61,41,1,99,6,4,1,27,8,0.263,0.319,0.409,0.729,0.317,0.07,0.16,0.415,0.146,0.293,1.4,105,2.5
"OOPSY","24618","Ryan Jeffers","MIN",100,356,403,88,51,18,1,17,49,54,34,1,93,8,3,2,3,1,0.248,0.325,0.451,0.776,0.335,0.09,0.23,0.367,0.204,0.284,-1.2,120,2.5
"OOPSY","27769","Pete CrowArmstrong","CHC",134,532,581,128,82,25,7,15,76,59,32,1,151,8,5,4,35,8,0.241,0.293,0.398,0.691,0.299,0.06,0.26,0.211,0.157,0.306,2.8,94,2.5
"OOPSY","21454","Lars Nootbaar","STL",125,463,539,116,73,23,3,18,70,62,69,2,107,2,4,1,9,3,0.251,0.347,0.429,0.776,0.338,0.13,0.2,0.639,0.178,0.287,-0.1,119,2.5
"OOPSY","21618","Alec Bohm","PHI",143,564,616,156,105,33,2,17,70,70,41,2,97,5,6,0,6,2,0.276,0.328,0.428,0.757,0.327,0.07,0.16,0.428,0.152,0.305,-1.6,109,2.5
"OOPSY","21523","Jonathan India","KCR",138,512,595,134,88,28,3,15,76,63,62,2,111,16,5,0,11,3,0.262,0.356,0.417,0.773,0.34,0.1,0.19,0.562,0.155,0.304,-0.4,118,2.5
"OOPSY","9777","Nolan Arenado","STL",152,602,658,153,102,30,1,20,70,74,46,1,100,4,5,0,3,1,0.254,0.309,0.407,0.716,0.311,0.07,0.15,0.461,0.154,0.272,-1.5,100,2.5
"OOPSY","12927","Brandon Nimmo","NYM",134,504,581,125,80,23,4,18,76,63,64,2,128,10,3,1,7,3,0.248,0.342,0.416,0.758,0.332,0.11,0.22,0.495,0.169,0.296,-1.3,117,2.5
"OOPSY","17929","Cedric Mullins","BAL",130,502,560,121,79,24,4,15,67,58,47,1,113,5,4,2,30,8,0.241,0.31,0.392,0.702,0.307,0.08,0.2,0.416,0.151,0.281,2.1,102,2.5
"OOPSY","13301","Max Muncy","LAD",126,460,546,99,53,19,1,25,66,71,75,2,140,6,4,0,2,1,0.214,0.33,0.425,0.755,0.33,0.14,0.26,0.537,0.211,0.245,-1,113,2.5
"OOPSY","27562","Austin Wells","NYY",117,406,462,93,55,20,1,16,52,55,47,1,107,5,5,0,4,1,0.229,0.313,0.406,0.719,0.314,0.1,0.23,0.434,0.177,0.267,-0.5,104,2.5
"Steamer","23690","Brayan Rocchio","CLE",130,435,493,106,71,24,1,10,55,49,47,0,89,6,4,2,13,4,0.244,0.323,0.373,0.697,0.308,0.1,0.18,0.526,0.129,0.283,-0.3,102,2.5
"Steamer","19251","Pete Alonso","NYM",150,571,657,136,75,24,1,36,89,100,68,6,153,12,5,0,4,1,0.238,0.329,0.473,0.802,0.343,0.1,0.23,0.442,0.235,0.258,-2.5,124,2.5
"Steamer","18568","Luis Arraez","SDP",150,637,692,195,150,33,2,10,89,62,41,5,43,6,4,3,9,2,0.306,0.352,0.412,0.765,0.332,0.06,0.06,0.972,0.106,0.314,-0.3,117,2.5
"Steamer","29766","Zack Gelof","ATH",146,545,603,123,75,25,2,21,67,67,48,1,186,5,4,1,23,6,0.226,0.292,0.395,0.686,0.299,0.08,0.31,0.256,0.169,0.298,2.2,98,2.5
"THE BAT","27479","Masyn Winn","STL",143,563,614,144,98,28,4,14,72,63,40,0,110,4,5,3,16,4,0.256,0.307,0.392,0.698,0.304,0.06,0.18,0.362,0.136,0.294,0.5,96,2.5
"THE BAT","33824","Jung Hoo Lee","SFG",114,443,490,125,83,30,3,9,60,52,38,2,48,4,4,1,7,2,0.283,0.342,0.424,0.766,0.332,0.08,0.1,0.79,0.141,0.299,-0.5,115,2.5
"THE BAT","19950","Andres Gimenez","TOR",143,542,596,139,99,25,3,11,75,54,30,2,104,16,4,4,29,7,0.257,0.313,0.378,0.691,0.302,0.05,0.17,0.292,0.121,0.297,2,98,2.5
"THE BAT","13066","Teoscar Hernandez","LAD",146,566,621,147,90,27,2,28,85,88,44,1,178,7,4,0,10,3,0.259,0.319,0.462,0.781,0.336,0.07,0.29,0.249,0.203,0.326,-0.2,117,2.5
"THE BAT","11739","JT Realmuto","PHI",113,401,450,102,65,19,2,15,58,55,31,1,110,7,3,0,10,3,0.254,0.317,0.429,0.746,0.323,0.07,0.24,0.283,0.175,0.31,0.1,106,2.5
"THE BAT","16578","Yandy Diaz","TBR",141,545,614,150,107,27,1,14,71,69,59,0,91,6,3,1,2,1,0.274,0.349,0.407,0.757,0.333,0.1,0.15,0.65,0.133,0.305,-1.3,122,2.5
"THE BATX","27506","HaSeong Kim","TBR",117,427,484,101,68,20,2,11,59,44,46,0,88,4,3,3,19,5,0.237,0.315,0.375,0.69,0.304,0.1,0.18,0.524,0.137,0.271,0.6,102,2.5
"THE BATX","19950","Andres Gimenez","TOR",143,542,596,138,98,25,4,11,75,53,31,2,104,16,4,4,29,6,0.255,0.312,0.378,0.689,0.302,0.05,0.17,0.295,0.123,0.295,2.3,97,2.5
"THE BATX","17988","Tyler Stephenson","CIN",119,419,470,108,70,20,1,17,55,62,40,1,112,7,4,0,1,0,0.258,0.33,0.43,0.76,0.331,0.09,0.24,0.361,0.172,0.31,-0.9,106,2.5
"THE BATX","18036","Jake Cronenworth","SDP",144,533,605,130,84,27,3,17,71,66,55,2,111,10,5,1,5,1,0.244,0.324,0.399,0.723,0.316,0.09,0.18,0.497,0.155,0.277,-0.7,106,2.5
"THE BATX","27769","Pete CrowArmstrong","CHC",139,489,536,118,77,20,5,15,69,55,33,2,143,7,3,4,28,4,0.241,0.297,0.399,0.696,0.301,0.06,0.27,0.233,0.158,0.307,3,95,2.5
"ZiPS","27534","Edouard Julien","MIN",134,457,539,107,71,21,1,14,67,57,76,1,174,4,2,0,10,1,0.234,0.347,0.376,0.723,0.323,0.14,0.32,0.437,0.142,0.343,0.4,112,2.5
"ZiPS","26477","Spencer Horwitz","PIT",138,508,588,139,91,35,1,12,70,63,68,2,102,8,4,0,3,2,0.274,0.366,0.417,0.783,0.344,0.12,0.17,0.667,0.144,0.319,-1.5,119,2.5
"ZiPS","27789","Shay Whitcomb","HOU",124,484,529,114,73,21,1,19,66,73,36,1,153,6,3,0,15,5,0.236,0.295,0.401,0.696,0.302,0.07,0.29,0.235,0.165,0.302,0.1,98,2.5
"ZiPS","22715","Maikel Garcia","KCR",142,546,601,139,100,28,4,7,79,57,45,0,107,1,6,3,30,4,0.255,0.309,0.359,0.668,0.294,0.07,0.18,0.421,0.104,0.301,3.2,86,2.5
"ZiPS","20308","Jake Meyers","HOU",128,403,447,96,63,19,2,12,50,53,32,0,108,7,3,2,8,2,0.238,0.303,0.385,0.688,0.302,0.07,0.24,0.296,0.146,0.294,0,98,2.5
"ZiPS","sa3019892","Dalton Rushing","LAD",107,406,468,91,53,19,1,18,54,70,47,1,119,13,2,0,1,1,0.224,0.323,0.409,0.732,0.321,0.1,0.25,0.395,0.185,0.269,-1.1,108,2.5
"ZiPS","19326","Bryan Reynolds","PIT",149,574,644,153,100,28,4,21,74,84,57,4,139,9,4,0,8,2,0.267,0.34,0.439,0.779,0.337,0.09,0.22,0.41,0.172,0.316,-0.5,114,2.5
"ZiPS","19287","Adolis Garcia","TEX",143,542,598,129,73,26,2,28,77,89,45,1,169,6,5,0,12,4,0.238,0.301,0.448,0.749,0.322,0.07,0.28,0.266,0.21,0.289,-0.2,110,2.5
"ZiPS","27464","Dillon Dingler","DET",96,357,396,81,50,17,2,12,45,52,28,0,111,8,3,0,3,1,0.227,0.295,0.387,0.682,0.299,0.07,0.28,0.252,0.16,0.291,-0.5,95,2.5
"ZiPS","23800","Parker Meadows","DET",134,508,568,118,74,22,6,16,71,66,49,1,132,4,5,2,19,6,0.232,0.302,0.394,0.696,0.303,0.09,0.23,0.371,0.161,0.279,0.4,98,2.5
"ZiPS","28312","Coby Mayo","BAL",123,465,519,111,64,26,2,19,65,73,44,2,146,7,3,0,3,3,0.239,0.312,0.426,0.738,0.319,0.09,0.28,0.301,0.187,0.304,-1.5,111,2.5
"ZiPS","21454","Lars Nootbaar","STL",127,405,475,99,58,22,3,16,63,55,63,2,97,1,5,1,7,2,0.244,0.344,0.432,0.776,0.337,0.13,0.2,0.649,0.188,0.279,-0.4,118,2.5
"ZiPS","31437","Jace Jung","DET",125,458,529,102,62,23,1,16,57,60,64,1,134,4,3,0,2,2,0.223,0.321,0.382,0.703,0.311,0.12,0.25,0.478,0.159,0.277,-1.4,104,2.5
"ZiPS","16478","Kyle Schwarber","PHI",145,540,647,121,63,20,1,37,96,96,97,4,189,6,4,0,4,2,0.224,0.346,0.47,0.817,0.352,0.15,0.29,0.513,0.246,0.264,-1.3,126,2.5
"ZiPS","23565","Davis Schneider","TOR",124,407,472,89,48,22,2,17,56,57,55,0,137,6,4,0,6,1,0.219,0.318,0.408,0.726,0.318,0.12,0.29,0.401,0.189,0.28,-0.1,109,2.5
"ZiPS DC","17548","Taylor Ward","LAA",149,565,644,141,89,27,1,24,79,78,64,0,151,8,7,0,6,3,0.25,0.332,0.428,0.76,0.331,0.1,0.23,0.425,0.178,0.296,-1.5,115,2.5
"ZiPS DC","19858","Luis Rengifo","LAA",139,554,602,144,102,22,4,15,70,69,37,0,98,7,3,1,21,7,0.259,0.313,0.397,0.709,0.31,0.06,0.16,0.38,0.137,0.29,0.2,100,2.5
"ZiPS DC","23800","Parker Meadows","DET",133,513,574,119,75,22,6,16,72,67,50,1,133,4,5,2,19,6,0.232,0.302,0.394,0.696,0.303,0.09,0.23,0.371,0.161,0.279,0.4,98,2.5
"ZiPS DC","31781","Jackson Holliday","BAL",109,402,469,93,57,22,2,12,80,54,61,1,123,3,2,0,7,1,0.231,0.335,0.383,0.718,0.318,0.13,0.26,0.497,0.152,0.3,0.2,110,2.5
"ZiPS DC","19566","Nathaniel Lowe","WSN",144,551,623,153,111,22,2,18,70,72,66,1,129,4,2,0,3,1,0.277,0.357,0.425,0.782,0.343,0.1,0.21,0.508,0.147,0.332,-1.2,121,2.5
"ZiPS DC","22715","Maikel Garcia","KCR",138,541,595,138,99,28,4,7,78,56,45,0,106,1,6,3,30,4,0.255,0.309,0.359,0.668,0.294,0.07,0.18,0.421,0.104,0.301,3.2,86,2.5
"ZiPS DC","26299","Josh Jung","TEX",136,547,588,138,89,26,2,21,69,80,31,0,161,7,3,0,5,2,0.252,0.299,0.423,0.722,0.313,0.05,0.27,0.194,0.171,0.317,-0.7,104,2.5
"ZiPS DC","26319","Michael Busch","CHC",144,545,623,133,78,30,2,23,85,78,65,1,171,9,4,0,2,1,0.244,0.331,0.432,0.763,0.332,0.1,0.27,0.38,0.188,0.309,-1.2,116,2.5
"ZiPS DC","27562","Austin Wells","NYY",117,407,462,93,55,21,1,16,49,61,45,0,114,6,4,0,4,1,0.229,0.312,0.401,0.713,0.312,0.1,0.25,0.394,0.172,0.275,-0.4,104,2.5
"ZiPS DC","19326","Bryan Reynolds","PIT",149,574,644,153,100,28,4,21,74,84,57,4,139,9,4,0,8,2,0.267,0.34,0.439,0.779,0.337,0.09,0.22,0.41,0.172,0.316,-0.5,114,2.5
"REZ","19918","Daulton Varsho","TOR",133,492,549,119,65,27,5,22,68,67,49,1,139,5,3,1,13,3,0.241,0.314,0.455,0.769,0.33,8.8,25.4,0.3,0.214,0.29,0.8,101,2.5
"REZ","24729","Logan O'Hoppe","LAA",119,426,475,102,75,10,0,16,57,60,39,0,126,7,3,1,3,2,0.239,0.312,0.379,0.691,0.305,8.2,26.6,0.3,0.14,0.298,-1.2,109,2.4
"REZ","29766","Zack Gelof","ATH",142,543,598,122,69,29,2,21,68,66,47,1,189,4,4,2,24,5,0.225,0.289,0.402,0.691,0.299,7.8,31.6,0.2,0.177,0.3,2.2,97,2.4
"REZ","19326","Bryan Reynolds","PIT",149,578,649,162,101,30,5,26,82,81,58,3,138,9,4,1,8,2,0.28,0.353,0.481,0.834,0.358,9,21.2,0.4,0.201,0.325,-0.3,113,2.4
"REZ","21454","Lars Nootbaar","STL",124,439,513,108,65,21,4,19,63,59,64,3,99,2,4,1,8,2,0.245,0.341,0.443,0.784,0.339,12.5,19.4,0.6,0.198,0.272,-0.2,117,2.4
"ATC","21618","Alec Bohm","PHI",144,558,611,152,103,32,2,16,70,81,41,1,93,6,6,0,4,2,0.273,0.326,0.422,0.748,0.324,0.07,0.15,0.441,0.149,0.3,-1.7,107,2.4
"ATC","23800","Parker Meadows","DET",132,485,541,114,72,22,6,15,68,53,48,1,127,4,4,2,20,5,0.236,0.308,0.399,0.706,0.308,0.09,0.23,0.375,0.162,0.287,1.6,101,2.4
"ATC","13066","Teoscar Hernandez","LAD",146,566,621,147,90,27,1,28,81,91,45,2,179,7,3,0,9,3,0.259,0.319,0.462,0.782,0.336,0.07,0.29,0.251,0.203,0.326,-1,118,2.4
"ATC","20391","Luis Garcia Jr","WSN",138,526,562,144,98,27,3,17,65,68,31,2,89,1,4,1,17,5,0.273,0.312,0.429,0.741,0.319,0.05,0.16,0.346,0.155,0.299,-0.4,105,2.4
"ATC","16578","Yandy Diaz","TBR",141,543,613,154,108,29,1,16,72,68,61,1,91,6,3,1,1,1,0.283,0.36,0.429,0.789,0.346,0.1,0.15,0.669,0.146,0.313,-2.8,124,2.4
"ATC","20599","Ivan Herrera","STL",97,320,368,83,57,16,1,9,44,39,39,0,78,5,3,1,5,1,0.26,0.346,0.399,0.745,0.328,0.11,0.21,0.498,0.139,0.316,0.1,113,2.4
"ATC","28163","Junior Caminero","TBR",131,515,558,135,89,22,2,22,65,75,35,2,117,4,3,0,4,2,0.262,0.313,0.44,0.752,0.324,0.06,0.21,0.303,0.178,0.298,-0.9,109,2.4
"ATC","19326","Bryan Reynolds","PIT",147,573,642,151,98,28,4,22,79,79,56,3,142,9,4,1,9,2,0.264,0.337,0.439,0.777,0.336,0.09,0.22,0.397,0.176,0.313,-0.1,113,2.4
"ATC","25479","Brenton Doyle","COL",143,544,596,134,85,24,4,21,77,68,40,1,168,4,5,3,27,6,0.247,0.301,0.423,0.724,0.313,0.07,0.28,0.237,0.176,0.316,2.4,87,2.4
"ATC","9777","Nolan Arenado","STL",144,556,611,141,94,27,1,19,68,76,44,2,91,5,6,0,3,1,0.253,0.31,0.406,0.716,0.31,0.07,0.15,0.479,0.153,0.27,-1.4,100,2.4
"ATC","22542","Lawrence Butler","ATH",144,534,585,133,80,27,3,24,76,69,45,1,140,2,4,1,19,3,0.25,0.308,0.445,0.753,0.324,0.08,0.24,0.32,0.195,0.293,0.9,109,2.4
"ATC","15998","Cody Bellinger","NYY",133,513,568,130,82,25,2,21,73,75,45,4,98,4,7,0,12,3,0.253,0.315,0.432,0.747,0.32,0.08,0.17,0.461,0.178,0.272,0.4,107,2.4
"Depth Charts","11739","JT Realmuto","PHI",126,454,501,114,72,22,3,17,59,62,35,2,123,9,3,1,8,3,0.252,0.315,0.426,0.74,0.32,0.07,0.24,0.284,0.174,0.306,-0.5,105,2.4
"Depth Charts","25493","Joey Ortiz","MIL",147,567,637,142,90,32,5,14,76,72,56,0,128,6,5,2,12,5,0.25,0.321,0.401,0.722,0.316,0.09,0.2,0.436,0.15,0.297,-0.3,102,2.4
"Depth Charts","30116","Seiya Suzuki","CHC",143,540,616,143,89,27,4,23,78,79,66,3,154,5,5,0,13,5,0.264,0.347,0.456,0.803,0.346,0.11,0.25,0.426,0.192,0.326,-1.4,125,2.4
"Depth Charts","22799","Geraldo Perdomo","ARI",125,462,539,115,83,23,3,7,71,50,59,0,87,6,4,8,15,4,0.25,0.339,0.359,0.698,0.312,0.11,0.16,0.682,0.109,0.291,1,98,2.4
"Depth Charts","27676","Vinnie Pasquantino","KCR",146,559,630,148,87,34,2,25,75,90,58,2,84,6,6,1,2,0,0.266,0.338,0.47,0.808,0.347,0.09,0.13,0.693,0.205,0.27,-1.9,123,2.4
"Depth Charts","15711","Tyler O'Neill","BAL",110,419,476,101,59,18,1,24,65,68,48,2,146,6,3,0,6,1,0.241,0.325,0.456,0.781,0.336,0.1,0.31,0.33,0.216,0.305,-0.2,123,2.4
"Depth Charts","20599","Ivan Herrera","STL",99,338,392,86,59,16,2,9,46,42,45,0,84,5,3,1,5,1,0.254,0.348,0.391,0.739,0.328,0.12,0.21,0.544,0.137,0.31,0.2,112,2.4
"Depth Charts","sa3022615","Matt Shaw","CHC",125,482,539,120,81,19,3,17,65,66,45,0,116,7,4,1,18,6,0.248,0.319,0.406,0.725,0.317,0.08,0.22,0.384,0.157,0.291,-0.1,106,2.4
"Depth Charts","19326","Bryan Reynolds","PIT",149,573,644,151,98,28,4,22,80,80,57,3,141,9,4,1,8,2,0.264,0.338,0.44,0.778,0.337,0.09,0.22,0.402,0.176,0.312,-0.1,114,2.4
"Depth Charts","22715","Maikel Garcia","KCR",138,541,595,140,100,28,4,8,73,56,45,0,105,2,5,3,30,6,0.258,0.314,0.367,0.681,0.299,0.07,0.18,0.426,0.109,0.305,2.8,90,2.4
"Depth Charts","31781","Jackson Holliday","BAL",109,402,469,93,59,21,2,11,68,50,60,1,124,3,3,1,8,1,0.232,0.335,0.377,0.712,0.316,0.13,0.26,0.484,0.145,0.304,0.1,109,2.4
"OOPSY","15711","Tyler O'Neill","BAL",110,420,476,101,56,20,1,25,58,69,47,2,145,6,3,0,7,2,0.242,0.324,0.469,0.793,0.341,0.1,0.3,0.324,0.227,0.303,-0.2,126,2.4
"OOPSY","24729","Logan O'Hoppe","LAA",115,413,462,100,64,17,1,19,52,56,38,1,118,7,3,0,4,2,0.243,0.314,0.425,0.739,0.321,0.08,0.26,0.322,0.182,0.291,-1.1,108,2.4
"OOPSY","19290","Randy Arozarena","SEA",152,567,658,135,83,28,2,22,78,75,69,2,171,17,5,0,24,10,0.237,0.335,0.408,0.743,0.326,0.1,0.26,0.404,0.171,0.297,-0.9,120,2.4
"OOPSY","26299","Josh Jung","TEX",136,544,588,137,86,25,2,24,66,75,33,1,160,7,4,0,6,3,0.252,0.301,0.437,0.738,0.318,0.06,0.27,0.208,0.185,0.311,-2,107,2.4
"OOPSY","17919","Ian Happ","CHC",156,583,672,140,84,31,2,23,82,80,78,2,165,6,4,0,12,4,0.241,0.334,0.419,0.753,0.329,0.12,0.24,0.477,0.179,0.294,-0.3,114,2.4
"OOPSY","4949","Giancarlo Stanton","NYY",122,470,525,117,59,22,0,36,66,92,49,2,158,3,3,0,1,0,0.248,0.321,0.526,0.847,0.359,0.09,0.3,0.31,0.278,0.29,-2.9,136,2.4
"OOPSY","20599","Ivan Herrera","STL",99,337,392,86,58,17,1,10,47,39,47,1,83,5,3,0,6,1,0.254,0.35,0.397,0.747,0.329,0.12,0.21,0.563,0.143,0.307,0.4,113,2.4
"Steamer","27769","Pete CrowArmstrong","CHC",134,487,532,119,76,22,6,15,60,61,33,2,132,7,4,2,27,7,0.244,0.298,0.404,0.703,0.304,0.06,0.25,0.249,0.161,0.301,1.4,97,2.4
"Steamer","20599","Ivan Herrera","STL",92,310,362,80,54,15,1,9,42,39,44,0,76,4,3,1,5,1,0.257,0.354,0.4,0.754,0.334,0.12,0.21,0.578,0.142,0.311,0.2,116,2.4
"Steamer","11477","Christian Yelich","MIL",133,516,600,137,91,25,3,18,83,66,74,5,130,5,4,2,23,5,0.265,0.361,0.427,0.788,0.343,0.12,0.22,0.571,0.162,0.321,2.1,120,2.4
"Steamer","11609","Willson Contreras","STL",139,526,610,129,78,27,1,24,76,78,63,2,146,16,4,1,6,2,0.245,0.341,0.435,0.776,0.338,0.1,0.24,0.432,0.189,0.292,-1.7,119,2.4
"Steamer","13301","Max Muncy","LAD",126,444,531,95,52,18,1,24,68,69,76,3,144,6,4,1,3,1,0.213,0.334,0.418,0.752,0.329,0.14,0.27,0.53,0.205,0.253,-0.9,113,2.4
"Steamer","19326","Bryan Reynolds","PIT",149,600,675,157,100,29,3,24,90,80,59,3,150,9,5,2,9,3,0.261,0.335,0.442,0.777,0.336,0.09,0.22,0.395,0.18,0.308,0,113,2.4
"Steamer","25479","Brenton Doyle","COL",150,604,660,148,94,26,4,23,83,72,44,1,186,5,4,2,29,7,0.245,0.3,0.418,0.718,0.311,0.07,0.28,0.236,0.173,0.312,2.8,86,2.4
"THE BAT","21618","Alec Bohm","PHI",144,558,610,151,104,30,1,16,70,73,41,1,93,5,6,0,4,1,0.272,0.324,0.417,0.74,0.321,0.07,0.15,0.439,0.145,0.298,-0.9,105,2.4
"THE BAT","22266","Xavier Edwards","MIA",135,518,580,145,113,25,4,4,69,42,47,2,84,3,4,7,31,6,0.28,0.34,0.363,0.703,0.31,0.08,0.14,0.565,0.084,0.324,2.5,96,2.4
"THE BAT","20599","Ivan Herrera","STL",95,317,359,80,55,15,1,8,41,37,34,0,79,4,2,1,4,1,0.251,0.33,0.381,0.712,0.314,0.1,0.22,0.437,0.13,0.308,-0.4,103,2.4
"THE BAT","9777","Nolan Arenado","STL",145,558,613,142,94,27,1,19,67,75,44,2,91,5,6,1,3,1,0.254,0.31,0.41,0.721,0.312,0.07,0.15,0.48,0.156,0.27,-0.8,101,2.4
"THE BAT","14161","Byron Buxton","MIN",109,406,450,98,50,24,2,23,61,63,33,1,124,8,3,0,8,2,0.243,0.309,0.479,0.788,0.337,0.07,0.28,0.263,0.236,0.29,0.1,122,2.4
"THE BAT","27647","Anthony Volpe","NYY",146,558,614,131,85,27,4,15,75,58,44,0,141,7,5,1,25,5,0.234,0.295,0.377,0.673,0.294,0.07,0.23,0.311,0.143,0.284,1.7,91,2.4
"THE BATX","29591","Colton Cowser","BAL",141,497,567,119,71,24,2,22,73,69,57,3,171,8,3,1,9,2,0.239,0.326,0.427,0.752,0.327,0.1,0.3,0.333,0.188,0.316,-0.3,116,2.4
"THE BATX","14161","Byron Buxton","MIN",109,405,450,98,50,24,2,22,61,62,33,1,124,8,3,0,8,2,0.243,0.311,0.476,0.787,0.337,0.07,0.28,0.269,0.233,0.292,0,121,2.4
"ZiPS","13301","Max Muncy","LAD",108,373,451,80,41,17,1,21,64,63,67,3,119,7,4,0,2,1,0.214,0.341,0.434,0.776,0.338,0.15,0.26,0.563,0.22,0.249,-0.9,119,2.4
"ZiPS","26208","Tyler Fitzgerald","SFG",120,447,490,107,64,23,3,17,68,66,32,0,151,8,2,1,16,4,0.239,0.301,0.418,0.719,0.312,0.06,0.31,0.212,0.179,0.32,0.8,102,2.4
"ZiPS","24496","DaShawn Keirsey Jr","MIN",118,451,495,113,79,19,6,9,53,54,34,0,133,6,4,0,22,5,0.251,0.309,0.379,0.688,0.301,0.07,0.27,0.256,0.129,0.332,1.4,97,2.4
"ZiPS","11477","Christian Yelich","MIL",114,425,493,112,75,20,2,15,72,58,63,5,109,3,1,1,20,2,0.264,0.362,0.426,0.788,0.343,0.13,0.22,0.578,0.162,0.321,2.1,120,2.4
"ZiPS","16556","Ozzie Albies","ATL",118,471,516,123,75,27,3,18,70,72,34,1,83,5,6,0,10,2,0.261,0.314,0.446,0.76,0.326,0.07,0.16,0.41,0.185,0.279,0.3,108,2.4
"ZiPS","sa3020211","Roman Anthony","BOS",121,488,554,120,74,28,5,13,73,67,60,1,147,3,3,0,11,5,0.246,0.33,0.404,0.734,0.321,0.11,0.26,0.408,0.158,0.323,-0.9,104,2.4
"ZiPS","23772","Wilyer Abreu","BOS",127,427,484,104,61,25,1,17,65,63,51,0,131,3,3,0,9,3,0.244,0.326,0.426,0.753,0.328,0.1,0.27,0.389,0.183,0.309,-0.3,109,2.4
"ZiPS","19566","Nathaniel Lowe","WSN",149,537,607,149,108,21,2,18,68,70,64,1,126,4,2,0,3,1,0.277,0.357,0.425,0.782,0.343,0.1,0.21,0.508,0.147,0.332,-1.2,121,2.4
"ZiPS","16930","Jonah Heim","TEX",122,417,452,96,63,17,2,14,46,58,31,0,84,2,2,0,1,0,0.23,0.285,0.381,0.667,0.291,0.07,0.19,0.369,0.151,0.255,-0.6,89,2.4
"ZiPS","29634","Will Wagner","TOR",103,391,444,106,76,21,2,7,54,49,45,0,77,4,3,1,3,1,0.271,0.35,0.389,0.739,0.327,0.1,0.17,0.584,0.118,0.319,-0.8,115,2.4
"ZiPS","22275","Jake Burger","TEX",139,517,562,125,68,25,2,30,67,91,31,1,151,10,4,0,1,1,0.242,0.295,0.472,0.767,0.328,0.06,0.27,0.205,0.23,0.279,-1.1,114,2.4
"ZiPS","12552","Eugenio Suarez","ARI",146,529,602,123,74,25,1,23,70,80,55,0,174,10,8,0,1,1,0.233,0.312,0.414,0.726,0.316,0.09,0.29,0.316,0.181,0.294,-1.3,101,2.4
"ZiPS","27562","Austin Wells","NYY",108,389,442,89,53,20,1,15,47,58,43,0,109,6,4,0,4,1,0.229,0.312,0.401,0.713,0.312,0.1,0.25,0.394,0.172,0.275,-0.4,104,2.4
"ZiPS","18564","Trent Grisham","NYY",125,372,432,79,42,20,1,16,51,51,50,1,113,5,2,3,7,2,0.212,0.312,0.401,0.713,0.313,0.12,0.26,0.442,0.188,0.257,-0.2,104,2.4
"ZiPS DC","11477","Christian Yelich","MIL",133,495,574,130,87,23,2,17,84,68,73,6,127,3,1,1,23,2,0.264,0.362,0.426,0.788,0.343,0.13,0.22,0.578,0.162,0.321,2.5,120,2.4
"ZiPS DC","27790","Evan Carter","TEX",115,433,497,104,67,20,5,13,69,60,55,1,128,7,2,0,12,3,0.239,0.333,0.394,0.727,0.32,0.11,0.26,0.432,0.154,0.309,-0.1,109,2.4
"ZiPS DC","18363","Victor Robles","SEA",128,481,553,123,86,27,2,8,69,50,41,0,116,17,3,11,38,5,0.255,0.333,0.366,0.699,0.312,0.07,0.21,0.351,0.111,0.319,4.5,109,2.4
"ZiPS DC","19287","Adolis Garcia","TEX",143,558,616,133,75,27,2,29,79,92,46,1,174,6,5,0,12,4,0.238,0.301,0.448,0.749,0.322,0.07,0.28,0.266,0.21,0.289,-0.2,110,2.4
"ZiPS DC","24618","Ryan Jeffers","MIN",100,355,403,84,48,18,1,17,47,54,33,0,94,10,3,2,2,0,0.235,0.316,0.432,0.748,0.326,0.08,0.23,0.354,0.197,0.271,-0.3,114,2.4
"ZiPS DC","9218","Paul Goldschmidt","NYY",147,569,637,142,86,31,0,25,79,88,62,2,169,3,3,0,10,0,0.25,0.325,0.437,0.762,0.33,0.1,0.27,0.365,0.187,0.31,0.8,116,2.4
"ZiPS DC","12552","Eugenio Suarez","ARI",141,535,609,124,75,25,1,23,71,81,56,0,176,10,8,0,1,1,0.233,0.312,0.414,0.726,0.316,0.09,0.29,0.316,0.181,0.294,-1.3,101,2.4
"REZ","24679","Brendan Donovan","STL",140,523,592,140,103,24,2,11,68,63,51,1,76,12,4,1,5,3,0.268,0.344,0.386,0.73,0.323,8.6,12.8,0.7,0.118,0.293,-1.3,115,2.4
"REZ","15711","Tyler O'Neill","BAL",114,424,482,95,56,18,0,20,64,68,47,1,145,6,3,0,6,1,0.224,0.309,0.408,0.717,0.312,9.8,30.2,0.3,0.184,0.287,-0.2,124,2.4
"REZ","20599","Ivan Herrera","STL",96,327,376,80,68,9,0,2,45,40,42,0,77,5,3,1,5,1,0.245,0.336,0.294,0.63,0.289,11,20.4,0.5,0.049,0.311,-0.1,110,2.4
"REZ","20391","Luis Garcia Jr","WSN",132,513,550,142,98,29,3,12,66,67,30,2,78,1,4,1,15,5,0.277,0.315,0.416,0.731,0.315,5.4,14.3,0.4,0.139,0.304,-0.2,104,2.4
"REZ","30116","Seiya Suzuki","CHC",138,524,598,134,83,27,5,18,74,76,64,4,150,5,5,0,13,5,0.255,0.339,0.431,0.77,0.333,10.6,25.1,0.4,0.176,0.32,-1,124,2.4
"REZ","11609","Willson Contreras","STL",130,477,556,107,63,23,1,19,70,70,58,2,130,17,3,0,6,2,0.224,0.328,0.397,0.725,0.319,10.5,23.5,0.4,0.173,0.266,-1.3,120,2.3
"REZ","31781","Jackson Holliday","BAL",117,412,477,93,65,10,5,12,66,50,55,0,122,3,3,1,8,2,0.226,0.321,0.367,0.688,0.306,11.7,25.7,0.5,0.141,0.288,0,108,2.3
"REZ","26466","Matt Wallner","MIN",126,450,518,93,49,23,1,20,65,70,53,4,184,14,3,0,4,1,0.207,0.309,0.395,0.704,0.307,10.2,35.3,0.3,0.188,0.294,-0.5,121,2.3
"REZ","24618","Ryan Jeffers","MIN",103,357,404,80,49,13,1,16,49,52,34,0,95,9,3,2,3,1,0.223,0.304,0.403,0.707,0.308,8.4,23.4,0.4,0.18,0.255,-0.7,112,2.3
"REZ","12552","Eugenio Suarez","ARI",143,532,603,121,66,23,1,27,72,80,54,2,168,9,6,0,2,1,0.227,0.306,0.423,0.729,0.313,9,28,0.3,0.196,0.273,-1.5,102,2.3
"REZ","23800","Parker Meadows","DET",133,505,564,114,74,19,9,13,69,58,47,1,132,4,4,2,19,5,0.226,0.295,0.376,0.671,0.292,8.4,23.4,0.4,0.15,0.277,1.1,98,2.3
"ATC","11477","Christian Yelich","MIL",121,452,525,121,81,22,3,15,73,59,66,5,111,3,2,1,21,4,0.268,0.365,0.429,0.793,0.346,0.13,0.21,0.597,0.161,0.323,1.9,122,2.3
"ATC","16478","Kyle Schwarber","PHI",149,551,660,122,64,20,1,37,97,94,99,4,191,6,4,1,4,2,0.222,0.344,0.462,0.806,0.349,0.15,0.29,0.518,0.24,0.261,-1.5,124,2.3
"ATC","14161","Byron Buxton","MIN",105,393,436,95,48,23,2,22,61,61,32,1,121,8,3,0,8,2,0.241,0.309,0.475,0.784,0.335,0.07,0.28,0.262,0.234,0.288,0.6,120,2.3
"ATC","12552","Eugenio Suarez","ARI",145,533,603,125,75,24,1,24,72,83,54,0,172,10,6,0,2,1,0.235,0.313,0.42,0.733,0.319,0.09,0.29,0.314,0.185,0.295,-1.7,103,2.3
"ATC","26368","JJ Bleday","ATH",143,522,597,121,69,29,3,21,71,66,68,1,128,4,3,1,4,2,0.232,0.322,0.415,0.738,0.322,0.11,0.22,0.527,0.183,0.267,-1.2,108,2.3
"ATC","27676","Vinnie Pasquantino","KCR",139,530,596,141,85,32,2,22,71,84,53,2,78,5,6,1,2,0,0.266,0.336,0.46,0.796,0.342,0.09,0.13,0.684,0.193,0.272,-1.9,122,2.3
"ATC","21454","Lars Nootbaar","STL",122,426,497,105,65,21,2,17,61,55,64,2,100,2,4,1,9,2,0.247,0.344,0.427,0.772,0.336,0.13,0.2,0.639,0.18,0.281,0,118,2.3
"ATC","27478","Patrick Bailey","SFG",113,388,430,90,61,18,1,9,44,44,35,0,102,2,4,1,3,1,0.231,0.296,0.353,0.649,0.286,0.08,0.24,0.342,0.122,0.288,-0.4,83,2.3
"ATC","11609","Willson Contreras","STL",131,474,552,117,72,23,1,21,70,68,58,1,136,16,3,0,6,2,0.247,0.347,0.434,0.782,0.342,0.1,0.25,0.428,0.187,0.299,-1.5,122,2.3
"ATC","10324","Marcell Ozuna","ATL",148,557,625,145,87,26,0,32,83,92,61,1,152,4,4,0,1,0,0.261,0.336,0.482,0.817,0.351,0.1,0.24,0.4,0.221,0.301,-1.8,125,2.3
"Depth Charts","12552","Eugenio Suarez","ARI",141,537,609,125,76,25,1,23,70,78,56,0,175,10,6,1,2,1,0.233,0.314,0.415,0.729,0.318,0.09,0.29,0.319,0.182,0.296,-1.8,102,2.3
"Depth Charts","26299","Josh Jung","TEX",136,545,588,136,86,25,2,22,67,77,33,0,161,6,4,0,5,2,0.25,0.297,0.426,0.724,0.313,0.06,0.27,0.202,0.177,0.312,-1.6,104,2.3
"Depth Charts","22514","Triston Casas","BOS",143,526,616,129,74,26,2,28,78,85,83,5,162,4,4,0,1,0,0.246,0.35,0.46,0.81,0.349,0.13,0.26,0.51,0.214,0.299,-2,124,2.3
"Depth Charts","15112","Ryan McMahon","COL",147,562,637,136,85,28,1,22,74,75,67,3,181,4,4,0,6,4,0.242,0.324,0.412,0.737,0.321,0.1,0.28,0.369,0.17,0.315,-1.2,92,2.3
"Depth Charts","27490","Nick Gonzales","PIT",117,456,504,120,76,29,4,10,58,59,35,1,112,8,4,1,5,3,0.262,0.323,0.414,0.738,0.321,0.07,0.22,0.31,0.152,0.324,-0.7,103,2.3
"OOPSY","17548","Taylor Ward","LAA",149,568,644,142,90,27,2,23,76,76,62,2,149,8,5,0,8,3,0.25,0.329,0.425,0.754,0.328,0.1,0.23,0.417,0.175,0.296,-0.7,113,2.3
"OOPSY","19918","Daulton Varsho","TOR",131,508,567,116,65,26,4,21,71,71,50,1,139,4,4,1,14,4,0.229,0.302,0.421,0.722,0.313,0.09,0.24,0.359,0.192,0.271,1.5,105,2.3
"OOPSY","22266","Xavier Edwards","MIA",136,526,588,146,116,25,4,2,67,36,50,1,88,1,5,6,32,8,0.278,0.339,0.352,0.691,0.306,0.09,0.15,0.57,0.074,0.327,2.1,93,2.3
"OOPSY","27506","HaSeong Kim","TBR",100,378,434,93,64,18,2,9,50,40,47,1,76,3,3,3,20,5,0.246,0.331,0.375,0.706,0.312,0.11,0.18,0.612,0.129,0.283,1.3,108,2.3
"OOPSY","19913","Jesus Sanchez","MIA",125,486,539,127,76,26,3,23,70,74,45,2,137,4,3,0,10,3,0.262,0.327,0.469,0.796,0.342,0.08,0.25,0.326,0.207,0.316,-0.9,117,2.3
"Steamer","22186","Brice Turang","MIL",139,510,569,129,92,24,3,10,64,55,50,1,100,3,4,2,35,7,0.253,0.322,0.37,0.691,0.305,0.09,0.18,0.504,0.117,0.295,3.4,95,2.3
"Steamer","22799","Geraldo Perdomo","ARI",125,421,483,106,76,21,2,7,56,45,52,0,77,5,3,2,14,4,0.252,0.339,0.363,0.702,0.313,0.11,0.16,0.676,0.11,0.292,1.5,98,2.3
"Steamer","22514","Triston Casas","BOS",146,536,631,131,75,26,2,28,82,86,86,6,164,4,4,1,2,1,0.245,0.351,0.458,0.809,0.349,0.14,0.26,0.524,0.213,0.296,-2.1,123,2.3
"Steamer","19290","Randy Arozarena","SEA",150,565,652,134,83,28,1,22,77,78,67,1,167,15,4,1,21,8,0.238,0.332,0.409,0.741,0.326,0.1,0.26,0.399,0.171,0.296,-0.3,119,2.3
"Steamer","19522","TJ Friedl","CIN",131,525,594,131,86,22,4,19,79,63,52,1,103,11,4,2,18,5,0.249,0.327,0.417,0.744,0.325,0.09,0.17,0.499,0.167,0.275,1.6,102,2.3
"Steamer","14161","Byron Buxton","MIN",118,459,509,109,58,24,2,25,64,74,38,2,146,8,3,1,8,2,0.237,0.305,0.462,0.766,0.328,0.07,0.29,0.259,0.224,0.288,0.8,115,2.3
"Steamer","27506","HaSeong Kim","TBR",100,360,414,88,60,17,2,10,49,42,46,2,76,3,3,1,18,4,0.244,0.333,0.384,0.717,0.316,0.11,0.18,0.609,0.139,0.281,1.1,110,2.3
"Steamer","sa3022615","Matt Shaw","CHC",125,432,483,108,71,19,3,15,56,57,40,0,104,6,4,2,15,5,0.25,0.319,0.41,0.729,0.318,0.08,0.22,0.383,0.16,0.293,0.1,106,2.3
"THE BAT","17988","Tyler Stephenson","CIN",119,418,470,107,71,19,1,16,54,60,41,1,112,7,4,0,1,0,0.256,0.329,0.418,0.747,0.326,0.09,0.24,0.367,0.163,0.31,-0.9,103,2.3
"THE BAT","22664","Gabriel Moreno","ARI",120,404,452,109,78,22,2,7,52,48,39,1,77,5,3,1,5,1,0.27,0.339,0.388,0.727,0.32,0.09,0.17,0.506,0.117,0.315,-0.6,103,2.3
"THE BAT","24064","Ezequiel Tovar","COL",150,602,644,158,98,34,3,22,76,78,29,0,172,5,5,3,12,3,0.262,0.299,0.44,0.74,0.318,0.04,0.27,0.167,0.178,0.329,0.2,90,2.3
"THE BAT","13419","Christian Walker","HOU",147,548,621,129,74,24,1,30,78,84,60,2,137,8,5,1,5,1,0.235,0.317,0.447,0.764,0.33,0.1,0.22,0.435,0.212,0.256,-0.6,117,2.3
"THE BAT","7304","Salvador Perez","KCR",142,528,583,135,85,24,1,25,65,87,31,4,127,10,6,0,0,0,0.256,0.307,0.447,0.754,0.322,0.05,0.22,0.248,0.191,0.287,-1,106,2.3
"THE BAT","33266","Jacob Wilson","ATH",126,452,488,121,89,24,2,6,50,43,25,1,57,5,3,3,4,1,0.268,0.311,0.368,0.679,0.297,0.05,0.12,0.438,0.1,0.294,-0.7,97,2.3
"THE BAT","22542","Lawrence Butler","ATH",145,534,585,129,78,26,2,23,73,67,44,1,147,3,4,1,15,3,0.242,0.301,0.428,0.729,0.315,0.08,0.25,0.302,0.186,0.29,0.6,109,2.3
"THE BAT","26368","JJ Bleday","ATH",144,523,597,119,66,28,2,22,70,68,64,1,125,4,5,1,4,1,0.228,0.314,0.419,0.733,0.319,0.11,0.21,0.514,0.191,0.255,-0.8,112,2.3
"THE BAT","11609","Willson Contreras","STL",126,451,530,112,68,21,1,21,70,68,56,1,131,16,3,1,5,2,0.249,0.35,0.444,0.794,0.347,0.1,0.25,0.424,0.195,0.301,-0.7,125,2.3
"THE BAT","21479","Nico Hoerner","CHC",130,498,548,136,104,23,2,6,66,50,36,1,63,9,4,1,26,6,0.273,0.33,0.367,0.698,0.308,0.06,0.11,0.568,0.094,0.299,1.6,99,2.3
"THE BATX","12927","Brandon Nimmo","NYM",143,534,622,129,84,25,3,17,76,63,72,2,138,11,4,2,6,2,0.242,0.342,0.395,0.737,0.326,0.12,0.22,0.522,0.154,0.294,-0.9,112,2.3
"THE BATX","18363","Victor Robles","SEA",130,441,505,107,75,18,2,11,64,40,37,0,106,13,3,10,30,7,0.242,0.317,0.37,0.687,0.304,0.07,0.21,0.346,0.128,0.292,2.4,104,2.3
"THE BATX","24618","Ryan Jeffers","MIN",108,368,414,86,52,16,1,17,48,50,33,1,97,8,3,2,2,1,0.233,0.307,0.416,0.723,0.315,0.08,0.23,0.338,0.183,0.268,-0.7,106,2.3
"THE BATX","24064","Ezequiel Tovar","COL",150,601,644,158,99,32,4,22,77,79,30,1,171,5,5,3,12,3,0.263,0.301,0.441,0.742,0.318,0.05,0.26,0.175,0.178,0.328,-0.1,91,2.3
"THE BATX","30116","Seiya Suzuki","CHC",135,510,582,132,81,27,2,22,76,76,61,2,145,6,4,0,14,4,0.26,0.343,0.451,0.794,0.344,0.1,0.25,0.421,0.191,0.317,-0.1,123,2.3
"THE BATX","33266","Jacob Wilson","ATH",126,453,488,122,91,23,2,6,50,43,24,1,58,5,3,3,4,1,0.269,0.311,0.368,0.68,0.297,0.05,0.12,0.42,0.099,0.295,-0.7,97,2.3
"THE BATX","31781","Jackson Holliday","BAL",121,413,468,100,64,20,3,12,58,48,48,2,122,3,2,1,8,2,0.242,0.324,0.397,0.722,0.316,0.1,0.26,0.396,0.155,0.312,0,109,2.3
"THE BATX","21618","Alec Bohm","PHI",144,559,610,151,105,29,1,16,69,73,40,1,93,5,6,0,3,1,0.27,0.321,0.411,0.731,0.318,0.06,0.15,0.429,0.141,0.296,-1.1,103,2.3
"THE BATX","26368","JJ Bleday","ATH",144,523,597,120,67,28,2,22,70,68,65,1,126,4,5,1,4,1,0.229,0.316,0.417,0.733,0.319,0.11,0.21,0.514,0.189,0.257,-0.7,112,2.3
"THE BATX","20043","Luis Robert Jr","CHW",141,548,599,134,80,28,2,24,80,71,38,2,174,8,4,0,26,6,0.244,0.301,0.432,0.733,0.316,0.06,0.29,0.218,0.188,0.312,1.6,105,2.3
"THE BATX","27647","Anthony Volpe","NYY",146,558,614,133,90,26,4,13,74,55,43,0,140,7,5,1,25,6,0.239,0.299,0.367,0.666,0.293,0.07,0.23,0.309,0.129,0.294,1.4,90,2.3
"ZiPS","23986","Curtis Mead","TBR",118,454,500,117,78,26,2,11,58,61,32,1,91,10,4,0,7,3,0.258,0.318,0.396,0.714,0.312,0.06,0.18,0.352,0.139,0.298,-0.8,107,2.3
"ZiPS","21780","Esteury Ruiz","ATH",115,394,445,100,67,21,2,10,57,51,29,0,100,14,3,5,40,11,0.254,0.325,0.393,0.718,0.316,0.06,0.22,0.29,0.14,0.314,2.7,110,2.3
"ZiPS","sa3017627","Harry Ford","SEA",122,487,561,103,71,22,2,8,68,56,59,0,143,13,1,1,18,6,0.211,0.312,0.314,0.627,0.285,0.1,0.26,0.413,0.103,0.282,0,91,2.3
"ZiPS","29622","Sal Frelick","MIL",129,488,536,133,98,24,5,6,69,52,39,1,78,6,2,1,16,4,0.273,0.333,0.379,0.712,0.313,0.07,0.15,0.5,0.107,0.313,0.5,100,2.3
"ZiPS","26368","JJ Bleday","ATH",146,517,590,116,62,30,3,21,70,68,67,1,126,3,2,1,3,2,0.224,0.316,0.416,0.732,0.319,0.11,0.21,0.532,0.191,0.255,-1.2,112,2.3
"ZiPS","24703","Jonah Bride","MIA",129,437,516,105,70,22,1,12,55,60,63,0,96,9,6,1,1,1,0.24,0.344,0.378,0.721,0.321,0.12,0.19,0.656,0.137,0.278,-1.3,103,2.3
"ZiPS","sa3020219","Chandler Simpson","TBR",114,469,513,137,117,17,2,1,75,43,32,1,54,1,1,10,52,11,0.292,0.338,0.343,0.681,0.302,0.06,0.1,0.593,0.051,0.328,4.8,101,2.3
"ZiPS","24598","Addison Barger","TOR",120,440,488,107,65,26,1,15,58,62,41,1,116,5,2,0,5,2,0.243,0.314,0.409,0.723,0.315,0.08,0.24,0.353,0.166,0.296,-0.7,107,2.3
"ZiPS","28163","Junior Caminero","TBR",115,459,495,118,78,18,2,20,57,71,30,2,106,4,2,0,3,2,0.257,0.307,0.436,0.743,0.32,0.06,0.21,0.283,0.179,0.293,-1.1,113,2.3
"ZiPS","20391","Luis Garcia Jr","WSN",142,520,555,140,95,26,3,16,65,69,31,2,88,0,4,0,14,4,0.269,0.308,0.423,0.731,0.315,0.06,0.16,0.352,0.154,0.295,0.2,102,2.3
"ZiPS","29575","Trey Sweeney","DET",125,501,554,111,72,22,3,14,68,59,46,1,153,5,2,0,14,3,0.222,0.292,0.361,0.654,0.288,0.08,0.28,0.301,0.14,0.289,0.6,87,2.3
"ZiPS","27899","Colt Keith","DET",125,517,570,135,85,31,3,16,74,76,46,1,131,3,4,0,2,1,0.261,0.323,0.426,0.748,0.324,0.08,0.23,0.351,0.164,0.318,-1.1,113,2.3
"ZiPS","26319","Michael Busch","CHC",139,505,577,123,72,28,2,21,79,72,60,1,158,8,4,0,2,1,0.244,0.331,0.432,0.763,0.332,0.1,0.27,0.38,0.188,0.309,-1.1,116,2.3
"ZiPS","22266","Xavier Edwards","MIA",107,411,461,118,94,18,3,3,55,40,40,1,63,1,3,6,25,5,0.287,0.349,0.367,0.717,0.317,0.09,0.14,0.635,0.08,0.33,1.9,100,2.3
"ZiPS","31166","Heston Kjerstad","BAL",111,404,454,106,70,18,3,15,60,65,34,2,114,12,4,0,2,1,0.262,0.335,0.433,0.768,0.333,0.07,0.25,0.298,0.171,0.326,-0.9,121,2.3
"ZiPS","17548","Taylor Ward","LAA",137,500,570,125,79,24,1,21,70,69,57,0,134,7,6,0,5,3,0.25,0.332,0.428,0.76,0.331,0.1,0.23,0.425,0.178,0.296,-1.3,115,2.3
"ZiPS DC","16535","Danny Jansen","TBR",91,312,359,69,39,16,0,15,44,43,37,0,72,6,3,0,0,0,0.222,0.313,0.415,0.728,0.318,0.1,0.2,0.524,0.193,0.238,-0.6,112,2.3
"ZiPS DC","23772","Wilyer Abreu","BOS",112,426,483,104,61,25,1,17,65,63,51,0,131,3,3,0,9,3,0.244,0.326,0.426,0.753,0.328,0.1,0.27,0.389,0.183,0.309,-0.3,109,2.3
"ZiPS DC","18577","Ke'Bryan Hayes","PIT",136,541,588,136,97,26,3,10,65,55,40,1,114,4,4,0,14,4,0.251,0.305,0.365,0.67,0.294,0.07,0.19,0.348,0.114,0.299,0.2,85,2.3
"ZiPS DC","27555","Garrett Mitchell","MIL",113,434,490,108,68,22,3,14,67,64,46,0,150,6,2,2,22,6,0.249,0.329,0.414,0.743,0.326,0.09,0.3,0.309,0.165,0.345,0.9,108,2.3
"ZiPS DC","22514","Triston Casas","BOS",143,529,616,130,74,27,1,28,76,86,81,4,164,3,3,0,0,0,0.246,0.349,0.462,0.811,0.35,0.13,0.27,0.495,0.216,0.301,-1.2,124,2.3
"ZiPS DC","16939","Lane Thomas","CLE",139,539,602,131,79,29,3,19,77,74,52,1,155,6,5,0,23,9,0.243,0.314,0.416,0.73,0.317,0.09,0.26,0.333,0.173,0.301,0,108,2.3
"ZiPS DC","19452","Jake Rogers","DET",97,348,384,73,42,16,1,13,48,46,29,1,120,4,2,1,1,0,0.209,0.275,0.376,0.652,0.284,0.08,0.31,0.242,0.167,0.274,-0.3,84,2.3
"ZiPS DC","22799","Geraldo Perdomo","ARI",125,454,539,112,81,22,3,7,78,50,60,0,87,6,5,15,15,5,0.248,0.34,0.355,0.695,0.311,0.11,0.16,0.688,0.108,0.29,0,97,2.3
"ZiPS DC","sa3022615","Matt Shaw","CHC",125,482,539,119,82,17,3,17,67,69,45,0,116,9,4,0,19,7,0.247,0.32,0.402,0.721,0.316,0.08,0.22,0.385,0.155,0.289,-0.3,105,2.3
"ZiPS DC","26365","Jonny DeLuca","TBR",113,445,490,102,63,21,4,14,55,57,36,1,99,7,1,1,15,4,0.23,0.297,0.39,0.687,0.3,0.07,0.2,0.361,0.16,0.264,0.8,99,2.3
"ZiPS DC","19913","Jesus Sanchez","MIA",125,488,539,126,77,25,3,20,62,71,44,2,137,4,1,1,10,1,0.258,0.324,0.447,0.771,0.333,0.08,0.25,0.323,0.189,0.317,0.5,111,2.3
"ZiPS DC","11899","Joc Pederson","TEX",105,387,455,97,54,17,2,23,62,67,52,3,111,12,4,0,4,2,0.249,0.352,0.485,0.837,0.359,0.11,0.24,0.467,0.236,0.285,-0.9,136,2.3
"ZiPS DC","19599","Chas McCormick","HOU",105,406,455,99,67,15,1,15,57,59,34,0,125,8,6,1,13,4,0.243,0.309,0.399,0.708,0.309,0.07,0.28,0.273,0.156,0.307,0.1,103,2.3
"ZiPS DC","17988","Tyler Stephenson","CIN",121,436,490,115,75,23,1,15,62,63,45,2,112,6,3,0,1,0,0.263,0.339,0.427,0.765,0.333,0.09,0.23,0.404,0.164,0.319,-0.8,107,2.3
"ZiPS DC","10324","Marcell Ozuna","ATL",154,593,665,153,93,27,0,33,83,100,66,1,166,3,3,0,1,0,0.258,0.333,0.469,0.803,0.346,0.1,0.25,0.395,0.212,0.302,-1,122,2.3
"REZ","11477","Christian Yelich","MIL",126,474,550,120,75,21,3,22,74,63,71,6,127,4,2,1,22,4,0.254,0.354,0.449,0.803,0.347,12.9,23,0.6,0.195,0.301,1.9,120,2.3
"REZ","7304","Salvador Perez","KCR",144,546,595,131,79,24,0,28,67,86,31,4,121,11,5,0,0,0,0.24,0.292,0.439,0.731,0.312,5.3,20.5,0.3,0.199,0.257,-1.8,107,2.3
"REZ","19470","Tommy Edman","LAD",134,506,555,122,79,23,4,15,70,60,38,1,99,5,4,2,23,4,0.24,0.297,0.388,0.685,0.297,6.8,17.9,0.4,0.148,0.269,2.3,96,2.3
"REZ","19953","Josh Lowe","TBR",125,472,521,115,82,22,3,9,60,63,42,3,166,2,3,0,25,3,0.243,0.305,0.36,0.665,0.292,8,31.9,0.3,0.117,0.352,2.6,111,2.2
"REZ","19858","Luis Rengifo","LAA",132,511,558,131,97,17,3,15,67,59,36,0,95,6,3,1,21,7,0.257,0.312,0.388,0.7,0.306,6.5,17.1,0.4,0.131,0.288,0.6,101,2.2
"REZ","10324","Marcell Ozuna","ATL",150,567,637,147,89,24,1,32,83,95,62,2,161,4,4,0,1,0,0.259,0.334,0.475,0.809,0.347,9.8,25.3,0.4,0.216,0.303,-1.5,124,2.2
"ATC","17929","Cedric Mullins","BAL",131,466,519,110,71,21,3,15,65,59,43,1,104,5,3,2,27,6,0.237,0.306,0.391,0.697,0.305,0.08,0.2,0.413,0.154,0.273,2,101,2.2
"ATC","24618","Ryan Jeffers","MIN",106,362,409,85,50,17,1,17,49,51,33,0,94,10,3,2,3,1,0.234,0.312,0.425,0.738,0.321,0.08,0.23,0.353,0.191,0.267,-0.8,110,2.2
"ATC","19858","Luis Rengifo","LAA",131,496,541,129,91,21,3,14,66,56,35,0,89,6,3,1,21,6,0.26,0.314,0.4,0.714,0.312,0.06,0.16,0.392,0.14,0.289,0.7,101,2.2
"ATC","24679","Brendan Donovan","STL",135,505,570,138,98,26,2,12,67,61,49,1,76,12,4,1,6,2,0.273,0.349,0.403,0.752,0.331,0.09,0.13,0.642,0.131,0.299,-1,114,2.2
"ATC","27506","HaSeong Kim","TBR",110,397,455,96,65,18,2,10,53,44,49,2,81,3,3,3,20,5,0.241,0.327,0.375,0.701,0.309,0.11,0.18,0.6,0.134,0.277,1.1,100,2.2
"ATC","33266","Jacob Wilson","ATH",125,450,489,124,89,27,2,6,56,45,27,1,52,5,4,3,4,1,0.275,0.322,0.387,0.708,0.31,0.06,0.11,0.521,0.111,0.298,-0.6,100,2.2
"ATC","7304","Salvador Perez","KCR",143,539,585,138,88,24,1,24,62,86,31,5,127,10,5,0,0,0,0.255,0.306,0.439,0.744,0.318,0.05,0.22,0.243,0.183,0.289,-2.4,105,2.2
"Depth Charts","18363","Victor Robles","SEA",128,488,553,123,86,27,2,8,68,48,40,0,118,14,3,7,36,6,0.251,0.325,0.365,0.69,0.307,0.07,0.21,0.342,0.113,0.313,3.8,106,2.2
"Depth Charts","16939","Lane Thomas","CLE",139,539,602,131,80,29,3,19,75,71,50,1,155,7,5,1,24,9,0.243,0.313,0.411,0.724,0.315,0.08,0.26,0.325,0.169,0.302,0.8,107,2.2
"Depth Charts","18577","Ke'Bryan Hayes","PIT",136,538,588,137,96,26,3,11,64,59,41,1,115,4,4,1,15,4,0.254,0.309,0.377,0.686,0.3,0.07,0.2,0.352,0.123,0.301,0.4,89,2.2
"Depth Charts","9218","Paul Goldschmidt","NYY",147,568,637,143,87,30,0,25,79,85,61,2,168,4,4,0,9,1,0.251,0.326,0.436,0.762,0.33,0.1,0.26,0.365,0.185,0.311,0.1,116,2.2
"Depth Charts","27790","Evan Carter","TEX",115,431,497,103,66,21,4,13,63,57,56,1,124,6,3,1,11,3,0.239,0.333,0.396,0.73,0.321,0.11,0.25,0.447,0.157,0.304,0,110,2.2
"Depth Charts","10324","Marcell Ozuna","ATL",154,593,665,153,93,27,0,33,85,99,64,1,165,4,4,0,1,0,0.259,0.332,0.473,0.806,0.347,0.1,0.25,0.386,0.215,0.301,-1.9,122,2.2
"Depth Charts","15362","Jeff McNeil","NYM",125,487,539,129,91,27,1,10,61,56,36,1,68,11,4,1,5,1,0.266,0.327,0.387,0.714,0.314,0.07,0.13,0.521,0.121,0.29,-1,104,2.2
"Depth Charts","28080","Jasson Dominguez","NYY",136,525,588,132,88,21,2,21,77,72,56,1,145,2,4,1,23,5,0.252,0.325,0.42,0.745,0.324,0.1,0.25,0.388,0.168,0.308,1.3,112,2.2
"Depth Charts","19566","Nathaniel Lowe","WSN",144,547,623,147,103,23,2,18,70,73,68,1,134,5,3,0,2,1,0.268,0.352,0.418,0.77,0.338,0.11,0.21,0.511,0.15,0.322,-2.4,118,2.2
"OOPSY","31781","Jackson Holliday","BAL",109,399,469,93,62,20,3,9,58,42,65,1,122,2,4,0,9,2,0.234,0.341,0.365,0.706,0.315,0.14,0.26,0.529,0.131,0.31,0,108,2.2
"OOPSY","28806","Jackson Chourio","MIL",152,610,658,159,98,32,3,24,79,84,39,2,142,3,6,0,27,6,0.26,0.306,0.444,0.75,0.321,0.06,0.22,0.275,0.184,0.299,2.9,106,2.2
"OOPSY","11477","Christian Yelich","MIL",133,497,574,129,86,23,2,18,73,62,70,2,127,3,3,0,23,5,0.259,0.353,0.423,0.776,0.339,0.12,0.22,0.551,0.163,0.313,2.1,118,2.2
"OOPSY","19326","Bryan Reynolds","PIT",149,575,644,150,96,28,4,23,82,76,56,2,141,9,4,0,9,3,0.261,0.333,0.439,0.772,0.335,0.09,0.22,0.396,0.179,0.306,-0.1,112,2.2
"OOPSY","27475","Jordan Walker","STL",134,529,581,140,85,32,3,19,72,74,40,2,134,6,5,0,9,2,0.264,0.32,0.446,0.766,0.33,0.07,0.23,0.299,0.182,0.316,-0.1,113,2.2
"OOPSY","15998","Cody Bellinger","NYY",136,532,588,130,83,25,2,21,66,69,47,1,104,3,6,0,12,3,0.245,0.307,0.414,0.721,0.312,0.08,0.18,0.45,0.169,0.266,0.4,103,2.2
"Steamer","12552","Eugenio Suarez","ARI",141,514,581,120,73,23,1,22,67,71,53,0,166,9,4,1,2,1,0.234,0.315,0.416,0.731,0.319,0.09,0.29,0.322,0.182,0.298,-1.8,103,2.2
"Steamer","13066","Teoscar Hernandez","LAD",150,586,643,150,91,28,2,30,82,96,46,2,182,6,4,1,8,3,0.257,0.316,0.461,0.778,0.334,0.07,0.28,0.254,0.205,0.32,-1.3,116,2.2
"Steamer","27899","Colt Keith","DET",126,476,525,125,84,23,4,15,57,59,41,2,101,4,3,1,5,1,0.263,0.325,0.419,0.744,0.323,0.08,0.19,0.408,0.155,0.304,-0.6,112,2.2
"Steamer","22715","Maikel Garcia","KCR",138,517,569,135,96,27,4,8,66,53,43,0,100,2,4,2,29,7,0.262,0.319,0.375,0.694,0.305,0.08,0.18,0.432,0.114,0.308,2.2,94,2.2
"Steamer","31595","Brooks Lee","MIN",126,448,493,113,74,25,2,12,54,55,37,2,79,3,4,2,5,2,0.253,0.311,0.401,0.713,0.309,0.07,0.16,0.464,0.148,0.28,-0.5,102,2.2
"Steamer","18036","Jake Cronenworth","SDP",144,540,611,130,83,28,4,15,67,67,55,1,117,11,4,1,5,1,0.241,0.321,0.39,0.711,0.313,0.09,0.19,0.47,0.149,0.279,0.1,104,2.2
"Steamer","21523","Jonathan India","KCR",138,540,627,137,90,30,2,15,83,58,67,0,120,14,4,3,13,3,0.254,0.349,0.399,0.748,0.331,0.11,0.19,0.559,0.146,0.299,0.1,112,2.2
"Steamer","28080","Jasson Dominguez","NYY",136,469,530,117,76,21,2,18,65,64,52,1,128,3,4,2,18,5,0.25,0.326,0.419,0.745,0.325,0.1,0.24,0.405,0.169,0.303,0.3,112,2.2
"THE BAT","12552","Eugenio Suarez","ARI",146,535,605,124,74,24,1,25,71,85,54,0,174,9,5,0,1,0,0.232,0.31,0.42,0.731,0.318,0.09,0.29,0.31,0.188,0.292,-1,102,2.2
"THE BAT","15998","Cody Bellinger","NYY",134,513,568,129,79,25,2,23,69,71,46,4,97,4,5,0,13,3,0.251,0.315,0.44,0.754,0.323,0.08,0.17,0.479,0.188,0.267,0.3,111,2.2
"THE BAT","10324","Marcell Ozuna","ATL",148,556,625,143,85,25,1,32,84,93,61,1,151,4,4,0,1,0,0.257,0.332,0.481,0.813,0.349,0.1,0.24,0.401,0.223,0.294,-1,124,2.2
"THE BAT","27790","Evan Carter","TEX",114,394,447,97,59,20,4,14,60,45,44,2,106,5,3,1,13,3,0.245,0.325,0.419,0.745,0.324,0.1,0.24,0.411,0.174,0.298,0.3,111,2.2
"THE BAT","18036","Jake Cronenworth","SDP",144,533,605,128,82,27,3,15,70,64,55,2,111,10,5,1,5,1,0.239,0.319,0.387,0.706,0.31,0.09,0.18,0.5,0.148,0.273,-0.7,102,2.2
"THE BAT","21711","Oneil Cruz","PIT",142,544,602,134,81,28,3,22,79,73,51,3,175,4,4,0,23,5,0.246,0.313,0.43,0.743,0.321,0.09,0.29,0.291,0.184,0.32,1.3,103,2.2
"THE BAT","15711","Tyler O'Neill","BAL",120,440,501,103,59,17,1,26,66,70,50,2,152,7,3,0,8,2,0.235,0.321,0.455,0.776,0.334,0.1,0.3,0.332,0.22,0.291,-0.1,122,2.2
"THE BAT","17929","Cedric Mullins","BAL",132,467,521,108,67,20,3,17,70,52,42,1,106,5,4,2,29,6,0.231,0.299,0.4,0.699,0.304,0.08,0.2,0.397,0.169,0.26,2.5,100,2.2
"THE BATX","20437","Royce Lewis","MIN",122,458,504,114,69,23,1,20,62,64,39,1,113,4,4,1,7,3,0.248,0.31,0.438,0.748,0.322,0.08,0.22,0.343,0.19,0.284,-0.6,111,2.2
"THE BATX","19326","Bryan Reynolds","PIT",148,576,648,152,100,30,3,19,79,78,58,3,141,9,4,1,9,3,0.265,0.34,0.427,0.767,0.333,0.09,0.22,0.413,0.162,0.318,-0.7,111,2.2
"THE BATX","14551","Anthony Santander","TOR",149,565,633,133,73,26,1,33,78,92,56,2,130,8,5,0,2,1,0.235,0.31,0.459,0.769,0.33,0.09,0.21,0.427,0.224,0.246,-1,117,2.2
"THE BATX","26294","Bryson Stott","PHI",147,538,596,137,96,25,4,12,74,57,48,2,101,4,5,1,25,6,0.255,0.318,0.384,0.702,0.307,0.08,0.17,0.473,0.129,0.292,1.5,96,2.2
"THE BATX","19918","Daulton Varsho","TOR",133,478,536,104,60,21,3,21,68,62,48,1,135,5,3,2,15,3,0.218,0.295,0.407,0.701,0.305,0.09,0.25,0.355,0.188,0.256,0.8,100,2.2
"THE BATX","17929","Cedric Mullins","BAL",132,467,521,107,65,20,3,19,70,54,42,1,105,5,4,2,28,6,0.229,0.298,0.405,0.703,0.305,0.08,0.2,0.403,0.176,0.255,2.1,101,2.2
"THE BATX","25493","Joey Ortiz","MIL",142,498,552,122,83,22,4,12,62,58,43,0,114,5,3,2,12,3,0.244,0.308,0.377,0.685,0.301,0.08,0.21,0.379,0.133,0.291,0,92,2.2
"THE BATX","15711","Tyler O'Neill","BAL",120,439,501,103,58,19,1,26,66,70,51,2,153,7,3,0,7,2,0.234,0.321,0.455,0.776,0.334,0.1,0.3,0.333,0.221,0.291,-0.4,122,2.2
"THE BATX","14221","Jorge Soler","LAA",128,468,541,111,60,23,0,28,70,77,61,1,136,6,3,0,1,0,0.238,0.331,0.471,0.802,0.346,0.11,0.25,0.445,0.233,0.271,-0.9,125,2.2
"ZiPS","19964","Eguy Rosario","SDP",120,432,480,100,58,24,2,16,57,62,39,1,126,5,3,1,12,6,0.231,0.301,0.407,0.708,0.308,0.08,0.26,0.31,0.176,0.287,-0.8,100,2.2
"ZiPS","21837","Jonathan Aranda","TBR",110,385,441,100,66,18,1,15,60,59,43,1,110,9,4,0,1,1,0.26,0.345,0.429,0.773,0.338,0.1,0.25,0.391,0.169,0.322,-1.1,125,2.2
"ZiPS","16939","Lane Thomas","CLE",139,502,561,122,74,27,3,18,72,69,48,1,144,6,5,0,21,8,0.243,0.314,0.416,0.73,0.317,0.09,0.26,0.333,0.173,0.301,0,108,2.2
"ZiPS","20202","Brandon Marsh","PHI",133,420,476,105,68,20,4,13,56,59,48,1,147,3,4,1,14,3,0.25,0.328,0.41,0.738,0.322,0.1,0.31,0.327,0.16,0.348,0.7,106,2.2
"ZiPS","22515","Heliot Ramos","SFG",139,532,583,136,87,25,3,21,71,78,43,1,153,5,3,0,7,3,0.256,0.316,0.432,0.748,0.324,0.07,0.26,0.281,0.177,0.319,-0.9,110,2.2
"ZiPS","24262","Ceddanne Rafaela","BOS",139,530,563,136,87,27,6,16,74,75,19,1,138,8,4,2,18,8,0.257,0.291,0.421,0.711,0.305,0.03,0.24,0.138,0.164,0.316,-0.5,93,2.2
"ZiPS","21797","Andres Chaparro","WSN",129,502,554,121,75,27,1,18,63,69,42,2,119,7,3,0,3,1,0.241,0.307,0.406,0.713,0.31,0.08,0.22,0.353,0.165,0.28,-0.8,99,2.2
"ZiPS","sa3020713","Colby Thomas","ATH",131,533,577,125,67,34,4,20,63,80,28,0,168,12,3,1,10,3,0.235,0.286,0.426,0.712,0.307,0.05,0.29,0.167,0.191,0.302,-0.1,104,2.2
"ZiPS","27615","Alec Burleson","STL",141,501,545,139,97,23,2,17,63,73,34,0,74,4,5,1,6,2,0.277,0.325,0.433,0.759,0.329,0.06,0.14,0.459,0.156,0.294,-0.7,112,2.2
"ZiPS","24770","James Outman","LAD",137,448,517,99,62,16,2,19,73,67,56,1,161,10,3,0,12,3,0.221,0.319,0.393,0.712,0.314,0.11,0.31,0.348,0.172,0.295,0.2,103,2.2
"ZiPS","20437","Royce Lewis","MIN",92,349,384,86,51,18,1,16,52,58,30,1,93,2,3,0,5,2,0.246,0.307,0.441,0.749,0.322,0.08,0.24,0.323,0.195,0.288,-0.5,111,2.2
"ZiPS","29794","Kyle Manzardo","CLE",126,425,491,105,58,28,1,18,65,65,54,2,105,5,7,0,1,1,0.247,0.334,0.445,0.779,0.336,0.11,0.21,0.514,0.198,0.282,-1.1,121,2.2
"ZiPS","sa3022615","Matt Shaw","CHC",117,453,507,112,77,16,3,16,63,65,42,0,109,8,4,0,18,7,0.247,0.32,0.402,0.721,0.316,0.08,0.22,0.385,0.155,0.289,-0.2,105,2.2
"ZiPS","23690","Brayan Rocchio","CLE",136,473,532,114,78,25,2,9,67,53,45,1,102,8,4,2,11,6,0.241,0.315,0.359,0.675,0.298,0.09,0.19,0.441,0.118,0.287,-1.3,95,2.2
"ZiPS","sa3019841","Jimmy Crooks","STL",98,367,409,90,63,18,2,7,42,46,32,1,100,6,3,1,2,0,0.245,0.314,0.362,0.676,0.298,0.08,0.24,0.32,0.117,0.316,-0.4,92,2.2
"ZiPS","20599","Ivan Herrera","STL",95,335,386,84,58,16,2,8,47,42,43,0,84,5,3,0,5,1,0.251,0.342,0.382,0.724,0.321,0.11,0.22,0.512,0.131,0.309,-0.2,107,2.2
"ZiPS","18036","Jake Cronenworth","SDP",144,534,607,128,81,28,4,15,71,68,55,2,111,12,5,1,4,2,0.24,0.322,0.391,0.713,0.313,0.09,0.18,0.495,0.152,0.274,-1.2,104,2.2
"ZiPS","9218","Paul Goldschmidt","NYY",136,524,587,131,79,29,0,23,73,81,57,2,156,3,3,0,9,0,0.25,0.325,0.437,0.762,0.33,0.1,0.27,0.365,0.187,0.31,0.7,116,2.2
"ZiPS","19913","Jesus Sanchez","MIA",139,454,501,117,72,23,3,19,58,66,41,2,127,4,1,1,9,1,0.258,0.324,0.447,0.771,0.333,0.08,0.25,0.323,0.189,0.317,0.5,111,2.2
"ZiPS DC","20391","Luis Garcia Jr","WSN",126,512,546,138,93,26,3,16,64,68,30,2,87,0,4,0,14,4,0.269,0.308,0.423,0.731,0.315,0.06,0.16,0.352,0.154,0.295,0.2,102,2.2
"ZiPS DC","23690","Brayan Rocchio","CLE",130,498,560,120,82,26,2,9,71,56,47,1,107,8,4,2,12,6,0.241,0.315,0.359,0.675,0.298,0.09,0.19,0.441,0.118,0.287,-1.3,95,2.2
"ZiPS DC","24729","Logan O'Hoppe","LAA",115,411,462,100,64,14,1,21,56,59,39,1,119,9,2,1,2,3,0.244,0.321,0.435,0.756,0.329,0.08,0.26,0.325,0.191,0.292,-1.6,113,2.2
"ZiPS DC","7304","Salvador Perez","KCR",149,561,612,147,94,25,1,26,60,89,33,7,135,12,5,0,0,0,0.262,0.314,0.452,0.766,0.327,0.05,0.22,0.244,0.19,0.298,-1,109,2.2
"ZiPS DC","20599","Ivan Herrera","STL",99,340,392,85,59,16,2,8,48,43,44,0,85,5,3,0,5,1,0.251,0.342,0.382,0.724,0.321,0.11,0.22,0.512,0.131,0.309,-0.2,107,2.2
"ZiPS DC","26208","Tyler Fitzgerald","SFG",134,530,581,127,76,27,4,20,81,78,38,0,179,9,2,1,19,5,0.239,0.301,0.418,0.719,0.312,0.06,0.31,0.212,0.179,0.32,0.9,102,2.2
"ZiPS DC","15362","Jeff McNeil","NYM",125,487,539,127,90,27,1,10,61,53,35,1,68,12,4,1,5,0,0.261,0.323,0.379,0.703,0.309,0.06,0.13,0.516,0.118,0.284,0,101,2.2
"ZiPS DC","21614","Kyle Isbel","KCR",130,507,560,122,78,25,7,12,79,60,37,0,115,7,3,6,14,4,0.24,0.3,0.391,0.691,0.301,0.07,0.2,0.325,0.15,0.286,0.1,91,2.2
"ZiPS DC","27676","Vinnie Pasquantino","KCR",146,558,630,146,84,34,2,26,69,93,57,2,81,6,8,1,1,0,0.262,0.331,0.47,0.802,0.343,0.09,0.13,0.696,0.209,0.262,-0.9,121,2.2
"REZ","16535","Danny Jansen","TBR",93,313,358,72,40,16,0,16,41,44,35,1,73,6,3,0,0,0,0.23,0.317,0.439,0.756,0.326,9.8,20.5,0.5,0.209,0.246,-0.7,110,2.2
"REZ","17988","Tyler Stephenson","CIN",121,427,480,104,70,16,1,18,60,60,45,1,113,6,3,0,1,0,0.244,0.323,0.41,0.733,0.32,9.3,23.4,0.4,0.166,0.289,-1.2,104,2.1
"REZ","20202","Brandon Marsh","PHI",127,447,507,109,72,21,5,11,63,57,52,1,158,4,4,1,15,4,0.244,0.326,0.384,0.71,0.312,10.3,31.2,0.3,0.14,0.35,0.9,104,2.1
"REZ","18036","Jake Cronenworth","SDP",144,540,612,129,79,31,6,15,68,67,56,2,113,11,5,1,5,2,0.24,0.321,0.402,0.723,0.315,9.1,18.4,0.5,0.162,0.275,-0.5,103,2.1
"REZ","25493","Joey Ortiz","MIL",143,521,583,115,81,23,3,6,67,64,50,0,125,5,5,2,11,4,0.221,0.294,0.307,0.601,0.268,8.6,21.5,0.4,0.086,0.277,-0.3,98,2.1
"REZ","21523","Jonathan India","KCR",137,505,591,133,89,28,3,15,79,58,63,1,106,16,4,1,12,3,0.263,0.36,0.42,0.78,0.344,10.7,17.9,0.6,0.157,0.304,-0.1,112,2.1
"REZ","18363","Victor Robles","SEA",126,450,513,103,72,20,2,8,58,43,37,1,116,14,3,8,34,6,0.228,0.305,0.335,0.64,0.285,7.3,22.7,0.3,0.107,0.288,3.1,104,2.1
"REZ","27676","Vinnie Pasquantino","KCR",141,539,607,145,91,32,1,21,74,84,57,3,75,6,6,1,2,0,0.269,0.342,0.446,0.788,0.339,9.4,12.2,0.8,0.177,0.276,-1.5,120,2.1
"ATC","31781","Jackson Holliday","BAL",120,407,467,95,60,21,2,11,62,47,54,1,126,3,3,1,9,2,0.233,0.325,0.379,0.704,0.311,0.12,0.27,0.427,0.146,0.307,0.1,105,2.1
"ATC","19918","Daulton Varsho","TOR",134,485,540,106,61,22,4,20,68,63,47,1,135,5,3,1,12,3,0.219,0.292,0.403,0.696,0.302,0.09,0.25,0.345,0.184,0.26,1.1,98,2.1
"ATC","19470","Tommy Edman","LAD",132,490,537,122,81,24,3,13,70,56,37,1,96,5,4,2,23,4,0.249,0.306,0.392,0.698,0.304,0.07,0.18,0.388,0.143,0.282,2.2,96,2.1
"ATC","20202","Brandon Marsh","PHI",127,433,491,106,68,20,4,14,60,55,50,1,153,3,4,1,16,3,0.245,0.326,0.407,0.733,0.32,0.1,0.31,0.325,0.162,0.342,1.1,104,2.1
"ATC","18363","Victor Robles","SEA",129,441,504,111,79,22,2,8,63,41,38,0,102,13,3,9,38,6,0.252,0.328,0.363,0.691,0.307,0.07,0.2,0.373,0.111,0.309,2.9,106,2.1
"ATC","15711","Tyler O'Neill","BAL",116,424,482,99,57,17,1,24,65,64,49,2,147,6,3,0,6,2,0.234,0.32,0.451,0.771,0.332,0.1,0.3,0.334,0.216,0.294,-0.3,120,2.1
"ATC","30116","Seiya Suzuki","CHC",135,511,582,134,84,26,3,21,75,74,61,3,146,5,5,0,13,5,0.263,0.345,0.45,0.795,0.344,0.1,0.25,0.422,0.188,0.324,-1.2,123,2.1
"Depth Charts","19522","TJ Friedl","CIN",131,499,567,124,82,20,4,17,71,66,48,0,95,12,4,4,16,4,0.248,0.326,0.406,0.733,0.321,0.08,0.17,0.503,0.159,0.273,1.2,99,2.1
"Depth Charts","18036","Jake Cronenworth","SDP",144,549,623,132,84,28,4,15,71,69,56,1,116,12,5,1,4,2,0.24,0.321,0.391,0.712,0.313,0.09,0.19,0.482,0.15,0.276,-0.3,104,2.1
"Depth Charts","11609","Willson Contreras","STL",139,517,601,125,75,27,0,23,73,76,62,2,148,18,4,0,6,2,0.242,0.341,0.429,0.77,0.337,0.1,0.25,0.421,0.187,0.291,-1.7,118,2.1
"Depth Charts","11899","Joc Pederson","TEX",105,390,455,98,57,17,2,22,61,66,51,3,110,11,4,0,5,2,0.25,0.35,0.475,0.824,0.355,0.11,0.24,0.46,0.224,0.288,-1.1,133,2.1
"Depth Charts","19287","Adolis Garcia","TEX",143,558,616,132,76,26,1,29,77,88,46,1,172,6,5,0,12,4,0.237,0.301,0.444,0.745,0.32,0.07,0.28,0.268,0.207,0.287,-0.1,109,2.1
"Depth Charts","24729","Logan O'Hoppe","LAA",115,413,462,100,63,15,1,20,54,58,37,0,120,7,2,1,3,2,0.241,0.313,0.43,0.743,0.323,0.08,0.26,0.31,0.189,0.288,-1.4,109,2.1
"Depth Charts","18568","Luis Arraez","SDP",151,603,651,185,144,30,3,8,81,60,37,4,38,6,3,2,7,3,0.306,0.35,0.404,0.754,0.328,0.06,0.06,0.985,0.097,0.315,-0.7,114,2.1
"Depth Charts","26319","Michael Busch","CHC",144,546,623,131,77,29,2,22,80,77,65,1,171,7,4,0,3,1,0.24,0.327,0.424,0.75,0.327,0.1,0.28,0.379,0.184,0.305,-1.3,112,2.1
"Depth Charts","24618","Ryan Jeffers","MIN",100,356,403,84,49,17,1,17,48,52,34,0,93,9,3,2,3,0,0.235,0.315,0.43,0.744,0.324,0.08,0.23,0.362,0.195,0.269,-0.7,112,2.1
"OOPSY","27555","Garrett Mitchell","MIL",113,433,490,105,64,20,3,18,62,57,48,1,145,4,3,1,22,5,0.242,0.321,0.423,0.744,0.323,0.1,0.3,0.334,0.181,0.318,1.7,107,2.1
"OOPSY","24679","Brendan Donovan","STL",141,539,609,146,105,27,2,12,70,56,53,2,83,13,4,0,7,3,0.271,0.348,0.394,0.742,0.327,0.09,0.14,0.636,0.123,0.3,-1,111,2.1
"OOPSY","23772","Wilyer Abreu","BOS",112,422,483,106,61,26,1,18,59,63,54,1,128,2,4,0,11,3,0.25,0.336,0.443,0.779,0.337,0.11,0.27,0.422,0.193,0.314,-0.1,115,2.1
"OOPSY","27899","Colt Keith","DET",126,500,546,131,89,23,5,15,69,56,39,1,116,2,5,0,5,1,0.262,0.315,0.416,0.731,0.316,0.07,0.21,0.337,0.154,0.31,-0.5,108,2.1
"OOPSY","18373","Ryan Mountcastle","BAL",123,487,532,130,80,26,1,22,63,73,37,2,125,3,5,0,4,1,0.267,0.32,0.465,0.785,0.336,0.07,0.24,0.297,0.198,0.313,-1,123,2.1
"OOPSY","22515","Heliot Ramos","SFG",141,555,609,141,86,28,3,24,75,78,44,2,165,5,5,0,7,2,0.254,0.312,0.444,0.757,0.325,0.07,0.27,0.267,0.19,0.316,-1,111,2.1
"OOPSY","17338","Willi Castro","MIN",143,549,616,136,90,27,4,14,75,60,46,1,143,15,5,2,21,8,0.248,0.32,0.389,0.709,0.311,0.07,0.23,0.322,0.142,0.307,0.7,103,2.1
"OOPSY","19354","Luke Raley","SEA",112,427,483,102,59,19,2,22,59,64,33,2,144,19,3,1,12,4,0.238,0.318,0.443,0.761,0.33,0.07,0.3,0.228,0.205,0.303,-0.1,122,2.1
"OOPSY","20202","Brandon Marsh","PHI",125,475,539,117,76,21,4,16,70,56,55,1,166,4,4,1,16,4,0.247,0.327,0.407,0.734,0.321,0.1,0.31,0.331,0.161,0.341,1.5,105,2.1
"OOPSY","30116","Seiya Suzuki","CHC",143,545,616,143,90,27,4,22,83,74,62,3,156,5,5,0,13,6,0.262,0.339,0.448,0.788,0.34,0.1,0.25,0.394,0.186,0.325,-1.9,121,2.1
"OOPSY","14221","Jorge Soler","LAA",130,489,560,117,62,25,1,29,69,83,62,2,143,6,4,0,1,0,0.239,0.33,0.47,0.8,0.344,0.11,0.26,0.435,0.231,0.275,-2.5,124,2.1
"Steamer","26299","Josh Jung","TEX",136,519,561,128,80,23,3,22,63,70,32,0,154,6,4,1,6,2,0.247,0.296,0.429,0.725,0.313,0.06,0.28,0.209,0.182,0.306,-1.7,104,2.1
"Steamer","25493","Joey Ortiz","MIL",147,514,578,129,83,28,4,13,65,63,51,0,117,6,4,2,12,4,0.251,0.323,0.4,0.723,0.317,0.09,0.2,0.44,0.149,0.298,0.1,102,2.1
"Steamer","18363","Victor Robles","SEA",128,517,577,128,89,28,2,10,70,47,42,0,126,12,4,2,36,8,0.248,0.317,0.363,0.68,0.302,0.07,0.22,0.332,0.115,0.308,3.1,102,2.1
"Steamer","29931","Jacob Young","WSN",139,482,531,121,90,24,2,5,57,46,35,0,100,8,4,2,30,6,0.252,0.312,0.344,0.655,0.291,0.07,0.19,0.352,0.092,0.305,2.8,86,2.1
"Steamer","16939","Lane Thomas","CLE",139,539,601,131,81,29,2,18,72,68,49,1,155,7,4,1,26,9,0.242,0.311,0.406,0.717,0.313,0.08,0.26,0.317,0.164,0.303,1.3,105,2.1
"Steamer","15362","Jeff McNeil","NYM",125,449,497,121,86,25,1,9,55,54,33,0,63,9,4,2,5,1,0.271,0.331,0.395,0.726,0.319,0.07,0.13,0.527,0.124,0.295,-1.5,108,2.1
"THE BAT","29591","Colton Cowser","BAL",141,499,567,119,72,24,2,20,71,66,56,2,172,8,3,1,8,3,0.237,0.322,0.416,0.738,0.322,0.1,0.3,0.324,0.178,0.316,-0.5,113,2.1
"THE BAT","18568","Luis Arraez","SDP",146,592,642,185,145,31,3,6,73,69,38,4,32,5,5,1,7,3,0.312,0.356,0.402,0.757,0.33,0.06,0.05,1.181,0.09,0.32,-1.3,115,2.1
"THE BAT","19918","Daulton Varsho","TOR",133,479,536,105,60,21,3,20,68,61,47,1,135,5,3,2,15,3,0.219,0.294,0.403,0.697,0.303,0.09,0.25,0.347,0.185,0.258,0.7,98,2.1
"THE BAT","18839","Josh Naylor","ARI",141,535,598,144,90,29,1,24,76,88,50,6,90,7,5,0,8,2,0.269,0.337,0.461,0.798,0.341,0.08,0.15,0.56,0.192,0.282,-0.5,118,2.1
"THE BAT","29766","Zack Gelof","ATH",141,530,582,118,72,23,2,21,72,59,42,1,187,5,3,2,22,5,0.223,0.285,0.391,0.676,0.294,0.07,0.32,0.225,0.168,0.3,1.5,95,2.1
"THE BAT","26294","Bryson Stott","PHI",147,539,596,136,95,26,3,13,73,57,47,1,102,4,5,1,25,6,0.253,0.315,0.381,0.695,0.305,0.08,0.17,0.462,0.128,0.289,1.5,94,2.1
"THE BAT","24679","Brendan Donovan","STL",136,506,571,136,96,26,2,12,66,62,48,1,78,11,4,1,5,2,0.27,0.344,0.4,0.744,0.327,0.09,0.14,0.62,0.13,0.296,-0.9,111,2.1
"THE BATX","27479","Masyn Winn","STL",143,565,614,142,99,26,4,12,70,60,38,0,109,4,5,3,16,4,0.251,0.3,0.378,0.678,0.296,0.06,0.18,0.349,0.127,0.289,0.4,91,2.1
"THE BATX","12552","Eugenio Suarez","ARI",146,535,605,124,74,26,1,23,69,84,54,1,174,9,5,0,1,0,0.232,0.311,0.415,0.725,0.316,0.09,0.29,0.314,0.183,0.293,-1,101,2.1
"THE BATX","22266","Xavier Edwards","MIA",135,520,580,144,113,24,4,2,68,40,46,2,84,3,4,7,31,6,0.276,0.336,0.353,0.689,0.304,0.08,0.14,0.545,0.076,0.323,2.3,92,2.1
"THE BATX","16478","Kyle Schwarber","PHI",150,553,664,120,63,22,0,34,88,96,100,3,190,7,3,0,4,2,0.217,0.342,0.444,0.786,0.342,0.15,0.29,0.528,0.228,0.258,-1.3,119,2.1
"THE BATX","13419","Christian Walker","HOU",147,549,621,129,76,24,0,29,76,83,59,2,139,8,5,1,5,2,0.235,0.315,0.439,0.754,0.326,0.1,0.22,0.423,0.204,0.26,-0.9,115,2.1
"THE BATX","25479","Brenton Doyle","COL",144,545,597,138,87,26,5,21,80,66,40,1,172,5,4,3,26,6,0.253,0.308,0.434,0.741,0.32,0.07,0.29,0.233,0.18,0.328,1.7,92,2.1
"THE BATX","11477","Christian Yelich","MIL",122,458,531,121,80,23,2,15,70,62,65,4,114,4,3,1,21,5,0.263,0.357,0.425,0.781,0.341,0.12,0.22,0.568,0.161,0.317,1.1,119,2.1
"THE BATX","27790","Evan Carter","TEX",114,394,447,95,59,20,4,12,59,44,44,2,107,5,3,1,13,3,0.242,0.324,0.407,0.73,0.318,0.1,0.24,0.412,0.165,0.298,0.7,108,2.1
"THE BATX","21523","Jonathan India","KCR",134,494,576,125,82,27,2,14,74,60,61,0,115,15,4,1,12,4,0.252,0.35,0.402,0.751,0.332,0.11,0.2,0.531,0.149,0.299,-0.5,113,2.1
"ZiPS","31765","Nacho Alvarez Jr","ATL",125,481,543,120,93,18,1,8,60,56,50,1,112,10,2,0,14,3,0.249,0.331,0.341,0.672,0.302,0.09,0.21,0.446,0.091,0.309,0.4,92,2.1
"ZiPS","sa3017374","Joe Mack","MIA",125,485,530,109,72,22,0,15,56,62,38,1,143,5,1,1,1,0,0.225,0.287,0.363,0.65,0.286,0.07,0.27,0.266,0.138,0.287,-0.7,79,2.1
"ZiPS","25493","Joey Ortiz","MIL",131,461,518,115,72,27,5,11,65,61,45,0,104,5,5,2,9,4,0.249,0.32,0.401,0.721,0.315,0.09,0.2,0.433,0.152,0.296,-0.8,101,2.1
"ZiPS","17452","Jose Siri","NYM",118,382,418,82,46,17,2,17,56,57,27,0,153,5,3,1,14,5,0.215,0.273,0.403,0.677,0.293,0.06,0.37,0.176,0.188,0.302,0.2,90,2.1
"ZiPS","sa3020459","Cole Young","SEA",130,529,596,121,84,25,3,9,69,60,52,0,113,9,3,3,13,8,0.229,0.307,0.338,0.645,0.288,0.09,0.19,0.46,0.11,0.273,-1.8,93,2.1
"ZiPS","23782","Leo Jimenez","TOR",106,363,423,85,58,17,1,9,54,52,34,0,90,23,3,0,3,1,0.234,0.336,0.361,0.697,0.313,0.08,0.21,0.378,0.127,0.285,-0.7,105,2.1
"ZiPS","26374","Kameron Misner","TBR",119,448,510,94,57,23,2,12,61,57,56,1,173,4,2,0,17,4,0.21,0.302,0.35,0.652,0.29,0.11,0.34,0.324,0.141,0.309,0.9,92,2.1
"ZiPS","15362","Jeff McNeil","NYM",132,456,505,119,84,25,1,9,57,50,33,1,64,11,4,1,5,0,0.261,0.323,0.379,0.703,0.309,0.06,0.13,0.516,0.118,0.284,0,101,2.1
"ZiPS","11899","Joc Pederson","TEX",126,365,429,91,51,16,2,22,58,63,49,3,105,11,4,0,4,2,0.249,0.352,0.485,0.837,0.359,0.11,0.24,0.467,0.236,0.285,-0.9,136,2.1
"ZiPS","29547","Ryan Bliss","SEA",121,471,525,104,69,21,3,11,66,56,42,0,141,7,3,2,31,11,0.221,0.293,0.348,0.641,0.284,0.08,0.27,0.298,0.127,0.289,0.8,90,2.1
"ZiPS","29592","Connor Norby","MIA",135,555,612,141,89,30,2,20,90,75,48,0,170,5,4,0,10,5,0.254,0.317,0.423,0.74,0.322,0.08,0.28,0.282,0.169,0.328,-1.1,104,2.1
"ZiPS","sa3020212","Alan Roden","TOR",118,457,518,117,81,23,3,10,63,63,46,2,82,12,3,0,10,2,0.256,0.338,0.385,0.723,0.319,0.09,0.16,0.561,0.129,0.291,0.1,109,2.1
"ZiPS","sa3022886","Kyle Teel","CHW",113,439,494,107,80,18,0,9,65,47,48,1,123,4,3,0,7,3,0.244,0.322,0.346,0.668,0.298,0.1,0.25,0.39,0.103,0.316,-0.8,93,2.1
"ZiPS","22799","Geraldo Perdomo","ARI",131,400,475,99,71,19,3,6,69,44,53,0,77,5,4,13,13,4,0.248,0.34,0.355,0.695,0.311,0.11,0.16,0.688,0.108,0.29,0,97,2.1
"ZiPS","22263","Nolan Gorman","STL",133,461,511,106,60,19,0,27,67,75,46,1,170,2,2,0,6,1,0.23,0.301,0.447,0.748,0.323,0.09,0.33,0.271,0.217,0.297,0,108,2.1
"ZiPS","18363","Victor Robles","SEA",106,306,352,78,55,17,1,5,44,32,26,0,74,11,2,7,24,3,0.255,0.333,0.366,0.699,0.312,0.07,0.21,0.351,0.111,0.319,2.9,109,2.1
"ZiPS","16535","Danny Jansen","TBR",93,275,316,61,34,14,0,13,39,38,33,0,63,5,3,0,0,0,0.222,0.313,0.415,0.728,0.318,0.1,0.2,0.524,0.193,0.238,-0.6,112,2.1
"ZiPS DC","22515","Heliot Ramos","SFG",141,556,609,142,91,26,3,22,74,81,45,1,160,5,3,0,7,3,0.256,0.316,0.432,0.748,0.324,0.07,0.26,0.281,0.177,0.319,-0.9,110,2.1
"ZiPS DC","12856","George Springer","TOR",143,549,616,132,87,23,2,19,78,68,58,0,120,6,3,0,15,2,0.24,0.318,0.395,0.713,0.313,0.09,0.19,0.486,0.155,0.273,0.8,105,2.1
"ZiPS DC","33541","Dylan Crews","WSN",136,531,588,130,84,26,5,15,69,69,40,0,130,12,5,0,27,7,0.246,0.309,0.398,0.708,0.309,0.07,0.22,0.306,0.152,0.296,1.4,98,2.1
"ZiPS DC","27684","Michael Massey","KCR",122,484,525,125,78,28,2,17,62,68,27,1,98,6,6,2,5,1,0.259,0.302,0.431,0.734,0.315,0.05,0.19,0.276,0.172,0.289,-0.4,101,2.1
"REZ","sa3022615","Matt Shaw","CHC",121,451,502,112,76,18,3,15,61,59,40,0,109,7,4,1,17,5,0.247,0.315,0.401,0.716,0.313,0.08,0.22,0.365,0.153,0.291,0.3,103,2.1
"REZ","22186","Brice Turang","MIL",141,527,585,130,99,18,4,8,65,52,51,1,113,2,4,3,36,6,0.246,0.313,0.342,0.655,0.29,8.7,19.3,0.5,0.096,0.297,3.8,88,2.1
"REZ","22715","Maikel Garcia","KCR",135,517,568,139,109,23,3,4,72,51,42,0,94,1,5,3,28,6,0.269,0.323,0.349,0.672,0.297,7.4,16.6,0.4,0.08,0.319,2.3,89,2
"REZ","23690","Brayan Rocchio","CLE",134,474,531,112,78,29,0,5,59,50,43,0,99,7,4,2,13,5,0.237,0.308,0.329,0.637,0.284,8.1,18.7,0.4,0.092,0.286,-0.7,91,2
"REZ","27790","Evan Carter","TEX",113,406,466,96,47,21,6,21,61,50,51,2,113,6,3,1,12,3,0.236,0.328,0.47,0.798,0.341,10.9,24.3,0.4,0.234,0.273,0.2,109,2
"REZ","15112","Ryan McMahon","COL",147,554,628,139,85,29,2,24,81,73,67,2,171,3,4,0,6,3,0.25,0.333,0.437,0.77,0.334,10.7,27.2,0.4,0.187,0.317,-1.1,92,2
"REZ","27490","Nick Gonzales","PIT",116,443,489,110,69,29,4,9,56,56,33,1,108,8,4,1,5,2,0.248,0.308,0.391,0.699,0.305,6.7,22.1,0.3,0.143,0.306,-0.7,100,2
"REZ","22799","Geraldo Perdomo","ARI",124,429,500,102,69,23,6,4,63,42,53,4,81,5,4,10,14,4,0.237,0.326,0.347,0.673,0.297,10.5,16.1,0.7,0.11,0.281,0.7,92,2
"ATC","27790","Evan Carter","TEX",113,391,448,95,59,20,4,13,58,48,48,2,111,5,3,1,11,3,0.242,0.33,0.408,0.738,0.322,0.11,0.25,0.43,0.166,0.303,0.1,111,2
"ATC","25493","Joey Ortiz","MIL",141,493,552,122,80,26,4,12,63,61,47,0,112,5,5,2,11,4,0.248,0.316,0.391,0.708,0.31,0.09,0.2,0.419,0.144,0.294,-0.1,98,2
"ATC","16939","Lane Thomas","CLE",134,510,567,124,77,27,3,17,72,64,45,0,144,7,5,0,24,8,0.242,0.309,0.405,0.714,0.311,0.08,0.25,0.311,0.163,0.301,1,104,2
"ATC","16535","Danny Jansen","TBR",98,325,372,73,42,15,0,15,43,45,37,0,74,6,3,0,0,0,0.223,0.312,0.411,0.723,0.316,0.1,0.2,0.502,0.188,0.241,-0.8,104,2
"ATC","18036","Jake Cronenworth","SDP",143,529,600,127,81,27,4,15,69,67,55,1,111,11,5,1,5,1,0.24,0.321,0.389,0.71,0.312,0.09,0.18,0.495,0.15,0.275,-0.2,101,2
"ATC","21865","Bo Naylor","CLE",109,350,395,74,44,15,1,14,44,44,39,1,109,3,2,1,6,2,0.213,0.295,0.38,0.675,0.296,0.1,0.28,0.358,0.167,0.265,-0.2,93,2
"Depth Charts","19913","Jesus Sanchez","MIA",125,486,539,125,76,25,2,21,63,71,45,2,137,5,2,1,10,2,0.256,0.324,0.448,0.772,0.333,0.08,0.26,0.328,0.192,0.313,-0.5,111,2
"Depth Charts","12856","George Springer","TOR",143,548,616,133,87,23,2,20,80,66,57,0,119,6,4,1,14,3,0.242,0.318,0.404,0.722,0.316,0.09,0.19,0.481,0.162,0.272,0.5,108,2
"Depth Charts","27555","Garrett Mitchell","MIL",113,434,490,105,66,21,3,15,62,61,47,0,148,6,2,1,21,6,0.242,0.323,0.407,0.73,0.32,0.1,0.3,0.32,0.165,0.329,1,105,2
"Depth Charts","23772","Wilyer Abreu","BOS",112,425,483,103,61,25,1,16,61,59,52,0,130,3,3,0,9,3,0.243,0.327,0.423,0.751,0.328,0.11,0.27,0.395,0.18,0.309,-0.3,108,2
"Depth Charts","7304","Salvador Perez","KCR",149,563,612,147,95,25,1,26,66,88,33,7,135,11,5,0,0,0,0.261,0.311,0.448,0.759,0.324,0.05,0.22,0.242,0.187,0.297,-2.5,107,2
"Depth Charts","19608","Otto Lopez","MIA",112,444,483,122,89,24,3,6,54,46,31,0,83,4,3,2,16,4,0.275,0.326,0.385,0.711,0.312,0.06,0.17,0.37,0.11,0.325,0.6,97,2
"Depth Charts","17988","Tyler Stephenson","CIN",121,436,490,112,74,22,1,15,59,61,45,2,114,6,3,0,1,0,0.258,0.333,0.419,0.753,0.328,0.09,0.23,0.393,0.162,0.313,-1.5,104,2
"Depth Charts","26208","Tyler Fitzgerald","SFG",134,530,581,124,75,26,3,20,73,72,38,0,177,9,3,1,19,5,0.234,0.294,0.407,0.701,0.305,0.07,0.3,0.215,0.173,0.31,1.3,97,2
"Depth Charts","21614","Kyle Isbel","KCR",130,508,560,123,79,25,7,12,71,59,38,0,117,7,3,4,15,4,0.242,0.301,0.389,0.691,0.301,0.07,0.21,0.328,0.147,0.289,1.3,91,2
"Depth Charts","21523","Jonathan India","KCR",138,508,595,127,84,28,2,13,78,56,65,0,113,15,4,2,12,2,0.251,0.351,0.392,0.743,0.33,0.11,0.19,0.577,0.142,0.296,0.1,111,2
"OOPSY","25479","Brenton Doyle","COL",154,611,665,150,96,27,5,22,80,74,41,0,189,4,6,3,27,6,0.245,0.294,0.413,0.707,0.306,0.06,0.28,0.218,0.168,0.314,2.6,82,2
"OOPSY","11899","Joc Pederson","TEX",105,392,455,99,58,18,2,22,60,62,49,2,105,10,3,0,4,3,0.252,0.348,0.472,0.82,0.354,0.11,0.23,0.467,0.22,0.287,-1.5,133,2
"OOPSY","27676","Vinnie Pasquantino","KCR",146,560,630,148,91,34,2,21,78,79,57,2,81,5,7,1,3,1,0.265,0.334,0.447,0.781,0.337,0.09,0.13,0.71,0.182,0.273,-2.1,116,2
"OOPSY","18839","Josh Naylor","ARI",141,546,609,146,91,31,1,22,72,78,52,2,94,6,5,0,9,2,0.267,0.334,0.449,0.783,0.338,0.09,0.15,0.555,0.183,0.284,-1.7,115,2
"OOPSY","22799","Geraldo Perdomo","ARI",125,462,539,113,81,23,4,6,63,40,57,0,89,6,5,9,13,3,0.244,0.331,0.345,0.676,0.303,0.11,0.17,0.642,0.101,0.288,1.2,92,2
"OOPSY","13152","Jorge Polanco","SEA",126,484,546,109,71,19,1,18,57,58,55,1,142,4,4,0,6,2,0.225,0.306,0.38,0.686,0.302,0.1,0.26,0.384,0.155,0.276,-0.7,102,2
"OOPSY","23800","Parker Meadows","DET",133,517,574,119,76,22,7,14,77,55,46,0,140,4,6,1,21,6,0.231,0.295,0.384,0.679,0.296,0.08,0.24,0.328,0.153,0.285,1.7,93,2
"Steamer","11739","JT Realmuto","PHI",114,422,466,104,66,20,2,16,53,57,32,1,114,7,3,1,7,2,0.246,0.309,0.416,0.725,0.314,0.07,0.24,0.284,0.17,0.297,-0.2,100,2
"Steamer","21622","Jake McCarthy","ARI",126,472,526,126,89,20,6,11,62,58,39,1,94,9,4,1,26,7,0.267,0.333,0.403,0.737,0.322,0.07,0.18,0.421,0.136,0.311,2.5,105,2
"Steamer","12856","George Springer","TOR",143,580,652,141,92,24,2,23,86,68,59,1,125,7,4,3,15,3,0.244,0.319,0.413,0.731,0.319,0.09,0.19,0.475,0.169,0.271,0.3,110,2
"Steamer","9218","Paul Goldschmidt","NYY",147,571,642,144,90,29,1,24,80,84,61,3,167,4,4,1,8,2,0.252,0.327,0.434,0.761,0.33,0.1,0.26,0.365,0.182,0.312,-0.5,116,2
"Steamer","sa3023011","Kristian Campbell","BOS",96,340,388,90,59,19,2,10,47,43,38,0,88,5,3,1,9,3,0.266,0.347,0.421,0.768,0.336,0.1,0.23,0.433,0.156,0.329,0,115,2
"Steamer","30116","Seiya Suzuki","CHC",143,550,626,142,89,26,4,23,79,81,65,3,158,6,4,1,13,5,0.258,0.34,0.444,0.784,0.339,0.1,0.25,0.413,0.186,0.319,-1.4,121,2
"Steamer","24729","Logan O'Hoppe","LAA",108,401,445,95,60,15,1,19,51,56,34,0,117,6,3,1,3,1,0.238,0.306,0.425,0.73,0.317,0.08,0.26,0.295,0.187,0.283,-0.9,105,2
"Steamer","19918","Daulton Varsho","TOR",131,490,548,110,63,22,4,20,64,66,48,1,136,5,4,1,13,4,0.224,0.297,0.409,0.706,0.307,0.09,0.25,0.351,0.186,0.264,1.3,101,2
"Steamer","31781","Jackson Holliday","BAL",109,352,411,82,54,17,2,10,48,41,52,1,110,3,3,2,8,2,0.234,0.335,0.372,0.707,0.314,0.13,0.27,0.472,0.138,0.308,0,107,2
"Steamer","26466","Matt Wallner","MIN",120,434,502,100,55,23,2,21,61,64,51,1,170,13,4,1,4,1,0.231,0.326,0.437,0.763,0.332,0.1,0.34,0.297,0.206,0.321,-0.4,118,2
"Steamer","18577","Ke'Bryan Hayes","PIT",136,502,550,129,89,26,3,12,59,58,39,1,109,4,4,2,14,4,0.257,0.313,0.39,0.703,0.307,0.07,0.2,0.356,0.133,0.304,0.5,94,2
"Steamer","18839","Josh Naylor","ARI",141,553,615,148,92,32,1,24,78,87,51,7,98,6,4,0,7,2,0.268,0.334,0.456,0.791,0.338,0.08,0.16,0.523,0.188,0.286,-1.9,116,2
"THE BAT","19610","Keibert Ruiz","WSN",124,447,483,107,73,21,0,13,45,57,25,1,56,6,4,1,2,1,0.239,0.286,0.373,0.66,0.287,0.05,0.12,0.452,0.134,0.246,-0.6,83,2
"THE BAT","18363","Victor Robles","SEA",130,441,505,106,74,21,2,9,61,36,37,1,105,13,3,10,30,7,0.24,0.316,0.354,0.67,0.298,0.07,0.21,0.355,0.114,0.295,2.3,100,2
"THE BAT","31781","Jackson Holliday","BAL",121,414,468,99,63,21,3,11,56,47,48,2,121,3,2,1,8,3,0.239,0.32,0.386,0.706,0.31,0.1,0.26,0.392,0.147,0.308,-0.4,104,2
"THE BAT","25493","Joey Ortiz","MIL",142,497,552,120,82,25,4,10,60,55,44,1,113,5,3,2,11,3,0.242,0.308,0.369,0.677,0.298,0.08,0.2,0.392,0.127,0.292,-0.1,90,2
"THE BAT","11477","Christian Yelich","MIL",122,458,531,120,81,22,2,15,69,61,65,5,114,4,3,1,21,4,0.262,0.356,0.42,0.776,0.338,0.12,0.22,0.57,0.157,0.317,1.3,117,2
"THE BAT","30116","Seiya Suzuki","CHC",135,510,582,131,83,26,2,20,75,72,61,2,145,6,4,0,14,4,0.257,0.341,0.434,0.776,0.337,0.1,0.25,0.421,0.177,0.318,-0.2,119,2
"THE BATX","20391","Luis Garcia Jr","WSN",135,510,548,137,95,26,2,15,63,67,31,2,89,2,5,1,14,5,0.269,0.31,0.416,0.727,0.313,0.06,0.16,0.343,0.147,0.298,-0.2,101,2
"THE BATX","7304","Salvador Perez","KCR",142,528,583,132,82,26,0,24,63,86,31,3,127,10,6,0,0,0,0.25,0.301,0.437,0.738,0.316,0.05,0.22,0.245,0.187,0.282,-1,102,2
"THE BATX","29766","Zack Gelof","ATH",141,530,582,118,72,24,2,19,71,57,42,0,187,5,3,2,21,5,0.223,0.284,0.387,0.672,0.293,0.07,0.32,0.225,0.164,0.302,1.1,94,2
"THE BATX","22184","Mark Vientos","NYM",147,559,614,130,77,25,0,27,69,82,45,1,181,5,4,0,0,0,0.232,0.293,0.425,0.718,0.31,0.07,0.3,0.247,0.193,0.288,-1,102,2
"THE BATX","10324","Marcell Ozuna","ATL",148,554,625,142,84,28,0,30,82,90,62,2,152,4,4,0,1,0,0.256,0.333,0.468,0.8,0.344,0.1,0.24,0.406,0.212,0.298,-1.2,120,2
"THE BATX","23800","Parker Meadows","DET",132,488,541,112,69,22,5,16,66,54,44,1,131,4,4,1,17,4,0.229,0.296,0.394,0.69,0.3,0.08,0.24,0.337,0.164,0.278,0.8,96,2
"THE BATX","21454","Lars Nootbaar","STL",123,428,496,105,67,21,1,16,61,57,61,2,101,2,3,1,7,2,0.246,0.34,0.412,0.753,0.329,0.12,0.2,0.601,0.167,0.284,-0.5,113,2
"ZiPS","26123","Brett Baty","NYM",119,430,480,103,70,16,0,17,57,61,43,1,124,5,1,1,2,1,0.24,0.315,0.395,0.711,0.312,0.09,0.26,0.347,0.156,0.297,-0.9,103,2
"ZiPS","12856","George Springer","TOR",128,491,551,118,78,21,2,17,70,61,52,0,107,5,3,0,13,2,0.24,0.318,0.395,0.713,0.313,0.09,0.19,0.486,0.155,0.273,0.7,105,2
"ZiPS","28080","Jasson Dominguez","NYY",102,402,447,102,69,15,2,16,62,56,42,1,113,1,2,0,20,3,0.254,0.324,0.42,0.745,0.324,0.09,0.25,0.372,0.167,0.313,1.9,112,2
"ZiPS","19599","Chas McCormick","HOU",112,321,360,78,53,12,1,12,45,47,27,0,99,6,5,1,10,3,0.243,0.309,0.399,0.708,0.309,0.07,0.28,0.273,0.156,0.307,0.1,103,2
"ZiPS","22823","Oswald Peraza","NYY",112,434,480,101,70,16,1,14,60,59,35,1,115,9,1,1,18,6,0.233,0.303,0.371,0.674,0.297,0.07,0.24,0.304,0.138,0.284,0.3,93,2
"ZiPS","18568","Luis Arraez","SDP",148,590,633,181,144,28,3,6,76,60,34,4,34,5,3,1,6,3,0.307,0.348,0.395,0.743,0.324,0.05,0.05,1,0.088,0.316,-1.4,111,2
"ZiPS","19452","Jake Rogers","DET",93,287,317,60,35,13,1,11,40,38,24,1,99,3,2,1,1,0,0.209,0.275,0.376,0.652,0.284,0.08,0.31,0.242,0.167,0.274,-0.3,84,2
"ZiPS","7739","Travis d'Arnaud","LAA",87,293,322,67,39,15,1,12,36,40,22,0,84,5,2,0,0,0,0.229,0.292,0.41,0.701,0.305,0.07,0.26,0.262,0.181,0.276,-0.5,96,2
"ZiPS","sa3014693","Emmanuel Rodriguez","MIN",75,280,338,59,31,14,4,10,54,40,54,1,122,3,1,0,7,3,0.211,0.343,0.396,0.74,0.328,0.16,0.36,0.443,0.186,0.329,-0.5,115,2
"ZiPS","16622","Luis Urias",NA,117,394,453,89,60,16,1,12,51,49,44,0,106,12,3,0,4,1,0.226,0.32,0.363,0.683,0.305,0.1,0.23,0.415,0.137,0.276,-0.5,105,2
"ZiPS","19960","Taylor Trammell","HOU",109,362,417,81,45,19,1,16,53,56,46,1,125,5,3,1,11,4,0.224,0.317,0.414,0.732,0.319,0.11,0.3,0.368,0.191,0.29,-0.2,110,2
"ZiPS","sa3019920","Drake Baldwin","ATL",105,410,461,96,61,21,1,13,50,57,43,1,121,7,1,0,0,0,0.234,0.317,0.385,0.702,0.309,0.09,0.26,0.355,0.151,0.3,-0.9,97,2
"ZiPS","16725","Jose Trevino","CIN",85,247,268,61,44,9,1,7,28,30,17,0,45,2,1,1,1,1,0.247,0.3,0.377,0.676,0.297,0.06,0.17,0.378,0.13,0.276,-0.7,83,2
"ZiPS","18042","Dylan Moore","SEA",125,316,372,67,36,17,3,11,47,38,42,1,108,11,2,1,24,6,0.212,0.323,0.389,0.713,0.315,0.11,0.29,0.389,0.177,0.281,1.7,112,2
"ZiPS","19608","Otto Lopez","MIA",115,425,461,117,86,22,4,5,57,43,28,0,79,4,2,2,15,4,0.275,0.325,0.381,0.706,0.31,0.06,0.17,0.354,0.106,0.327,0.4,96,2
"ZiPS DC","19522","TJ Friedl","CIN",131,496,567,122,83,19,5,15,66,73,47,0,92,14,5,5,15,4,0.246,0.325,0.396,0.721,0.317,0.08,0.16,0.507,0.15,0.272,0.4,97,2
"ZiPS DC","19608","Otto Lopez","MIA",112,445,483,123,90,23,4,5,60,45,29,0,83,4,2,2,16,4,0.275,0.325,0.381,0.706,0.31,0.06,0.17,0.354,0.106,0.327,0.5,96,2
"ZiPS DC","14854","Mike Yastrzemski","SFG",118,453,511,101,53,24,5,19,66,60,49,1,136,6,2,1,3,1,0.223,0.305,0.421,0.726,0.315,0.1,0.27,0.359,0.197,0.274,-0.6,104,2
"ZiPS DC","20308","Jake Meyers","HOU",91,353,392,84,55,17,2,11,44,46,28,0,95,6,3,2,7,2,0.238,0.303,0.385,0.688,0.302,0.07,0.24,0.296,0.146,0.294,0,98,2
"ZiPS DC","29622","Sal Frelick","MIL",107,421,462,115,84,21,4,5,59,45,34,1,67,5,2,1,14,3,0.273,0.333,0.379,0.712,0.313,0.07,0.15,0.5,0.107,0.313,0.4,100,2
"ZiPS DC","18036","Jake Cronenworth","SDP",144,548,623,131,83,29,4,15,73,70,56,2,114,12,5,1,4,2,0.24,0.322,0.391,0.713,0.313,0.09,0.18,0.495,0.152,0.274,-1.2,104,2
"ZiPS DC","29592","Connor Norby","MIA",136,533,588,135,86,29,2,19,86,72,46,0,163,5,4,0,10,5,0.254,0.317,0.423,0.74,0.322,0.08,0.28,0.282,0.169,0.328,-1.1,104,2
"REZ","26299","Josh Jung","TEX",124,486,525,119,73,20,3,23,61,67,30,0,145,6,3,0,5,2,0.246,0.296,0.44,0.736,0.316,5.7,27.7,0.2,0.194,0.3,-1.1,103,2
"REZ","19566","Nathaniel Lowe","WSN",144,534,610,138,93,23,2,21,72,69,66,4,119,4,3,0,2,1,0.258,0.342,0.422,0.764,0.333,10.8,19.5,0.6,0.164,0.294,-1.9,115,2
"REZ","22514","Triston Casas","BOS",138,498,581,118,70,16,1,31,81,80,75,4,144,4,4,0,1,0,0.237,0.339,0.46,0.799,0.343,12.9,24.8,0.5,0.223,0.266,-1.5,122,2
"REZ","16939","Lane Thomas","CLE",137,524,583,121,65,32,4,22,69,66,48,0,151,7,5,0,24,8,0.231,0.301,0.433,0.734,0.317,8.1,25.8,0.3,0.202,0.279,0.7,105,2
"REZ","11899","Joc Pederson","TEX",110,378,442,95,52,17,2,24,60,62,50,2,103,10,4,0,4,2,0.25,0.351,0.499,0.85,0.363,11.3,23.3,0.5,0.249,0.278,-0.9,132,1.9
"REZ","19452","Jake Rogers","DET",94,321,354,67,35,14,2,16,39,41,27,0,105,4,2,1,2,0,0.209,0.276,0.411,0.687,0.296,7.6,29.6,0.3,0.202,0.252,-0.3,85,1.9
"REZ","18568","Luis Arraez","SDP",149,602,650,170,132,31,2,5,74,60,37,3,35,5,4,2,7,3,0.282,0.328,0.364,0.692,0.303,5.7,5.4,1.1,0.082,0.292,-1,112,1.9
"ATC","22514","Triston Casas","BOS",140,497,578,120,68,24,2,26,73,78,75,5,155,4,3,0,1,0,0.242,0.344,0.456,0.8,0.345,0.13,0.27,0.481,0.214,0.296,-1.8,121,1.9
"ATC","17988","Tyler Stephenson","CIN",119,418,469,106,70,21,1,15,56,59,42,1,111,6,3,0,1,0,0.254,0.329,0.417,0.745,0.325,0.09,0.24,0.378,0.162,0.309,-1.5,102,1.9
"ATC","sa3022615","Matt Shaw","CHC",116,425,473,105,71,18,2,14,56,54,38,1,101,6,3,1,17,4,0.248,0.316,0.403,0.719,0.314,0.08,0.21,0.382,0.154,0.29,0.2,103,1.9
"ATC","21523","Jonathan India","KCR",135,493,576,123,81,26,2,14,75,57,62,0,112,15,4,1,12,3,0.249,0.348,0.393,0.741,0.329,0.11,0.19,0.555,0.143,0.294,0,113,1.9
"ATC","27490","Nick Gonzales","PIT",113,424,468,111,71,26,4,10,53,51,31,1,105,7,4,1,5,2,0.261,0.32,0.408,0.727,0.316,0.07,0.22,0.298,0.147,0.321,-0.3,100,1.9
"ATC","22275","Jake Burger","TEX",141,532,582,130,73,23,2,31,71,82,36,1,155,10,4,1,1,1,0.244,0.302,0.471,0.773,0.331,0.06,0.27,0.233,0.227,0.283,-1,116,1.9
"ATC","22186","Brice Turang","MIL",141,515,571,127,93,23,3,8,65,51,47,1,104,2,4,3,37,6,0.246,0.31,0.348,0.658,0.291,0.08,0.18,0.453,0.101,0.293,3.6,85,1.9
"ATC","22715","Maikel Garcia","KCR",130,488,535,125,90,25,3,7,65,49,39,0,96,2,5,3,27,6,0.255,0.309,0.362,0.671,0.295,0.07,0.18,0.403,0.107,0.302,2.1,90,1.9
"ATC","26299","Josh Jung","TEX",122,469,504,116,73,21,2,19,59,62,27,0,139,5,3,0,5,1,0.247,0.293,0.424,0.717,0.31,0.05,0.28,0.194,0.177,0.308,-1.4,102,1.9
"Depth Charts","22515","Heliot Ramos","SFG",141,553,609,139,88,26,3,22,72,78,46,1,160,5,4,1,7,3,0.251,0.313,0.43,0.742,0.321,0.07,0.26,0.287,0.178,0.312,-1,108,1.9
"Depth Charts","27684","Michael Massey","KCR",122,485,525,125,78,27,3,17,61,66,28,1,100,6,5,2,4,1,0.257,0.303,0.427,0.73,0.314,0.05,0.19,0.283,0.17,0.289,-0.2,100,1.9
"Depth Charts","29592","Connor Norby","MIA",136,531,588,132,84,28,2,18,78,67,47,0,162,5,4,1,9,4,0.248,0.313,0.412,0.725,0.316,0.08,0.28,0.291,0.163,0.32,-0.7,100,1.9
"Depth Charts","31595","Brooks Lee","MIN",126,500,546,125,82,29,2,13,58,62,39,2,90,2,4,1,5,1,0.249,0.304,0.389,0.693,0.301,0.07,0.16,0.433,0.14,0.279,-0.5,96,1.9
"Depth Charts","18839","Josh Naylor","ARI",141,547,609,146,90,32,0,23,72,93,50,7,95,6,5,0,7,2,0.266,0.332,0.453,0.785,0.336,0.08,0.16,0.531,0.187,0.282,-1.5,114,1.9
"Depth Charts","16725","Jose Trevino","CIN",66,242,262,59,41,10,1,7,28,30,16,0,45,2,1,1,2,1,0.245,0.297,0.384,0.681,0.298,0.06,0.17,0.357,0.139,0.272,-0.8,84,1.9
"Depth Charts","21622","Jake McCarthy","ARI",126,491,546,131,94,20,7,10,68,61,39,0,98,10,3,3,28,7,0.267,0.331,0.396,0.728,0.319,0.07,0.18,0.397,0.13,0.313,2.5,103,1.9
"Depth Charts","26365","Jonny DeLuca","TBR",113,443,490,102,63,21,3,14,54,56,37,1,101,7,2,1,16,4,0.23,0.297,0.391,0.688,0.3,0.07,0.21,0.361,0.161,0.265,0.4,99,1.9
"OOPSY","16535","Danny Jansen","TBR",91,314,359,71,42,15,1,13,40,43,37,1,72,6,3,0,1,0,0.227,0.317,0.405,0.722,0.316,0.1,0.2,0.51,0.178,0.251,-0.8,110,1.9
"OOPSY","18042","Dylan Moore","SEA",99,365,427,76,44,17,2,13,52,45,47,1,123,11,3,1,27,8,0.208,0.316,0.373,0.688,0.306,0.11,0.29,0.383,0.164,0.272,1.5,105,1.9
"OOPSY","22715","Maikel Garcia","KCR",138,540,595,138,99,29,4,7,68,49,46,0,107,0,6,2,31,6,0.256,0.312,0.362,0.675,0.297,0.08,0.18,0.434,0.106,0.304,2.8,88,1.9
"OOPSY","17988","Tyler Stephenson","CIN",121,437,490,111,74,22,1,15,56,54,44,1,113,6,3,0,1,1,0.254,0.329,0.411,0.739,0.323,0.09,0.23,0.388,0.157,0.308,-1.9,101,1.9
"OOPSY","18568","Luis Arraez","SDP",151,602,651,184,145,31,3,6,73,50,38,2,36,5,4,1,7,3,0.306,0.351,0.394,0.745,0.326,0.06,0.06,1.068,0.088,0.316,-1,113,1.9
"OOPSY","15112","Ryan McMahon","COL",147,564,637,135,83,28,2,22,74,76,65,1,182,3,4,0,6,3,0.24,0.32,0.415,0.735,0.321,0.1,0.28,0.359,0.175,0.31,-0.8,92,1.9
"OOPSY","18036","Jake Cronenworth","SDP",144,551,623,130,84,28,4,14,76,61,56,1,112,11,4,0,5,2,0.236,0.316,0.378,0.694,0.306,0.09,0.18,0.505,0.142,0.269,0.2,99,1.9
"OOPSY","20220","Jo Adell","LAA",109,424,469,101,54,21,2,25,59,71,35,1,138,6,4,0,15,5,0.239,0.305,0.472,0.777,0.332,0.07,0.29,0.255,0.233,0.291,0,116,1.9
"Steamer","17338","Willi Castro","MIN",143,563,630,137,91,28,4,14,75,58,46,0,148,14,4,2,21,6,0.244,0.314,0.38,0.695,0.306,0.07,0.23,0.308,0.137,0.305,1.6,100,1.9
"Steamer","29592","Connor Norby","MIA",136,552,613,134,85,29,1,18,73,64,50,1,168,5,4,2,10,3,0.243,0.309,0.4,0.709,0.309,0.08,0.27,0.3,0.157,0.312,-0.4,95,1.9
"Steamer","10324","Marcell Ozuna","ATL",150,567,635,147,89,26,1,32,84,95,59,1,157,4,5,1,1,0,0.26,0.331,0.477,0.808,0.347,0.09,0.25,0.376,0.218,0.3,-2.1,122,1.9
"Steamer","7304","Salvador Perez","KCR",143,571,618,148,96,26,1,26,73,87,33,7,136,10,4,0,1,0,0.259,0.309,0.443,0.752,0.321,0.05,0.22,0.241,0.184,0.295,-2.9,105,1.9
"Steamer","10815","Jurickson Profar","ATL",147,574,662,149,101,30,1,18,88,71,73,2,109,9,4,2,7,2,0.26,0.35,0.408,0.758,0.333,0.11,0.16,0.667,0.148,0.291,-1.5,113,1.9
"Steamer","19608","Otto Lopez","MIA",112,418,457,115,83,24,2,6,45,44,31,0,79,4,3,1,15,4,0.275,0.328,0.389,0.717,0.314,0.07,0.17,0.386,0.113,0.324,0.6,98,1.9
"THE BAT","16930","Jonah Heim","TEX",102,355,388,78,51,15,1,12,39,42,27,1,76,2,3,0,1,0,0.221,0.278,0.366,0.644,0.281,0.07,0.2,0.355,0.145,0.246,-0.5,81,1.9
"THE BAT","19953","Josh Lowe","TBR",125,456,502,111,67,26,2,16,64,57,39,3,147,2,4,1,23,4,0.244,0.305,0.418,0.723,0.312,0.08,0.29,0.267,0.174,0.321,1.9,107,1.9
"THE BAT","22184","Mark Vientos","NYM",147,560,614,130,78,25,1,27,69,82,44,1,182,5,4,0,0,0,0.233,0.293,0.423,0.716,0.309,0.07,0.3,0.243,0.19,0.291,-1,101,1.9
"THE BAT","12564","Trevor Story","BOS",113,421,472,99,61,21,1,16,60,53,37,2,134,5,4,0,19,5,0.235,0.301,0.404,0.705,0.306,0.08,0.28,0.272,0.169,0.303,1.1,93,1.9
"THE BAT","11899","Joc Pederson","TEX",111,367,428,90,51,15,2,23,60,59,48,3,98,9,4,1,4,1,0.246,0.345,0.483,0.828,0.355,0.11,0.23,0.492,0.237,0.271,-0.5,134,1.9
"THE BAT","27769","Pete CrowArmstrong","CHC",139,490,536,117,77,22,5,13,66,52,32,2,141,7,3,4,25,7,0.238,0.292,0.382,0.674,0.292,0.06,0.26,0.224,0.144,0.306,1.4,89,1.9
"THE BAT","5517","Kyle Higashioka","TEX",82,264,287,54,30,10,0,13,31,36,18,0,83,1,2,1,1,0,0.206,0.259,0.399,0.657,0.283,0.06,0.29,0.215,0.193,0.242,-0.3,83,1.9
"THE BAT","25479","Brenton Doyle","COL",144,545,597,136,86,25,4,21,79,64,40,1,172,5,4,3,26,6,0.25,0.304,0.427,0.731,0.316,0.07,0.29,0.232,0.177,0.323,1.9,89,1.9
"THE BAT","21523","Jonathan India","KCR",134,493,576,123,82,25,2,13,72,58,62,0,115,15,4,1,13,4,0.249,0.348,0.391,0.739,0.328,0.11,0.2,0.537,0.143,0.296,-0.2,110,1.9
"THE BAT","19858","Luis Rengifo","LAA",131,495,541,125,88,19,3,15,67,54,36,1,89,6,4,1,20,6,0.253,0.308,0.394,0.702,0.306,0.07,0.16,0.401,0.141,0.28,0.5,97,1.9
"THE BAT","7739","Travis d'Arnaud","LAA",73,245,274,58,36,11,0,11,31,34,19,0,70,4,2,0,1,0,0.236,0.298,0.413,0.711,0.309,0.07,0.26,0.269,0.177,0.285,-0.4,100,1.9
"THE BAT","20391","Luis Garcia Jr","WSN",135,511,548,137,96,24,2,15,62,65,30,2,87,2,5,1,14,5,0.268,0.308,0.41,0.717,0.309,0.05,0.16,0.339,0.142,0.295,-0.2,98,1.9
"THE BAT","19470","Tommy Edman","LAD",130,481,528,118,79,22,3,13,69,53,36,1,93,5,4,2,25,4,0.245,0.301,0.386,0.687,0.299,0.07,0.18,0.383,0.141,0.276,2.2,93,1.9
"THE BATX","16930","Jonah Heim","TEX",102,355,388,78,51,15,1,12,39,42,27,1,75,2,3,0,1,0,0.22,0.278,0.367,0.644,0.281,0.07,0.19,0.359,0.146,0.245,-0.6,82,1.9
"THE BATX","11609","Willson Contreras","STL",126,451,530,111,70,21,1,19,67,65,56,2,130,16,3,1,5,2,0.246,0.348,0.425,0.773,0.339,0.1,0.25,0.428,0.179,0.301,-0.9,119,1.9
"THE BATX","24679","Brendan Donovan","STL",136,506,571,135,97,25,3,11,66,60,49,2,78,11,4,1,5,2,0.267,0.342,0.392,0.734,0.323,0.09,0.14,0.626,0.125,0.295,-0.9,109,1.9
"THE BATX","26197","Andrew Vaughn","CHW",143,547,601,140,86,29,0,25,70,81,40,0,120,9,5,0,1,0,0.256,0.315,0.45,0.764,0.33,0.07,0.2,0.335,0.194,0.282,-1,115,1.9
"THE BATX","24610","Steven Kwan","CLE",146,569,640,152,119,26,4,4,71,52,59,1,59,5,5,2,16,5,0.267,0.339,0.345,0.684,0.305,0.09,0.09,1.009,0.078,0.29,-0.3,99,1.9
"THE BATX","21479","Nico Hoerner","CHC",130,500,548,135,105,22,3,4,64,47,34,0,62,9,4,1,25,7,0.27,0.325,0.353,0.678,0.3,0.06,0.11,0.545,0.083,0.298,1,94,1.9
"ZiPS","27684","Michael Massey","KCR",120,429,465,111,69,25,2,15,55,60,24,1,87,5,5,2,4,1,0.259,0.302,0.431,0.734,0.315,0.05,0.19,0.276,0.172,0.289,-0.4,101,1.9
"ZiPS","20352","Ernie Clement","TOR",119,377,399,98,68,19,2,9,44,46,15,0,38,2,2,3,8,2,0.26,0.29,0.393,0.683,0.296,0.04,0.1,0.395,0.133,0.268,0.1,93,1.9
"ZiPS","25332","Endy Rodriguez","PIT",110,426,467,104,65,26,3,10,60,53,34,0,96,4,3,0,2,1,0.244,0.304,0.39,0.694,0.303,0.07,0.21,0.354,0.146,0.291,-0.8,91,1.9
"ZiPS","sa3009276","Agustin Ramirez","MIA",118,460,509,111,70,23,1,17,63,62,41,1,106,5,3,0,10,2,0.241,0.308,0.407,0.715,0.311,0.08,0.21,0.387,0.165,0.276,0.3,97,1.9
"ZiPS","10324","Marcell Ozuna","ATL",141,524,588,135,82,24,0,29,73,88,58,1,147,3,3,0,1,0,0.258,0.333,0.469,0.803,0.346,0.1,0.25,0.395,0.212,0.302,-0.9,122,1.9
"ZiPS","25353","Michael Stefanic","TOR",101,367,415,102,81,16,1,4,42,43,36,1,47,8,2,2,3,2,0.278,0.354,0.36,0.713,0.318,0.09,0.11,0.766,0.082,0.308,-1.2,109,1.9
"ZiPS","23401","Jose Caballero","TBR",125,371,419,83,55,18,1,9,50,42,31,1,106,12,3,2,37,12,0.224,0.302,0.35,0.653,0.289,0.07,0.25,0.292,0.127,0.286,1.8,91,1.9
"ZiPS","19858","Luis Rengifo","LAA",113,401,436,104,74,16,3,11,51,50,27,0,71,5,2,1,15,5,0.259,0.313,0.397,0.709,0.31,0.06,0.16,0.38,0.137,0.29,0.1,100,1.9
"ZiPS","21547","Coco Montes","TBR",100,393,436,94,60,21,3,10,50,50,36,0,117,4,3,0,5,3,0.239,0.307,0.384,0.692,0.303,0.08,0.27,0.308,0.145,0.312,-1,101,1.9
"ZiPS","33824","Jung Hoo Lee","SFG",101,410,448,115,83,22,3,7,46,48,32,2,33,3,1,2,2,6,0.28,0.336,0.4,0.736,0.321,0.07,0.07,0.97,0.12,0.291,-2.9,108,1.9
"ZiPS","sa3023622","Payton Eeles","MIN",114,408,475,102,72,20,6,4,73,56,42,1,86,20,5,0,23,7,0.25,0.345,0.358,0.703,0.314,0.09,0.18,0.488,0.108,0.303,0.7,106,1.9
"ZiPS","26323","Spencer Steer","CIN",151,564,643,141,83,34,3,21,75,86,66,1,133,10,3,0,17,3,0.25,0.337,0.433,0.77,0.336,0.1,0.21,0.496,0.183,0.291,0.9,109,1.9
"ZiPS","19354","Luke Raley","SEA",120,371,421,89,54,16,2,17,54,57,28,0,125,19,2,1,9,2,0.24,0.324,0.431,0.755,0.33,0.07,0.3,0.224,0.191,0.312,0.2,122,1.9
"ZiPS","20505","Drew Waters","KCR",115,416,466,99,56,26,6,11,67,52,42,0,137,5,3,0,15,5,0.238,0.313,0.409,0.722,0.315,0.09,0.29,0.307,0.171,0.325,0.2,101,1.9
"ZiPS","sa3017426","Denzel Clarke","ATH",106,408,449,90,55,18,5,12,56,54,31,0,162,8,2,0,17,5,0.221,0.287,0.377,0.665,0.291,0.07,0.36,0.191,0.157,0.331,0.6,93,1.9
"ZiPS","24782","David Villar","SFG",119,437,487,100,60,24,0,16,61,59,41,0,137,6,3,0,2,1,0.229,0.302,0.394,0.695,0.305,0.08,0.28,0.299,0.165,0.293,-0.8,97,1.9
"ZiPS","18577","Ke'Bryan Hayes","PIT",111,422,459,106,76,20,2,8,51,43,31,1,89,3,3,0,11,3,0.251,0.305,0.365,0.67,0.294,0.07,0.19,0.348,0.114,0.299,0.1,85,1.9
"ZiPS","26599","Jonatan Clase","TOR",123,485,540,107,67,22,6,12,72,60,46,0,164,4,4,1,32,10,0.221,0.291,0.365,0.656,0.288,0.09,0.3,0.28,0.144,0.304,1.4,88,1.9
"ZiPS","33266","Jacob Wilson","ATH",78,294,320,84,56,21,2,5,45,35,17,0,29,5,2,2,1,1,0.286,0.333,0.422,0.755,0.329,0.05,0.09,0.586,0.136,0.302,-0.8,119,1.9
"ZiPS DC","20529","Nolan Jones","COL",120,449,518,117,73,26,2,16,66,68,61,3,152,5,2,1,9,3,0.261,0.353,0.434,0.787,0.342,0.12,0.29,0.4,0.173,0.357,-0.6,107,1.9
"ZiPS DC","18042","Dylan Moore","SEA",99,363,427,77,41,20,3,13,54,44,48,1,124,13,2,1,28,7,0.212,0.323,0.389,0.713,0.315,0.11,0.29,0.389,0.177,0.281,1.9,112,1.9
"ZiPS DC","17452","Jose Siri","NYM",96,377,413,81,45,17,2,17,55,56,27,0,151,5,3,1,14,5,0.215,0.273,0.403,0.677,0.293,0.06,0.37,0.176,0.188,0.302,0.2,90,1.9
"ZiPS DC","10681","Gio Urshela","ATH",112,452,483,122,88,21,2,10,43,50,25,1,83,1,5,0,1,0,0.27,0.307,0.395,0.702,0.304,0.05,0.17,0.301,0.125,0.307,-0.7,101,1.9
"ZiPS DC","26477","Spencer Horwitz","PIT",104,387,448,106,69,27,1,9,53,48,52,2,78,6,3,0,2,2,0.274,0.366,0.417,0.783,0.344,0.12,0.17,0.667,0.144,0.319,-1.2,119,1.9
"ZiPS DC","19354","Luke Raley","SEA",112,426,483,102,62,18,2,20,62,65,32,0,143,22,2,1,10,2,0.24,0.324,0.431,0.755,0.33,0.07,0.3,0.224,0.191,0.312,0.2,122,1.9
"ZiPS DC","26396","Josh Smith","TEX",84,316,364,78,51,17,1,8,44,40,33,1,74,12,2,1,6,2,0.246,0.337,0.386,0.722,0.32,0.09,0.2,0.439,0.14,0.294,-0.3,109,1.9
"ZiPS DC","11609","Willson Contreras","STL",139,515,601,122,73,27,0,23,71,74,63,1,152,20,3,0,6,3,0.238,0.341,0.423,0.764,0.336,0.1,0.25,0.411,0.185,0.29,-1.2,117,1.9
"ZiPS DC","18839","Josh Naylor","ARI",141,546,609,144,89,32,0,23,67,99,50,7,93,6,6,0,7,2,0.264,0.33,0.45,0.78,0.333,0.08,0.15,0.539,0.186,0.278,-0.5,112,1.9
"REZ","23772","Wilyer Abreu","BOS",117,418,475,108,62,31,1,13,67,59,50,0,120,3,3,0,9,3,0.258,0.339,0.427,0.766,0.333,10.5,25.3,0.4,0.169,0.329,-0.2,108,1.9
"REZ","28080","Jasson Dominguez","NYY",130,481,538,113,60,13,0,39,69,62,53,0,137,2,3,1,22,4,0.235,0.312,0.504,0.816,0.347,9.8,25.4,0.4,0.269,0.239,1.4,108,1.9
"REZ","9218","Paul Goldschmidt","NYY",144,555,621,135,81,28,1,27,75,80,61,3,164,3,4,0,8,1,0.243,0.32,0.442,0.762,0.329,9.8,26.3,0.4,0.199,0.294,0,112,1.9
"REZ","12856","George Springer","TOR",140,540,607,135,81,23,2,28,78,66,54,1,113,6,3,1,14,3,0.249,0.323,0.455,0.778,0.336,9,18.7,0.5,0.206,0.266,0.4,107,1.9
"REZ","22275","Jake Burger","TEX",142,542,592,135,72,30,5,29,73,88,36,1,160,10,4,1,2,1,0.249,0.306,0.481,0.787,0.335,6.1,27,0.2,0.232,0.296,-1,114,1.8
"REZ","18839","Josh Naylor","ARI",141,540,602,139,91,29,2,17,71,89,51,5,90,6,5,0,7,2,0.258,0.326,0.412,0.738,0.318,8.4,14.9,0.6,0.154,0.279,-1.1,113,1.8
"ATC","23690","Brayan Rocchio","CLE",139,459,515,108,74,24,2,8,57,47,43,1,99,7,4,2,13,5,0.235,0.307,0.345,0.652,0.289,0.08,0.19,0.436,0.111,0.28,-0.5,89,1.8
"ATC","11899","Joc Pederson","TEX",110,366,429,91,52,16,2,21,57,59,49,3,101,10,3,0,4,2,0.247,0.349,0.471,0.819,0.353,0.11,0.23,0.482,0.223,0.281,-1,132,1.8
"ATC","15112","Ryan McMahon","COL",146,548,620,131,83,27,1,20,71,70,65,3,179,3,4,0,5,3,0.239,0.322,0.403,0.725,0.316,0.1,0.29,0.364,0.164,0.315,-0.8,90,1.8
"ATC","22799","Geraldo Perdomo","ARI",120,407,473,98,71,19,3,6,59,40,48,1,78,5,4,8,13,3,0.242,0.327,0.344,0.671,0.3,0.1,0.17,0.617,0.102,0.283,1.1,90,1.8
"Depth Charts","13152","Jorge Polanco","SEA",126,482,546,108,70,19,0,19,60,62,56,2,147,4,4,1,5,2,0.224,0.308,0.383,0.69,0.303,0.1,0.27,0.379,0.158,0.279,-0.8,103,1.8
"Depth Charts","29931","Jacob Young","WSN",139,543,602,135,103,25,3,5,72,51,39,0,112,11,3,6,33,8,0.249,0.31,0.33,0.64,0.286,0.06,0.18,0.346,0.082,0.303,2.8,82,1.8
"Depth Charts","16535","Danny Jansen","TBR",91,314,359,70,40,15,0,15,43,44,36,0,73,6,3,0,0,0,0.223,0.312,0.412,0.724,0.316,0.1,0.2,0.497,0.189,0.242,-0.7,110,1.8
"Depth Charts","12564","Trevor Story","BOS",141,548,609,123,74,31,2,17,69,71,50,4,176,7,4,0,22,6,0.225,0.296,0.38,0.676,0.294,0.08,0.29,0.283,0.155,0.297,1.5,85,1.8
"Depth Charts","26477","Spencer Horwitz","PIT",104,384,448,104,68,25,1,10,52,48,54,2,82,6,3,0,3,1,0.27,0.367,0.416,0.783,0.344,0.12,0.18,0.666,0.146,0.318,-1.5,119,1.8
"Depth Charts","20308","Jake Meyers","HOU",91,353,392,84,55,16,2,11,44,44,29,0,96,6,3,2,8,2,0.238,0.303,0.384,0.688,0.301,0.07,0.24,0.299,0.147,0.294,0.4,97,1.8
"Depth Charts","18042","Dylan Moore","SEA",99,364,427,76,43,18,3,12,51,42,47,1,124,11,3,1,26,7,0.208,0.316,0.371,0.687,0.305,0.11,0.29,0.383,0.163,0.277,1.9,105,1.8
"OOPSY","21865","Bo Naylor","CLE",110,381,435,83,51,17,1,14,49,47,46,0,117,3,3,1,8,2,0.219,0.306,0.379,0.685,0.302,0.11,0.27,0.396,0.16,0.274,0.1,97,1.8
"OOPSY","18363","Victor Robles","SEA",128,485,553,117,83,24,2,8,59,46,40,1,118,15,4,9,37,8,0.241,0.317,0.35,0.667,0.297,0.07,0.21,0.342,0.109,0.3,3.2,99,1.8
"OOPSY","19287","Adolis Garcia","TEX",143,559,616,132,76,26,2,29,71,85,47,1,173,6,5,0,13,4,0.237,0.3,0.443,0.743,0.32,0.08,0.28,0.272,0.207,0.285,0.1,109,1.8
"OOPSY","27790","Evan Carter","TEX",115,429,497,102,66,20,4,12,65,48,57,1,120,6,4,0,15,4,0.238,0.332,0.387,0.72,0.317,0.11,0.24,0.473,0.149,0.299,0.6,107,1.8
"OOPSY","9218","Paul Goldschmidt","NYY",147,570,637,139,85,27,0,26,71,81,61,2,168,3,3,0,9,2,0.243,0.319,0.428,0.747,0.324,0.1,0.26,0.366,0.185,0.298,-0.2,112,1.8
"OOPSY","18577","Ke'Bryan Hayes","PIT",136,540,588,137,95,28,3,12,66,56,41,1,115,3,4,0,15,4,0.255,0.309,0.381,0.69,0.302,0.07,0.2,0.356,0.127,0.301,0.4,90,1.8
"OOPSY","12856","George Springer","TOR",143,549,616,133,87,24,2,20,72,67,57,1,117,6,3,0,15,4,0.242,0.319,0.404,0.723,0.316,0.09,0.19,0.491,0.162,0.272,0.2,108,1.8
"OOPSY","26208","Tyler Fitzgerald","SFG",134,531,581,123,76,25,3,19,66,66,35,1,181,9,4,1,21,5,0.231,0.287,0.396,0.683,0.297,0.06,0.31,0.196,0.165,0.309,1.9,91,1.8
"OOPSY","21622","Jake McCarthy","ARI",126,490,546,129,92,22,7,8,75,44,38,1,98,10,4,4,28,6,0.264,0.328,0.388,0.715,0.314,0.07,0.18,0.392,0.124,0.312,3.1,99,1.8
"Steamer","11899","Joc Pederson","TEX",105,393,455,99,60,16,1,22,60,64,50,3,109,10,3,0,5,2,0.252,0.347,0.465,0.812,0.351,0.11,0.24,0.454,0.213,0.291,-1.1,130,1.8
"Steamer","27490","Nick Gonzales","PIT",117,426,471,111,72,26,4,10,49,51,34,1,105,7,3,1,6,2,0.261,0.323,0.406,0.729,0.318,0.07,0.22,0.321,0.145,0.322,0,101,1.8
"Steamer","15112","Ryan McMahon","COL",147,570,647,137,86,28,1,21,74,76,68,3,186,4,5,0,7,3,0.24,0.323,0.407,0.729,0.318,0.1,0.29,0.365,0.167,0.314,-0.5,91,1.8
"Steamer","19953","Josh Lowe","TBR",126,486,540,119,73,27,3,16,63,65,47,3,161,3,4,1,24,5,0.245,0.312,0.412,0.724,0.313,0.09,0.3,0.289,0.167,0.329,1.8,108,1.8
"Steamer","19566","Nathaniel Lowe","WSN",144,540,620,139,95,25,2,18,71,73,71,1,137,5,4,1,2,1,0.258,0.347,0.411,0.758,0.333,0.11,0.22,0.515,0.152,0.312,-2.8,114,1.8
"Steamer","26477","Spencer Horwitz","PIT",113,402,472,107,70,25,1,11,54,50,60,2,90,6,3,1,3,1,0.267,0.368,0.415,0.783,0.345,0.13,0.19,0.666,0.149,0.316,-1.7,119,1.8
"Steamer","19470","Tommy Edman","LAD",141,507,557,127,85,26,2,14,66,62,38,1,100,6,4,2,22,5,0.251,0.309,0.394,0.703,0.307,0.07,0.18,0.386,0.143,0.286,2.2,98,1.8
"Steamer","19913","Jesus Sanchez","MIA",125,484,539,123,75,24,2,22,65,71,46,2,138,5,4,1,10,3,0.255,0.323,0.449,0.772,0.333,0.09,0.26,0.332,0.194,0.309,-1.1,111,1.8
"Steamer","20202","Brandon Marsh","PHI",125,432,491,105,68,21,3,14,57,55,50,0,151,4,4,2,14,4,0.244,0.325,0.401,0.727,0.318,0.1,0.31,0.33,0.157,0.339,1.2,103,1.8
"Steamer","15711","Tyler O'Neill","BAL",115,436,495,101,60,18,1,23,61,67,50,3,152,5,3,0,6,2,0.232,0.317,0.432,0.749,0.324,0.1,0.31,0.331,0.2,0.296,-0.4,114,1.8
"Steamer","22275","Jake Burger","TEX",143,529,580,129,75,23,2,28,71,81,36,1,156,9,4,2,2,1,0.243,0.301,0.455,0.756,0.324,0.06,0.27,0.233,0.211,0.287,-1,112,1.8
"Steamer","13152","Jorge Polanco","SEA",126,448,510,99,64,17,0,17,54,55,53,2,139,4,4,2,5,2,0.22,0.306,0.375,0.68,0.299,0.1,0.27,0.379,0.154,0.276,-0.6,101,1.8
"Steamer","27790","Evan Carter","TEX",115,399,461,96,60,20,3,13,52,50,52,1,112,6,3,1,11,3,0.24,0.333,0.399,0.732,0.322,0.11,0.24,0.463,0.16,0.299,0,110,1.8
"THE BAT","13152","Jorge Polanco","SEA",114,415,469,93,58,17,1,17,50,58,45,1,126,4,4,0,4,1,0.225,0.304,0.394,0.697,0.304,0.1,0.27,0.357,0.169,0.277,-0.6,104,1.8
"THE BAT","27676","Vinnie Pasquantino","KCR",139,532,596,140,85,32,2,21,71,79,52,3,78,6,6,1,1,0,0.263,0.331,0.447,0.778,0.335,0.09,0.13,0.66,0.184,0.272,-1,115,1.8
"THE BAT","21524","Joey Bart","PIT",97,332,368,78,52,14,1,12,39,44,26,0,103,7,2,0,1,0,0.236,0.304,0.389,0.693,0.304,0.07,0.28,0.255,0.154,0.302,-0.6,92,1.8
"THE BAT","29518","James Wood","WSN",138,524,592,136,86,29,3,17,76,67,59,2,163,5,4,0,17,5,0.259,0.338,0.426,0.764,0.332,0.1,0.28,0.364,0.167,0.342,0.3,114,1.8
"THE BAT","23690","Brayan Rocchio","CLE",140,465,515,107,76,22,2,8,54,45,38,1,99,6,4,2,13,5,0.231,0.296,0.336,0.632,0.28,0.07,0.19,0.385,0.104,0.276,-0.2,82,1.8
"THE BAT","20202","Brandon Marsh","PHI",127,433,491,104,67,20,3,14,63,50,50,1,154,4,3,2,14,4,0.24,0.322,0.399,0.721,0.316,0.1,0.31,0.325,0.159,0.335,0.3,102,1.8
"THE BATX","19470","Tommy Edman","LAD",130,481,528,119,80,23,3,13,69,53,36,1,93,5,4,2,24,6,0.247,0.304,0.386,0.69,0.301,0.07,0.18,0.387,0.139,0.279,1.5,94,1.8
"THE BATX","19610","Keibert Ruiz","WSN",124,447,483,105,71,21,0,13,43,56,25,1,56,6,4,1,2,1,0.234,0.281,0.367,0.648,0.282,0.05,0.12,0.451,0.132,0.241,-0.8,80,1.8
"THE BATX","21897","Christopher Morel","TBR",127,465,521,107,60,21,1,24,67,69,46,1,143,5,4,1,11,4,0.231,0.305,0.44,0.745,0.322,0.09,0.27,0.32,0.209,0.275,-0.3,114,1.8
"THE BATX","27490","Nick Gonzales","PIT",113,427,468,112,73,25,3,11,53,53,28,0,105,7,4,1,5,1,0.261,0.315,0.41,0.726,0.315,0.06,0.23,0.27,0.149,0.32,-0.4,99,1.8
"THE BATX","19953","Josh Lowe","TBR",125,455,502,109,65,24,3,17,64,56,41,3,146,2,4,1,21,5,0.239,0.303,0.414,0.717,0.309,0.08,0.29,0.278,0.175,0.312,1.4,105,1.8
"ZiPS","22530","Johnathan Rodriguez","CLE",129,480,532,120,78,21,2,19,62,71,46,1,160,4,2,0,4,2,0.25,0.32,0.421,0.74,0.322,0.09,0.3,0.288,0.171,0.333,-1,112,1.8
"ZiPS","sa3015239","Edgar Quero","CHW",103,390,439,93,67,15,0,11,39,52,37,0,85,8,4,0,1,1,0.238,0.314,0.362,0.676,0.3,0.08,0.19,0.435,0.123,0.275,-1.1,94,1.8
"ZiPS","14854","Mike Yastrzemski","SFG",123,390,440,87,46,21,4,16,57,52,42,1,117,5,2,1,3,1,0.223,0.305,0.421,0.726,0.315,0.1,0.27,0.359,0.197,0.274,-0.5,104,1.8
"ZiPS","sa3009808","Juan Brito","CLE",137,539,615,125,79,32,1,13,73,68,63,1,113,6,4,3,7,5,0.232,0.317,0.367,0.684,0.303,0.1,0.18,0.558,0.135,0.269,-1.8,98,1.8
"ZiPS","18839","Josh Naylor","ARI",141,522,582,138,85,31,0,22,64,95,48,7,89,6,6,0,7,2,0.264,0.33,0.45,0.78,0.333,0.08,0.15,0.539,0.186,0.278,-0.5,112,1.8
"ZiPS","27676","Vinnie Pasquantino","KCR",125,474,535,124,71,29,2,22,59,79,48,2,69,5,7,1,1,0,0.262,0.331,0.47,0.802,0.343,0.09,0.13,0.696,0.209,0.262,-0.8,121,1.8
"ZiPS","sa916969","Jesus Bastidas","HOU",130,481,536,107,70,22,2,13,68,72,36,1,145,16,3,0,9,3,0.222,0.297,0.358,0.654,0.289,0.07,0.27,0.248,0.135,0.288,-0.4,89,1.8
"ZiPS","sa3011255","Jake Mangum","TBR",99,397,423,107,76,23,4,4,50,48,18,0,82,6,2,0,12,5,0.27,0.31,0.378,0.688,0.301,0.04,0.19,0.22,0.108,0.329,-0.4,99,1.8
"ZiPS","20538","Jose Miranda","MIN",121,446,483,119,79,26,2,12,50,59,27,1,77,7,3,0,2,1,0.267,0.317,0.415,0.732,0.317,0.06,0.16,0.351,0.148,0.297,-0.9,108,1.8
"ZiPS","25961","Kerry Carpenter","DET",114,392,432,100,59,19,3,19,51,66,30,2,107,7,3,0,2,3,0.255,0.317,0.464,0.781,0.335,0.07,0.25,0.28,0.209,0.301,-1.6,120,1.8
"ZiPS","sa3015713","Moises Ballesteros","CHC",128,483,529,118,82,21,1,14,51,60,38,1,111,3,5,0,2,1,0.244,0.301,0.379,0.679,0.297,0.07,0.21,0.342,0.135,0.287,-1,92,1.8
"ZiPS","20529","Nolan Jones","COL",113,399,460,104,65,23,2,14,59,60,54,3,135,4,2,1,8,3,0.261,0.353,0.434,0.787,0.342,0.12,0.29,0.4,0.173,0.357,-0.6,107,1.8
"ZiPS","27465","Spencer Torkelson","DET",151,575,655,131,71,32,1,27,86,84,67,1,175,7,6,0,2,0,0.228,0.313,0.428,0.741,0.321,0.1,0.27,0.383,0.2,0.274,-0.7,111,1.8
"ZiPS","25807","Jared Triolo","PIT",115,407,457,100,72,19,2,7,50,46,43,0,114,4,3,0,10,2,0.246,0.322,0.354,0.675,0.301,0.09,0.25,0.377,0.108,0.322,0.3,89,1.8
"ZiPS","10681","Gio Urshela","ATH",115,400,427,108,78,19,2,9,38,44,22,1,73,1,4,0,1,0,0.27,0.307,0.395,0.702,0.304,0.05,0.17,0.301,0.125,0.307,-0.6,101,1.8
"ZiPS","18795","Ramon Urias","BAL",107,328,362,83,56,15,2,10,42,43,27,0,80,6,1,0,1,1,0.253,0.32,0.402,0.723,0.317,0.07,0.22,0.338,0.149,0.305,-0.9,109,1.8
"ZiPS","19779","Dairon Blanco","KCR",112,289,322,76,54,13,3,6,54,38,22,0,76,6,2,3,41,9,0.263,0.326,0.391,0.717,0.315,0.07,0.24,0.289,0.128,0.335,3.9,101,1.8
"ZiPS","18353","Daz Cameron","BAL",107,362,404,87,56,19,2,10,52,47,33,0,105,5,4,0,12,3,0.24,0.309,0.387,0.696,0.305,0.08,0.26,0.314,0.146,0.307,0.4,101,1.8
"ZiPS","25475","Logan Driscoll","TBR",86,315,346,75,51,17,1,6,38,40,22,1,86,6,3,0,1,1,0.238,0.298,0.356,0.653,0.287,0.06,0.25,0.256,0.117,0.305,-0.8,90,1.8
"ZiPS","17273","Jorge Mateo","BAL",114,323,350,75,46,18,4,7,47,36,18,0,86,3,3,3,23,4,0.232,0.277,0.378,0.654,0.284,0.05,0.25,0.209,0.146,0.292,2.5,86,1.8
"ZiPS","27883","Thomas Saggese","STL",138,541,584,132,89,24,4,15,70,73,28,0,151,10,4,1,7,3,0.244,0.292,0.386,0.678,0.295,0.05,0.26,0.185,0.142,0.309,-0.8,90,1.8
"ZiPS","27790","Evan Carter","TEX",104,376,432,90,58,17,4,11,60,52,48,1,111,6,2,0,10,3,0.239,0.333,0.394,0.727,0.32,0.11,0.26,0.432,0.154,0.309,-0.1,109,1.8
"ZiPS","23691","Jose Tena","WSN",138,538,580,138,96,26,3,13,64,65,32,0,158,4,3,3,12,6,0.257,0.302,0.388,0.69,0.301,0.06,0.27,0.203,0.132,0.338,-1.1,93,1.8
"ZiPS","27577","Casey Schmitt","SFG",121,437,474,108,72,22,1,13,52,58,26,1,106,6,4,1,5,2,0.247,0.296,0.391,0.687,0.298,0.06,0.22,0.245,0.144,0.295,-0.6,93,1.8
"ZiPS","22563","Gabriel Arias","CLE",107,352,381,87,56,18,3,10,43,44,23,1,105,4,2,0,9,2,0.247,0.299,0.401,0.7,0.303,0.06,0.28,0.219,0.153,0.322,0.3,98,1.8
"ZiPS DC","28080","Jasson Dominguez","NYY",136,529,588,134,91,20,3,21,82,74,55,1,149,1,3,0,26,4,0.254,0.324,0.42,0.745,0.324,0.09,0.25,0.372,0.167,0.313,2.5,112,1.8
"ZiPS DC","18568","Luis Arraez","SDP",151,607,651,186,148,29,3,6,78,62,35,4,35,5,3,1,6,3,0.307,0.348,0.395,0.743,0.324,0.05,0.05,1,0.088,0.316,-1.5,111,1.8
"ZiPS DC","13152","Jorge Polanco","SEA",126,484,546,110,72,19,0,20,61,65,55,2,146,4,4,0,5,2,0.228,0.31,0.391,0.7,0.306,0.1,0.27,0.379,0.163,0.281,-1,106,1.8
"ZiPS DC","21523","Jonathan India","KCR",138,504,595,125,82,28,2,12,77,58,67,0,113,17,5,1,11,2,0.248,0.353,0.385,0.738,0.329,0.11,0.19,0.595,0.137,0.294,0.1,111,1.8
"ZiPS DC","17232","Yoan Moncada","LAA",122,471,525,117,76,28,1,12,58,54,48,1,143,4,1,0,4,0,0.249,0.323,0.392,0.715,0.314,0.09,0.27,0.337,0.143,0.33,-0.2,103,1.8
"ZiPS DC","18900","Leody Taveras","TEX",81,317,350,81,54,15,3,8,43,39,28,0,74,1,3,2,13,3,0.254,0.313,0.398,0.711,0.31,0.08,0.21,0.374,0.144,0.304,0.6,102,1.8
"ZiPS DC","16930","Jonah Heim","TEX",84,307,333,71,46,13,1,10,34,43,23,0,62,1,1,0,1,0,0.23,0.285,0.381,0.667,0.291,0.07,0.19,0.369,0.151,0.255,-0.4,89,1.8
"REZ","19287","Adolis Garcia","TEX",143,551,609,125,67,34,1,22,76,84,47,1,172,6,5,0,12,4,0.227,0.293,0.413,0.706,0.305,7.7,28.3,0.3,0.186,0.284,0,106,1.8
"REZ","22515","Heliot Ramos","SFG",138,532,585,136,97,27,1,12,68,73,41,1,154,5,4,1,7,3,0.256,0.313,0.382,0.695,0.305,7,26.5,0.3,0.126,0.335,-0.8,108,1.8
"REZ","26208","Tyler Fitzgerald","SFG",133,504,552,108,56,27,1,24,67,64,34,0,169,8,3,1,19,5,0.215,0.273,0.416,0.689,0.297,6.1,30.7,0.2,0.201,0.269,1.2,95,1.8
"REZ","27555","Garrett Mitchell","MIL",111,400,452,83,53,15,4,13,56,52,45,0,146,5,2,1,20,5,0.208,0.295,0.362,0.657,0.291,9.9,32.1,0.3,0.154,0.289,1.1,102,1.8
"REZ","18577","Ke'Bryan Hayes","PIT",129,499,543,128,89,25,4,11,58,53,36,2,103,4,4,1,14,4,0.257,0.31,0.387,0.697,0.303,6.7,19.1,0.4,0.13,0.302,0.2,87,1.8
"REZ","29592","Connor Norby","MIA",135,527,581,113,65,24,0,24,73,66,44,0,163,5,4,1,10,4,0.214,0.278,0.394,0.672,0.292,7.5,28.1,0.3,0.18,0.259,-0.5,97,1.8
"REZ","16930","Jonah Heim","TEX",95,335,365,76,53,13,0,10,38,43,26,0,68,2,2,0,1,0,0.228,0.285,0.355,0.64,0.28,7,18.7,0.4,0.127,0.257,-0.6,88,1.8
"REZ","13152","Jorge Polanco","SEA",120,444,503,97,64,18,1,14,50,58,49,1,145,4,4,0,5,2,0.219,0.3,0.36,0.66,0.291,9.8,28.9,0.3,0.141,0.287,-0.7,103,1.7
"REZ","18042","Dylan Moore","SEA",106,343,402,74,39,19,2,14,46,39,44,1,126,11,2,1,25,7,0.215,0.32,0.403,0.723,0.318,10.9,31.4,0.3,0.188,0.291,1.7,104,1.7
"REZ","20308","Jake Meyers","HOU",103,364,403,82,54,17,2,10,45,44,29,0,97,6,3,2,8,2,0.226,0.292,0.362,0.654,0.288,7.2,23.9,0.3,0.136,0.279,0.2,96,1.7
"REZ","19913","Jesus Sanchez","MIA",128,474,525,129,60,45,3,19,65,68,43,2,133,4,2,1,10,2,0.272,0.337,0.499,0.836,0.355,8.3,25.3,0.3,0.227,0.338,-0.3,109,1.7
"REZ","15362","Jeff McNeil","NYM",127,469,519,105,73,22,2,8,54,51,36,1,69,10,4,1,5,1,0.223,0.291,0.333,0.624,0.276,6.9,13.3,0.5,0.11,0.244,-0.9,98,1.7
"REZ","14221","Jorge Soler","LAA",129,478,550,107,55,25,0,29,72,74,63,1,143,6,3,0,1,0,0.224,0.32,0.462,0.782,0.338,11.5,25.9,0.4,0.238,0.252,-1.6,119,1.7
"ATC","29766","Zack Gelof","ATH",141,528,582,118,72,24,2,20,69,60,44,0,184,4,4,2,23,5,0.224,0.287,0.39,0.678,0.295,0.08,0.32,0.24,0.166,0.301,2.1,90,1.7
"ATC","26208","Tyler Fitzgerald","SFG",134,490,537,115,72,24,3,17,67,57,36,0,165,7,3,1,20,4,0.235,0.295,0.399,0.694,0.302,0.07,0.31,0.217,0.164,0.316,1.2,95,1.7
"ATC","18568","Luis Arraez","SDP",146,593,640,181,142,31,3,5,77,58,36,5,34,6,3,2,7,3,0.305,0.349,0.394,0.743,0.324,0.06,0.05,1.043,0.089,0.315,-0.6,109,1.7
"ATC","23772","Wilyer Abreu","BOS",119,411,466,99,58,24,1,16,60,58,49,1,125,3,3,0,9,3,0.242,0.325,0.425,0.749,0.326,0.1,0.27,0.389,0.183,0.305,-0.3,108,1.7
"ATC","12856","George Springer","TOR",139,537,602,130,86,22,2,19,77,64,55,0,114,6,3,1,15,3,0.242,0.317,0.396,0.713,0.313,0.09,0.19,0.48,0.155,0.272,0.3,105,1.7
"Depth Charts","19599","Chas McCormick","HOU",105,406,455,98,66,15,1,15,54,55,36,0,122,7,5,1,13,4,0.241,0.311,0.394,0.705,0.309,0.08,0.27,0.299,0.153,0.303,-0.2,103,1.7
"Depth Charts","33541","Dylan Crews","WSN",136,533,588,131,85,26,5,16,71,66,40,0,130,10,5,1,25,7,0.246,0.308,0.399,0.707,0.308,0.07,0.22,0.308,0.153,0.294,1.2,98,1.7
"Depth Charts","16930","Jonah Heim","TEX",84,305,333,71,47,13,1,10,35,40,23,0,62,2,2,1,1,0,0.232,0.289,0.385,0.673,0.294,0.07,0.19,0.37,0.152,0.258,-0.5,90,1.7
"Depth Charts","19354","Luke Raley","SEA",112,428,483,100,61,18,2,20,59,63,33,0,146,18,3,1,10,3,0.234,0.314,0.423,0.737,0.322,0.07,0.3,0.225,0.189,0.304,0.1,117,1.7
"Depth Charts","18900","Leody Taveras","TEX",81,317,350,80,53,15,2,9,42,38,27,0,74,1,3,2,13,3,0.251,0.311,0.398,0.708,0.309,0.08,0.21,0.369,0.147,0.3,0.9,101,1.7
"Depth Charts","10681","Gio Urshela","ATH",112,450,483,120,87,21,2,11,46,51,26,1,83,2,4,1,2,0,0.267,0.308,0.393,0.7,0.304,0.05,0.17,0.317,0.126,0.304,-1.4,102,1.7
"Depth Charts","27899","Colt Keith","DET",126,495,546,130,85,27,3,15,65,67,43,1,115,3,4,1,4,1,0.262,0.324,0.422,0.746,0.324,0.08,0.21,0.377,0.16,0.311,-0.8,113,1.7
"Depth Charts","22275","Jake Burger","TEX",143,564,616,137,77,26,2,32,75,93,36,1,165,10,4,1,2,1,0.242,0.298,0.463,0.761,0.326,0.06,0.27,0.219,0.221,0.283,-1.1,113,1.7
"Depth Charts","10815","Jurickson Profar","ATL",147,550,637,142,96,29,1,15,82,69,71,2,103,10,4,3,7,2,0.258,0.351,0.4,0.75,0.331,0.11,0.16,0.686,0.141,0.291,-1.3,111,1.7
"OOPSY","23690","Brayan Rocchio","CLE",130,500,560,117,81,26,2,8,58,48,46,0,107,8,5,1,15,6,0.234,0.305,0.342,0.647,0.288,0.08,0.19,0.427,0.108,0.28,-0.8,87,1.7
"OOPSY","19610","Keibert Ruiz","WSN",122,445,480,114,77,24,0,13,48,52,26,0,52,5,4,0,4,2,0.255,0.302,0.395,0.697,0.303,0.06,0.11,0.513,0.139,0.263,-2,94,1.7
"OOPSY","27478","Patrick Bailey","SFG",128,455,506,104,71,22,1,11,50,48,43,0,122,2,5,1,3,1,0.23,0.297,0.354,0.651,0.287,0.09,0.24,0.357,0.124,0.286,-0.8,85,1.7
"Steamer","27684","Michael Massey","KCR",122,471,510,120,76,25,3,16,58,63,29,1,98,6,4,1,4,1,0.255,0.303,0.423,0.727,0.313,0.06,0.19,0.29,0.168,0.289,-0.1,100,1.7
"Steamer","21897","Christopher Morel","TBR",118,436,493,99,58,18,3,21,57,61,47,1,136,5,3,1,9,3,0.228,0.309,0.423,0.732,0.317,0.1,0.28,0.345,0.196,0.279,0.2,111,1.7
"Steamer","17988","Tyler Stephenson","CIN",115,434,488,109,72,21,1,15,56,59,44,1,115,6,3,1,1,0,0.252,0.328,0.412,0.74,0.323,0.09,0.24,0.383,0.16,0.308,-1.7,100,1.7
"Steamer","21558","Matt Vierling","DET",126,490,543,124,83,24,4,13,59,57,43,1,116,4,4,1,7,2,0.252,0.316,0.394,0.71,0.31,0.08,0.21,0.374,0.142,0.303,0,103,1.7
"Steamer","26208","Tyler Fitzgerald","SFG",136,520,570,119,73,25,3,19,63,65,38,0,171,7,4,1,19,5,0.229,0.288,0.395,0.683,0.297,0.07,0.3,0.219,0.166,0.3,1.4,92,1.7
"Steamer","27555","Garrett Mitchell","MIL",113,428,485,101,64,19,3,15,56,59,48,0,144,5,3,0,19,6,0.235,0.317,0.4,0.717,0.314,0.1,0.3,0.331,0.165,0.314,0.9,101,1.7
"Steamer","24618","Ryan Jeffers","MIN",95,329,372,77,45,16,1,15,45,46,31,0,85,7,3,1,3,1,0.234,0.313,0.427,0.74,0.322,0.08,0.23,0.371,0.193,0.266,-0.8,111,1.7
"THE BAT","15112","Ryan McMahon","COL",147,547,621,131,82,26,2,21,73,73,65,2,179,4,4,0,7,2,0.24,0.323,0.411,0.734,0.32,0.1,0.29,0.363,0.172,0.313,-0.7,92,1.7
"THE BAT","16939","Lane Thomas","CLE",135,511,566,124,78,27,2,17,73,60,44,0,140,7,4,0,23,7,0.243,0.309,0.404,0.713,0.311,0.08,0.25,0.316,0.162,0.298,0.7,104,1.7
"THE BAT","33189","Nolan Schanuel","LAA",136,493,574,128,94,20,2,12,68,54,66,1,94,8,5,2,6,2,0.259,0.352,0.381,0.733,0.325,0.12,0.16,0.705,0.122,0.294,-0.8,111,1.7
"THE BAT","21693","Miguel Amaya","CHC",94,299,335,68,46,13,1,8,33,35,25,1,71,7,2,3,0,0,0.228,0.299,0.356,0.656,0.29,0.07,0.21,0.35,0.129,0.27,-0.6,87,1.7
"THE BAT","22514","Triston Casas","BOS",142,507,586,123,71,24,2,27,74,83,71,4,155,4,3,0,0,0,0.242,0.338,0.452,0.79,0.341,0.12,0.26,0.458,0.211,0.292,-1.1,118,1.7
"THE BAT","11368","Yasmani Grandal",NA,63,200,230,45,31,8,0,6,24,24,24,0,52,1,2,1,1,0,0.223,0.308,0.35,0.658,0.293,0.1,0.22,0.463,0.127,0.27,-0.4,88,1.7
"THE BAT","21897","Christopher Morel","TBR",127,464,521,106,61,19,3,23,67,67,46,1,142,5,4,1,11,4,0.229,0.304,0.432,0.736,0.318,0.09,0.27,0.324,0.203,0.275,0,111,1.7
"THE BATX","18042","Dylan Moore","SEA",109,340,394,70,41,15,2,13,52,38,41,0,116,10,2,1,24,7,0.206,0.307,0.375,0.682,0.302,0.1,0.3,0.35,0.169,0.268,1.2,103,1.7
"THE BATX","29592","Connor Norby","MIA",135,507,557,125,79,27,3,16,63,63,41,0,160,5,3,0,11,2,0.245,0.306,0.404,0.71,0.309,0.07,0.29,0.254,0.159,0.324,0.1,95,1.7
"THE BATX","15998","Cody Bellinger","NYY",134,513,568,125,78,25,3,19,67,65,46,3,98,4,5,0,13,3,0.245,0.309,0.416,0.725,0.312,0.08,0.17,0.471,0.171,0.265,0.4,104,1.7
"THE BATX","5517","Kyle Higashioka","TEX",82,264,287,54,32,10,0,12,29,34,18,0,83,1,2,1,1,1,0.206,0.258,0.379,0.637,0.276,0.06,0.29,0.215,0.174,0.25,-0.4,78,1.7
"THE BATX","12564","Trevor Story","BOS",113,421,472,98,62,20,2,14,60,50,36,2,135,5,4,0,19,6,0.233,0.3,0.393,0.693,0.301,0.08,0.29,0.269,0.16,0.305,0.7,90,1.7
"THE BATX","20308","Jake Meyers","HOU",111,378,417,91,58,19,2,12,50,45,29,0,99,6,3,1,8,2,0.24,0.302,0.397,0.699,0.305,0.07,0.24,0.29,0.156,0.291,-0.1,100,1.7
"THE BATX","21524","Joey Bart","PIT",97,332,368,77,51,14,1,11,39,43,26,0,103,7,2,0,1,0,0.233,0.301,0.382,0.683,0.3,0.07,0.28,0.252,0.149,0.301,-0.6,89,1.7
"THE BATX","16939","Lane Thomas","CLE",135,510,566,123,78,27,3,16,73,59,44,0,139,7,4,0,23,7,0.242,0.309,0.401,0.71,0.31,0.08,0.25,0.318,0.159,0.299,0.9,103,1.7
"THE BATX","12856","George Springer","TOR",139,534,602,131,88,23,2,18,75,66,54,0,114,7,4,1,14,4,0.246,0.321,0.399,0.72,0.316,0.09,0.19,0.476,0.153,0.279,-0.1,107,1.7
"THE BATX","29518","James Wood","WSN",138,523,592,135,86,28,3,17,75,66,60,2,164,5,4,0,17,5,0.257,0.337,0.42,0.757,0.33,0.1,0.28,0.368,0.163,0.34,0.4,112,1.7
"THE BATX","7739","Travis d'Arnaud","LAA",73,245,274,57,37,11,0,9,29,32,19,0,70,4,2,0,0,0,0.233,0.295,0.392,0.687,0.3,0.07,0.25,0.268,0.159,0.286,-0.5,93,1.7
"ZiPS","29630","Joey Loperfido","TOR",117,428,475,98,58,22,3,15,60,62,35,2,150,8,3,1,12,3,0.229,0.297,0.4,0.697,0.302,0.07,0.32,0.233,0.171,0.312,0.4,98,1.7
"ZiPS","21496","Brandon Lockridge","SDP",106,363,405,88,65,17,2,4,48,38,34,0,113,4,1,3,26,4,0.242,0.313,0.333,0.647,0.289,0.08,0.28,0.301,0.091,0.34,2.8,88,1.7
"ZiPS","7802","Miguel Rojas","LAD",105,340,371,86,62,18,1,5,38,37,23,0,44,4,2,2,7,2,0.253,0.306,0.356,0.662,0.292,0.06,0.12,0.523,0.103,0.276,-0.1,88,1.7
"ZiPS","17232","Yoan Moncada","LAA",94,342,381,85,55,20,1,9,42,39,35,1,104,3,1,0,3,0,0.249,0.323,0.392,0.715,0.314,0.09,0.27,0.337,0.143,0.33,-0.1,104,1.7
"ZiPS","22244","Jack Suwinski","PIT",138,441,509,102,56,21,3,22,61,67,57,2,151,5,5,1,12,2,0.231,0.323,0.442,0.765,0.33,0.11,0.3,0.377,0.211,0.293,0.7,109,1.7
"ZiPS","19296","Alex Call","WSN",112,368,429,83,54,17,1,11,52,45,50,0,82,7,3,1,11,4,0.226,0.327,0.367,0.694,0.31,0.12,0.19,0.61,0.141,0.259,-0.3,99,1.7
"ZiPS","18123","Nathan Lukes","TOR",90,324,356,88,63,18,1,6,44,41,26,1,61,3,2,1,4,2,0.272,0.33,0.389,0.718,0.315,0.07,0.17,0.426,0.117,0.317,-0.7,107,1.7
"ZiPS","21614","Kyle Isbel","KCR",122,366,404,88,56,18,5,9,57,43,27,0,83,5,2,4,10,3,0.24,0.3,0.391,0.691,0.301,0.07,0.2,0.325,0.15,0.286,0.1,91,1.7
"ZiPS","23792","Alek Thomas","ARI",120,412,448,104,68,21,5,10,58,54,28,0,85,3,3,2,9,3,0.252,0.303,0.4,0.703,0.305,0.06,0.19,0.329,0.148,0.294,-0.2,94,1.7
"ZiPS","29554","Adrian Del Castillo","ARI",117,449,497,107,66,25,2,14,56,64,42,2,124,4,2,0,1,1,0.238,0.308,0.396,0.704,0.307,0.09,0.25,0.339,0.158,0.297,-1.1,95,1.7
"ZiPS","21587","Cesar Salazar","HOU",88,289,336,64,43,13,1,7,34,42,29,1,62,13,4,1,2,1,0.221,0.316,0.346,0.662,0.296,0.09,0.18,0.468,0.125,0.254,-0.7,93,1.7
"ZiPS","9874","DJ LeMahieu","NYY",100,360,408,88,67,14,1,6,42,38,42,1,72,2,3,1,1,2,0.244,0.324,0.339,0.663,0.296,0.1,0.18,0.583,0.094,0.288,-1.5,92,1.7
"ZiPS","20404","Jared Young","NYM",110,389,446,91,55,19,3,14,56,62,44,0,114,9,2,2,5,2,0.234,0.324,0.406,0.73,0.321,0.1,0.26,0.386,0.172,0.293,-0.7,109,1.7
"ZiPS","18030","Harrison Bader","MIN",119,363,394,86,59,16,1,10,49,44,22,1,84,5,4,0,16,5,0.237,0.287,0.369,0.656,0.286,0.06,0.21,0.262,0.132,0.278,0.5,85,1.7
"ZiPS","26031","Vaughn Grissom","BOS",114,433,485,113,83,21,2,7,59,52,40,0,88,10,2,0,11,2,0.261,0.336,0.367,0.703,0.313,0.08,0.18,0.455,0.106,0.312,0.3,98,1.7
"ZiPS","19238","Lourdes Gurriel Jr","ARI",129,485,524,132,89,26,2,15,59,67,30,1,95,5,4,0,5,1,0.272,0.319,0.427,0.746,0.322,0.06,0.18,0.316,0.155,0.309,-0.4,105,1.7
"ZiPS DC","16725","Jose Trevino","CIN",66,242,262,60,43,9,1,7,27,29,17,0,44,2,1,1,1,1,0.247,0.3,0.377,0.676,0.297,0.06,0.17,0.378,0.13,0.276,-0.7,83,1.7
"ZiPS DC","24262","Ceddanne Rafaela","BOS",100,409,434,105,67,21,5,12,57,58,15,1,106,6,3,2,14,6,0.257,0.291,0.421,0.711,0.305,0.03,0.24,0.138,0.164,0.316,-0.4,93,1.7
"ZiPS DC","31166","Heston Kjerstad","BAL",92,355,399,93,62,16,3,13,53,57,30,2,100,11,4,0,2,1,0.262,0.335,0.433,0.768,0.333,0.07,0.25,0.298,0.171,0.326,-0.8,121,1.7
"ZiPS DC","14221","Jorge Soler","LAA",130,487,560,111,60,25,0,26,74,73,64,1,145,5,3,0,1,0,0.228,0.322,0.44,0.762,0.331,0.12,0.26,0.444,0.212,0.265,-0.8,115,1.7
"ZiPS DC","31437","Jace Jung","DET",83,309,357,69,42,16,1,11,38,40,43,1,90,3,2,0,1,1,0.223,0.321,0.382,0.703,0.311,0.12,0.25,0.478,0.159,0.277,-1,104,1.7
"REZ","21622","Jake McCarthy","ARI",130,478,531,114,83,17,5,9,68,53,37,0,93,10,3,4,29,6,0.239,0.305,0.354,0.659,0.291,7,17.4,0.4,0.115,0.277,2.6,99,1.7
"REZ","18900","Leody Taveras","TEX",97,349,385,86,56,17,3,9,47,40,30,0,83,1,3,2,15,4,0.245,0.304,0.39,0.694,0.302,7.7,21.4,0.4,0.145,0.293,0.9,98,1.7
"REZ","26319","Michael Busch","CHC",143,526,599,127,75,30,1,20,73,74,62,0,171,7,4,0,3,1,0.241,0.327,0.414,0.741,0.323,10.3,28.4,0.4,0.173,0.315,-1.1,109,1.7
"REZ","12564","Trevor Story","BOS",123,469,522,103,60,25,2,16,63,60,41,3,153,6,4,0,20,5,0.22,0.289,0.386,0.675,0.292,7.9,29.5,0.3,0.166,0.287,1.2,88,1.7
"REZ","27684","Michael Massey","KCR",120,453,492,113,72,22,2,15,58,61,28,1,88,5,5,2,5,1,0.249,0.297,0.409,0.706,0.305,5.6,17.8,0.3,0.16,0.274,-0.2,98,1.7
"REZ","26396","Josh Smith","TEX",96,339,388,81,57,15,1,8,46,39,35,0,79,11,3,1,7,2,0.24,0.328,0.365,0.693,0.309,9,20.3,0.4,0.125,0.288,-0.4,105,1.6
"REZ","21897","Christopher Morel","TBR",125,464,521,102,58,18,3,23,63,69,47,1,146,5,3,1,9,4,0.22,0.297,0.42,0.717,0.31,9,28,0.3,0.2,0.265,-0.3,113,1.6
"REZ","19608","Otto Lopez","MIA",112,424,460,102,89,11,0,3,52,42,27,0,81,4,3,2,16,4,0.24,0.29,0.29,0.58,0.262,5.9,17.6,0.3,0.05,0.289,0.6,93,1.6
"REZ","19522","TJ Friedl","CIN",125,468,532,115,78,15,5,17,69,59,45,0,91,11,4,4,15,4,0.246,0.324,0.41,0.734,0.321,8.4,17,0.5,0.164,0.269,0.9,95,1.6
"ATC","20308","Jake Meyers","HOU",110,378,419,88,58,18,2,11,46,45,29,0,101,7,3,2,8,2,0.233,0.298,0.378,0.676,0.296,0.07,0.24,0.291,0.145,0.286,0.5,94,1.6
"ATC","19566","Nathaniel Lowe","WSN",141,520,595,135,96,23,2,15,68,69,67,2,130,4,3,0,2,1,0.26,0.348,0.399,0.747,0.329,0.11,0.22,0.518,0.139,0.318,-2.3,112,1.6
"ATC","27555","Garrett Mitchell","MIL",116,399,452,96,62,18,3,13,57,49,44,0,138,4,2,2,20,5,0.239,0.32,0.395,0.715,0.314,0.1,0.3,0.319,0.156,0.33,0.9,101,1.6
"ATC","19522","TJ Friedl","CIN",120,444,504,108,72,18,4,15,62,58,41,0,83,11,4,4,16,4,0.244,0.32,0.399,0.72,0.315,0.08,0.16,0.489,0.155,0.268,1.1,95,1.6
"ATC","14221","Jorge Soler","LAA",130,475,545,111,61,23,1,27,70,71,61,1,139,6,3,0,1,0,0.234,0.326,0.453,0.779,0.337,0.11,0.26,0.436,0.218,0.271,-2.1,119,1.6
"ATC","9218","Paul Goldschmidt","NYY",142,544,609,134,84,27,1,23,74,75,57,2,156,3,4,0,8,2,0.247,0.32,0.424,0.744,0.323,0.09,0.26,0.367,0.177,0.302,-0.3,109,1.6
"ATC","21558","Matt Vierling","DET",129,482,531,122,82,23,4,13,66,53,41,1,111,4,4,1,8,3,0.253,0.315,0.398,0.713,0.311,0.08,0.21,0.37,0.145,0.301,-0.2,104,1.6
"ATC","18839","Josh Naylor","ARI",140,535,596,141,89,30,0,22,74,91,50,6,92,6,5,0,7,2,0.263,0.33,0.442,0.773,0.331,0.08,0.15,0.546,0.179,0.279,-1.6,111,1.6
"ATC","18042","Dylan Moore","SEA",107,334,390,68,39,16,3,11,48,38,43,1,114,10,2,1,25,6,0.204,0.312,0.363,0.675,0.301,0.11,0.29,0.378,0.159,0.271,1.7,102,1.6
"ATC","22515","Heliot Ramos","SFG",135,516,566,130,82,24,3,21,66,69,42,1,150,5,3,1,7,3,0.251,0.311,0.429,0.74,0.32,0.07,0.27,0.276,0.178,0.313,-0.9,107,1.6
"ATC","18577","Ke'Bryan Hayes","PIT",125,479,521,120,85,23,3,10,56,50,34,1,101,3,4,0,14,4,0.251,0.302,0.373,0.675,0.295,0.06,0.19,0.332,0.122,0.296,0.3,86,1.6
"ATC","13152","Jorge Polanco","SEA",115,417,471,92,59,17,0,16,49,54,47,2,127,3,3,0,4,1,0.222,0.304,0.378,0.682,0.3,0.1,0.27,0.374,0.156,0.276,-0.6,101,1.6
"Depth Charts","29622","Sal Frelick","MIL",107,418,462,112,81,21,4,6,54,44,36,0,68,5,2,1,13,3,0.267,0.331,0.375,0.706,0.311,0.08,0.15,0.533,0.108,0.306,0.6,99,1.6
"Depth Charts","14221","Jorge Soler","LAA",130,488,560,113,62,24,0,27,73,74,63,1,145,6,3,0,1,0,0.231,0.323,0.445,0.768,0.333,0.11,0.26,0.433,0.214,0.269,-2.1,116,1.6
"Depth Charts","26323","Spencer Steer","CIN",133,502,574,124,73,29,3,19,68,73,60,1,119,8,3,0,15,3,0.247,0.335,0.43,0.765,0.334,0.1,0.21,0.498,0.184,0.285,0.8,108,1.6
"Depth Charts","26396","Josh Smith","TEX",84,318,364,78,52,17,1,8,43,38,33,1,75,10,2,1,6,2,0.245,0.333,0.383,0.716,0.317,0.09,0.21,0.439,0.138,0.293,-0.7,107,1.6
"Depth Charts","13185","Orlando Arcia","ATL",138,541,595,127,84,24,0,17,63,66,44,1,123,3,5,1,3,0,0.234,0.293,0.377,0.67,0.293,0.07,0.21,0.361,0.143,0.269,-0.9,86,1.6
"OOPSY","16376","Michael Conforto","LAD",115,440,497,108,64,22,1,20,59,64,46,2,117,7,3,0,2,1,0.244,0.324,0.438,0.762,0.33,0.09,0.24,0.395,0.194,0.285,-1,114,1.6
"OOPSY","22186","Brice Turang","MIL",139,541,602,131,97,23,3,8,64,45,52,0,110,1,5,2,39,6,0.241,0.307,0.34,0.647,0.287,0.09,0.18,0.476,0.098,0.287,4.6,83,1.6
"OOPSY","12564","Trevor Story","BOS",141,550,609,125,77,27,2,19,66,68,49,0,174,6,4,0,27,6,0.227,0.296,0.386,0.682,0.298,0.08,0.29,0.284,0.159,0.294,2.2,88,1.6
"OOPSY","17452","Jose Siri","NYM",96,376,413,81,46,15,2,18,46,53,28,0,146,4,3,1,16,4,0.215,0.275,0.409,0.685,0.296,0.07,0.36,0.192,0.194,0.292,1.9,92,1.6
"OOPSY","26319","Michael Busch","CHC",144,547,623,128,77,28,2,22,72,75,63,2,172,8,5,0,3,1,0.235,0.32,0.413,0.733,0.32,0.1,0.28,0.369,0.178,0.297,-1.2,107,1.6
"OOPSY","25493","Joey Ortiz","MIL",147,571,637,139,88,32,5,14,78,64,53,1,131,6,6,2,13,4,0.242,0.31,0.387,0.697,0.304,0.08,0.21,0.403,0.144,0.288,0,94,1.6
"OOPSY","19452","Jake Rogers","DET",97,348,384,75,45,14,1,14,41,44,29,0,115,3,3,1,2,1,0.215,0.279,0.382,0.661,0.288,0.07,0.3,0.251,0.167,0.274,-0.2,88,1.6
"Steamer","19287","Adolis Garcia","TEX",143,548,605,130,75,26,1,28,74,84,45,1,167,7,4,1,11,3,0.237,0.3,0.44,0.74,0.319,0.07,0.28,0.27,0.203,0.285,0,108,1.6
"Steamer","13185","Orlando Arcia","ATL",138,479,529,114,75,22,1,16,60,59,40,1,109,4,4,2,3,1,0.237,0.299,0.384,0.683,0.299,0.08,0.21,0.37,0.147,0.273,-1,90,1.6
"Steamer","22515","Heliot Ramos","SFG",141,524,579,129,81,24,4,21,65,70,44,1,152,5,4,1,7,2,0.247,0.31,0.427,0.737,0.319,0.08,0.26,0.292,0.18,0.305,-0.9,106,1.6
"Steamer","14221","Jorge Soler","LAA",131,500,573,117,65,23,1,28,74,78,63,1,149,6,4,1,1,0,0.234,0.324,0.45,0.775,0.335,0.11,0.26,0.422,0.216,0.273,-2.6,118,1.6
"Steamer","33189","Nolan Schanuel","LAA",125,462,538,119,84,20,1,15,65,58,64,1,90,7,4,1,7,2,0.258,0.354,0.4,0.755,0.334,0.12,0.17,0.713,0.143,0.289,-1.5,117,1.6
"Steamer","26319","Michael Busch","CHC",144,542,618,128,76,28,2,22,73,76,64,1,170,6,4,1,3,1,0.236,0.322,0.415,0.737,0.322,0.1,0.28,0.378,0.179,0.3,-1.2,109,1.6
"Steamer","16725","Jose Trevino","CIN",62,221,240,54,36,10,0,7,26,27,14,0,42,2,2,1,2,1,0.244,0.294,0.392,0.686,0.299,0.06,0.18,0.338,0.148,0.269,-0.7,84,1.6
"Steamer","23772","Wilyer Abreu","BOS",112,408,466,99,59,24,1,15,55,54,50,0,126,3,3,1,9,3,0.243,0.328,0.42,0.748,0.327,0.11,0.27,0.4,0.178,0.309,-0.3,108,1.6
"THE BAT","17338","Willi Castro","MIN",137,509,568,125,85,24,4,12,70,51,41,1,134,12,4,2,19,6,0.245,0.315,0.379,0.694,0.305,0.07,0.23,0.308,0.134,0.307,0.4,99,1.6
"THE BAT","26299","Josh Jung","TEX",122,465,504,113,72,21,2,18,58,60,30,1,140,6,3,0,4,1,0.243,0.294,0.415,0.709,0.307,0.06,0.28,0.212,0.172,0.305,-0.5,100,1.6
"THE BAT","27555","Garrett Mitchell","MIL",116,401,452,93,60,17,3,14,57,47,42,1,139,4,2,2,19,4,0.231,0.309,0.389,0.699,0.306,0.09,0.31,0.302,0.158,0.316,1.5,95,1.6
"THE BAT","14221","Jorge Soler","LAA",128,468,541,108,59,21,1,26,67,73,60,1,136,6,3,0,1,0,0.23,0.324,0.445,0.769,0.334,0.11,0.25,0.444,0.215,0.264,-0.9,117,1.6
"THE BAT","21622","Jake McCarthy","ARI",135,480,533,124,89,22,5,8,70,46,36,1,97,9,3,5,32,6,0.259,0.32,0.375,0.695,0.306,0.07,0.18,0.372,0.116,0.308,3,94,1.6
"THE BAT","19566","Nathaniel Lowe","WSN",141,518,594,134,95,22,2,15,67,66,67,2,129,4,4,0,2,1,0.259,0.347,0.396,0.743,0.328,0.11,0.22,0.521,0.137,0.316,-1.2,111,1.6
"THE BAT","26365","Jonny DeLuca","TBR",118,401,440,92,58,20,3,12,51,44,29,1,88,5,3,2,14,3,0.23,0.289,0.382,0.671,0.292,0.07,0.2,0.326,0.152,0.265,0.8,93,1.6
"THE BAT","23800","Parker Meadows","DET",132,488,541,110,68,22,5,14,64,51,44,1,131,4,4,1,16,5,0.225,0.293,0.379,0.671,0.293,0.08,0.24,0.338,0.153,0.276,0.4,91,1.6
"THE BAT","22186","Brice Turang","MIL",142,517,573,126,92,23,3,8,66,49,46,1,108,2,4,3,34,6,0.244,0.307,0.347,0.654,0.289,0.08,0.19,0.431,0.103,0.292,3.2,84,1.6
"THE BAT","10815","Jurickson Profar","ATL",140,522,602,130,87,26,1,16,74,63,64,2,99,9,4,3,6,2,0.25,0.339,0.396,0.735,0.323,0.11,0.16,0.648,0.147,0.278,-0.8,106,1.6
"THE BAT","27490","Nick Gonzales","PIT",113,427,468,110,73,25,3,9,51,51,29,1,106,7,4,1,5,1,0.259,0.314,0.398,0.712,0.31,0.06,0.23,0.275,0.139,0.321,-0.5,96,1.6
"THE BAT","26323","Spencer Steer","CIN",141,520,592,127,76,29,2,20,73,72,58,1,121,9,5,0,13,3,0.244,0.327,0.424,0.752,0.327,0.1,0.2,0.478,0.18,0.278,0.3,104,1.6
"THE BAT","22799","Geraldo Perdomo","ARI",122,411,478,96,70,18,2,5,53,34,46,1,84,5,3,11,13,3,0.234,0.317,0.33,0.647,0.289,0.1,0.18,0.55,0.096,0.279,0.3,83,1.6
"THE BAT","21454","Lars Nootbaar","STL",123,428,496,102,67,19,2,15,59,54,61,2,101,2,3,1,7,2,0.238,0.334,0.393,0.727,0.32,0.12,0.2,0.607,0.155,0.276,-0.6,106,1.6
"THE BAT","19238","Lourdes Gurriel Jr","ARI",134,522,565,144,96,28,2,18,68,76,33,1,100,5,5,0,6,2,0.275,0.322,0.438,0.759,0.328,0.06,0.18,0.326,0.163,0.308,-0.5,109,1.6
"THE BATX","22715","Maikel Garcia","KCR",129,481,528,126,92,24,3,7,65,47,38,0,94,2,4,3,22,7,0.262,0.315,0.369,0.684,0.301,0.07,0.18,0.4,0.107,0.309,0.5,91,1.6
"THE BATX","20202","Brandon Marsh","PHI",127,431,491,102,66,20,3,13,61,49,52,2,152,4,3,2,14,4,0.237,0.323,0.389,0.712,0.312,0.11,0.31,0.341,0.152,0.332,0.3,99,1.6
"THE BATX","sa3022615","Matt Shaw","CHC",116,426,467,104,71,18,2,13,54,51,32,1,101,5,3,1,15,2,0.244,0.304,0.385,0.689,0.301,0.07,0.22,0.318,0.141,0.29,1.2,95,1.6
"THE BATX","23772","Wilyer Abreu","BOS",119,412,467,98,56,23,2,18,60,58,47,1,125,4,3,0,9,3,0.238,0.321,0.432,0.753,0.327,0.1,0.27,0.381,0.194,0.295,-0.1,108,1.6
"THE BATX","17338","Willi Castro","MIN",137,508,568,124,85,23,4,12,69,51,42,1,132,12,4,2,19,6,0.244,0.316,0.377,0.692,0.305,0.07,0.23,0.32,0.133,0.304,0.4,99,1.6
"THE BATX","13152","Jorge Polanco","SEA",114,414,469,92,58,17,1,15,49,55,46,2,127,4,4,0,4,1,0.221,0.302,0.38,0.682,0.298,0.1,0.27,0.359,0.159,0.277,-0.5,100,1.6
"THE BATX","23690","Brayan Rocchio","CLE",140,466,515,107,78,21,2,7,52,43,37,1,99,6,4,2,13,5,0.23,0.294,0.327,0.621,0.276,0.07,0.19,0.375,0.097,0.277,-0.2,79,1.6
"THE BATX","21558","Matt Vierling","DET",129,481,531,122,81,24,3,13,61,55,40,1,107,5,4,1,8,3,0.253,0.314,0.397,0.711,0.31,0.07,0.2,0.374,0.144,0.297,-0.3,103,1.6
"THE BATX","26365","Jonny DeLuca","TBR",118,402,440,94,60,20,3,11,51,43,28,1,89,5,3,2,14,3,0.233,0.29,0.381,0.671,0.292,0.06,0.2,0.317,0.148,0.271,0.7,93,1.6
"THE BATX","21501","Trevor Larnach","MIN",120,426,486,105,65,22,1,17,59,58,51,2,126,5,4,0,3,1,0.247,0.331,0.425,0.756,0.329,0.1,0.26,0.405,0.178,0.307,-0.8,116,1.6
"THE BATX","27676","Vinnie Pasquantino","KCR",139,530,596,138,85,32,1,19,69,77,53,3,78,6,6,1,1,0,0.26,0.33,0.434,0.765,0.33,0.09,0.13,0.678,0.175,0.27,-1.1,112,1.6
"THE BATX","19858","Luis Rengifo","LAA",131,495,541,123,87,21,2,13,65,52,36,1,89,6,4,1,19,6,0.249,0.305,0.38,0.685,0.3,0.07,0.16,0.404,0.131,0.277,0.3,93,1.6
"THE BATX","22515","Heliot Ramos","SFG",135,511,561,130,82,25,2,21,70,68,40,1,149,5,4,1,8,3,0.254,0.313,0.433,0.746,0.323,0.07,0.27,0.269,0.18,0.315,-0.5,109,1.6
"ZiPS","22209","Sam Huff","SFG",104,394,427,90,58,20,0,12,41,48,29,1,140,3,1,0,0,0,0.228,0.286,0.371,0.656,0.287,0.07,0.33,0.207,0.142,0.321,-0.7,85,1.6
"ZiPS","27555","Garrett Mitchell","MIL",85,273,308,68,43,14,2,9,42,40,29,0,94,4,1,1,14,4,0.249,0.329,0.414,0.743,0.326,0.09,0.3,0.309,0.165,0.345,0.6,108,1.6
"ZiPS","19522","TJ Friedl","CIN",115,394,450,97,66,15,4,12,52,58,37,0,73,11,4,4,12,3,0.246,0.325,0.396,0.721,0.317,0.08,0.16,0.507,0.15,0.272,0.3,97,1.6
"ZiPS","21897","Christopher Morel","TBR",144,519,583,120,71,21,3,25,72,79,54,2,161,6,3,1,9,5,0.231,0.309,0.428,0.737,0.319,0.09,0.28,0.335,0.197,0.283,-1.2,112,1.6
"ZiPS","21622","Jake McCarthy","ARI",137,455,505,121,88,18,7,8,66,56,34,0,91,10,2,4,26,6,0.266,0.329,0.389,0.718,0.316,0.07,0.18,0.374,0.123,0.316,1.7,101,1.6
"ZiPS","21730","Jair Camargo","MIN",87,330,358,75,48,14,1,12,37,45,21,1,128,5,2,0,2,1,0.227,0.282,0.385,0.667,0.29,0.06,0.36,0.164,0.158,0.328,-0.6,88,1.6
"ZiPS","22277","Nick Allen","ATL",129,442,492,110,83,21,1,5,53,52,38,0,77,3,2,7,10,5,0.249,0.311,0.335,0.646,0.288,0.08,0.16,0.494,0.086,0.29,-1,82,1.6
"ZiPS","13621","Jeimer Candelario","CIN",118,435,482,106,58,27,2,19,57,67,37,1,115,7,3,0,3,2,0.244,0.311,0.446,0.757,0.326,0.08,0.24,0.322,0.202,0.286,-1,103,1.6
"ZiPS","15274","Mike Tauchman","CHW",114,318,373,78,53,16,1,8,55,34,49,1,81,4,2,0,7,1,0.245,0.351,0.377,0.729,0.325,0.13,0.22,0.605,0.132,0.303,0.2,112,1.6
"ZiPS","27781","Pedro Leon","HOU",120,468,524,101,60,23,2,16,66,71,39,1,168,12,2,3,20,9,0.216,0.292,0.376,0.668,0.293,0.07,0.32,0.232,0.16,0.297,-0.5,92,1.6
"ZiPS","19955","Gavin Lux","CIN",126,407,459,106,73,20,3,10,63,45,46,1,98,2,3,1,6,2,0.26,0.336,0.398,0.734,0.322,0.1,0.21,0.469,0.138,0.318,-0.6,100,1.6
"ZiPS","27735","Brett Wisely","SFG",123,419,466,103,70,22,2,9,57,51,37,0,105,3,3,4,8,6,0.246,0.31,0.372,0.682,0.3,0.08,0.22,0.352,0.126,0.305,-1.7,94,1.6
"ZiPS","21840","Freddy Fermin","KCR",95,309,340,78,55,14,1,8,37,38,25,0,64,2,3,1,1,0,0.252,0.31,0.382,0.692,0.303,0.07,0.19,0.391,0.129,0.292,-0.4,92,1.6
"ZiPS","sa3017290","Max Muncy","ATH",94,361,401,85,55,20,1,9,44,48,25,0,128,9,2,4,5,2,0.235,0.3,0.371,0.671,0.296,0.06,0.32,0.195,0.136,0.336,-0.5,96,1.6
"ZiPS","27531","David Hamilton","BOS",109,396,437,90,61,16,4,9,56,45,37,0,109,2,1,1,35,7,0.227,0.296,0.356,0.652,0.288,0.09,0.25,0.339,0.129,0.29,3.4,81,1.6
"ZiPS","26224","Darell Hernaiz","ATH",110,400,437,99,72,18,2,7,49,44,28,0,76,3,3,3,8,3,0.248,0.3,0.355,0.655,0.288,0.06,0.17,0.368,0.108,0.288,-0.4,90,1.6
"ZiPS","sa3014441","Gage Workman","CHC",123,477,522,106,67,22,5,12,66,62,40,1,187,3,2,0,15,7,0.222,0.285,0.365,0.65,0.285,0.08,0.36,0.214,0.143,0.336,-0.7,84,1.6
"ZiPS","27501","Justin Foscue","TEX",97,374,427,85,50,22,1,12,53,55,42,0,83,9,2,0,4,3,0.227,0.319,0.388,0.706,0.312,0.1,0.19,0.506,0.16,0.26,-1.2,103,1.6
"ZiPS","17027","Alex Verdugo",NA,141,534,590,134,89,30,1,14,75,62,46,1,90,3,6,1,3,2,0.251,0.311,0.39,0.7,0.305,0.08,0.15,0.511,0.139,0.275,-1.3,99,1.6
"ZiPS","25660","Will Brennan","CLE",128,432,466,120,85,25,2,8,50,50,26,2,67,5,3,0,9,3,0.278,0.324,0.4,0.724,0.315,0.06,0.14,0.388,0.123,0.311,-0.3,106,1.6
"ZiPS","21707","Oswaldo Cabrera","NYY",113,352,387,84,55,17,1,11,48,46,28,0,85,2,2,3,7,2,0.239,0.297,0.386,0.683,0.299,0.07,0.22,0.329,0.148,0.283,-0.1,94,1.6
"ZiPS","23733","Ezequiel Duran","TEX",119,422,451,104,67,22,3,12,51,52,23,1,112,4,2,0,7,4,0.246,0.29,0.398,0.689,0.298,0.05,0.25,0.205,0.152,0.307,-1,93,1.6
"ZiPS","29976","Jordan Lawlar","ARI",92,358,402,81,56,16,2,7,49,43,32,0,99,8,3,1,14,4,0.226,0.302,0.341,0.643,0.286,0.08,0.25,0.323,0.115,0.29,0.4,81,1.6
"ZiPS","sa3005511","Jorbit Vivas","NYY",118,464,529,104,74,19,3,8,63,55,45,0,86,16,4,0,11,3,0.224,0.312,0.33,0.642,0.289,0.09,0.16,0.523,0.106,0.257,-0.1,87,1.6
"ZiPS DC","12144","Max Kepler","PHI",115,447,497,105,63,22,2,18,62,62,41,0,101,6,3,0,3,0,0.235,0.305,0.415,0.72,0.313,0.08,0.2,0.404,0.18,0.263,-0.2,100,1.6
"ZiPS DC","7739","Travis d'Arnaud","LAA",66,239,263,55,32,12,1,10,29,33,18,0,69,4,2,0,0,0,0.229,0.292,0.41,0.701,0.305,0.07,0.26,0.262,0.181,0.276,-0.4,96,1.6
"ZiPS DC","21622","Jake McCarthy","ARI",126,492,546,131,95,19,8,9,71,61,37,0,98,11,2,4,28,6,0.266,0.329,0.389,0.718,0.316,0.07,0.18,0.374,0.123,0.316,1.9,101,1.6
"ZiPS DC","17901","Andrew Benintendi","CHW",126,490,546,129,87,26,2,14,64,61,50,2,91,2,4,0,7,2,0.263,0.331,0.411,0.743,0.323,0.09,0.17,0.551,0.148,0.295,-0.5,111,1.6
"ZiPS DC","15274","Mike Tauchman","CHW",92,340,399,83,57,17,1,9,59,36,52,1,87,4,2,0,7,1,0.245,0.351,0.377,0.729,0.325,0.13,0.22,0.605,0.132,0.303,0.2,112,1.6
"REZ","33541","Dylan Crews","WSN",134,529,583,126,81,25,5,15,69,63,39,0,126,10,4,1,25,7,0.239,0.301,0.389,0.69,0.301,6.7,21.7,0.3,0.15,0.284,1.2,95,1.6
"REZ","17338","Willi Castro","MIN",141,525,588,133,89,26,4,13,77,56,44,1,142,15,4,2,19,6,0.253,0.326,0.392,0.718,0.314,7.5,24,0.3,0.139,0.32,0.6,101,1.6
"REZ","26365","Jonny DeLuca","TBR",114,414,456,96,69,13,2,12,50,50,32,1,95,6,2,1,15,4,0.231,0.295,0.358,0.653,0.287,7,20.8,0.3,0.127,0.271,0.6,96,1.6
"REZ","7739","Travis d'Arnaud","LAA",71,247,273,54,33,10,0,11,31,34,19,0,70,4,2,0,0,0,0.22,0.284,0.397,0.681,0.296,6.9,25.9,0.3,0.177,0.257,-0.7,97,1.6
"REZ","27899","Colt Keith","DET",128,489,538,120,93,14,4,11,62,63,40,2,112,3,4,0,4,1,0.246,0.304,0.356,0.66,0.29,7.4,20.9,0.4,0.11,0.296,-0.7,109,1.5
"REZ","19610","Keibert Ruiz","WSN",122,445,480,111,74,16,0,20,48,56,24,0,50,5,4,1,3,1,0.249,0.294,0.415,0.709,0.305,5.1,10.4,0.5,0.166,0.24,-1.2,90,1.5
"REZ","19354","Luke Raley","SEA",116,410,462,83,54,14,1,14,52,59,30,4,150,17,3,1,10,3,0.202,0.284,0.345,0.629,0.277,6.6,32.6,0.2,0.143,0.277,0.2,115,1.5
"REZ","10815","Jurickson Profar","ATL",145,538,622,136,88,28,2,17,77,66,66,1,107,10,4,3,7,2,0.253,0.343,0.408,0.751,0.329,10.7,17.2,0.6,0.155,0.284,-1.1,108,1.5
"REZ","25961","Kerry Carpenter","DET",117,436,482,104,60,18,4,22,57,69,34,2,118,7,3,0,3,2,0.239,0.302,0.453,0.755,0.323,7,24.6,0.3,0.214,0.274,-1.3,120,1.5
"REZ","26477","Spencer Horwitz","PIT",112,406,469,99,68,20,0,12,56,49,55,1,82,6,3,0,3,1,0.245,0.341,0.381,0.722,0.321,11.7,17.4,0.7,0.136,0.278,-1.3,112,1.5
"REZ","13301","Max Muncy","LAD",78,280,329,62,31,12,1,18,41,43,40,2,90,5,3,1,2,1,0.223,0.328,0.47,0.798,0.342,12.3,27.5,0.4,0.247,0.254,-0.5,100,1.5
"ATC","19608","Otto Lopez","MIA",110,403,438,109,79,21,3,6,48,39,27,1,76,3,2,2,18,4,0.27,0.319,0.381,0.7,0.307,0.06,0.17,0.357,0.111,0.318,0.6,93,1.5
"ATC","27899","Colt Keith","DET",131,476,523,124,82,23,3,15,60,61,40,2,106,3,4,0,5,1,0.26,0.319,0.419,0.739,0.32,0.08,0.2,0.375,0.159,0.303,-0.7,110,1.5
"ATC","26319","Michael Busch","CHC",141,507,578,121,73,26,2,21,72,72,60,1,160,7,4,0,3,1,0.238,0.324,0.418,0.743,0.324,0.1,0.28,0.375,0.18,0.303,-1.1,110,1.5
"ATC","25961","Kerry Carpenter","DET",120,433,478,111,65,20,3,22,59,70,35,2,120,7,3,0,3,2,0.256,0.319,0.472,0.791,0.338,0.07,0.25,0.29,0.217,0.301,-1.4,123,1.5
"ATC","18900","Leody Taveras","TEX",99,348,382,85,56,16,2,10,45,38,28,0,83,1,3,2,14,4,0.244,0.3,0.388,0.689,0.3,0.07,0.22,0.341,0.145,0.29,1.1,95,1.5
"ATC","16930","Jonah Heim","TEX",102,357,388,81,53,15,1,12,39,46,26,1,73,2,2,0,1,0,0.227,0.282,0.373,0.655,0.286,0.07,0.19,0.357,0.146,0.253,-0.6,85,1.5
"ATC","21622","Jake McCarthy","ARI",130,465,517,122,88,20,6,8,67,51,36,1,91,9,3,4,28,6,0.262,0.325,0.382,0.707,0.311,0.07,0.18,0.389,0.121,0.308,2.6,97,1.5
"ATC","27684","Michael Massey","KCR",116,426,462,106,66,23,2,15,52,56,24,1,87,5,4,2,4,1,0.249,0.294,0.417,0.711,0.306,0.05,0.19,0.277,0.168,0.277,-0.1,97,1.5
"ATC","29592","Connor Norby","MIA",133,496,547,120,75,26,2,17,68,60,42,0,153,4,4,1,9,3,0.241,0.305,0.403,0.708,0.308,0.08,0.28,0.277,0.162,0.312,-0.4,95,1.5
"ATC","21501","Trevor Larnach","MIN",117,416,473,101,62,20,1,18,60,59,50,2,124,4,4,0,4,1,0.244,0.328,0.426,0.754,0.328,0.1,0.26,0.403,0.182,0.301,-1.1,115,1.5
"ATC","10815","Jurickson Profar","ATL",142,522,604,133,89,26,1,16,77,65,65,2,97,10,4,3,7,2,0.254,0.346,0.4,0.746,0.329,0.11,0.16,0.673,0.145,0.283,-1.2,110,1.5
"ATC","33541","Dylan Crews","WSN",135,521,576,127,83,25,4,15,69,62,41,0,125,9,4,1,28,7,0.244,0.308,0.395,0.703,0.307,0.07,0.22,0.332,0.151,0.29,1,97,1.5
"ATC","21693","Miguel Amaya","CHC",93,295,334,70,46,13,1,9,33,39,27,0,67,7,3,3,1,0,0.237,0.313,0.382,0.695,0.306,0.08,0.2,0.397,0.146,0.273,-0.7,97,1.5
"ATC","19452","Jake Rogers","DET",93,307,339,64,38,13,1,12,38,39,25,1,102,3,2,1,1,0,0.208,0.273,0.376,0.65,0.283,0.07,0.3,0.245,0.168,0.265,-0.2,84,1.5
"ATC","19953","Josh Lowe","TBR",125,458,503,112,69,25,2,16,61,59,40,3,149,2,3,0,26,4,0.246,0.307,0.415,0.722,0.311,0.08,0.3,0.269,0.169,0.327,2.1,101,1.5
"Depth Charts","sa3012639","Hyeseong Kim","LAD",97,388,420,108,84,17,2,5,48,42,25,1,68,3,3,2,16,4,0.279,0.324,0.374,0.698,0.306,0.06,0.16,0.366,0.095,0.324,0.8,97,1.5
"Depth Charts","20529","Nolan Jones","COL",120,449,518,115,71,25,2,16,63,62,61,3,152,5,3,1,11,3,0.255,0.348,0.428,0.776,0.338,0.12,0.29,0.401,0.173,0.348,-0.4,104,1.5
"Depth Charts","25961","Kerry Carpenter","DET",115,451,497,115,68,21,4,22,60,74,35,2,124,7,3,0,3,2,0.255,0.317,0.465,0.782,0.335,0.07,0.25,0.284,0.21,0.301,-1.8,120,1.5
"Depth Charts","17452","Jose Siri","NYM",96,377,413,79,45,16,2,17,51,53,27,0,149,5,3,1,14,4,0.21,0.269,0.393,0.662,0.287,0.06,0.36,0.18,0.183,0.292,1.2,87,1.5
"Depth Charts","14854","Mike Yastrzemski","SFG",118,453,511,101,56,23,5,18,61,59,48,1,136,6,3,1,4,1,0.224,0.304,0.414,0.718,0.312,0.09,0.27,0.354,0.19,0.276,-0.5,101,1.5
"Depth Charts","31437","Jace Jung","DET",83,309,357,69,43,15,1,10,38,38,43,1,91,3,2,0,2,1,0.224,0.322,0.377,0.699,0.31,0.12,0.26,0.472,0.153,0.282,-0.9,103,1.5
"Depth Charts","13620","Carson Kelly","CHC",76,267,301,61,42,11,0,8,32,33,27,0,60,4,3,0,1,0,0.229,0.305,0.365,0.67,0.296,0.09,0.2,0.441,0.136,0.264,-0.6,92,1.5
"Depth Charts","24262","Ceddanne Rafaela","BOS",100,408,434,103,66,21,4,12,54,54,16,1,104,6,3,2,16,6,0.253,0.288,0.415,0.703,0.302,0.04,0.24,0.149,0.162,0.309,0.3,91,1.5
"Depth Charts","17338","Willi Castro","MIN",143,550,616,134,89,27,4,13,80,60,44,0,145,16,4,2,19,6,0.244,0.316,0.382,0.698,0.308,0.07,0.23,0.306,0.138,0.305,0.9,101,1.5
"Depth Charts","7739","Travis d'Arnaud","LAA",66,239,263,56,33,12,1,10,30,33,18,0,67,4,2,0,0,0,0.232,0.294,0.415,0.709,0.308,0.07,0.25,0.262,0.183,0.277,-0.8,98,1.5
"Depth Charts","27615","Alec Burleson","STL",112,443,483,122,84,21,1,16,59,62,31,0,66,4,4,1,6,2,0.275,0.325,0.438,0.763,0.33,0.06,0.14,0.465,0.163,0.29,-1.1,114,1.5
"OOPSY","21524","Joey Bart","PIT",96,340,379,84,55,17,1,12,41,42,29,1,107,7,2,0,1,0,0.246,0.317,0.402,0.719,0.314,0.08,0.28,0.27,0.156,0.322,-0.8,99,1.5
"OOPSY","19522","TJ Friedl","CIN",131,500,567,122,82,21,5,14,72,54,46,1,93,12,5,4,16,5,0.244,0.32,0.391,0.711,0.312,0.08,0.16,0.495,0.147,0.271,1,93,1.5
"OOPSY","27684","Michael Massey","KCR",122,485,525,122,77,27,2,16,57,62,28,1,99,5,5,2,6,1,0.252,0.297,0.414,0.711,0.307,0.05,0.19,0.284,0.162,0.283,0.1,95,1.5
"OOPSY","21558","Matt Vierling","DET",126,494,546,124,85,23,4,12,66,51,43,1,112,4,4,0,8,3,0.251,0.314,0.387,0.7,0.306,0.08,0.2,0.384,0.135,0.299,-0.2,100,1.5
"OOPSY","16939","Lane Thomas","CLE",139,544,602,128,79,29,3,17,69,67,46,1,155,7,5,0,26,10,0.236,0.301,0.394,0.696,0.303,0.08,0.26,0.299,0.158,0.295,0.7,98,1.5
"OOPSY","27490","Nick Gonzales","PIT",117,455,504,114,74,26,4,10,63,51,36,1,119,8,4,1,5,2,0.251,0.314,0.393,0.707,0.308,0.07,0.23,0.303,0.142,0.314,-0.2,95,1.5
"OOPSY","25961","Kerry Carpenter","DET",115,452,497,116,70,20,3,22,64,66,34,2,123,7,4,0,4,2,0.256,0.315,0.463,0.778,0.333,0.07,0.25,0.276,0.207,0.3,-1.5,119,1.5
"OOPSY","19896","Connor Wong","BOS",94,341,371,85,56,18,1,10,40,40,22,0,97,5,2,1,7,3,0.25,0.303,0.397,0.7,0.305,0.06,0.26,0.229,0.147,0.318,0,92,1.5
"OOPSY","20308","Jake Meyers","HOU",91,353,392,84,56,16,2,10,43,39,29,0,93,6,3,1,9,2,0.237,0.304,0.379,0.683,0.3,0.07,0.24,0.315,0.142,0.291,0.7,96,1.5
"OOPSY","13185","Orlando Arcia","ATL",138,544,595,129,85,26,1,17,59,63,44,0,121,3,5,0,2,1,0.237,0.294,0.38,0.675,0.295,0.07,0.2,0.36,0.143,0.272,-1.2,87,1.5
"OOPSY","18900","Leody Taveras","TEX",81,317,350,78,52,16,2,9,40,36,27,0,76,1,3,2,14,4,0.247,0.306,0.393,0.7,0.305,0.08,0.22,0.359,0.146,0.295,1.1,98,1.5
"Steamer","21614","Kyle Isbel","KCR",130,447,492,109,71,21,6,11,56,51,34,0,104,5,4,2,14,3,0.243,0.303,0.388,0.69,0.301,0.07,0.21,0.331,0.144,0.292,1.7,91,1.5
"Steamer","16535","Danny Jansen","TBR",84,309,352,69,40,15,0,14,40,43,34,0,73,5,3,1,1,0,0.224,0.31,0.41,0.72,0.315,0.1,0.21,0.471,0.186,0.246,-0.7,109,1.5
"Steamer","21840","Freddy Fermin","KCR",66,245,271,62,43,12,1,7,29,30,21,1,53,2,2,1,1,0,0.254,0.317,0.392,0.709,0.31,0.08,0.2,0.402,0.138,0.296,-0.5,98,1.5
"Steamer","13620","Carson Kelly","CHC",71,245,276,57,38,10,1,8,30,30,24,0,57,3,2,1,2,0,0.234,0.308,0.379,0.687,0.303,0.09,0.21,0.424,0.145,0.27,-0.7,96,1.5
"Steamer","26323","Spencer Steer","CIN",133,488,558,119,70,26,2,20,68,68,59,1,117,8,4,1,15,4,0.243,0.332,0.428,0.76,0.332,0.1,0.21,0.501,0.185,0.279,0.5,106,1.5
"Steamer","18373","Ryan Mountcastle","BAL",123,472,515,122,78,23,1,20,60,66,36,1,123,3,3,1,3,1,0.259,0.313,0.439,0.752,0.325,0.07,0.24,0.291,0.18,0.308,-1,115,1.5
"Steamer","16930","Jonah Heim","TEX",78,278,305,65,43,12,1,10,33,34,21,0,57,2,2,1,2,0,0.235,0.292,0.388,0.68,0.296,0.07,0.19,0.371,0.153,0.26,-0.5,92,1.5
"Steamer","19610","Keibert Ruiz","WSN",113,425,460,109,72,22,1,14,49,55,25,0,52,5,3,1,4,1,0.257,0.304,0.412,0.716,0.31,0.05,0.11,0.48,0.156,0.262,-1.6,99,1.5
"Steamer","27615","Alec Burleson","STL",112,454,495,124,84,22,1,18,63,61,32,0,69,4,3,1,7,2,0.273,0.325,0.443,0.768,0.332,0.06,0.14,0.471,0.17,0.286,-1.2,115,1.5
"Steamer","18126","LaMonte Wade Jr","SFG",105,393,467,97,64,18,1,14,57,51,64,4,99,6,3,1,3,1,0.246,0.356,0.405,0.761,0.334,0.14,0.21,0.642,0.16,0.291,-1.2,117,1.5
"Steamer","25961","Kerry Carpenter","DET",115,450,496,115,68,20,4,22,61,71,36,2,124,6,3,0,3,1,0.255,0.317,0.466,0.783,0.335,0.07,0.25,0.289,0.211,0.301,-1.5,121,1.5
"THE BAT","12856","George Springer","TOR",139,533,602,128,85,22,2,19,75,65,55,0,114,7,4,1,14,4,0.24,0.317,0.394,0.711,0.312,0.09,0.19,0.484,0.154,0.271,0.3,105,1.5
"THE BAT","14968","Victor Caratini","HOU",64,205,231,48,35,7,0,6,24,24,19,1,47,3,2,1,0,0,0.234,0.308,0.362,0.67,0.295,0.08,0.2,0.406,0.127,0.273,-0.4,93,1.5
"THE BAT","29592","Connor Norby","MIA",135,507,557,123,78,27,2,16,62,62,41,0,160,5,3,0,10,3,0.242,0.304,0.398,0.702,0.306,0.07,0.29,0.259,0.156,0.318,-0.2,93,1.5
"THE BAT","sa3022615","Matt Shaw","CHC",116,426,467,104,71,18,2,13,54,51,32,1,101,5,3,1,14,4,0.244,0.304,0.385,0.688,0.301,0.07,0.22,0.318,0.141,0.29,0.3,95,1.5
"THE BAT","25961","Kerry Carpenter","DET",120,431,478,109,63,21,3,22,60,67,36,2,117,7,4,0,4,1,0.252,0.317,0.467,0.784,0.336,0.07,0.25,0.305,0.215,0.294,-0.7,121,1.5
"THE BAT","18042","Dylan Moore","SEA",109,339,394,68,40,15,2,11,50,34,41,1,117,10,2,1,26,6,0.2,0.303,0.354,0.657,0.293,0.1,0.3,0.353,0.153,0.266,1.9,96,1.5
"THE BAT","21501","Trevor Larnach","MIN",120,427,486,105,66,21,1,17,58,58,50,1,126,5,4,0,3,1,0.245,0.328,0.419,0.747,0.326,0.1,0.26,0.393,0.174,0.305,-0.8,113,1.5
"THE BATX","21693","Miguel Amaya","CHC",94,300,335,68,47,12,0,8,32,35,24,0,72,7,2,3,0,0,0.225,0.295,0.346,0.641,0.284,0.07,0.21,0.333,0.121,0.269,-0.6,84,1.5
"THE BATX","22275","Jake Burger","TEX",141,531,582,128,73,24,2,29,73,81,38,1,155,9,4,1,2,1,0.241,0.301,0.459,0.76,0.326,0.06,0.27,0.242,0.218,0.282,-0.8,113,1.5
"THE BATX","11368","Yasmani Grandal",NA,63,200,230,44,31,8,0,5,23,24,24,0,52,1,2,1,1,0,0.218,0.303,0.338,0.641,0.286,0.1,0.22,0.455,0.12,0.265,-0.5,83,1.5
"THE BATX","11899","Joc Pederson","TEX",111,366,428,88,50,16,1,21,57,57,49,3,98,9,4,1,4,1,0.24,0.341,0.459,0.799,0.345,0.11,0.23,0.497,0.218,0.268,-0.6,126,1.5
"THE BATX","14968","Victor Caratini","HOU",64,206,231,48,34,8,0,6,24,24,19,1,48,3,2,1,0,0,0.235,0.308,0.362,0.67,0.295,0.08,0.21,0.399,0.127,0.274,-0.4,93,1.5
"THE BATX","22799","Geraldo Perdomo","ARI",122,413,478,96,70,16,2,7,54,36,45,1,84,5,3,11,13,3,0.232,0.313,0.334,0.646,0.289,0.09,0.18,0.53,0.102,0.273,0.3,82,1.5
"THE BATX","26299","Josh Jung","TEX",122,464,504,112,72,21,2,17,57,59,31,1,138,6,3,0,4,1,0.242,0.295,0.407,0.701,0.304,0.06,0.27,0.221,0.165,0.304,-0.6,98,1.5
"THE BATX","24816","Andy Pages","LAD",91,329,366,81,47,18,1,15,47,49,27,1,90,6,3,0,3,1,0.245,0.313,0.442,0.755,0.325,0.07,0.25,0.304,0.197,0.291,-0.4,110,1.5
"THE BATX","26396","Josh Smith","TEX",97,330,377,78,51,16,2,10,45,37,33,1,77,9,3,2,7,2,0.237,0.321,0.387,0.708,0.312,0.09,0.2,0.428,0.15,0.278,-0.1,103,1.5
"THE BATX","21622","Jake McCarthy","ARI",135,480,533,124,91,21,6,6,69,43,36,1,97,9,3,5,34,5,0.259,0.319,0.365,0.684,0.301,0.07,0.18,0.366,0.106,0.311,3.7,91,1.5
"THE BATX","18900","Leody Taveras","TEX",103,360,395,87,57,16,2,11,50,39,29,1,88,1,3,2,16,4,0.241,0.299,0.394,0.693,0.301,0.07,0.22,0.333,0.153,0.286,0.9,95,1.5
"THE BATX","15112","Ryan McMahon","COL",147,546,621,130,83,27,1,19,70,70,66,3,177,4,4,0,6,2,0.239,0.323,0.398,0.721,0.315,0.11,0.29,0.373,0.159,0.315,-0.8,89,1.5
"THE BATX","26466","Matt Wallner","MIN",129,446,511,98,53,21,2,23,63,65,50,3,175,13,3,0,3,1,0.221,0.315,0.428,0.744,0.323,0.1,0.34,0.285,0.208,0.302,-0.6,111,1.5
"THE BATX","9777","Nolan Arenado","STL",145,560,613,136,94,25,1,16,61,69,42,1,91,5,6,1,3,1,0.243,0.298,0.376,0.674,0.294,0.07,0.15,0.46,0.133,0.262,-1,89,1.5
"ZiPS","17338","Willi Castro","MIN",147,487,546,119,79,24,4,12,76,56,39,0,128,15,4,1,16,6,0.244,0.317,0.384,0.701,0.309,0.07,0.23,0.305,0.14,0.305,-0.3,102,1.5
"ZiPS","22514","Triston Casas","BOS",107,357,416,88,50,18,1,19,51,58,55,3,111,2,2,0,0,0,0.246,0.349,0.462,0.811,0.35,0.13,0.27,0.495,0.216,0.301,-0.8,124,1.5
"ZiPS","26299","Josh Jung","TEX",85,333,358,84,54,16,1,13,42,49,19,0,98,4,2,0,3,1,0.252,0.299,0.423,0.722,0.313,0.05,0.27,0.194,0.171,0.317,-0.4,104,1.5
"ZiPS","25040","Vinny Capra","MIL",104,381,425,94,66,20,2,6,47,43,37,1,96,5,2,0,6,2,0.247,0.32,0.357,0.677,0.3,0.09,0.23,0.385,0.11,0.313,-0.5,91,1.5
"ZiPS","13152","Jorge Polanco","SEA",112,412,465,94,61,16,0,17,52,55,47,2,124,3,3,0,4,2,0.228,0.31,0.391,0.7,0.306,0.1,0.27,0.379,0.163,0.281,-0.9,106,1.5
"ZiPS","22505","Buddy Kennedy","PHI",118,426,488,103,70,20,3,10,58,57,50,1,104,7,5,0,4,2,0.242,0.328,0.373,0.701,0.31,0.1,0.21,0.481,0.131,0.293,-1,98,1.5
"ZiPS","24759","Mickey Gasper","MIN",96,309,360,79,53,18,1,7,45,44,40,0,59,9,2,0,3,1,0.256,0.356,0.388,0.744,0.331,0.11,0.16,0.678,0.133,0.294,-0.6,118,1.5
"ZiPS","19921","Blake Perkins","MIL",112,355,404,80,55,16,2,7,48,40,42,1,105,2,4,1,16,4,0.225,0.308,0.341,0.649,0.288,0.1,0.26,0.4,0.115,0.296,0.8,83,1.5
"ZiPS","29788","Brett Harris","ATH",108,395,449,87,63,14,1,9,51,49,41,0,93,9,2,2,5,3,0.22,0.306,0.329,0.636,0.286,0.09,0.21,0.441,0.109,0.264,-1.1,89,1.5
"ZiPS","sa3015407","Jeferson Quero","MIL",95,364,400,83,58,13,0,12,42,46,30,0,90,3,3,0,3,0,0.228,0.29,0.363,0.653,0.287,0.07,0.22,0.333,0.135,0.268,-0.1,83,1.5
"ZiPS","27471","Zach DeLoach","CHW",119,465,518,111,76,23,2,10,67,54,46,0,150,5,2,0,9,2,0.239,0.313,0.361,0.674,0.299,0.09,0.29,0.307,0.123,0.329,0,94,1.5
"ZiPS","29617","Henry Davis","PIT",99,356,409,83,51,18,1,13,48,53,37,2,109,13,2,1,6,3,0.233,0.326,0.399,0.725,0.318,0.09,0.27,0.339,0.166,0.297,-0.8,101,1.5
"ZiPS","17901","Andrew Benintendi","CHW",131,479,534,126,85,25,2,14,63,60,49,2,89,2,4,0,7,2,0.263,0.331,0.411,0.743,0.323,0.09,0.17,0.551,0.148,0.295,-0.5,111,1.5
"ZiPS","23698","Ronny Mauricio","NYM",134,552,585,129,85,23,3,18,64,73,27,1,143,4,2,0,15,7,0.234,0.274,0.384,0.658,0.285,0.05,0.24,0.189,0.15,0.282,-0.7,85,1.5
"ZiPS","20002","Bryce Johnson","PIT",108,331,379,83,61,15,3,4,49,36,35,0,91,7,2,4,16,3,0.251,0.333,0.35,0.684,0.306,0.09,0.24,0.385,0.1,0.332,1.2,93,1.5
"ZiPS","25643","Drew Millas","WSN",85,304,335,74,53,13,2,6,33,35,27,1,63,2,2,0,8,1,0.243,0.307,0.359,0.666,0.293,0.08,0.19,0.429,0.115,0.287,0.6,87,1.5
"ZiPS","26540","Angel Martinez","CLE",117,446,499,105,70,23,3,9,53,53,38,0,102,6,4,5,6,4,0.235,0.302,0.361,0.663,0.292,0.08,0.2,0.373,0.126,0.283,-1.3,91,1.5
"ZiPS","19734","Josh Rojas","CHW",124,397,448,94,64,20,1,9,54,39,44,1,97,2,3,2,11,3,0.237,0.314,0.36,0.674,0.298,0.1,0.22,0.454,0.123,0.289,0.1,93,1.5
"ZiPS","22532","Tyler Freeman","CLE",112,356,407,88,65,16,1,6,52,44,28,1,55,18,3,2,11,4,0.247,0.331,0.348,0.679,0.304,0.07,0.14,0.509,0.101,0.275,-0.3,99,1.5
"ZiPS","24336","Johan Rojas","PHI",130,445,482,108,79,18,5,6,61,47,21,0,97,6,1,9,29,5,0.243,0.285,0.346,0.631,0.278,0.04,0.2,0.216,0.103,0.297,2.9,76,1.5
"ZiPS","12144","Max Kepler","PHI",112,395,439,93,56,19,2,16,55,55,36,0,89,5,3,0,3,0,0.235,0.305,0.415,0.72,0.313,0.08,0.2,0.404,0.18,0.263,-0.2,100,1.5
"ZiPS","11368","Yasmani Grandal",NA,88,277,320,64,45,10,0,9,29,30,38,0,67,2,2,1,1,0,0.231,0.326,0.365,0.691,0.308,0.12,0.21,0.567,0.134,0.271,-0.5,94,1.5
"ZiPS","19906","Diego A Castillo",NA,119,426,481,103,71,24,1,7,56,49,49,0,87,3,3,0,7,4,0.242,0.322,0.352,0.674,0.301,0.1,0.18,0.563,0.11,0.287,-1.2,96,1.5
"ZiPS DC","27464","Dillon Dingler","DET",60,213,237,48,30,10,1,7,27,31,17,0,66,5,2,0,2,1,0.227,0.295,0.387,0.682,0.299,0.07,0.28,0.252,0.16,0.291,-0.3,95,1.5
"ZiPS DC","21524","Joey Bart","PIT",96,339,379,82,56,14,0,12,47,45,30,0,105,8,1,0,0,0,0.243,0.319,0.391,0.709,0.313,0.08,0.28,0.284,0.148,0.316,-0.7,98,1.5
"ZiPS DC","25961","Kerry Carpenter","DET",115,451,497,115,68,22,3,22,59,76,35,2,123,8,3,0,2,3,0.255,0.317,0.464,0.781,0.335,0.07,0.25,0.28,0.209,0.301,-1.8,120,1.5
"ZiPS DC","29575","Trey Sweeney","DET",86,336,371,74,48,15,2,9,46,40,31,1,102,3,1,0,9,2,0.222,0.292,0.361,0.654,0.288,0.08,0.28,0.301,0.14,0.289,0.4,87,1.5
"ZiPS DC","17907","Brendan Rodgers",NA,81,323,350,85,57,17,1,9,41,40,22,1,77,3,1,1,1,0,0.262,0.314,0.409,0.723,0.314,0.06,0.22,0.282,0.147,0.317,-0.5,103,1.5
"ZiPS DC","10815","Jurickson Profar","ATL",147,547,637,140,95,30,1,14,78,70,72,2,102,11,4,3,7,2,0.256,0.351,0.391,0.743,0.329,0.11,0.16,0.705,0.135,0.29,-0.8,110,1.5
"ZiPS DC","21837","Jonathan Aranda","TBR",83,312,357,81,53,15,1,12,49,48,35,1,89,7,3,0,1,1,0.26,0.345,0.429,0.773,0.338,0.1,0.25,0.391,0.169,0.322,-0.9,125,1.5
"ZiPS DC","29794","Kyle Manzardo","CLE",100,376,434,93,51,25,1,16,57,57,48,2,93,4,6,0,1,1,0.247,0.334,0.445,0.779,0.336,0.11,0.21,0.514,0.198,0.282,-1,121,1.5
"ZiPS DC","26323","Spencer Steer","CIN",133,503,574,126,74,30,3,19,67,77,59,1,119,9,3,0,15,3,0.25,0.337,0.433,0.77,0.336,0.1,0.21,0.496,0.183,0.291,0.8,109,1.5
"ZiPS DC","19238","Lourdes Gurriel Jr","ARI",130,518,560,141,95,28,2,16,63,72,32,1,102,5,4,0,5,1,0.272,0.319,0.427,0.746,0.322,0.06,0.18,0.316,0.155,0.309,-0.4,105,1.5
"ZiPS DC","31595","Brooks Lee","MIN",126,504,546,124,82,29,1,11,56,64,37,3,92,1,4,0,5,1,0.246,0.297,0.377,0.674,0.293,0.07,0.17,0.403,0.132,0.278,-0.4,90,1.5
"ZiPS DC","27615","Alec Burleson","STL",112,444,483,123,86,20,2,15,56,65,30,0,66,4,4,1,5,2,0.277,0.325,0.433,0.759,0.329,0.06,0.14,0.459,0.156,0.294,-0.6,112,1.5
"ZiPS DC","16512","Isiah KinerFalefa","PIT",128,512,553,134,105,21,2,6,59,49,27,1,83,8,3,2,14,3,0.262,0.307,0.346,0.654,0.288,0.05,0.15,0.319,0.084,0.302,0.3,81,1.5
"ZiPS DC","16442","Ryan O'Hearn","BAL",94,368,406,98,66,16,2,15,52,56,32,2,75,3,3,0,3,1,0.267,0.328,0.443,0.771,0.332,0.08,0.18,0.425,0.176,0.297,-0.6,120,1.5
"REZ","26323","Spencer Steer","CIN",138,515,587,123,74,31,2,16,73,73,61,0,122,9,4,0,15,3,0.238,0.327,0.403,0.73,0.321,10.4,20.7,0.5,0.165,0.28,0.6,105,1.5
"REZ","21614","Kyle Isbel","KCR",126,445,491,103,64,23,8,8,63,49,34,0,96,6,3,4,13,4,0.231,0.292,0.369,0.661,0.289,7,19.5,0.4,0.138,0.275,0.9,87,1.5
"REZ","21558","Matt Vierling","DET",129,489,540,124,89,20,5,11,63,53,42,3,110,4,4,1,7,3,0.253,0.316,0.382,0.698,0.304,7.8,20.4,0.4,0.129,0.304,-0.4,103,1.4
"REZ","17452","Jose Siri","NYM",102,367,402,78,45,11,2,19,49,50,28,0,147,4,3,1,14,4,0.212,0.274,0.41,0.684,0.295,6.9,36.5,0.2,0.198,0.29,1,87,1.4
"REZ","19599","Chas McCormick","HOU",108,379,424,84,57,12,1,14,50,48,34,0,113,7,4,1,12,4,0.222,0.294,0.37,0.664,0.292,8,26.6,0.3,0.148,0.274,-0.1,100,1.4
"REZ","31595","Brooks Lee","MIN",117,444,483,105,77,17,3,8,51,53,34,6,84,2,4,1,4,1,0.235,0.29,0.34,0.63,0.272,6.9,17.4,0.4,0.105,0.271,-0.5,90,1.4
"REZ","10681","Gio Urshela","ATH",113,425,456,100,72,19,1,9,43,46,25,0,78,2,4,0,1,0,0.237,0.28,0.351,0.631,0.276,5.5,17.1,0.3,0.114,0.268,-1.1,97,1.4
"REZ","21524","Joey Bart","PIT",95,329,366,72,55,11,1,6,40,43,28,0,100,7,2,0,1,0,0.22,0.293,0.313,0.606,0.273,7.6,27.4,0.3,0.093,0.297,-0.7,95,1.4
"ATC","12564","Trevor Story","BOS",113,423,470,97,61,22,1,13,54,53,39,3,138,5,3,0,19,5,0.23,0.301,0.383,0.684,0.298,0.08,0.29,0.284,0.153,0.307,1,88,1.4
"ATC","19896","Connor Wong","BOS",106,368,401,90,59,19,1,11,45,43,23,0,106,6,2,2,7,3,0.245,0.298,0.391,0.689,0.3,0.06,0.26,0.22,0.146,0.313,-0.1,89,1.4
"ATC","19610","Keibert Ruiz","WSN",123,449,483,109,74,22,0,13,47,57,24,1,54,5,3,1,3,1,0.243,0.288,0.383,0.671,0.292,0.05,0.11,0.446,0.139,0.249,-1.5,87,1.4
"ATC","17338","Willi Castro","MIN",132,487,547,119,80,24,4,11,71,51,40,1,128,14,4,2,18,6,0.244,0.318,0.379,0.697,0.307,0.07,0.23,0.313,0.135,0.306,1,100,1.4
"ATC","15362","Jeff McNeil","NYM",122,443,490,113,80,24,1,9,55,48,33,1,64,9,3,1,5,1,0.256,0.319,0.375,0.694,0.305,0.07,0.13,0.517,0.119,0.28,-1.2,97,1.4
"ATC","13620","Carson Kelly","CHC",82,268,301,61,42,11,0,8,31,32,26,0,61,4,2,0,1,0,0.229,0.304,0.365,0.67,0.296,0.09,0.2,0.436,0.137,0.262,-0.7,90,1.4
"ATC","19287","Adolis Garcia","TEX",143,549,607,127,76,25,1,25,76,84,47,1,169,6,5,0,11,3,0.232,0.297,0.42,0.717,0.31,0.08,0.28,0.279,0.188,0.283,-0.1,102,1.4
"ATC","21524","Joey Bart","PIT",97,328,366,78,52,14,0,12,41,45,28,0,102,7,2,0,1,0,0.237,0.309,0.388,0.697,0.307,0.08,0.28,0.276,0.151,0.305,-0.8,94,1.4
"ATC","7739","Travis d'Arnaud","LAA",72,247,272,58,35,12,1,10,30,34,18,0,68,4,2,0,0,0,0.233,0.294,0.412,0.705,0.306,0.07,0.25,0.264,0.178,0.277,-0.9,97,1.4
"ATC","28080","Jasson Dominguez","NYY",130,466,522,113,75,20,2,16,68,60,50,1,131,2,3,1,22,4,0.243,0.318,0.397,0.715,0.313,0.1,0.25,0.382,0.154,0.303,0.7,102,1.4
"ATC","26323","Spencer Steer","CIN",141,520,591,126,76,29,3,19,70,74,59,1,124,9,3,0,17,4,0.243,0.329,0.419,0.748,0.327,0.1,0.21,0.48,0.176,0.283,0.6,103,1.4
"ATC","21840","Freddy Fermin","KCR",79,267,292,66,47,12,1,6,30,31,20,0,57,2,2,1,1,0,0.249,0.303,0.372,0.675,0.296,0.07,0.19,0.347,0.123,0.291,-0.5,90,1.4
"ATC","24816","Andy Pages","LAD",79,286,320,70,41,16,1,12,43,39,26,1,78,5,2,0,2,1,0.245,0.317,0.434,0.751,0.325,0.08,0.24,0.334,0.19,0.291,-0.5,111,1.4
"ATC","26396","Josh Smith","TEX",96,329,377,79,52,17,1,9,44,37,33,1,78,10,2,2,6,2,0.239,0.325,0.375,0.701,0.31,0.09,0.21,0.421,0.136,0.287,-0.7,102,1.4
"Depth Charts","5517","Kyle Higashioka","TEX",81,297,322,64,36,12,0,14,34,42,20,0,86,1,3,1,2,0,0.214,0.263,0.405,0.668,0.288,0.06,0.27,0.229,0.191,0.247,-0.7,86,1.4
"Depth Charts","21501","Trevor Larnach","MIN",109,411,469,99,61,20,1,16,59,59,50,1,126,4,4,0,4,1,0.241,0.327,0.415,0.741,0.323,0.11,0.27,0.397,0.174,0.304,-1.1,112,1.4
"Depth Charts","20178","Miguel Vargas","CHW",118,442,511,102,63,22,2,15,62,54,58,0,108,6,4,1,10,4,0.231,0.325,0.392,0.717,0.316,0.11,0.21,0.538,0.161,0.269,-0.4,106,1.4
"Depth Charts","16376","Michael Conforto","LAD",115,439,497,104,63,20,1,20,59,69,48,2,121,7,3,1,2,1,0.238,0.32,0.425,0.745,0.324,0.1,0.24,0.394,0.188,0.28,-1.1,109,1.4
"Depth Charts","21840","Freddy Fermin","KCR",70,249,275,63,44,12,1,7,30,30,21,0,53,2,2,1,1,0,0.253,0.313,0.387,0.7,0.307,0.08,0.19,0.396,0.134,0.294,-0.4,95,1.4
"Depth Charts","29794","Kyle Manzardo","CLE",100,377,434,92,51,23,1,17,57,55,47,1,95,4,5,1,1,1,0.243,0.33,0.441,0.772,0.334,0.11,0.22,0.499,0.198,0.277,-0.8,120,1.4
"Depth Charts","19238","Lourdes Gurriel Jr","ARI",130,518,560,141,94,28,2,17,64,73,32,1,102,6,4,0,5,1,0.272,0.32,0.43,0.75,0.324,0.06,0.18,0.317,0.158,0.308,-1,106,1.4
"Depth Charts","33189","Nolan Schanuel","LAA",128,474,553,121,86,20,1,14,66,58,65,0,92,8,4,2,7,1,0.255,0.352,0.388,0.74,0.329,0.12,0.17,0.707,0.133,0.288,-1.1,113,1.4
"Depth Charts","21558","Matt Vierling","DET",126,494,546,125,85,23,4,12,64,54,43,1,116,4,3,1,7,3,0.253,0.317,0.394,0.711,0.31,0.08,0.21,0.372,0.141,0.305,-0.4,103,1.4
"Depth Charts","16426","Thairo Estrada","COL",113,454,490,120,82,22,2,14,59,59,23,0,93,9,3,1,10,4,0.265,0.311,0.417,0.728,0.316,0.05,0.19,0.247,0.152,0.303,0.1,89,1.4
"Depth Charts","17232","Yoan Moncada","LAA",122,471,525,115,76,26,2,12,56,54,46,1,144,4,3,1,4,1,0.245,0.316,0.384,0.7,0.308,0.09,0.27,0.324,0.14,0.324,-0.4,98,1.4
"Depth Charts","15274","Mike Tauchman","CHW",92,340,399,83,57,16,1,9,53,35,51,1,86,4,2,1,7,1,0.244,0.348,0.375,0.723,0.323,0.13,0.22,0.596,0.132,0.299,0,110,1.4
"Depth Charts","16442","Ryan O'Hearn","BAL",94,369,406,99,65,17,2,15,50,55,31,2,75,3,3,0,3,1,0.267,0.327,0.441,0.768,0.331,0.08,0.18,0.415,0.174,0.297,-0.9,119,1.4
"Depth Charts","31166","Heston Kjerstad","BAL",92,356,399,91,59,16,2,14,50,53,30,2,102,9,3,0,2,1,0.255,0.326,0.425,0.751,0.326,0.08,0.26,0.298,0.17,0.317,-0.7,116,1.4
"Depth Charts","12144","Max Kepler","PHI",115,447,497,107,67,21,2,17,59,60,41,0,100,6,3,0,3,0,0.24,0.309,0.412,0.721,0.314,0.08,0.2,0.408,0.172,0.27,-0.5,101,1.4
"Depth Charts","21897","Christopher Morel","TBR",118,454,511,104,61,18,3,22,61,66,48,2,141,5,3,1,9,4,0.229,0.309,0.426,0.735,0.318,0.09,0.28,0.34,0.196,0.281,-0.3,112,1.4
"Depth Charts","2396","Carlos Santana","CLE",136,514,588,117,74,23,0,20,64,69,66,2,106,4,4,0,3,0,0.228,0.318,0.39,0.708,0.311,0.11,0.18,0.626,0.162,0.248,-1.1,104,1.4
"Depth Charts","20352","Ernie Clement","TOR",73,296,315,78,54,15,2,7,35,36,13,0,31,2,2,2,6,2,0.264,0.299,0.4,0.698,0.303,0.04,0.1,0.434,0.135,0.273,-0.2,98,1.4
"OOPSY","21614","Kyle Isbel","KCR",130,507,560,122,80,26,6,11,70,52,39,0,115,6,4,4,15,4,0.24,0.301,0.376,0.677,0.296,0.07,0.2,0.343,0.136,0.289,1.7,88,1.4
"OOPSY","26365","Jonny DeLuca","TBR",113,443,490,102,63,21,3,15,57,54,36,0,101,6,3,1,18,4,0.229,0.295,0.39,0.685,0.299,0.07,0.21,0.357,0.161,0.263,1,98,1.4
"OOPSY","19470","Tommy Edman","LAD",141,555,609,134,90,27,3,14,67,60,43,1,110,6,4,1,23,5,0.242,0.301,0.377,0.678,0.297,0.07,0.18,0.397,0.135,0.275,2.2,91,1.4
"OOPSY","21840","Freddy Fermin","KCR",70,250,275,64,45,12,1,6,29,27,21,0,53,2,2,1,1,0,0.255,0.314,0.386,0.7,0.307,0.08,0.19,0.396,0.131,0.298,-0.4,95,1.4
"OOPSY","10681","Gio Urshela","ATH",112,448,483,118,86,21,2,9,51,44,29,1,83,2,4,0,2,1,0.264,0.309,0.382,0.691,0.301,0.06,0.17,0.342,0.118,0.303,-1.6,100,1.4
"OOPSY","29592","Connor Norby","MIA",136,534,588,127,82,26,2,17,63,64,44,1,167,4,5,0,10,4,0.237,0.298,0.39,0.688,0.3,0.07,0.28,0.263,0.153,0.309,-0.5,89,1.4
"OOPSY","29931","Jacob Young","WSN",139,544,602,130,101,24,3,3,60,36,37,0,113,10,5,6,35,7,0.239,0.298,0.308,0.606,0.272,0.06,0.19,0.33,0.069,0.294,3.4,73,1.4
"OOPSY","21693","Miguel Amaya","CHC",81,282,320,67,44,13,1,9,36,33,26,1,65,7,3,2,0,0,0.239,0.317,0.387,0.705,0.31,0.08,0.2,0.404,0.148,0.279,-0.9,101,1.4
"Steamer","27475","Jordan Walker","STL",134,487,537,124,79,26,2,17,59,64,39,0,120,6,4,1,7,2,0.255,0.315,0.42,0.735,0.319,0.07,0.22,0.325,0.165,0.303,-0.3,106,1.4
"Steamer","2396","Carlos Santana","CLE",136,509,580,120,76,23,1,21,66,71,62,2,105,4,4,1,3,1,0.236,0.321,0.405,0.726,0.318,0.11,0.18,0.587,0.169,0.257,-1.5,108,1.4
"Steamer","18042","Dylan Moore","SEA",99,327,382,67,40,15,2,10,44,36,42,1,111,9,3,1,23,6,0.204,0.309,0.352,0.661,0.295,0.11,0.29,0.376,0.149,0.272,1.7,98,1.4
"Steamer","18900","Leody Taveras","TEX",81,283,312,70,47,14,2,8,36,34,24,0,67,1,2,1,12,3,0.248,0.308,0.397,0.705,0.308,0.08,0.21,0.363,0.149,0.295,1,100,1.4
"Steamer","21501","Trevor Larnach","MIN",109,419,477,101,63,20,1,17,57,58,51,1,128,3,3,1,4,1,0.242,0.328,0.42,0.747,0.326,0.11,0.27,0.403,0.177,0.304,-1.3,113,1.4
"Steamer","20308","Jake Meyers","HOU",91,316,351,75,49,15,2,9,39,38,26,0,86,5,3,1,7,2,0.238,0.303,0.384,0.687,0.301,0.07,0.25,0.301,0.147,0.294,0.6,97,1.4
"Steamer","27467","Tyler Soderstrom","ATH",123,464,515,108,62,20,1,25,62,70,41,2,135,5,4,1,2,1,0.234,0.3,0.445,0.746,0.32,0.08,0.26,0.301,0.212,0.27,-1.2,113,1.4
"Steamer","33541","Dylan Crews","WSN",136,559,615,137,89,27,4,17,76,64,42,0,135,8,4,2,25,7,0.246,0.306,0.4,0.706,0.308,0.07,0.22,0.31,0.154,0.293,1,97,1.4
"Steamer","sa3012639","Hyeseong Kim","LAD",97,338,365,94,73,14,2,5,42,36,22,1,59,2,3,1,14,3,0.279,0.324,0.374,0.698,0.306,0.06,0.16,0.366,0.095,0.324,0.7,97,1.4
"THE BAT","9774","Christian Vazquez","MIN",81,271,295,63,46,11,0,5,28,28,16,0,61,2,2,2,3,1,0.233,0.276,0.335,0.611,0.269,0.05,0.21,0.255,0.102,0.279,-0.3,73,1.4
"THE BAT","21558","Matt Vierling","DET",129,481,531,120,81,23,3,13,60,54,40,0,109,5,4,1,8,3,0.25,0.311,0.39,0.702,0.307,0.08,0.2,0.371,0.141,0.295,-0.4,101,1.4
"THE BAT","27684","Michael Massey","KCR",117,424,461,105,64,23,2,15,51,57,26,1,90,5,4,2,5,1,0.247,0.296,0.416,0.712,0.307,0.06,0.2,0.286,0.17,0.277,-0.3,95,1.4
"THE BAT","22275","Jake Burger","TEX",141,533,582,128,74,22,2,29,73,80,36,1,156,9,4,1,1,0,0.239,0.297,0.455,0.753,0.323,0.06,0.27,0.232,0.216,0.28,-0.8,111,1.4
"THE BAT","26396","Josh Smith","TEX",97,330,377,79,52,16,1,9,44,35,33,1,78,9,3,2,7,2,0.238,0.321,0.378,0.699,0.309,0.09,0.21,0.422,0.14,0.282,-0.1,101,1.4
"THE BAT","15362","Jeff McNeil","NYM",129,471,520,119,84,25,1,9,54,51,35,1,70,9,4,2,3,1,0.252,0.313,0.365,0.678,0.299,0.07,0.14,0.492,0.114,0.277,-0.8,94,1.4
"THE BAT","22715","Maikel Garcia","KCR",129,481,528,122,89,24,3,6,63,45,38,0,95,2,4,3,23,5,0.254,0.309,0.357,0.666,0.293,0.07,0.18,0.406,0.103,0.301,1.3,85,1.4
"THE BATX","18373","Ryan Mountcastle","BAL",124,470,514,123,81,23,2,18,61,65,35,1,117,4,5,0,3,1,0.263,0.315,0.434,0.749,0.323,0.07,0.23,0.295,0.171,0.31,-0.7,113,1.4
"THE BATX","26323","Spencer Steer","CIN",141,521,592,128,78,28,2,19,73,70,57,0,120,9,5,0,13,4,0.245,0.326,0.419,0.745,0.326,0.1,0.2,0.472,0.174,0.28,-0.1,102,1.4
"THE BATX","10815","Jurickson Profar","ATL",140,522,602,129,87,25,2,16,74,62,63,2,98,9,4,3,5,2,0.248,0.336,0.392,0.728,0.321,0.1,0.16,0.643,0.144,0.276,-1,104,1.4
"THE BATX","13620","Carson Kelly","CHC",82,270,301,61,41,11,0,8,30,34,25,0,62,4,2,0,1,0,0.225,0.298,0.361,0.659,0.291,0.08,0.21,0.4,0.136,0.261,-0.5,88,1.4
"THE BATX","33541","Dylan Crews","WSN",135,524,574,128,85,25,3,15,69,60,38,0,128,8,3,1,23,6,0.245,0.305,0.39,0.695,0.304,0.07,0.22,0.296,0.145,0.296,1,95,1.4
"THE BATX","20220","Jo Adell","LAA",117,400,440,90,51,18,2,20,57,55,32,1,132,6,2,0,12,3,0.225,0.29,0.431,0.721,0.311,0.07,0.3,0.241,0.205,0.279,0.4,101,1.4
"THE BATX","22186","Brice Turang","MIL",142,518,573,126,93,22,4,6,65,46,46,1,107,2,4,3,34,6,0.243,0.305,0.338,0.643,0.284,0.08,0.19,0.426,0.095,0.293,3.4,81,1.4
"THE BATX","28080","Jasson Dominguez","NYY",131,467,519,113,74,21,2,15,65,53,45,2,127,4,3,1,19,4,0.242,0.311,0.395,0.707,0.308,0.09,0.24,0.354,0.154,0.298,1.1,101,1.4
"THE BATX","9218","Paul Goldschmidt","NYY",142,546,608,133,84,25,1,23,72,73,54,1,154,3,4,1,7,3,0.243,0.312,0.418,0.731,0.317,0.09,0.25,0.348,0.175,0.295,-0.8,107,1.4
"ZiPS","27784","Tyler Gentry","KCR",119,442,500,105,68,24,2,11,55,58,47,0,147,7,3,1,7,2,0.238,0.319,0.376,0.694,0.307,0.09,0.29,0.32,0.138,0.328,-0.4,95,1.4
"ZiPS","19346","Eli White","ATL",96,299,334,70,50,10,2,8,47,37,29,0,98,5,1,0,15,3,0.234,0.311,0.361,0.673,0.299,0.09,0.29,0.296,0.127,0.32,1.1,90,1.4
"ZiPS","21558","Matt Vierling","DET",137,492,543,125,85,23,5,12,67,51,43,1,116,4,3,1,6,3,0.254,0.317,0.394,0.712,0.311,0.08,0.21,0.371,0.14,0.308,-1,104,1.4
"ZiPS","26365","Jonny DeLuca","TBR",107,374,412,86,53,18,3,12,46,48,30,1,83,6,1,1,13,3,0.23,0.297,0.39,0.687,0.3,0.07,0.2,0.361,0.16,0.264,0.7,99,1.4
"ZiPS","sa3014465","Owen Caissie","CHC",130,504,567,122,81,25,2,14,57,66,54,2,188,5,3,1,7,4,0.242,0.32,0.383,0.703,0.309,0.1,0.33,0.287,0.141,0.354,-1.3,100,1.4
"ZiPS","26548","Luisangel Acuna","NYM",136,553,593,135,102,21,4,8,79,55,34,0,125,2,2,2,29,11,0.244,0.289,0.34,0.629,0.277,0.06,0.21,0.272,0.096,0.301,0.3,80,1.4
"ZiPS","17975","Scott Kingery","LAA",113,403,441,89,59,13,4,13,50,45,29,0,150,1,2,6,14,1,0.221,0.274,0.37,0.643,0.281,0.07,0.34,0.193,0.149,0.314,1.7,79,1.4
"ZiPS","16947","Derek Hill","MIA",98,343,372,89,61,14,4,10,49,46,21,0,103,3,2,3,10,3,0.259,0.306,0.411,0.717,0.311,0.06,0.28,0.204,0.152,0.341,0.1,97,1.4
"ZiPS","19890","Emmanuel Rivera","BAL",117,332,370,81,55,15,2,9,43,42,29,0,80,4,4,1,2,0,0.244,0.309,0.383,0.691,0.303,0.08,0.22,0.362,0.139,0.291,-0.3,100,1.4
"ZiPS","13620","Carson Kelly","CHC",91,276,311,62,43,11,0,8,33,34,28,0,61,4,3,0,1,0,0.225,0.302,0.351,0.654,0.29,0.09,0.2,0.459,0.127,0.257,-0.4,88,1.4
"ZiPS","22232","Mason McCoy","SDP",116,419,463,87,57,20,3,7,47,43,34,0,148,2,3,5,14,4,0.208,0.269,0.32,0.588,0.261,0.07,0.32,0.23,0.112,0.3,0.4,69,1.4
"ZiPS","31595","Brooks Lee","MIN",100,395,428,97,64,23,1,9,44,50,29,2,72,1,3,0,4,1,0.246,0.297,0.377,0.674,0.293,0.07,0.17,0.403,0.132,0.278,-0.3,90,1.4
"ZiPS","sa3025129","Travis Bazzana","CLE",113,452,509,95,63,21,0,11,65,57,48,0,160,9,0,0,9,2,0.21,0.299,0.33,0.628,0.283,0.09,0.31,0.3,0.119,0.299,0,84,1.4
"ZiPS","sa3015579","Jared Serna","MIA",127,520,568,121,79,28,1,13,67,61,36,0,114,9,3,0,9,7,0.233,0.292,0.365,0.658,0.289,0.06,0.2,0.316,0.133,0.273,-2,82,1.4
"ZiPS","12564","Trevor Story","BOS",77,286,318,65,38,17,1,9,37,38,26,2,92,4,2,0,12,3,0.227,0.299,0.388,0.687,0.298,0.08,0.29,0.283,0.161,0.299,0.7,88,1.4
"ZiPS","sa738605","JC Escarra","NYY",114,400,449,90,55,24,3,8,56,51,38,0,79,8,3,0,2,1,0.225,0.303,0.36,0.663,0.293,0.09,0.18,0.481,0.135,0.259,-0.8,90,1.4
"ZiPS","16426","Thairo Estrada","COL",119,443,477,117,80,21,2,14,62,61,22,0,91,9,2,1,8,4,0.264,0.311,0.415,0.726,0.316,0.05,0.19,0.242,0.151,0.303,-0.9,89,1.4
"ZiPS","20126","Dylan Carlson","BAL",114,347,396,83,56,17,2,8,43,43,37,0,90,8,4,0,3,1,0.239,0.323,0.369,0.692,0.307,0.09,0.23,0.411,0.13,0.296,-0.6,102,1.4
"ZiPS","28253","Javier Sanoja","MIA",142,557,602,149,110,28,6,5,55,57,36,0,46,2,4,3,13,9,0.268,0.312,0.366,0.678,0.297,0.06,0.08,0.783,0.099,0.282,-2.2,87,1.4
"ZiPS","17022","Edmundo Sosa","PHI",102,266,292,66,43,12,4,7,38,32,12,0,69,11,2,1,6,2,0.248,0.306,0.402,0.708,0.309,0.04,0.24,0.174,0.154,0.307,-0.1,97,1.4
"ZiPS","31394","Brooks Baldwin","CHW",108,419,455,104,74,19,1,10,48,48,30,0,102,2,1,3,11,3,0.248,0.301,0.37,0.671,0.295,0.07,0.22,0.294,0.122,0.305,0.1,91,1.4
"ZiPS","14968","Victor Caratini","HOU",88,252,284,59,44,8,0,7,26,32,24,2,58,5,3,0,0,1,0.234,0.31,0.349,0.659,0.291,0.09,0.2,0.414,0.115,0.274,-1,90,1.4
"ZiPS","10815","Jurickson Profar","ATL",148,511,595,131,89,28,1,13,73,65,67,2,95,10,4,3,7,2,0.256,0.351,0.391,0.743,0.329,0.11,0.16,0.705,0.135,0.29,-0.7,110,1.4
"ZiPS DC","13185","Orlando Arcia","ATL",138,543,595,125,84,24,0,17,60,64,44,1,124,2,6,0,2,0,0.23,0.288,0.37,0.658,0.287,0.07,0.21,0.352,0.14,0.265,-0.6,82,1.4
"ZiPS DC","21501","Trevor Larnach","MIN",109,410,469,98,61,21,1,15,61,61,50,1,127,4,4,0,3,1,0.24,0.325,0.41,0.735,0.321,0.11,0.27,0.391,0.17,0.305,-0.7,110,1.4
"ZiPS DC","13675","Tyrone Taylor","NYM",79,315,343,73,43,18,2,10,46,41,19,1,80,7,2,0,8,1,0.231,0.288,0.396,0.683,0.296,0.06,0.23,0.238,0.165,0.276,0.7,93,1.4
"ZiPS DC","20352","Ernie Clement","TOR",73,298,315,77,54,15,2,7,35,36,12,0,30,2,2,2,6,2,0.26,0.29,0.393,0.683,0.296,0.04,0.1,0.395,0.133,0.268,0.1,93,1.4
"ZiPS DC","29931","Jacob Young","WSN",139,540,602,133,104,22,3,3,79,49,37,0,110,12,2,10,33,8,0.246,0.308,0.317,0.625,0.28,0.06,0.18,0.34,0.071,0.302,2.3,79,1.4
"ZiPS DC","26151","Kyle Stowers","MIA",113,438,490,103,59,23,2,19,55,65,40,0,150,7,4,0,1,1,0.236,0.309,0.431,0.739,0.32,0.08,0.31,0.27,0.195,0.309,-1.1,103,1.4
"ZiPS DC","16426","Thairo Estrada","COL",113,455,490,120,82,22,2,14,64,63,23,0,93,9,2,1,8,4,0.264,0.311,0.415,0.726,0.316,0.05,0.19,0.242,0.151,0.303,-0.9,89,1.4
"ZiPS DC","19610","Keibert Ruiz","WSN",122,448,480,110,73,23,0,15,46,56,24,0,52,5,3,0,3,1,0.246,0.29,0.396,0.685,0.298,0.05,0.11,0.453,0.149,0.249,-0.6,90,1.4
"ZiPS DC","16376","Michael Conforto","LAD",115,437,497,101,60,20,1,20,59,74,48,2,122,8,3,0,1,1,0.232,0.317,0.423,0.74,0.321,0.1,0.24,0.398,0.191,0.272,-1.1,108,1.4
"ZiPS DC","20178","Miguel Vargas","CHW",118,444,511,105,65,23,2,15,70,54,56,0,106,6,5,0,9,4,0.235,0.326,0.397,0.722,0.318,0.11,0.21,0.528,0.161,0.273,-0.8,107,1.4
"ZiPS DC","13620","Carson Kelly","CHC",76,267,301,60,42,11,0,8,32,33,27,0,59,4,3,0,1,0,0.225,0.302,0.351,0.654,0.29,0.09,0.2,0.459,0.127,0.257,-0.4,88,1.4
"REZ","13620","Carson Kelly","CHC",80,266,299,58,41,8,0,8,30,32,26,1,61,4,2,0,1,0,0.217,0.294,0.339,0.633,0.28,8.8,20.3,0.4,0.122,0.249,-0.6,90,1.4
"REZ","18373","Ryan Mountcastle","BAL",124,480,523,126,83,23,1,18,60,68,34,1,121,3,5,0,3,1,0.262,0.312,0.425,0.737,0.317,6.5,23.2,0.3,0.163,0.311,-0.8,112,1.4
"REZ","19238","Lourdes Gurriel Jr","ARI",131,514,557,132,85,27,2,19,67,71,32,1,98,5,4,0,5,2,0.257,0.304,0.424,0.728,0.314,5.7,17.6,0.3,0.167,0.282,-0.8,106,1.4
"REZ","27534","Edouard Julien","MIN",89,309,363,73,48,13,0,12,45,36,51,0,120,3,2,0,6,1,0.235,0.346,0.394,0.74,0.329,13.9,32.9,0.4,0.159,0.34,-0.1,106,1.4
"REZ","29931","Jacob Young","WSN",134,489,542,120,87,28,3,2,62,40,33,0,99,9,3,6,30,7,0.246,0.305,0.321,0.626,0.278,6.2,18.3,0.3,0.075,0.303,2.4,78,1.4
"REZ","21693","Miguel Amaya","CHC",87,286,323,67,46,11,1,9,31,36,25,0,67,7,3,2,1,0,0.236,0.311,0.378,0.689,0.303,7.8,20.8,0.4,0.142,0.274,-0.7,95,1.4
"REZ","21501","Trevor Larnach","MIN",113,411,469,91,54,21,1,14,59,58,51,2,129,4,4,0,3,1,0.221,0.311,0.381,0.692,0.303,10.9,27.4,0.4,0.16,0.283,-1,112,1.4
"REZ","5517","Kyle Higashioka","TEX",81,273,296,52,27,11,0,13,31,38,19,0,82,1,3,1,2,0,0.191,0.243,0.379,0.622,0.268,6.3,27.7,0.2,0.188,0.216,-0.5,85,1.3
"REZ","24262","Ceddanne Rafaela","BOS",114,437,464,111,70,26,2,12,59,54,16,1,117,6,3,2,17,5,0.253,0.287,0.405,0.692,0.298,3.4,25.2,0.1,0.152,0.317,0.4,85,1.3
"REZ","31437","Jace Jung","DET",94,324,372,75,56,20,0,0,38,39,42,0,96,3,2,0,2,1,0.23,0.321,0.297,0.618,0.284,11.2,25.8,0.4,0.067,0.323,-0.8,98,1.3
"REZ","sa3023011","Kristian Campbell","BOS",71,264,298,69,46,14,2,8,38,36,27,0,68,5,1,0,7,2,0.263,0.343,0.418,0.761,0.333,0.09,0.23,0.402,0.155,0.326,-0.2,112,1.3
"ATC","19913","Jesus Sanchez","MIA",129,465,515,116,72,23,2,19,59,64,43,2,133,4,2,1,10,2,0.249,0.317,0.43,0.747,0.323,0.08,0.26,0.324,0.18,0.308,-0.7,105,1.3
"ATC","sa3012639","Hyeseong Kim","LAD",109,401,438,106,81,18,2,5,52,42,29,1,74,3,3,1,17,3,0.265,0.317,0.361,0.678,0.298,0.07,0.17,0.395,0.096,0.312,1,92,1.3
"ATC","19354","Luke Raley","SEA",119,405,454,93,55,17,2,19,56,56,31,0,138,14,3,1,11,2,0.229,0.304,0.421,0.726,0.316,0.07,0.3,0.223,0.192,0.295,0.1,112,1.3
"ATC","29931","Jacob Young","WSN",125,434,481,107,83,19,2,3,56,36,30,0,91,8,2,7,29,6,0.247,0.306,0.324,0.63,0.281,0.06,0.19,0.326,0.076,0.305,2.4,79,1.3
"ATC","19238","Lourdes Gurriel Jr","ARI",133,518,560,141,94,28,2,17,66,73,32,1,100,6,4,0,6,2,0.271,0.318,0.43,0.749,0.324,0.06,0.18,0.32,0.159,0.306,-1.1,106,1.3
"ATC","26477","Spencer Horwitz","PIT",103,368,424,96,63,22,1,10,48,46,48,2,80,6,3,0,2,1,0.262,0.353,0.407,0.76,0.334,0.11,0.19,0.595,0.145,0.308,-1.4,112,1.3
"ATC","18373","Ryan Mountcastle","BAL",125,476,519,124,81,24,1,18,59,67,34,1,121,3,5,0,3,1,0.26,0.31,0.43,0.74,0.319,0.06,0.23,0.279,0.17,0.308,-0.9,111,1.3
"ATC","18795","Ramon Urias","BAL",80,269,298,67,45,12,1,9,35,35,22,0,64,5,1,0,2,1,0.249,0.316,0.4,0.716,0.314,0.07,0.22,0.348,0.152,0.294,-0.4,107,1.3
"Depth Charts","18373","Ryan Mountcastle","BAL",123,488,532,126,81,25,1,19,61,69,36,1,127,3,5,0,3,1,0.258,0.309,0.432,0.74,0.319,0.07,0.24,0.281,0.174,0.307,-0.9,111,1.3
"Depth Charts","29575","Trey Sweeney","DET",86,334,371,74,48,15,2,9,43,38,31,1,100,3,2,1,9,2,0.223,0.294,0.361,0.654,0.288,0.08,0.27,0.308,0.138,0.288,0.3,88,1.3
"Depth Charts","21837","Jonathan Aranda","TBR",83,311,357,79,52,15,1,12,44,44,36,1,92,6,3,0,1,1,0.254,0.34,0.42,0.76,0.333,0.1,0.26,0.394,0.166,0.319,-0.7,122,1.3
"Depth Charts","18126","LaMonte Wade Jr","SFG",104,376,448,91,61,16,1,13,54,46,62,4,96,5,3,1,2,1,0.241,0.353,0.392,0.745,0.329,0.14,0.21,0.641,0.151,0.288,-1.2,113,1.3
"Depth Charts","9774","Christian Vazquez","MIN",76,279,301,65,48,12,0,5,28,29,17,0,63,2,2,2,2,1,0.235,0.279,0.339,0.618,0.271,0.06,0.21,0.263,0.104,0.282,-1.5,75,1.3
"Depth Charts","27475","Jordan Walker","STL",134,528,581,132,83,27,3,18,60,70,42,0,132,7,4,1,7,3,0.249,0.31,0.416,0.726,0.316,0.07,0.23,0.317,0.167,0.297,-0.7,104,1.3
"Depth Charts","16512","Isiah KinerFalefa","PIT",128,512,553,134,104,21,3,7,58,50,28,1,86,8,4,2,15,4,0.263,0.308,0.354,0.662,0.292,0.05,0.16,0.325,0.091,0.302,0.6,83,1.3
"OOPSY","31595","Brooks Lee","MIN",126,504,546,120,80,27,2,12,55,55,36,0,101,1,4,0,4,1,0.238,0.288,0.367,0.655,0.286,0.07,0.18,0.362,0.129,0.273,-0.6,86,1.3
"OOPSY","18126","LaMonte Wade Jr","SFG",104,379,448,92,61,17,1,13,54,45,59,1,94,5,3,2,2,1,0.244,0.351,0.396,0.747,0.33,0.13,0.21,0.623,0.152,0.29,-1.1,114,1.3
"OOPSY","16930","Jonah Heim","TEX",84,305,333,72,48,14,1,10,34,36,24,0,62,2,2,0,2,1,0.237,0.293,0.384,0.678,0.296,0.07,0.19,0.381,0.148,0.265,-0.6,92,1.3
"OOPSY","21501","Trevor Larnach","MIN",109,411,469,98,61,19,1,17,55,55,49,1,127,4,4,0,4,1,0.239,0.323,0.414,0.737,0.321,0.1,0.27,0.388,0.175,0.3,-1.2,111,1.3
"OOPSY","16426","Thairo Estrada","COL",113,455,490,121,83,23,2,13,56,52,23,0,94,9,3,0,11,3,0.266,0.311,0.413,0.724,0.315,0.05,0.19,0.241,0.147,0.308,0.6,88,1.3
"OOPSY","15362","Jeff McNeil","NYM",125,488,539,123,89,25,1,7,55,45,36,1,71,11,3,1,6,1,0.252,0.316,0.355,0.671,0.297,0.07,0.13,0.513,0.102,0.28,-1.5,93,1.3
"OOPSY","27467","Tyler Soderstrom","ATH",123,486,532,114,64,24,2,24,61,73,36,1,146,5,5,0,1,0,0.234,0.292,0.439,0.731,0.314,0.07,0.28,0.247,0.204,0.281,-1.3,108,1.3
"OOPSY","27534","Edouard Julien","MIN",73,265,315,59,38,12,1,9,37,31,45,1,100,2,2,0,5,1,0.223,0.339,0.372,0.711,0.317,0.14,0.32,0.451,0.149,0.318,0.1,107,1.3
"Steamer","10681","Gio Urshela","ATH",112,408,441,108,78,19,1,10,45,47,25,1,76,3,3,1,2,1,0.264,0.308,0.39,0.699,0.304,0.06,0.17,0.332,0.126,0.3,-1.6,102,1.3
"Steamer","29794","Kyle Manzardo","CLE",100,392,448,94,53,22,1,18,59,54,48,1,100,4,3,1,2,1,0.239,0.327,0.438,0.765,0.332,0.11,0.22,0.484,0.199,0.273,-0.7,119,1.3
"Steamer","20538","Jose Miranda","MIN",112,417,455,112,73,23,2,13,50,55,27,0,77,6,3,1,3,1,0.268,0.32,0.429,0.748,0.324,0.06,0.17,0.355,0.161,0.299,-1.3,112,1.3
"Steamer","16426","Thairo Estrada","COL",113,429,464,114,78,21,2,14,51,53,22,0,88,8,3,1,11,3,0.265,0.311,0.418,0.729,0.316,0.05,0.19,0.252,0.153,0.303,0.8,89,1.3
"Steamer","19354","Luke Raley","SEA",112,415,466,95,57,17,1,19,54,58,32,0,143,14,3,1,10,3,0.229,0.305,0.415,0.72,0.314,0.07,0.31,0.227,0.186,0.295,0,111,1.3
"Steamer","5517","Kyle Higashioka","TEX",76,268,290,59,34,11,1,13,33,37,17,0,78,2,2,1,2,1,0.218,0.267,0.411,0.679,0.292,0.06,0.27,0.219,0.193,0.253,-0.8,89,1.3
"Steamer","26365","Jonny DeLuca","TBR",113,402,447,93,58,18,3,13,50,50,34,1,94,6,3,1,14,4,0.231,0.298,0.392,0.69,0.3,0.08,0.21,0.361,0.161,0.267,0.1,99,1.3
"Steamer","16376","Michael Conforto","LAD",115,418,472,102,63,19,1,18,57,61,44,1,114,6,3,1,2,1,0.244,0.322,0.428,0.751,0.326,0.09,0.24,0.39,0.184,0.289,-1,111,1.3
"Steamer","20352","Ernie Clement","TOR",79,293,313,79,55,15,2,7,34,36,15,0,31,3,2,1,6,2,0.269,0.307,0.407,0.714,0.309,0.05,0.1,0.471,0.138,0.278,-0.4,103,1.3
"Steamer","20178","Miguel Vargas","CHW",120,415,482,94,57,21,1,14,52,50,57,0,105,5,3,1,10,3,0.226,0.325,0.386,0.711,0.314,0.12,0.22,0.546,0.16,0.266,0,104,1.3
"Steamer","7739","Travis d'Arnaud","LAA",62,229,251,54,33,11,0,10,28,32,16,0,62,4,2,1,1,0,0.236,0.296,0.421,0.716,0.311,0.06,0.25,0.263,0.184,0.277,-0.9,100,1.3
"Steamer","31437","Jace Jung","DET",83,285,331,64,41,14,1,9,34,33,40,0,85,3,2,1,2,1,0.225,0.323,0.371,0.695,0.308,0.12,0.26,0.467,0.146,0.287,-0.7,102,1.3
"Steamer","16442","Ryan O'Hearn","BAL",96,377,415,101,67,18,2,15,50,55,31,2,76,3,3,0,3,1,0.267,0.326,0.439,0.764,0.33,0.07,0.18,0.405,0.172,0.298,-1.1,118,1.3
"Steamer","15274","Mike Tauchman","CHW",94,360,422,87,61,16,1,10,51,36,53,0,91,5,3,2,7,2,0.242,0.345,0.374,0.718,0.32,0.13,0.21,0.586,0.131,0.295,-0.2,109,1.3
"Steamer","9774","Christian Vazquez","MIN",71,255,275,61,43,11,0,6,27,27,15,0,59,2,2,1,3,1,0.238,0.283,0.353,0.636,0.278,0.06,0.21,0.257,0.115,0.285,-1.6,80,1.3
"Steamer","14968","Victor Caratini","HOU",48,172,193,43,30,7,1,6,22,22,16,0,40,3,1,1,1,0,0.248,0.322,0.393,0.715,0.314,0.09,0.2,0.413,0.145,0.289,-1,106,1.3
"Steamer","19238","Lourdes Gurriel Jr","ARI",130,514,557,140,93,28,2,17,66,74,32,1,101,6,4,1,5,2,0.272,0.32,0.434,0.754,0.326,0.06,0.18,0.318,0.162,0.307,-1.3,107,1.3
"THE BAT","28080","Jasson Dominguez","NYY",131,467,519,112,74,21,2,16,64,53,45,2,127,4,3,1,19,4,0.241,0.311,0.395,0.706,0.308,0.09,0.24,0.357,0.154,0.295,1.2,100,1.3
"THE BAT","9218","Paul Goldschmidt","NYY",142,546,608,132,83,26,1,22,72,72,53,1,155,3,4,1,8,2,0.242,0.311,0.415,0.727,0.316,0.09,0.25,0.346,0.173,0.295,-0.2,106,1.3
"THE BAT","23772","Wilyer Abreu","BOS",119,414,467,98,57,24,2,16,58,56,46,1,125,4,3,0,9,3,0.236,0.316,0.417,0.733,0.32,0.1,0.27,0.365,0.181,0.297,-0.1,103,1.3
"THE BAT","19896","Connor Wong","BOS",106,371,404,89,58,19,1,11,46,43,24,0,108,5,3,2,8,2,0.239,0.292,0.386,0.678,0.295,0.06,0.27,0.219,0.147,0.306,0,86,1.3
"THE BAT","26208","Tyler Fitzgerald","SFG",135,492,538,114,70,24,3,17,65,57,34,0,166,7,3,2,17,4,0.231,0.287,0.393,0.68,0.296,0.06,0.31,0.202,0.162,0.31,1,91,1.3
"THE BAT","13620","Carson Kelly","CHC",82,269,301,59,40,11,0,8,29,33,26,0,62,4,2,0,1,0,0.221,0.295,0.351,0.646,0.286,0.09,0.21,0.412,0.13,0.256,-0.5,85,1.3
"THE BAT","19522","TJ Friedl","CIN",120,444,503,108,71,18,3,16,63,54,41,1,84,10,4,5,15,3,0.244,0.319,0.406,0.725,0.317,0.08,0.17,0.487,0.163,0.265,0.7,96,1.3
"THE BAT","19287","Adolis Garcia","TEX",143,548,606,124,71,24,2,27,76,74,46,1,170,7,5,0,13,3,0.226,0.291,0.422,0.714,0.308,0.08,0.28,0.27,0.197,0.273,0.5,101,1.3
"THE BAT","20308","Jake Meyers","HOU",111,378,417,88,58,18,1,11,47,42,29,0,98,6,3,1,7,2,0.232,0.296,0.373,0.669,0.294,0.07,0.24,0.298,0.14,0.284,-0.3,92,1.3
"THE BATX","25961","Kerry Carpenter","DET",120,429,478,107,63,22,3,20,59,63,38,2,118,7,4,0,4,1,0.25,0.318,0.453,0.771,0.331,0.08,0.25,0.318,0.203,0.296,-0.5,118,1.3
"THE BATX","27555","Garrett Mitchell","MIL",116,400,452,91,60,17,3,11,54,43,43,1,140,4,2,2,20,4,0.227,0.307,0.366,0.673,0.297,0.1,0.31,0.31,0.139,0.316,1.7,89,1.3
"THE BATX","19608","Otto Lopez","MIA",112,404,438,108,78,20,3,7,50,40,25,1,78,4,3,2,15,4,0.267,0.313,0.38,0.693,0.303,0.06,0.18,0.316,0.112,0.315,0.6,91,1.3
"THE BATX","9774","Christian Vazquez","MIN",81,271,295,62,45,11,0,5,27,27,15,0,60,2,2,2,3,2,0.228,0.271,0.327,0.598,0.263,0.05,0.2,0.256,0.099,0.272,-0.6,70,1.3
"THE BATX","19896","Connor Wong","BOS",106,371,404,88,58,17,2,12,46,43,23,0,108,5,3,2,8,2,0.237,0.289,0.386,0.675,0.294,0.06,0.27,0.214,0.149,0.301,0,85,1.3
"THE BATX","16512","Isiah KinerFalefa","PIT",123,456,493,120,92,19,2,6,54,43,24,0,78,7,3,3,15,5,0.262,0.306,0.354,0.66,0.291,0.05,0.16,0.305,0.092,0.302,0.1,83,1.3
"THE BATX","sa3023011","Kristian Campbell","BOS",91,331,370,85,58,17,1,9,45,39,31,1,85,5,2,1,8,2,0.258,0.328,0.399,0.727,0.318,0.08,0.23,0.36,0.141,0.319,0.2,102,1.3
"THE BATX","27684","Michael Massey","KCR",117,423,461,103,63,24,2,14,51,55,27,1,90,5,4,2,5,2,0.243,0.295,0.405,0.7,0.303,0.06,0.2,0.304,0.163,0.275,-0.4,92,1.3
"THE BATX","17027","Alex Verdugo",NA,106,424,468,110,74,23,1,11,52,53,36,1,71,3,4,1,3,1,0.259,0.319,0.399,0.718,0.312,0.08,0.15,0.513,0.141,0.285,-0.7,102,1.3
"THE BATX","18839","Josh Naylor","ARI",141,535,598,138,90,28,1,20,71,80,50,5,91,7,5,0,7,3,0.258,0.327,0.425,0.752,0.324,0.08,0.15,0.554,0.167,0.276,-0.9,106,1.3
"ZiPS","19610","Keibert Ruiz","WSN",123,455,487,112,74,23,0,15,47,57,24,0,53,5,3,0,3,1,0.246,0.29,0.396,0.685,0.298,0.05,0.11,0.453,0.149,0.249,-0.6,90,1.3
"ZiPS","18889","Danny Mendick",NA,103,332,361,77,54,15,0,8,41,37,24,0,82,4,0,1,8,3,0.232,0.292,0.349,0.641,0.284,0.07,0.23,0.293,0.117,0.285,-0.3,83,1.3
"ZiPS","sa3014711","Max Acosta","MIA",111,433,467,110,79,22,2,7,54,45,25,0,85,4,4,1,15,7,0.254,0.298,0.363,0.661,0.289,0.05,0.18,0.294,0.109,0.299,-0.7,82,1.3
"ZiPS","23818","Ji Hwan Bae","PIT",110,390,435,102,74,18,4,6,64,44,38,1,99,2,3,2,19,6,0.262,0.328,0.374,0.702,0.309,0.09,0.23,0.384,0.113,0.333,0.5,95,1.3
"ZiPS","24589","Richie Palacios","TBR",108,357,414,85,59,18,2,6,53,42,47,1,74,6,3,1,14,2,0.238,0.334,0.35,0.684,0.306,0.11,0.18,0.635,0.112,0.282,1.1,103,1.3
"ZiPS","29931","Jacob Young","WSN",138,492,548,121,95,20,3,3,72,45,34,0,100,11,2,9,30,7,0.246,0.308,0.317,0.625,0.28,0.06,0.18,0.34,0.071,0.302,2.1,79,1.3
"ZiPS","17276","Alex Jackson","NYY",77,240,266,49,24,13,1,11,31,38,19,1,83,5,1,1,1,0,0.204,0.275,0.404,0.68,0.294,0.07,0.31,0.229,0.2,0.259,-0.2,91,1.3
"ZiPS","12037","Jon Berti","CHC",94,286,319,70,53,10,2,5,39,26,27,1,73,3,2,1,15,4,0.245,0.314,0.346,0.661,0.293,0.09,0.23,0.37,0.101,0.31,0.7,89,1.3
"ZiPS","sa3017183","Caleb Durbin","MIL",95,360,411,85,56,20,2,7,52,47,34,1,47,12,2,3,20,4,0.236,0.321,0.361,0.682,0.303,0.08,0.11,0.723,0.125,0.253,1.6,93,1.3
"ZiPS","25805","Blake Sabol","BOS",112,384,433,93,62,18,2,11,48,56,38,1,123,5,3,3,6,1,0.242,0.316,0.385,0.702,0.308,0.09,0.28,0.309,0.143,0.324,0,95,1.3
"ZiPS","16442","Ryan O'Hearn","BAL",128,393,433,105,70,17,2,16,55,60,34,2,80,3,3,0,3,1,0.267,0.328,0.443,0.771,0.332,0.08,0.18,0.425,0.176,0.297,-0.6,120,1.3
"ZiPS","25477","Isaac Collins","MIL",113,413,474,93,60,20,4,9,58,52,50,1,113,7,2,2,16,5,0.225,0.318,0.358,0.676,0.301,0.1,0.24,0.442,0.133,0.287,0.3,92,1.3
"ZiPS","14593","David Bote","LAD",90,281,311,64,40,16,1,7,31,40,22,0,77,5,2,1,2,1,0.228,0.294,0.367,0.66,0.29,0.07,0.25,0.286,0.139,0.286,-0.5,87,1.3
"ZiPS","sa3005478","Carlos D Rodriguez","ATL",118,464,515,122,93,21,5,3,59,47,47,0,68,1,3,0,11,5,0.263,0.33,0.349,0.679,0.302,0.09,0.13,0.691,0.086,0.301,-0.9,92,1.3
"ZiPS","17620","Myles Straw","TOR",131,450,500,105,80,19,4,2,57,35,41,1,97,1,4,4,21,3,0.233,0.296,0.307,0.603,0.269,0.08,0.19,0.423,0.073,0.29,2,74,1.3
"ZiPS","18015","Paul DeJong","WSN",125,403,441,86,51,17,0,18,47,51,27,0,135,7,4,0,2,2,0.213,0.272,0.39,0.662,0.288,0.06,0.31,0.2,0.176,0.268,-1.1,82,1.3
"ZiPS","sa3017400","Liam Hicks","MIA",103,371,431,92,70,17,1,4,43,40,43,0,68,12,5,0,2,1,0.248,0.341,0.332,0.673,0.304,0.1,0.16,0.632,0.084,0.289,-1,92,1.3
"ZiPS","21009","Leo Rivas","SEA",104,322,383,71,56,10,2,3,47,30,48,0,94,3,4,6,18,5,0.22,0.324,0.292,0.616,0.282,0.12,0.24,0.511,0.071,0.297,0.7,89,1.3
"ZiPS","17128","Ramon Laureano","BAL",103,353,390,85,52,18,2,13,48,51,26,0,116,10,1,0,9,3,0.241,0.31,0.414,0.724,0.316,0.07,0.3,0.224,0.173,0.32,-0.1,101,1.3
"ZiPS","13185","Orlando Arcia","ATL",137,473,518,109,73,21,0,15,52,56,38,1,108,2,5,0,2,0,0.23,0.288,0.37,0.658,0.287,0.07,0.21,0.352,0.14,0.265,-0.5,82,1.3
"ZiPS","21562","Romy Gonzalez","BOS",91,266,288,69,44,13,3,9,35,40,17,0,80,2,3,0,12,3,0.259,0.306,0.432,0.738,0.318,0.06,0.28,0.212,0.173,0.333,0.7,101,1.3
"ZiPS","13675","Tyrone Taylor","NYM",115,316,344,73,43,18,2,10,46,41,19,1,80,7,2,0,8,1,0.231,0.288,0.396,0.683,0.296,0.06,0.23,0.238,0.165,0.276,0.7,93,1.3
"ZiPS","23442","Luis Vazquez","BAL",103,373,415,86,62,15,1,8,42,46,26,0,106,7,3,6,3,4,0.231,0.291,0.34,0.631,0.28,0.06,0.26,0.245,0.11,0.298,-1.8,83,1.3
"ZiPS","31837","Masataka Yoshida","BOS",119,437,483,124,85,25,1,13,55,63,35,2,60,8,3,0,3,0,0.284,0.346,0.435,0.781,0.339,0.07,0.12,0.583,0.151,0.302,-0.4,116,1.3
"ZiPS","27504","Nick Yorke","PIT",124,504,553,124,89,24,1,10,66,54,42,1,127,4,3,0,12,5,0.246,0.307,0.357,0.665,0.293,0.08,0.23,0.331,0.111,0.308,-0.7,84,1.3
"ZiPS","17907","Brendan Rodgers",NA,123,462,501,121,81,25,2,13,58,57,31,1,110,5,2,1,1,0,0.262,0.314,0.409,0.723,0.314,0.06,0.22,0.282,0.147,0.317,-0.7,88,1.3
"ZiPS","25782","Pedro Pages","STL",92,322,355,71,50,12,1,8,30,40,26,0,93,3,3,1,2,0,0.22,0.282,0.339,0.621,0.275,0.07,0.26,0.28,0.118,0.281,-0.2,76,1.3
"ZiPS","20557","CJ Alexander","ATH",102,385,413,89,51,21,3,14,49,49,23,0,112,3,2,0,4,2,0.231,0.278,0.41,0.689,0.297,0.06,0.27,0.205,0.179,0.287,-0.6,97,1.3
"ZiPS","31490","Wade Meckler","SFG",93,361,398,99,74,17,3,5,48,41,34,0,76,2,1,0,6,1,0.274,0.339,0.38,0.719,0.318,0.09,0.19,0.447,0.105,0.335,-0.1,105,1.3
"ZiPS","22558","Jarred Kelenic","ATL",124,427,475,106,65,24,2,15,56,63,42,2,135,2,3,1,10,4,0.248,0.316,0.419,0.736,0.319,0.09,0.28,0.311,0.171,0.325,-0.5,103,1.3
"ZiPS","22766","Steward Berroa","TOR",108,340,386,77,52,14,4,7,54,38,36,0,111,3,2,5,29,8,0.226,0.304,0.353,0.657,0.292,0.09,0.29,0.324,0.126,0.312,1.8,90,1.3
"ZiPS","20178","Miguel Vargas","CHW",124,446,513,105,65,23,2,15,70,54,56,0,106,6,5,0,9,4,0.235,0.326,0.397,0.722,0.318,0.11,0.21,0.528,0.161,0.273,-0.8,107,1.3
"ZiPS","19844","Abraham Toro","BOS",107,372,410,92,59,22,2,9,43,47,30,1,71,5,2,1,4,2,0.247,0.311,0.39,0.7,0.306,0.07,0.17,0.423,0.142,0.282,-0.7,93,1.3
"ZiPS","21524","Joey Bart","PIT",89,284,317,69,47,12,0,10,39,38,25,0,88,7,1,0,0,0,0.243,0.319,0.391,0.709,0.313,0.08,0.28,0.284,0.148,0.316,-0.6,98,1.3
"ZiPS","31396","Tyler Locklear","SEA",116,448,509,102,63,23,2,14,62,64,42,1,148,16,3,0,6,1,0.228,0.314,0.382,0.696,0.307,0.08,0.29,0.284,0.154,0.304,-0.2,106,1.3
"ZiPS DC","20220","Jo Adell","LAA",109,423,469,96,52,20,2,23,60,71,35,1,140,7,3,0,11,6,0.228,0.296,0.446,0.743,0.319,0.07,0.3,0.252,0.218,0.28,-1,107,1.3
"ZiPS DC","21840","Freddy Fermin","KCR",70,250,275,63,45,11,1,6,30,31,20,0,52,2,2,1,1,0,0.252,0.31,0.382,0.692,0.303,0.07,0.19,0.391,0.129,0.292,-0.4,92,1.3
"ZiPS DC","22275","Jake Burger","TEX",143,567,616,137,75,27,2,33,73,100,34,1,166,11,4,0,1,1,0.242,0.295,0.472,0.767,0.328,0.06,0.27,0.205,0.23,0.279,-1.2,114,1.3
"ZiPS DC","5517","Kyle Higashioka","TEX",81,296,322,62,35,13,0,14,31,44,21,0,87,0,4,1,1,0,0.211,0.259,0.399,0.658,0.283,0.06,0.27,0.239,0.189,0.242,-0.2,83,1.3
"ZiPS DC","27534","Edouard Julien","MIN",73,267,315,63,41,12,1,8,39,33,44,1,102,2,1,0,6,1,0.234,0.347,0.376,0.723,0.323,0.14,0.32,0.437,0.142,0.343,0.2,112,1.3
"ZiPS DC","17982","Ty France","MIN",102,391,441,102,69,20,0,12,48,50,31,1,82,17,3,0,1,0,0.26,0.338,0.403,0.741,0.326,0.07,0.19,0.375,0.143,0.299,-0.8,114,1.3
"ZiPS DC","21693","Miguel Amaya","CHC",81,281,320,67,45,13,1,8,30,39,25,0,66,8,3,3,0,0,0.237,0.314,0.371,0.685,0.303,0.08,0.2,0.382,0.134,0.28,-0.6,96,1.3
"ZiPS DC","19363","Austin Hays","CIN",113,450,490,117,69,31,1,16,63,59,30,1,121,7,3,1,3,2,0.26,0.313,0.443,0.756,0.326,0.06,0.25,0.243,0.182,0.319,-1,102,1.3
"REZ","13185","Orlando Arcia","ATL",133,492,540,113,77,21,1,14,57,58,40,2,115,3,4,1,2,0,0.23,0.289,0.36,0.649,0.283,7.4,21.3,0.3,0.13,0.271,-0.8,83,1.3
"REZ","21837","Jonathan Aranda","TBR",95,334,381,78,47,18,1,11,44,47,36,2,104,6,3,0,1,1,0.232,0.315,0.393,0.708,0.309,9.4,27.4,0.3,0.161,0.299,-0.7,118,1.3
"REZ","16376","Michael Conforto","LAD",116,420,477,96,57,20,1,20,56,65,44,2,114,7,3,0,1,1,0.229,0.311,0.423,0.734,0.318,9.4,24,0.4,0.194,0.264,-1,109,1.3
"REZ","26197","Andrew Vaughn","CHW",143,553,607,137,88,29,1,19,65,77,41,0,122,8,4,0,1,0,0.248,0.308,0.406,0.714,0.311,6.8,20.1,0.3,0.158,0.284,-1.6,110,1.2
"REZ","20352","Ernie Clement","TOR",86,313,333,76,59,10,2,5,37,36,13,0,32,2,2,2,7,2,0.241,0.275,0.331,0.606,0.265,3.9,9.7,0.4,0.09,0.254,-0.1,93,1.2
"REZ","21840","Freddy Fermin","KCR",76,264,289,68,50,11,1,7,31,31,20,0,52,2,2,1,1,0,0.258,0.314,0.383,0.697,0.306,7.1,18,0.4,0.125,0.295,-0.5,90,1.2
"REZ","16442","Ryan O'Hearn","BAL",102,370,407,94,58,18,2,17,50,53,30,1,72,3,3,0,3,1,0.255,0.314,0.455,0.769,0.331,7.4,17.7,0.4,0.2,0.272,-0.8,117,1.2
"REZ","33189","Nolan Schanuel","LAA",132,482,562,120,96,14,0,8,64,54,64,2,97,8,5,2,7,2,0.248,0.343,0.328,0.671,0.303,11.5,17.3,0.7,0.08,0.292,-0.9,109,1.2
"REZ","14968","Victor Caratini","HOU",60,199,224,48,35,8,0,5,23,24,19,1,46,4,2,0,1,1,0.241,0.316,0.36,0.676,0.298,8.5,20.7,0.4,0.119,0.286,-0.8,97,1.2
"REZ","27615","Alec Burleson","STL",118,453,493,121,86,21,1,15,56,62,31,0,65,4,4,1,6,2,0.268,0.317,0.416,0.733,0.319,6.2,13.2,0.5,0.148,0.283,-0.9,108,1.2
"REZ","27464","Dillon Dingler","DET",66,232,256,52,22,18,8,4,27,30,18,0,70,4,2,0,2,1,0.224,0.289,0.429,0.718,0.309,6.9,27.4,0.3,0.205,0.301,-0.3,89,1.2
"REZ","31166","Heston Kjerstad","BAL",96,350,391,86,58,10,0,18,48,49,27,3,97,9,3,0,2,1,0.245,0.313,0.424,0.737,0.317,7,24.9,0.3,0.179,0.284,-0.7,113,1.2
"REZ","20220","Jo Adell","LAA",111,402,445,94,55,19,4,17,57,61,34,0,135,6,3,0,12,5,0.235,0.302,0.43,0.732,0.316,7.6,30.2,0.3,0.195,0.305,-0.2,103,1.2
"REZ","17232","Yoan Moncada","LAA",104,388,431,87,53,20,4,10,47,45,38,1,123,3,2,0,3,1,0.224,0.297,0.376,0.673,0.295,8.8,28.5,0.3,0.152,0.299,-0.4,100,1.2
"REZ","29622","Sal Frelick","MIL",113,423,468,105,77,20,3,4,53,42,38,0,73,5,3,1,14,3,0.247,0.313,0.337,0.65,0.289,8,15.6,0.5,0.09,0.288,0.6,92,1.2
"REZ","29575","Trey Sweeney","DET",86,318,352,73,46,16,0,11,39,36,27,0,95,3,2,0,8,2,0.23,0.296,0.384,0.68,0.298,7.8,27.1,0.3,0.154,0.29,0.2,85,1.2
"ATC","17452","Jose Siri","NYM",103,360,394,75,42,15,2,17,50,47,26,0,142,4,3,1,14,4,0.208,0.267,0.396,0.662,0.287,0.06,0.36,0.18,0.188,0.286,1.4,84,1.2
"ATC","21614","Kyle Isbel","KCR",122,409,451,96,62,20,5,9,56,44,29,0,95,5,3,4,12,3,0.234,0.291,0.372,0.663,0.29,0.06,0.21,0.311,0.138,0.281,1.2,86,1.2
"ATC","20352","Ernie Clement","TOR",91,316,336,82,58,16,2,7,36,36,13,0,33,2,2,2,7,2,0.259,0.291,0.389,0.68,0.295,0.04,0.1,0.402,0.129,0.268,-0.3,92,1.2
"ATC","16376","Michael Conforto","LAD",115,409,464,97,59,19,1,18,56,61,45,2,110,6,3,0,2,1,0.237,0.32,0.423,0.744,0.323,0.1,0.24,0.414,0.187,0.276,-1,109,1.2
"ATC","21837","Jonathan Aranda","TBR",105,352,401,88,55,17,1,15,51,48,40,1,101,6,3,0,1,0,0.25,0.334,0.431,0.765,0.333,0.1,0.25,0.39,0.182,0.305,-0.6,116,1.2
"Depth Charts","19610","Keibert Ruiz","WSN",122,446,480,112,74,23,0,15,49,57,25,0,53,5,3,1,3,1,0.251,0.297,0.404,0.701,0.304,0.05,0.11,0.467,0.153,0.255,-1.5,95,1.2
"Depth Charts","27464","Dillon Dingler","DET",60,214,237,48,30,10,1,7,26,28,17,0,66,4,2,0,2,1,0.226,0.292,0.383,0.675,0.295,0.07,0.28,0.255,0.157,0.29,-0.3,93,1.2
"Depth Charts","26197","Andrew Vaughn","CHW",143,561,616,143,90,29,1,22,65,79,42,0,124,8,4,0,1,0,0.255,0.314,0.431,0.745,0.323,0.07,0.2,0.341,0.176,0.288,-2,110,1.2
"Depth Charts","17901","Andrew Benintendi","CHW",126,491,546,128,88,25,2,14,62,60,48,2,92,3,4,0,7,2,0.261,0.327,0.404,0.731,0.319,0.09,0.17,0.521,0.143,0.293,-0.4,108,1.2
"Depth Charts","4949","Giancarlo Stanton","NYY",122,469,525,108,58,18,0,31,61,81,49,3,157,3,3,0,1,0,0.229,0.305,0.468,0.773,0.33,0.09,0.3,0.316,0.239,0.268,-2.4,116,1.2
"Depth Charts","27534","Edouard Julien","MIN",73,267,315,61,40,12,1,8,38,31,44,1,101,2,2,1,5,1,0.228,0.34,0.371,0.711,0.318,0.14,0.32,0.431,0.143,0.33,0.1,108,1.2
"Depth Charts","21693","Miguel Amaya","CHC",81,283,320,68,46,13,1,8,33,37,25,0,66,7,3,2,1,0,0.24,0.314,0.383,0.697,0.307,0.08,0.21,0.38,0.143,0.282,-0.7,99,1.2
"Depth Charts","29634","Will Wagner","TOR",79,302,343,82,58,17,1,6,40,37,35,0,60,3,2,1,2,1,0.271,0.351,0.393,0.744,0.329,0.1,0.18,0.577,0.122,0.32,-0.7,116,1.2
"Depth Charts","20220","Jo Adell","LAA",109,423,469,96,53,19,2,22,58,66,35,1,140,7,3,1,13,6,0.226,0.293,0.437,0.73,0.314,0.07,0.3,0.249,0.211,0.278,-0.4,103,1.2
"Depth Charts","17907","Brendan Rodgers",NA,81,322,350,82,55,17,1,9,39,39,22,1,79,3,2,1,1,0,0.254,0.307,0.395,0.703,0.306,0.06,0.23,0.281,0.141,0.31,-0.5,97,1.2
"OOPSY","19599","Chas McCormick","HOU",105,406,455,98,65,16,2,15,51,48,38,1,121,7,3,1,15,6,0.241,0.314,0.398,0.712,0.311,0.08,0.27,0.313,0.157,0.304,-0.6,104,1.2
"OOPSY","19608","Otto Lopez","MIA",112,445,483,117,85,23,3,5,55,38,29,0,87,4,4,1,17,5,0.262,0.311,0.363,0.674,0.296,0.06,0.18,0.337,0.101,0.313,0.6,86,1.2
"OOPSY","23401","Jose Caballero","TBR",70,264,301,60,41,13,1,6,32,27,27,0,75,7,2,1,28,8,0.227,0.312,0.345,0.657,0.294,0.09,0.25,0.353,0.118,0.292,2.3,95,1.2
"OOPSY","17232","Yoan Moncada","LAA",122,472,525,113,73,23,2,15,60,56,45,1,148,4,3,0,4,1,0.239,0.309,0.391,0.701,0.307,0.09,0.28,0.307,0.152,0.314,-0.6,98,1.2
"OOPSY","10815","Jurickson Profar","ATL",147,555,637,138,93,28,1,16,72,64,66,2,107,10,4,2,7,2,0.249,0.337,0.39,0.727,0.321,0.1,0.17,0.615,0.141,0.28,-1.4,104,1.2
"OOPSY","29575","Trey Sweeney","DET",86,336,371,75,48,15,2,10,42,37,29,0,103,3,3,0,10,2,0.222,0.289,0.368,0.657,0.288,0.08,0.28,0.283,0.146,0.287,0.4,88,1.2
"OOPSY","13620","Carson Kelly","CHC",76,269,301,62,42,11,1,7,31,28,26,0,61,4,2,0,1,0,0.229,0.303,0.357,0.66,0.292,0.09,0.2,0.427,0.128,0.268,-0.9,89,1.2
"OOPSY","22263","Nolan Gorman","STL",70,272,301,63,36,12,0,15,34,42,26,1,95,1,2,0,4,1,0.233,0.3,0.446,0.746,0.321,0.09,0.32,0.271,0.213,0.294,0,107,1.2
"OOPSY","26396","Josh Smith","TEX",84,316,364,76,52,16,1,7,41,33,33,1,75,10,3,1,7,1,0.24,0.329,0.366,0.695,0.309,0.09,0.21,0.443,0.126,0.29,-0.4,101,1.2
"Steamer","10231","Jose Iglesias",NA,102,394,422,107,77,22,1,7,44,42,18,0,68,5,3,1,5,1,0.271,0.31,0.382,0.692,0.302,0.04,0.16,0.268,0.111,0.311,-1,94,1.2
"Steamer","24262","Ceddanne Rafaela","BOS",105,377,402,94,60,19,3,12,47,46,15,0,95,5,3,1,16,4,0.25,0.286,0.409,0.695,0.299,0.04,0.24,0.161,0.159,0.302,0.8,89,1.2
"Steamer","26396","Josh Smith","TEX",84,314,358,76,51,16,1,8,41,36,33,0,75,8,2,1,6,2,0.244,0.329,0.38,0.709,0.314,0.09,0.21,0.439,0.136,0.293,-0.8,105,1.2
"Steamer","26197","Andrew Vaughn","CHW",141,554,608,141,88,28,1,23,69,79,42,0,124,8,4,1,2,0,0.254,0.313,0.433,0.746,0.323,0.07,0.2,0.335,0.179,0.287,-2.3,111,1.2
"THE BAT","18373","Ryan Mountcastle","BAL",124,471,514,122,81,23,1,17,59,63,34,1,118,4,5,0,3,1,0.26,0.312,0.423,0.735,0.318,0.07,0.23,0.29,0.163,0.309,-0.7,110,1.2
"THE BAT","26466","Matt Wallner","MIN",129,448,511,100,56,22,2,20,62,62,47,2,175,13,3,0,3,1,0.223,0.313,0.414,0.728,0.318,0.09,0.34,0.27,0.191,0.313,-0.7,108,1.2
"THE BAT","27534","Edouard Julien","MIN",97,324,376,74,50,14,1,10,44,36,47,1,119,3,2,1,5,2,0.23,0.331,0.368,0.699,0.311,0.12,0.32,0.393,0.138,0.329,-0.5,103,1.2
"THE BAT","16512","Isiah KinerFalefa","PIT",123,455,493,119,93,18,2,6,54,43,25,0,78,7,3,3,16,4,0.261,0.307,0.348,0.655,0.289,0.05,0.16,0.317,0.087,0.302,0.4,81,1.2
"THE BAT","sa3023011","Kristian Campbell","BOS",91,331,370,85,58,17,1,9,45,39,31,1,85,5,2,1,7,2,0.258,0.328,0.398,0.727,0.318,0.08,0.23,0.36,0.141,0.319,-0.2,102,1.2
"THE BAT","22515","Heliot Ramos","SFG",135,511,561,128,83,25,2,18,68,65,40,1,149,5,4,1,8,3,0.251,0.31,0.416,0.726,0.315,0.07,0.27,0.269,0.165,0.316,-0.5,103,1.2
"THE BAT","10681","Gio Urshela","ATH",115,415,446,107,79,19,1,8,44,43,25,1,76,2,4,1,1,0,0.257,0.3,0.365,0.665,0.291,0.06,0.17,0.322,0.108,0.295,-0.7,92,1.2
"THE BAT","26197","Andrew Vaughn","CHW",143,546,601,138,90,28,1,19,65,72,41,0,121,9,5,0,1,0,0.252,0.312,0.414,0.725,0.315,0.07,0.2,0.336,0.161,0.288,-1,105,1.2
"THE BAT","19452","Jake Rogers","DET",94,305,338,62,36,13,1,12,34,39,26,0,104,4,2,1,1,1,0.202,0.271,0.37,0.641,0.28,0.08,0.31,0.25,0.168,0.258,-0.4,82,1.2
"THE BATX","19287","Adolis Garcia","TEX",143,546,606,123,71,23,2,27,76,75,48,2,170,7,5,0,12,4,0.226,0.294,0.423,0.716,0.309,0.08,0.28,0.281,0.197,0.272,-0.3,101,1.2
"THE BATX","18577","Ke'Bryan Hayes","PIT",127,484,525,121,87,22,2,11,59,54,33,0,100,3,4,0,13,5,0.251,0.302,0.372,0.674,0.295,0.06,0.19,0.333,0.121,0.294,-0.4,86,1.2
"THE BATX","19238","Lourdes Gurriel Jr","ARI",134,522,565,142,96,27,2,16,67,73,33,0,99,5,5,0,6,2,0.271,0.318,0.424,0.741,0.321,0.06,0.17,0.329,0.152,0.305,-0.7,104,1.2
"THE BATX","27534","Edouard Julien","MIN",97,323,376,74,50,14,1,9,44,35,47,1,118,3,2,1,5,2,0.23,0.332,0.367,0.699,0.311,0.13,0.31,0.4,0.137,0.328,-0.5,103,1.2
"THE BATX","19452","Jake Rogers","DET",94,305,338,63,38,13,1,11,34,38,26,0,103,4,2,1,2,1,0.208,0.277,0.366,0.644,0.282,0.08,0.3,0.255,0.159,0.271,-0.5,84,1.2
"THE BATX","11442","Gary Sanchez","BAL",67,218,247,46,27,8,0,11,28,33,22,0,68,4,2,0,0,0,0.213,0.296,0.407,0.703,0.307,0.09,0.27,0.33,0.194,0.249,-0.4,102,1.2
"THE BATX","26208","Tyler Fitzgerald","SFG",135,492,538,113,71,23,4,15,65,53,34,0,167,7,3,2,18,4,0.229,0.286,0.385,0.671,0.293,0.06,0.31,0.202,0.156,0.312,1.2,89,1.2
"THE BATX","12861","Anthony Rendon","LAA",76,271,309,66,46,13,1,6,35,29,31,0,50,5,2,0,4,1,0.244,0.33,0.37,0.7,0.311,0.1,0.16,0.628,0.126,0.276,-0.4,101,1.2
"THE BATX","16442","Ryan O'Hearn","BAL",102,357,396,93,59,19,2,13,48,48,32,1,70,3,3,1,3,1,0.261,0.323,0.434,0.757,0.327,0.08,0.18,0.451,0.173,0.289,-0.4,116,1.2
"ZiPS","20521","Nick Madrigal","NYM",86,246,270,64,49,12,2,1,29,24,14,0,26,7,0,3,4,1,0.26,0.318,0.337,0.656,0.293,0.05,0.1,0.538,0.077,0.288,-0.2,90,1.2
"ZiPS","22896","Lenyn Sosa","CHW",125,474,504,117,81,21,1,14,51,57,21,1,110,3,3,3,3,2,0.247,0.281,0.384,0.665,0.288,0.04,0.22,0.191,0.137,0.292,-1,86,1.2
"ZiPS","25180","Daniel Schneemann","CLE",117,390,441,87,56,20,2,9,47,45,46,0,120,1,3,1,8,3,0.223,0.305,0.354,0.658,0.292,0.1,0.27,0.383,0.131,0.295,-0.4,90,1.2
"ZiPS","17837","Jakson Reetz","NYM",80,277,315,57,32,15,0,10,33,44,26,1,89,10,1,1,1,1,0.206,0.296,0.368,0.664,0.294,0.08,0.28,0.292,0.162,0.263,-0.7,91,1.2
"ZiPS","20220","Jo Adell","LAA",118,408,452,93,50,19,2,22,58,68,34,1,135,7,3,0,11,6,0.228,0.296,0.446,0.743,0.319,0.07,0.3,0.252,0.218,0.28,-0.9,107,1.2
"ZiPS","14221","Jorge Soler","LAA",126,448,515,102,55,23,0,24,68,67,59,1,133,5,3,0,1,0,0.228,0.322,0.44,0.762,0.331,0.12,0.26,0.444,0.212,0.265,-0.7,115,1.2
"ZiPS","sa3004048","Tirso Ornelas","SDP",125,490,537,118,80,24,1,13,56,61,40,1,115,4,3,0,4,2,0.241,0.302,0.373,0.675,0.296,0.07,0.21,0.348,0.133,0.288,-1,93,1.2
"ZiPS","9774","Christian Vazquez","MIN",93,302,327,70,52,13,0,5,30,30,18,0,67,1,3,3,2,1,0.232,0.275,0.325,0.599,0.264,0.06,0.2,0.269,0.093,0.279,-0.6,70,1.2
"ZiPS","21693","Miguel Amaya","CHC",99,291,331,69,47,13,1,8,31,40,26,0,68,8,3,3,0,0,0.237,0.314,0.371,0.685,0.303,0.08,0.2,0.382,0.134,0.28,-0.6,96,1.2
"ZiPS","15878","Miguel Andujar","ATH",99,382,408,103,72,21,1,9,43,44,22,1,56,2,2,0,4,2,0.27,0.311,0.401,0.712,0.309,0.05,0.14,0.393,0.131,0.295,-0.8,105,1.2
"ZiPS","19358","Weston Wilson","PHI",115,393,441,87,52,16,1,18,56,57,41,1,129,2,4,1,13,3,0.221,0.295,0.405,0.7,0.304,0.09,0.29,0.318,0.183,0.276,0.6,94,1.2
"ZiPS","sa3022614","Luke Keaschall","MIN",99,390,451,99,66,21,1,11,65,60,44,1,99,14,3,0,12,4,0.254,0.348,0.397,0.746,0.33,0.1,0.22,0.444,0.144,0.311,-0.2,116,1.2
"ZiPS","31562","Zach Dezenzo","HOU",79,303,332,76,49,17,0,10,43,43,24,0,99,3,2,0,5,2,0.251,0.31,0.406,0.716,0.312,0.07,0.3,0.242,0.155,0.337,-0.4,105,1.2
"ZiPS","25505","Cade Marlowe","SEA",106,411,458,86,58,13,4,11,55,48,39,2,163,5,3,0,24,6,0.209,0.284,0.341,0.624,0.275,0.09,0.36,0.239,0.131,0.312,1.6,84,1.2
"ZiPS","16376","Michael Conforto","LAD",116,388,441,90,53,18,1,18,52,66,43,2,108,7,3,0,1,1,0.232,0.317,0.423,0.74,0.321,0.1,0.24,0.398,0.191,0.272,-1,108,1.2
"ZiPS","13770","Rob Refsnyder","BOS",95,269,309,71,46,16,1,8,36,39,32,1,78,6,2,0,3,1,0.264,0.353,0.42,0.773,0.339,0.1,0.25,0.41,0.156,0.341,-0.5,116,1.2
"ZiPS","10028","Christian Bethancourt","TOR",86,260,275,61,39,13,0,9,33,34,12,0,71,1,1,1,4,0,0.235,0.27,0.388,0.659,0.285,0.04,0.26,0.169,0.154,0.287,0.4,86,1.2
"ZiPS","26151","Kyle Stowers","MIA",118,411,460,97,55,22,2,18,52,61,38,0,141,7,4,0,1,1,0.236,0.309,0.431,0.739,0.32,0.08,0.31,0.27,0.195,0.309,-1,103,1.2
"ZiPS","24273","Liover Peguero","PIT",129,515,556,123,83,26,3,11,61,61,32,0,137,3,3,3,13,4,0.239,0.286,0.365,0.651,0.284,0.06,0.25,0.234,0.126,0.303,0,79,1.2
"ZiPS","18171","Seth Brown","ATH",131,408,443,97,57,18,2,20,46,61,31,1,122,2,2,0,5,1,0.238,0.293,0.439,0.732,0.315,0.07,0.28,0.254,0.201,0.287,-0.1,109,1.2
"ZiPS","13324","Ildemaro Vargas","ARI",100,321,350,81,58,18,2,3,34,37,21,0,38,2,3,3,6,2,0.252,0.3,0.349,0.649,0.285,0.06,0.11,0.553,0.097,0.276,-0.2,80,1.2
"ZiPS","25690","Grant McCray","SFG",130,511,560,116,74,23,7,12,72,62,40,0,190,6,2,1,18,4,0.227,0.29,0.37,0.66,0.289,0.07,0.34,0.211,0.143,0.334,1,86,1.2
"ZiPS","19956","Mickey Moniak","LAA",115,392,418,92,55,17,4,16,47,54,20,1,122,4,2,0,7,3,0.235,0.278,0.421,0.698,0.3,0.05,0.29,0.164,0.186,0.297,-0.4,93,1.2
"ZiPS","22217","Luis Campusano","SDP",96,328,355,82,57,14,1,10,43,46,22,0,58,3,2,0,0,0,0.25,0.301,0.39,0.692,0.302,0.06,0.16,0.379,0.14,0.275,-0.6,97,1.2
"ZiPS","13590","Jesse Winker","NYM",125,393,466,94,63,18,1,12,54,51,62,1,94,8,2,1,7,2,0.239,0.353,0.382,0.734,0.328,0.13,0.2,0.66,0.142,0.284,-0.5,114,1.2
"ZiPS","22168","Akil Baddoo","DET",120,395,445,89,55,18,5,11,55,46,46,1,118,1,2,1,20,6,0.225,0.306,0.38,0.686,0.301,0.1,0.26,0.39,0.154,0.291,0.8,97,1.2
"ZiPS","27630","Nick Loftin","KCR",114,419,474,103,72,20,2,9,58,51,43,0,75,6,4,2,7,3,0.246,0.322,0.368,0.69,0.305,0.09,0.16,0.573,0.122,0.277,-0.8,94,1.2
"ZiPS","sa3014834","Matt Koperniak","STL",119,459,500,116,85,18,2,11,50,58,33,0,102,5,3,0,5,4,0.253,0.308,0.373,0.681,0.299,0.07,0.2,0.324,0.12,0.301,-1.6,93,1.2
"ZiPS","19455","Andruw Monasterio","MIL",107,333,378,80,58,16,1,5,48,37,38,0,96,4,3,0,12,3,0.24,0.323,0.339,0.662,0.297,0.1,0.25,0.396,0.099,0.319,0.4,89,1.2
"ZiPS","11489","Michael A Taylor","CHW",112,321,355,71,51,10,1,9,40,32,26,0,113,2,3,3,10,2,0.221,0.281,0.343,0.624,0.275,0.07,0.32,0.23,0.121,0.307,0.6,72,1.2
"ZiPS","26197","Andrew Vaughn","CHW",144,544,597,139,88,29,1,21,59,76,41,0,118,8,4,0,1,0,0.256,0.315,0.428,0.743,0.323,0.07,0.2,0.347,0.173,0.289,-0.9,110,1.2
"ZiPS","18373","Ryan Mountcastle","BAL",128,483,526,124,80,25,1,18,59,69,34,1,125,2,7,0,3,1,0.257,0.304,0.424,0.729,0.313,0.06,0.24,0.272,0.168,0.305,-0.7,107,1.2
"ZiPS","29949","Tyler Black","MIL",116,443,511,102,67,17,6,12,63,60,55,1,119,11,2,0,18,4,0.23,0.329,0.377,0.706,0.313,0.11,0.23,0.462,0.147,0.287,0.9,100,1.2
"ZiPS","19896","Connor Wong","BOS",117,397,430,101,65,23,1,12,51,50,25,0,112,6,1,1,6,4,0.254,0.308,0.408,0.716,0.312,0.06,0.26,0.223,0.154,0.325,-1.2,98,1.2
"ZiPS","33189","Nolan Schanuel","LAA",140,502,586,127,92,21,1,13,68,60,68,0,97,9,5,2,8,1,0.253,0.349,0.376,0.726,0.324,0.12,0.17,0.701,0.124,0.287,-0.1,110,1.2
"ZiPS DC","4949","Giancarlo Stanton","NYY",122,470,525,107,58,19,0,30,54,82,50,2,156,2,2,0,0,0,0.228,0.305,0.459,0.764,0.328,0.1,0.3,0.321,0.231,0.271,-0.9,114,1.2
"ZiPS DC","31837","Masataka Yoshida","BOS",105,412,455,117,80,24,1,12,52,59,33,2,57,8,3,0,3,0,0.284,0.346,0.435,0.781,0.339,0.07,0.12,0.583,0.151,0.302,-0.4,116,1.2
"ZiPS DC","26197","Andrew Vaughn","CHW",143,561,616,143,91,30,1,22,61,78,42,0,122,8,4,0,1,0,0.256,0.315,0.428,0.743,0.323,0.07,0.2,0.347,0.173,0.289,-0.9,110,1.2
"ZiPS DC","16947","Derek Hill","MIA",76,303,329,79,54,12,4,9,43,41,19,0,91,3,2,3,9,3,0.259,0.306,0.411,0.717,0.311,0.06,0.28,0.204,0.152,0.341,0.1,97,1.2
"ZiPS DC","13621","Jeimer Candelario","CIN",123,480,532,117,64,30,2,21,63,74,41,1,127,8,3,0,3,2,0.244,0.311,0.446,0.757,0.326,0.08,0.24,0.322,0.202,0.286,-1.1,103,1.2
"ZiPS DC","9874","DJ LeMahieu","NYY",100,383,434,94,71,15,1,6,45,40,45,1,77,2,3,1,1,2,0.244,0.324,0.339,0.663,0.296,0.1,0.18,0.583,0.094,0.288,-1.6,92,1.2
"ZiPS DC","2396","Carlos Santana","CLE",136,511,588,112,70,23,0,19,61,67,70,2,105,4,4,0,4,0,0.219,0.315,0.374,0.69,0.305,0.12,0.18,0.667,0.155,0.239,-0.4,99,1.2
"ZiPS DC","21707","Oswaldo Cabrera","NYY",79,312,343,74,49,15,1,10,43,41,25,0,75,2,2,3,6,2,0.239,0.297,0.386,0.683,0.299,0.07,0.22,0.329,0.148,0.283,-0.1,94,1.2
"ZiPS DC","18126","LaMonte Wade Jr","SFG",104,375,448,89,61,15,1,12,54,43,62,3,97,5,3,2,2,1,0.237,0.35,0.379,0.729,0.323,0.14,0.22,0.64,0.142,0.285,-1,109,1.2
"ZiPS DC","19296","Alex Call","WSN",65,240,280,54,35,11,1,7,34,29,33,0,54,5,2,1,7,3,0.226,0.327,0.367,0.694,0.31,0.12,0.19,0.61,0.141,0.259,-0.2,99,1.2
"REZ","4949","Giancarlo Stanton","NYY",116,435,487,83,44,17,0,23,57,76,48,2,148,3,3,0,0,0,0.191,0.273,0.386,0.659,0.286,9.7,30.2,0.3,0.195,0.226,-1.7,117,1.2
"REZ","16725","Jose Trevino","CIN",69,233,253,55,39,10,0,5,27,28,16,0,44,2,1,1,1,1,0.234,0.289,0.35,0.639,0.281,6.4,17.3,0.4,0.116,0.265,-0.6,79,1.2
"REZ","18126","LaMonte Wade Jr","SFG",108,371,441,94,60,19,3,12,50,44,58,1,93,5,3,2,2,1,0.252,0.358,0.42,0.778,0.342,13.2,21.1,0.6,0.168,0.301,-1,110,1.2
"REZ","16426","Thairo Estrada","COL",114,442,476,109,76,16,1,16,65,54,21,1,85,9,3,1,11,4,0.246,0.292,0.396,0.688,0.299,4.4,17.9,0.2,0.15,0.27,0.1,86,1.2
"REZ","sa3020011","Chase Meidroth","CHW",64,230,271,57,43,10,1,3,32,23,34,0,46,5,2,0,4,1,0.246,0.35,0.342,0.693,0.313,0.12,0.17,0.719,0.096,0.292,-0.3,104,1.2
"REZ","18795","Ramon Urias","BAL",71,248,274,62,42,12,1,6,31,31,20,0,60,4,1,0,1,1,0.248,0.312,0.381,0.693,0.305,7.2,21.8,0.3,0.133,0.3,-0.5,105,1.2
"REZ","16512","Isiah KinerFalefa","PIT",126,476,514,125,98,21,3,5,54,45,26,1,78,7,3,2,15,4,0.263,0.309,0.354,0.663,0.293,5,15.2,0.3,0.091,0.303,0.4,82,1.1
"REZ","14854","Mike Yastrzemski","SFG",121,434,490,96,50,23,4,18,56,56,45,2,129,6,3,1,4,1,0.222,0.301,0.418,0.719,0.31,9.2,26.4,0.3,0.196,0.27,-0.5,99,1.1
"REZ","24816","Andy Pages","LAD",65,240,269,56,35,13,1,7,35,35,21,0,67,5,2,0,2,1,0.233,0.306,0.386,0.692,0.303,7.9,25,0.3,0.153,0.29,-0.5,110,1.1
"REZ","27475","Jordan Walker","STL",133,503,552,123,73,28,3,19,60,65,39,0,122,6,4,0,7,2,0.246,0.306,0.425,0.731,0.316,7.1,22,0.3,0.179,0.286,-0.5,102,1.1
"REZ","23401","Jose Caballero","TBR",82,280,315,68,47,15,1,6,36,29,23,0,81,8,2,1,26,8,0.244,0.318,0.369,0.687,0.304,7.4,25.7,0.3,0.125,0.32,1.8,89,1.1
"REZ","20529","Nolan Jones","COL",120,432,497,104,67,23,2,11,68,57,59,5,140,4,3,1,10,3,0.24,0.335,0.382,0.717,0.314,11.8,28.2,0.4,0.142,0.326,-0.3,100,1.1
"REZ","23792","Alek Thomas","ARI",79,283,309,71,44,16,3,9,37,35,20,0,57,2,2,1,6,2,0.252,0.305,0.42,0.725,0.312,6.5,18.5,0.4,0.168,0.286,0.2,93,1.1
"REZ","19896","Connor Wong","BOS",101,357,389,90,53,24,6,7,46,43,22,0,105,5,2,1,7,3,0.252,0.304,0.415,0.719,0.31,5.7,26.9,0.2,0.163,0.335,-0.3,92,1.1
"REZ","22263","Nolan Gorman","STL",86,312,347,66,36,13,0,17,41,49,30,0,109,2,2,0,4,1,0.21,0.282,0.411,0.693,0.3,8.7,31.5,0.3,0.201,0.26,-0.1,102,1.1
"REZ","11368","Yasmani Grandal",NA,59,195,224,43,27,8,0,8,22,22,25,0,48,1,1,1,1,0,0.221,0.311,0.381,0.692,0.304,11.1,21.4,0.5,0.16,0.251,-0.9,94,1.1
"REZ","9774","Christian Vazquez","MIN",79,276,299,60,42,11,0,6,28,28,17,0,63,1,2,2,2,1,0.217,0.263,0.325,0.588,0.258,5.6,21,0.3,0.108,0.256,-1.1,73,1.1
"REZ","29794","Kyle Manzardo","CLE",108,390,445,90,47,29,0,12,53,56,44,0,94,4,5,0,1,1,0.23,0.311,0.395,0.706,0.307,9.9,21.2,0.5,0.165,0.269,-0.8,113,1.1
"ATC","21897","Christopher Morel","TBR",127,463,521,105,61,19,3,23,62,65,47,1,144,6,3,1,9,4,0.226,0.304,0.425,0.729,0.316,0.09,0.28,0.329,0.199,0.274,-0.1,104,1.1
"ATC","19599","Chas McCormick","HOU",110,371,415,88,60,14,1,13,49,46,33,0,109,7,4,1,12,4,0.236,0.306,0.385,0.691,0.303,0.08,0.26,0.299,0.148,0.296,-0.2,99,1.1
"ATC","14968","Victor Caratini","HOU",63,206,231,50,35,8,0,6,24,25,19,1,47,4,2,0,0,0,0.241,0.314,0.373,0.687,0.302,0.08,0.2,0.414,0.132,0.279,-1,98,1.1
"ATC","31437","Jace Jung","DET",97,309,354,68,44,15,1,8,37,36,40,1,94,3,2,0,2,1,0.222,0.315,0.359,0.673,0.299,0.11,0.27,0.427,0.137,0.288,-0.7,95,1.1
"ATC","18126","LaMonte Wade Jr","SFG",109,366,435,88,59,15,1,12,51,43,59,3,91,5,3,2,2,1,0.239,0.351,0.384,0.735,0.325,0.14,0.21,0.65,0.145,0.284,-1.1,110,1.1
"ATC","27534","Edouard Julien","MIN",89,296,345,67,44,13,1,9,42,31,44,1,111,3,2,1,5,1,0.227,0.331,0.368,0.698,0.311,0.13,0.32,0.4,0.141,0.327,-0.1,103,1.1
"ATC","31166","Heston Kjerstad","BAL",98,333,371,84,53,16,2,13,44,45,28,2,97,8,2,0,3,1,0.251,0.322,0.424,0.746,0.324,0.07,0.26,0.285,0.172,0.315,-0.6,114,1.1
"ATC","31595","Brooks Lee","MIN",108,393,427,96,65,21,1,9,44,48,29,2,70,2,3,1,5,1,0.243,0.295,0.37,0.665,0.289,0.07,0.16,0.412,0.126,0.274,-0.5,88,1.1
"ATC","24262","Ceddanne Rafaela","BOS",117,433,461,106,69,21,4,12,55,53,17,1,114,6,3,2,17,5,0.245,0.28,0.394,0.674,0.291,0.04,0.25,0.146,0.149,0.303,0.7,83,1.1
"ATC","13185","Orlando Arcia","ATL",125,452,496,104,70,19,0,14,52,51,36,0,102,3,4,1,1,0,0.23,0.289,0.368,0.657,0.288,0.07,0.21,0.355,0.138,0.264,-0.9,82,1.1
"ATC","sa3023011","Kristian Campbell","BOS",69,252,285,66,44,13,2,7,36,32,26,1,63,4,2,0,8,2,0.262,0.34,0.408,0.748,0.328,0.09,0.22,0.418,0.146,0.322,-0.1,109,1.1
"ATC","17232","Yoan Moncada","LAA",108,394,438,96,63,21,2,11,47,45,38,1,120,3,2,1,3,1,0.244,0.313,0.387,0.7,0.307,0.09,0.27,0.314,0.143,0.321,-0.4,98,1.1
"ATC","16512","Isiah KinerFalefa","PIT",124,453,490,118,91,18,2,6,54,44,24,0,78,7,3,2,14,4,0.26,0.306,0.353,0.659,0.29,0.05,0.16,0.311,0.093,0.3,0.5,82,1.1
"ATC","29622","Sal Frelick","MIL",116,414,458,106,78,20,3,5,55,40,37,0,68,4,3,1,16,3,0.257,0.322,0.357,0.68,0.301,0.08,0.15,0.545,0.1,0.295,0.7,92,1.1
"ATC","16442","Ryan O'Hearn","BAL",103,364,401,96,63,18,2,13,48,52,31,2,72,3,3,0,3,1,0.263,0.323,0.43,0.753,0.325,0.08,0.18,0.43,0.168,0.292,-0.9,115,1.1
"Depth Charts","31837","Masataka Yoshida","BOS",105,410,455,116,79,23,1,12,53,57,34,2,59,8,3,0,3,0,0.283,0.347,0.434,0.78,0.339,0.07,0.13,0.576,0.151,0.304,-1.5,117,1.1
"Depth Charts","21707","Oswaldo Cabrera","NYY",79,311,343,75,49,15,1,10,41,40,25,0,74,2,2,2,6,2,0.241,0.301,0.391,0.692,0.302,0.07,0.22,0.346,0.15,0.283,0.2,96,1.1
"Depth Charts","13621","Jeimer Candelario","CIN",123,479,532,116,66,28,2,20,62,70,41,1,127,8,3,1,5,2,0.242,0.31,0.436,0.746,0.323,0.08,0.24,0.324,0.194,0.286,-1.1,100,1.1
"Depth Charts","14968","Victor Caratini","HOU",52,183,206,44,32,7,0,6,21,23,17,1,42,3,2,0,1,1,0.241,0.316,0.371,0.687,0.302,0.09,0.2,0.414,0.13,0.281,-1,98,1.1
"Depth Charts","21524","Joey Bart","PIT",96,340,379,81,55,15,0,12,43,44,30,0,106,7,2,0,1,0,0.24,0.313,0.389,0.701,0.309,0.08,0.28,0.279,0.149,0.312,-0.8,95,1.1
"Depth Charts","13590","Jesse Winker","NYM",99,360,427,87,58,16,1,11,50,46,57,1,89,7,2,1,7,2,0.241,0.354,0.389,0.742,0.33,0.14,0.21,0.647,0.148,0.287,-1.4,115,1.1
"Depth Charts","19734","Josh Rojas","CHW",79,304,343,73,50,15,1,7,39,31,33,1,74,2,2,1,9,2,0.24,0.316,0.361,0.677,0.299,0.1,0.22,0.449,0.122,0.293,0.5,94,1.1
"Depth Charts","21538","Nick Fortes","MIA",89,321,352,75,53,14,0,8,36,35,20,0,54,6,3,3,3,1,0.234,0.288,0.355,0.643,0.283,0.06,0.15,0.365,0.121,0.257,-0.4,77,1.1
"Depth Charts","19955","Gavin Lux","CIN",113,434,490,112,76,22,3,11,61,51,49,1,103,3,3,1,6,2,0.258,0.335,0.398,0.733,0.322,0.1,0.21,0.472,0.14,0.312,0,100,1.1
"Depth Charts","13675","Tyrone Taylor","NYM",79,315,343,73,44,18,2,10,43,41,19,1,80,6,2,0,8,1,0.233,0.289,0.399,0.688,0.298,0.06,0.23,0.244,0.166,0.278,0.6,94,1.1
"Depth Charts","23792","Alek Thomas","ARI",63,251,273,64,41,13,2,7,34,33,18,0,51,2,2,1,6,2,0.255,0.307,0.411,0.718,0.311,0.06,0.19,0.343,0.156,0.292,0.3,97,1.1
"Depth Charts","sa3020011","Chase Meidroth","CHW",57,206,245,51,38,8,1,3,29,21,33,0,42,4,2,0,4,1,0.246,0.359,0.343,0.702,0.319,0.13,0.17,0.781,0.097,0.292,-0.4,107,1.1
"Depth Charts","23401","Jose Caballero","TBR",70,266,301,59,40,13,1,6,34,29,24,1,77,8,2,1,26,8,0.223,0.303,0.345,0.648,0.288,0.08,0.25,0.311,0.122,0.287,1.7,91,1.1
"Depth Charts","17982","Ty France","MIN",102,392,441,101,69,21,0,11,48,49,31,1,83,15,3,0,1,0,0.259,0.333,0.401,0.734,0.323,0.07,0.19,0.373,0.142,0.299,-1.5,112,1.1
"Depth Charts","26151","Kyle Stowers","MIA",113,437,490,101,58,22,2,18,54,61,42,0,149,7,4,1,2,1,0.231,0.305,0.418,0.724,0.315,0.09,0.3,0.279,0.187,0.301,-1,99,1.1
"OOPSY","31437","Jace Jung","DET",83,311,357,69,44,14,1,10,40,36,41,1,97,2,3,0,1,0,0.22,0.312,0.369,0.681,0.301,0.11,0.27,0.421,0.149,0.283,-0.7,97,1.1
"OOPSY","22197","MJ Melendez","KCR",117,446,504,105,60,24,3,19,64,63,52,1,123,2,4,0,7,3,0.235,0.315,0.427,0.742,0.321,0.1,0.24,0.418,0.192,0.28,-1.2,105,1.1
"OOPSY","22217","Luis Campusano","SDP",86,316,343,78,54,15,1,9,35,36,22,0,57,3,3,0,0,0,0.248,0.301,0.389,0.69,0.301,0.06,0.16,0.396,0.14,0.273,-0.9,96,1.1
"OOPSY","33189","Nolan Schanuel","LAA",128,474,553,121,90,20,1,10,63,45,65,2,89,8,5,2,8,2,0.256,0.352,0.366,0.718,0.32,0.12,0.16,0.73,0.11,0.294,-1.2,107,1.1
"OOPSY","16442","Ryan O'Hearn","BAL",94,369,406,96,62,19,2,13,49,47,31,1,76,3,3,0,3,1,0.26,0.32,0.429,0.749,0.324,0.08,0.19,0.409,0.168,0.294,-1.1,114,1.1
"OOPSY","20178","Miguel Vargas","CHW",118,443,511,101,65,23,1,12,57,51,57,1,107,5,5,0,11,3,0.229,0.322,0.37,0.692,0.306,0.11,0.21,0.534,0.141,0.272,0.2,99,1.1
"OOPSY","12144","Max Kepler","PHI",115,446,497,108,68,21,2,17,58,58,42,1,97,5,4,0,3,1,0.242,0.312,0.412,0.724,0.315,0.08,0.2,0.432,0.171,0.27,-0.7,101,1.1
"OOPSY","26477","Spencer Horwitz","PIT",104,388,448,102,70,23,1,8,51,43,52,1,82,5,4,0,3,1,0.262,0.354,0.386,0.74,0.328,0.12,0.18,0.629,0.124,0.312,-1.6,108,1.1
"OOPSY","sa3020011","Chase Meidroth","CHW",57,205,245,50,38,9,1,3,28,17,33,0,45,5,2,0,4,1,0.244,0.359,0.335,0.694,0.315,0.14,0.18,0.745,0.091,0.296,-0.2,105,1.1
"OOPSY","21837","Jonathan Aranda","TBR",83,313,357,78,51,14,1,11,42,39,35,1,90,6,3,0,1,0,0.248,0.333,0.409,0.742,0.325,0.1,0.25,0.385,0.161,0.309,-0.5,116,1.1
"OOPSY","26197","Andrew Vaughn","CHW",143,561,616,143,93,29,1,20,69,73,42,1,123,8,5,0,2,1,0.256,0.315,0.422,0.736,0.319,0.07,0.2,0.344,0.166,0.291,-2.4,108,1.1
"OOPSY","17982","Ty France","MIN",102,392,441,103,70,21,1,11,49,46,31,1,80,15,3,0,2,1,0.262,0.337,0.402,0.739,0.325,0.07,0.18,0.39,0.14,0.302,-2,113,1.1
"OOPSY","7739","Travis d'Arnaud","LAA",66,240,263,56,35,12,0,10,28,32,17,0,65,4,2,0,1,0,0.234,0.294,0.407,0.7,0.304,0.07,0.25,0.267,0.173,0.278,-1,96,1.1
"OOPSY","29976","Jordan Lawlar","ARI",60,230,259,55,36,11,2,6,32,25,22,0,66,4,2,0,11,3,0.237,0.311,0.379,0.69,0.303,0.08,0.26,0.33,0.142,0.303,0.8,92,1.1
"Steamer","21693","Miguel Amaya","CHC",75,255,285,62,41,12,1,8,33,32,22,0,59,5,2,1,2,0,0.243,0.314,0.394,0.709,0.31,0.08,0.21,0.378,0.152,0.283,-0.6,101,1.1
"Steamer","23792","Alek Thomas","ARI",63,231,253,59,38,12,2,7,30,31,17,0,47,2,2,1,6,2,0.257,0.31,0.422,0.732,0.317,0.07,0.18,0.358,0.165,0.291,0.5,101,1.1
"Steamer","29634","Will Wagner","TOR",78,287,326,78,54,17,1,6,36,34,33,0,58,3,2,0,2,1,0.272,0.351,0.398,0.749,0.33,0.1,0.18,0.57,0.126,0.321,-0.7,118,1.1
"Steamer","29575","Trey Sweeney","DET",86,292,325,65,42,14,1,8,35,32,27,1,86,3,2,1,8,2,0.224,0.295,0.361,0.655,0.288,0.08,0.26,0.317,0.136,0.288,0.2,88,1.1
"Steamer","sa3020011","Chase Meidroth","CHW",57,193,230,47,34,9,1,3,24,20,31,0,42,3,2,1,3,1,0.243,0.356,0.346,0.702,0.318,0.14,0.18,0.757,0.103,0.291,-0.3,107,1.1
"Steamer","27534","Edouard Julien","MIN",75,275,325,61,39,12,1,9,39,30,44,1,103,3,2,1,4,1,0.222,0.332,0.367,0.699,0.312,0.14,0.32,0.425,0.145,0.317,-0.2,104,1.1
"Steamer","24589","Richie Palacios","TBR",81,292,340,70,47,15,1,6,38,31,41,1,64,4,2,1,10,3,0.239,0.34,0.363,0.702,0.313,0.12,0.19,0.644,0.123,0.285,0.4,108,1.1
"Steamer","29622","Sal Frelick","MIL",107,395,440,103,75,20,3,6,45,42,37,0,66,4,3,1,12,3,0.262,0.329,0.371,0.7,0.31,0.09,0.15,0.565,0.109,0.299,0.7,98,1.1
"Steamer","4949","Giancarlo Stanton","NYY",122,452,506,104,55,17,0,31,65,76,47,3,151,3,3,1,1,0,0.23,0.305,0.477,0.781,0.333,0.09,0.3,0.312,0.247,0.266,-2.8,118,1.1
"Steamer","19734","Josh Rojas","CHW",81,299,337,72,51,14,1,7,35,32,32,1,72,2,2,1,9,2,0.242,0.318,0.362,0.68,0.301,0.1,0.22,0.444,0.12,0.296,0.7,95,1.1
"Steamer","31837","Masataka Yoshida","BOS",118,448,499,126,86,25,1,13,59,60,39,1,68,8,4,1,3,1,0.281,0.348,0.432,0.78,0.34,0.08,0.14,0.57,0.151,0.305,-2.2,117,1.1
"THE BAT","18577","Ke'Bryan Hayes","PIT",127,483,525,120,86,22,3,9,58,51,34,1,101,3,4,0,15,4,0.249,0.301,0.363,0.664,0.291,0.06,0.19,0.34,0.114,0.294,0.4,83,1.1
"THE BAT","16376","Michael Conforto","LAD",118,416,474,99,61,19,1,18,58,62,47,2,107,7,4,0,1,0,0.239,0.323,0.42,0.743,0.323,0.1,0.23,0.434,0.181,0.276,-0.8,109,1.1
"THE BAT","13621","Jeimer Candelario","CIN",122,457,505,112,66,24,2,20,60,67,38,1,119,6,3,0,5,1,0.244,0.309,0.433,0.742,0.321,0.07,0.23,0.319,0.189,0.285,-0.5,99,1.1
"THE BAT","24816","Andy Pages","LAD",91,330,366,78,46,18,1,13,44,46,27,1,90,6,3,0,3,1,0.237,0.305,0.416,0.721,0.312,0.07,0.25,0.3,0.178,0.285,-0.3,102,1.1
"THE BAT","18795","Ramon Urias","BAL",83,280,310,67,45,12,1,8,33,33,22,0,69,5,2,1,1,0,0.239,0.304,0.377,0.681,0.299,0.07,0.22,0.324,0.138,0.287,-0.5,97,1.1
"THE BAT","33541","Dylan Crews","WSN",135,523,574,126,84,25,3,14,67,58,38,0,128,8,3,1,22,7,0.24,0.301,0.378,0.679,0.298,0.07,0.22,0.301,0.138,0.291,0.6,91,1.1
"THE BAT","12976","Austin Hedges","CLE",60,170,191,31,22,5,0,4,15,14,11,0,56,2,1,4,2,1,0.182,0.242,0.277,0.519,0.232,0.06,0.29,0.205,0.095,0.244,-0.1,48,1.1
"THE BAT","17901","Andrew Benintendi","CHW",132,493,549,124,87,23,2,13,58,57,47,2,90,3,5,1,7,2,0.251,0.317,0.381,0.698,0.305,0.09,0.16,0.516,0.13,0.282,-0.5,98,1.1
"THE BAT","19354","Luke Raley","SEA",119,404,455,90,54,16,2,18,54,55,31,0,140,15,3,2,10,2,0.224,0.302,0.408,0.709,0.31,0.07,0.31,0.221,0.184,0.29,0.3,108,1.1
"THE BAT","18900","Leody Taveras","TEX",103,360,395,85,57,16,2,9,48,35,29,1,89,1,3,2,15,4,0.235,0.292,0.37,0.662,0.289,0.07,0.22,0.327,0.135,0.283,0.7,87,1.1
"THE BAT","11442","Gary Sanchez","BAL",67,218,247,45,27,7,0,11,27,32,22,0,67,4,2,0,0,0,0.207,0.291,0.394,0.685,0.3,0.09,0.27,0.332,0.187,0.243,-0.4,98,1.1
"THE BAT","16426","Thairo Estrada","COL",113,433,464,115,79,22,2,13,56,50,20,0,90,8,3,1,14,4,0.265,0.308,0.412,0.72,0.312,0.04,0.19,0.221,0.146,0.307,0.5,87,1.1
"THE BATX","17452","Jose Siri","NYM",105,365,399,77,44,15,2,16,51,44,26,0,145,4,2,1,15,4,0.211,0.27,0.392,0.663,0.287,0.07,0.36,0.183,0.181,0.296,1,87,1.1
"THE BATX","18795","Ramon Urias","BAL",83,280,310,67,46,12,1,9,34,34,22,0,69,5,2,1,1,1,0.24,0.304,0.381,0.685,0.301,0.07,0.22,0.319,0.141,0.286,-0.5,98,1.1
"THE BATX","19599","Chas McCormick","HOU",111,374,417,87,59,15,1,12,50,43,33,0,111,6,3,1,12,4,0.233,0.304,0.379,0.683,0.3,0.08,0.27,0.3,0.146,0.295,0.2,96,1.1
"THE BATX","18568","Luis Arraez","SDP",146,593,642,177,142,30,3,1,68,61,37,5,30,5,5,1,7,3,0.299,0.343,0.366,0.709,0.31,0.06,0.05,1.243,0.068,0.31,-1.1,102,1.1
"THE BATX","17901","Andrew Benintendi","CHW",132,493,549,124,86,24,2,12,59,57,46,2,90,3,5,1,7,2,0.251,0.316,0.383,0.7,0.306,0.09,0.16,0.518,0.132,0.281,-0.5,98,1.1
"THE BATX","23792","Alek Thomas","ARI",90,296,324,75,50,16,2,6,38,35,22,1,65,3,2,1,7,2,0.251,0.307,0.385,0.692,0.301,0.07,0.2,0.339,0.134,0.299,0.1,91,1.1
"THE BATX","10681","Gio Urshela","ATH",115,416,446,106,78,19,1,8,43,44,24,1,76,2,4,1,1,0,0.254,0.295,0.364,0.66,0.288,0.05,0.17,0.308,0.11,0.291,-0.8,91,1.1
"THE BATX","12976","Austin Hedges","CLE",60,170,191,31,22,5,0,4,15,14,11,0,56,2,1,4,2,1,0.183,0.242,0.276,0.517,0.231,0.06,0.29,0.201,0.093,0.245,-0.2,48,1.1
"ZiPS","5517","Kyle Higashioka","TEX",82,228,248,48,27,10,0,11,24,34,16,0,67,0,3,1,1,0,0.211,0.259,0.399,0.658,0.283,0.06,0.27,0.239,0.189,0.242,-0.1,83,1.1
"ZiPS","30011","Christian EncarnacionStrand","CIN",109,435,471,112,66,23,2,21,60,76,27,1,133,7,2,0,3,1,0.257,0.31,0.464,0.774,0.332,0.06,0.28,0.203,0.207,0.322,-0.6,107,1.1
"ZiPS","25971","Kevin Alcantara","CHC",116,456,494,109,78,19,1,11,58,52,33,0,149,3,2,0,10,3,0.239,0.294,0.357,0.651,0.287,0.07,0.3,0.221,0.118,0.329,-0.1,85,1.1
"ZiPS","26438","Dominic Canzone","SEA",107,368,402,89,56,17,1,15,49,51,29,1,93,2,3,0,4,1,0.242,0.299,0.416,0.714,0.309,0.07,0.23,0.312,0.174,0.281,-0.3,107,1.1
"ZiPS","26295","Oliver Dunn","MIL",97,304,342,63,39,14,3,7,35,34,34,1,122,3,0,1,7,2,0.207,0.293,0.342,0.635,0.282,0.1,0.36,0.279,0.135,0.32,0,79,1.1
"ZiPS","19363","Austin Hays","CIN",121,411,448,107,63,28,1,15,58,54,27,1,111,6,3,1,3,2,0.26,0.313,0.443,0.756,0.326,0.06,0.25,0.243,0.182,0.319,-1,102,1.1
"ZiPS","19722","Carlos Narvaez","BOS",96,342,392,74,50,16,0,8,40,40,41,1,116,6,3,0,4,1,0.216,0.309,0.333,0.642,0.288,0.1,0.3,0.353,0.117,0.299,-0.4,80,1.1
"ZiPS","22054","Dane Myers","MIA",102,349,385,89,62,15,2,10,50,49,26,0,106,7,3,0,10,2,0.255,0.317,0.395,0.712,0.312,0.07,0.28,0.245,0.14,0.335,0.4,97,1.1
"ZiPS","22411","Cal Stevenson","PHI",108,331,393,75,50,17,2,6,53,39,51,1,82,1,4,6,17,4,0.227,0.328,0.344,0.673,0.301,0.13,0.21,0.622,0.118,0.279,1,91,1.1
"ZiPS","25425","Austin Shenton","SEA",104,390,442,86,50,21,1,14,50,54,46,0,145,4,2,0,0,0,0.221,0.308,0.387,0.695,0.306,0.1,0.33,0.317,0.167,0.309,-0.8,105,1.1
"ZiPS","23968","Jorge Barrosa","ARI",109,427,476,99,68,21,3,7,54,48,38,0,97,5,2,4,12,6,0.232,0.301,0.344,0.645,0.286,0.08,0.2,0.392,0.112,0.283,-0.9,81,1.1
"ZiPS","21646","Rafael Marchan","PHI",65,223,251,52,37,10,1,4,26,25,20,0,40,5,2,1,0,0,0.233,0.308,0.341,0.649,0.289,0.08,0.16,0.5,0.108,0.265,-0.5,84,1.1
"ZiPS","24605","Michael Helman","STL",95,356,391,81,51,18,2,10,50,46,29,0,98,4,2,0,11,2,0.228,0.292,0.374,0.665,0.292,0.07,0.25,0.296,0.146,0.284,0.7,90,1.1
"ZiPS","sa3017114","Marcelo Mayer","BOS",81,330,358,80,50,22,1,7,45,40,23,1,84,2,3,0,7,2,0.242,0.293,0.379,0.672,0.292,0.06,0.23,0.274,0.136,0.302,0,83,1.1
"ZiPS","20450","Brewer Hicklen","MIL",113,410,466,86,48,18,3,17,61,70,42,2,168,12,2,0,24,3,0.21,0.3,0.393,0.693,0.303,0.09,0.36,0.25,0.183,0.304,2.8,93,1.1
"ZiPS","19458","Cooper Hummel","HOU",104,361,422,80,51,18,4,7,51,48,52,1,106,7,2,0,10,3,0.222,0.329,0.352,0.681,0.305,0.12,0.25,0.491,0.13,0.292,-0.1,100,1.1
"ZiPS","20017","Miles Mastrobuoni","SEA",111,369,408,87,65,16,2,4,48,32,37,1,90,0,1,1,14,2,0.236,0.305,0.322,0.627,0.28,0.09,0.22,0.411,0.087,0.301,1.2,87,1.1
"ZiPS","18126","LaMonte Wade Jr","SFG",116,346,413,82,56,14,1,11,50,40,57,3,89,5,3,2,2,1,0.237,0.35,0.379,0.729,0.323,0.14,0.22,0.64,0.142,0.285,-0.9,109,1.1
"ZiPS","2396","Carlos Santana","CLE",124,438,504,96,60,20,0,16,52,57,60,2,90,3,3,0,3,0,0.219,0.315,0.374,0.69,0.305,0.12,0.18,0.667,0.155,0.239,-0.4,99,1.1
"ZiPS","16530","Mauricio Dubon","HOU",127,384,411,101,73,20,1,7,50,43,18,0,56,3,4,2,4,2,0.263,0.298,0.375,0.673,0.293,0.04,0.14,0.321,0.112,0.289,-0.8,92,1.1
"ZiPS DC","19779","Dairon Blanco","KCR",47,182,203,48,34,8,2,4,34,24,14,0,48,4,1,2,26,6,0.263,0.326,0.391,0.717,0.315,0.07,0.24,0.289,0.128,0.335,2.5,101,1.1
"ZiPS DC","19921","Blake Perkins","MIL",76,289,329,65,45,13,2,6,39,33,34,1,86,2,3,1,13,3,0.225,0.308,0.341,0.649,0.288,0.1,0.26,0.4,0.115,0.296,0.7,83,1.1
"ZiPS DC","19960","Taylor Trammell","HOU",57,213,245,48,26,11,1,9,31,33,27,1,73,3,2,1,6,2,0.224,0.317,0.414,0.732,0.319,0.11,0.3,0.368,0.191,0.29,-0.1,110,1.1
"ZiPS DC","23401","Jose Caballero","TBR",70,267,301,60,40,13,1,6,36,30,22,1,76,9,2,1,27,9,0.224,0.302,0.35,0.653,0.289,0.07,0.25,0.292,0.127,0.286,1.3,91,1.1
"ZiPS DC","19964","Eguy Rosario","SDP",71,277,308,64,37,15,1,10,37,40,25,1,81,3,2,1,8,4,0.231,0.301,0.407,0.708,0.308,0.08,0.26,0.31,0.176,0.287,-0.5,100,1.1
"ZiPS DC","33189","Nolan Schanuel","LAA",128,474,553,120,87,20,1,12,64,57,64,0,92,8,5,2,8,1,0.253,0.349,0.376,0.726,0.324,0.12,0.17,0.701,0.124,0.287,-0.1,110,1.1
"ZiPS DC","19734","Josh Rojas","CHW",79,304,343,72,49,15,1,7,41,30,34,1,74,2,2,2,8,2,0.237,0.314,0.36,0.674,0.298,0.1,0.22,0.454,0.123,0.289,0.1,93,1.1
"ZiPS DC","18795","Ramon Urias","BAL",53,209,231,53,36,10,1,6,27,27,17,0,51,4,1,0,1,1,0.253,0.32,0.402,0.723,0.317,0.07,0.22,0.338,0.149,0.305,-0.6,109,1.1
"ZiPS DC","29634","Will Wagner","TOR",79,302,343,82,59,16,2,5,42,38,35,0,59,3,2,1,2,1,0.271,0.35,0.389,0.739,0.327,0.1,0.17,0.584,0.118,0.319,-0.6,115,1.1
"ZiPS DC","sa3025168","Christian Moore","LAA",50,204,217,54,36,9,0,9,41,32,13,0,65,0,0,0,2,2,0.266,0.31,0.45,0.76,0.328,0.06,0.3,0.2,0.183,0.348,-0.8,113,1.1
"ZiPS DC","19896","Connor Wong","BOS",94,343,371,87,56,20,1,10,44,43,22,0,97,5,1,1,5,3,0.254,0.308,0.408,0.716,0.312,0.06,0.26,0.223,0.154,0.325,-1,98,1.1
"ZiPS DC","sa3020211","Roman Anthony","BOS",89,339,385,83,51,19,3,9,51,47,42,1,102,2,2,0,8,3,0.246,0.33,0.404,0.734,0.321,0.11,0.26,0.408,0.158,0.323,-0.6,104,1.1
"ZiPS DC","16472","Rhys Hoskins","MIL",133,501,574,111,60,25,1,26,66,79,62,1,160,7,5,0,2,1,0.222,0.314,0.431,0.745,0.323,0.11,0.28,0.387,0.209,0.268,-1,107,1.1
"ZiPS DC","18373","Ryan Mountcastle","BAL",123,489,532,125,81,25,1,18,60,70,34,1,126,2,7,0,3,1,0.257,0.304,0.424,0.729,0.313,0.06,0.24,0.272,0.168,0.305,-0.7,107,1.1
"ZiPS DC","22054","Dane Myers","MIA",71,279,308,71,50,12,2,8,40,39,21,0,85,6,2,0,8,2,0.255,0.317,0.395,0.712,0.312,0.07,0.28,0.245,0.14,0.335,0.4,97,1.1
"ZiPS DC","22263","Nolan Gorman","STL",70,272,301,62,35,11,0,16,39,44,27,1,100,1,1,0,4,1,0.23,0.301,0.447,0.748,0.323,0.09,0.33,0.271,0.217,0.297,0,108,1.1
"ZiPS DC","13590","Jesse Winker","NYM",99,360,427,86,58,16,1,11,49,47,57,1,86,7,2,1,6,2,0.239,0.353,0.382,0.734,0.328,0.13,0.2,0.66,0.142,0.284,-0.4,114,1.1
"ZiPS DC","9774","Christian Vazquez","MIN",76,278,301,65,48,12,0,5,28,28,17,0,62,1,3,3,2,1,0.232,0.275,0.325,0.599,0.264,0.06,0.2,0.269,0.093,0.279,-0.5,70,1.1
"ZiPS DC","18030","Harrison Bader","MIN",71,284,308,67,46,13,1,8,38,34,17,1,66,4,3,0,13,4,0.237,0.287,0.369,0.656,0.286,0.06,0.21,0.262,0.132,0.278,0.4,85,1.1
"ZiPS DC","17027","Alex Verdugo",NA,99,386,427,97,64,22,1,10,54,45,33,1,65,2,4,1,2,1,0.251,0.311,0.39,0.7,0.305,0.08,0.15,0.511,0.139,0.275,-0.9,97,1.1
"REZ","sa3017795","Carson Williams","TBR",53,183,203,42,25,8,1,7,26,25,16,0,66,3,1,0,6,2,0.227,0.295,0.394,0.688,0.3,0.08,0.32,0.238,0.167,0.313,-0.1,97,1.1
"REZ","29976","Jordan Lawlar","ARI",66,247,276,56,55,0,0,0,35,29,22,0,67,4,2,1,10,2,0.226,0.297,0.221,0.518,0.241,7.8,24.2,0.3,-0.005,0.306,0.5,89,1.1
"REZ","12144","Max Kepler","PHI",113,423,470,104,59,23,2,22,57,56,39,1,95,5,3,0,2,0,0.247,0.317,0.469,0.786,0.338,8.4,20.2,0.4,0.222,0.267,-0.6,99,1.1
"REZ","15274","Mike Tauchman","CHW",98,338,394,81,57,18,0,7,49,35,50,2,84,4,2,1,6,1,0.24,0.342,0.355,0.697,0.312,12.6,21.4,0.6,0.115,0.298,-0.2,105,1.1
"REZ","17901","Andrew Benintendi","CHW",129,492,547,105,73,21,1,9,60,58,48,1,91,3,4,1,7,2,0.214,0.285,0.316,0.601,0.267,8.8,16.6,0.5,0.102,0.243,-0.5,103,1
"REZ","17907","Brendan Rodgers",NA,87,342,371,83,57,20,1,6,41,41,23,0,85,3,2,1,1,0,0.244,0.298,0.359,0.657,0.289,6.3,22.9,0.3,0.115,0.306,-0.6,93,1
"REZ","17027","Alex Verdugo",NA,107,418,462,105,71,24,1,9,54,49,36,1,71,3,4,1,3,1,0.251,0.312,0.38,0.692,0.302,7.8,15.3,0.5,0.129,0.28,-0.8,98,1
"REZ","19734","Josh Rojas","CHW",92,327,369,75,57,13,1,5,41,32,36,0,80,2,2,2,9,2,0.23,0.308,0.318,0.626,0.281,9.7,21.6,0.5,0.088,0.287,0.4,91,1
"REZ","sa3020211","Roman Anthony","BOS",93,347,393,85,53,20,3,9,49,43,42,1,103,2,2,0,8,3,0.244,0.327,0.395,0.722,0.317,0.11,0.26,0.408,0.151,0.317,-0.3,101,1
"REZ","22217","Luis Campusano","SDP",86,303,329,71,46,6,0,18,35,39,20,0,55,3,2,0,0,0,0.235,0.287,0.435,0.722,0.31,6.2,16.6,0.4,0.2,0.227,-0.7,96,1
"ATC","33189","Nolan Schanuel","LAA",134,483,563,122,90,20,1,11,66,52,66,1,92,8,4,2,8,2,0.253,0.35,0.366,0.716,0.32,0.12,0.16,0.713,0.113,0.291,-1.3,107,1
"ATC","5517","Kyle Higashioka","TEX",82,266,288,57,33,11,0,13,30,39,17,0,79,1,3,1,2,0,0.213,0.261,0.403,0.664,0.286,0.06,0.27,0.22,0.19,0.247,-0.7,85,1
"ATC","29976","Jordan Lawlar","ARI",64,235,262,58,39,11,1,6,33,27,21,0,64,4,2,1,11,2,0.245,0.314,0.376,0.69,0.304,0.08,0.24,0.324,0.131,0.311,0.3,92,1
"ATC","27464","Dillon Dingler","DET",65,221,242,49,31,10,1,6,24,27,16,0,70,4,2,0,2,1,0.221,0.283,0.364,0.647,0.284,0.07,0.29,0.232,0.143,0.29,-0.3,85,1
"ATC","27475","Jordan Walker","STL",129,470,517,118,75,25,2,15,56,59,37,0,122,6,4,0,6,2,0.25,0.31,0.41,0.719,0.313,0.07,0.23,0.301,0.16,0.303,-0.4,102,1
"ATC","26365","Jonny DeLuca","TBR",117,401,440,92,59,19,3,11,48,46,31,1,90,6,2,1,16,4,0.229,0.292,0.375,0.668,0.292,0.07,0.2,0.341,0.146,0.267,0.3,87,1
"ATC","26197","Andrew Vaughn","CHW",142,547,601,138,86,28,1,22,64,77,41,0,122,8,4,0,1,0,0.252,0.312,0.43,0.741,0.321,0.07,0.2,0.34,0.177,0.284,-2,108,1
"ATC","22217","Luis Campusano","SDP",83,282,306,70,48,12,1,9,34,37,18,0,48,3,2,0,0,0,0.248,0.298,0.391,0.689,0.3,0.06,0.16,0.387,0.143,0.268,-0.7,93,1
"ATC","23792","Alek Thomas","ARI",83,278,303,69,45,15,2,7,36,34,19,1,57,2,2,1,7,2,0.248,0.3,0.391,0.691,0.3,0.06,0.19,0.335,0.143,0.287,0.4,90,1
"ATC","17907","Brendan Rodgers",NA,82,326,353,81,56,16,1,9,39,38,22,0,81,3,2,1,1,0,0.25,0.303,0.384,0.686,0.3,0.06,0.23,0.275,0.134,0.306,-0.5,93,1
"ATC","22263","Nolan Gorman","STL",89,317,353,69,39,13,0,17,42,48,31,1,117,2,2,0,4,1,0.218,0.292,0.419,0.711,0.308,0.09,0.33,0.268,0.201,0.284,-0.1,98,1
"ATC","sa3015239","Edgar Quero","CHW",52,175,197,43,29,8,0,5,20,22,18,0,39,3,1,0,1,0,0.245,0.322,0.387,0.709,0.312,0.09,0.2,0.453,0.142,0.284,-0.3,101,1
"ATC","19734","Josh Rojas","CHW",100,344,387,81,56,16,1,7,43,35,37,1,84,2,3,2,10,3,0.235,0.31,0.351,0.662,0.293,0.1,0.22,0.436,0.116,0.289,0.6,88,1
"ATC","20220","Jo Adell","LAA",116,401,444,89,50,18,2,20,53,57,34,1,133,6,3,0,13,4,0.223,0.292,0.428,0.719,0.31,0.08,0.3,0.253,0.205,0.276,-0.1,100,1
"Depth Charts","10231","Jose Iglesias",NA,100,407,434,108,79,22,1,6,46,43,19,0,71,6,3,1,4,2,0.265,0.305,0.37,0.675,0.295,0.04,0.16,0.263,0.105,0.306,-1.1,90,1
"Depth Charts","18030","Harrison Bader","MIN",71,284,308,68,46,14,1,8,36,34,17,1,65,4,3,0,13,4,0.241,0.29,0.377,0.668,0.291,0.06,0.21,0.262,0.137,0.283,0.7,89,1
"Depth Charts","sa3017183","Caleb Durbin","MIL",73,276,315,66,44,15,1,5,38,33,28,1,40,8,2,2,14,3,0.239,0.323,0.361,0.684,0.304,0.09,0.13,0.697,0.122,0.26,0.9,94,1
"Depth Charts","18795","Ramon Urias","BAL",53,209,231,53,36,10,1,6,26,26,17,0,51,4,1,0,1,1,0.254,0.319,0.4,0.72,0.315,0.07,0.22,0.333,0.146,0.307,-0.4,108,1
"Depth Charts","sa3020211","Roman Anthony","BOS",89,337,385,83,52,20,3,9,48,43,42,1,102,2,2,1,8,3,0.245,0.331,0.398,0.729,0.32,0.11,0.26,0.414,0.153,0.322,-0.4,103,1
"Depth Charts","27467","Tyler Soderstrom","ATH",123,481,532,110,63,20,2,24,58,71,41,2,142,6,4,0,1,1,0.228,0.294,0.428,0.722,0.311,0.08,0.27,0.288,0.2,0.268,-1.4,106,1
"Depth Charts","22263","Nolan Gorman","STL",70,270,301,61,35,11,0,15,37,42,27,1,98,2,2,0,4,1,0.227,0.299,0.436,0.736,0.318,0.09,0.32,0.277,0.21,0.29,-0.1,105,1
"Depth Charts","19921","Blake Perkins","MIL",76,289,329,66,45,13,2,6,37,32,35,1,85,2,3,1,13,3,0.227,0.311,0.347,0.658,0.292,0.1,0.26,0.406,0.12,0.296,0.8,86,1
"Depth Charts","11368","Yasmani Grandal",NA,49,167,192,39,27,6,0,6,19,19,22,0,40,1,1,1,1,0,0.233,0.324,0.372,0.696,0.309,0.11,0.21,0.536,0.139,0.273,-1.1,99,1
"Depth Charts","9874","DJ LeMahieu","NYY",100,383,434,94,70,15,1,7,46,41,44,1,78,3,3,1,2,2,0.245,0.325,0.35,0.674,0.3,0.1,0.18,0.556,0.104,0.288,-1.9,95,1
"Depth Charts","17027","Alex Verdugo",NA,99,386,427,98,66,21,1,10,51,45,34,1,66,3,4,1,3,1,0.255,0.316,0.391,0.707,0.309,0.08,0.15,0.511,0.136,0.282,-0.7,99,1
"Depth Charts","29976","Jordan Lawlar","ARI",60,231,259,54,37,11,1,5,31,27,21,0,63,4,2,1,8,2,0.235,0.309,0.362,0.671,0.297,0.08,0.24,0.339,0.127,0.298,0.2,88,1
"Depth Charts","20287","Ben Rortvedt","TBR",65,226,256,49,33,10,0,5,25,25,25,0,70,3,1,0,1,0,0.215,0.301,0.327,0.628,0.282,0.1,0.27,0.36,0.111,0.287,-0.3,86,1
"Depth Charts","19964","Eguy Rosario","SDP",71,277,308,64,37,15,1,10,36,38,25,0,80,3,2,1,8,3,0.231,0.3,0.406,0.706,0.307,0.08,0.26,0.318,0.175,0.283,-0.4,100,1
"OOPSY","26151","Kyle Stowers","MIA",113,439,490,101,56,22,2,20,59,64,41,1,150,6,4,0,2,1,0.231,0.303,0.431,0.734,0.317,0.08,0.3,0.271,0.2,0.297,-0.8,100,1
"OOPSY","11680","Elias Diaz","SDP",78,284,307,66,43,13,1,9,30,32,20,0,69,2,2,0,0,0,0.232,0.285,0.374,0.659,0.288,0.06,0.23,0.283,0.141,0.276,-1.3,87,1
"OOPSY","24262","Ceddanne Rafaela","BOS",100,409,434,101,65,21,4,12,52,47,14,0,109,5,4,1,18,5,0.247,0.279,0.403,0.681,0.293,0.03,0.25,0.132,0.156,0.305,0.8,84,1
"OOPSY","19238","Lourdes Gurriel Jr","ARI",130,518,560,138,91,28,2,16,64,64,33,1,102,5,4,0,5,2,0.266,0.315,0.421,0.736,0.319,0.06,0.18,0.327,0.155,0.302,-1.3,102,1
"OOPSY","14968","Victor Caratini","HOU",52,184,206,46,32,8,0,6,22,20,18,0,42,3,2,0,1,0,0.249,0.323,0.387,0.71,0.312,0.09,0.2,0.425,0.138,0.292,-1.1,105,1
"OOPSY","11442","Gary Sanchez","BAL",63,227,257,50,29,10,1,11,29,32,24,0,69,4,2,0,1,0,0.22,0.304,0.413,0.717,0.312,0.09,0.27,0.344,0.192,0.263,-1,106,1
"OOPSY","19955","Gavin Lux","CIN",113,437,490,111,74,21,3,12,62,48,47,1,106,2,3,0,6,2,0.254,0.327,0.399,0.726,0.318,0.1,0.22,0.448,0.145,0.306,0.3,97,1
"OOPSY","26323","Spencer Steer","CIN",133,504,574,119,72,27,2,18,68,66,57,1,120,8,4,0,15,4,0.236,0.322,0.405,0.726,0.318,0.1,0.21,0.477,0.168,0.274,0.7,97,1
"OOPSY","22823","Oswald Peraza","NYY",57,220,245,52,34,10,0,8,26,28,18,0,59,4,2,0,11,3,0.237,0.305,0.398,0.703,0.307,0.07,0.24,0.31,0.161,0.284,0.5,100,1
"OOPSY","sa3017170","Colson Montgomery","CHW",113,427,490,87,58,17,1,10,50,41,48,0,141,11,4,0,3,0,0.203,0.298,0.319,0.617,0.279,0.1,0.29,0.341,0.116,0.275,-0.5,79,1
"OOPSY","5517","Kyle Higashioka","TEX",81,298,322,67,39,13,1,14,34,42,19,0,87,1,2,1,2,1,0.225,0.272,0.417,0.69,0.297,0.06,0.27,0.222,0.192,0.265,-1.1,92,1
"Steamer","29976","Jordan Lawlar","ARI",60,219,245,53,36,10,1,6,28,26,21,0,60,3,2,1,7,2,0.243,0.316,0.382,0.699,0.307,0.09,0.24,0.354,0.139,0.306,0.2,95,1
"Steamer","25332","Endy Rodriguez","PIT",86,311,346,77,50,17,2,8,36,37,29,0,67,3,2,1,3,1,0.248,0.316,0.39,0.706,0.31,0.08,0.19,0.433,0.142,0.29,-0.4,95,1
"Steamer","11368","Yasmani Grandal",NA,53,184,210,43,29,7,0,6,23,23,22,0,44,2,1,1,1,0,0.236,0.321,0.38,0.701,0.31,0.11,0.21,0.504,0.145,0.275,-1.5,100,1
"Steamer","12144","Max Kepler","PHI",117,436,485,106,68,20,1,16,54,57,40,0,97,5,3,1,2,1,0.244,0.313,0.409,0.722,0.315,0.08,0.2,0.412,0.165,0.277,-0.8,101,1
"Steamer","12564","Trevor Story","BOS",144,556,618,124,76,30,1,17,67,70,51,4,178,6,4,1,22,6,0.223,0.293,0.371,0.664,0.289,0.08,0.29,0.284,0.148,0.294,1.4,81,1
"Steamer","13590","Jesse Winker","NYM",99,347,413,84,55,15,2,11,49,45,56,1,89,6,3,1,7,2,0.242,0.355,0.396,0.75,0.332,0.14,0.22,0.635,0.153,0.291,-1.7,117,1
"Steamer","21538","Nick Fortes","MIA",83,288,314,68,47,13,1,8,32,32,18,0,50,5,2,1,4,1,0.237,0.291,0.366,0.658,0.289,0.06,0.16,0.363,0.129,0.261,-0.1,81,1
"Steamer","17452","Jose Siri","NYM",96,336,368,69,40,13,1,15,42,44,24,0,131,4,3,1,13,3,0.206,0.265,0.383,0.648,0.282,0.07,0.36,0.184,0.177,0.282,1.7,83,1
"Steamer","19599","Chas McCormick","HOU",105,375,421,90,61,14,2,13,47,47,36,0,109,6,3,1,12,4,0.239,0.313,0.39,0.703,0.309,0.09,0.26,0.328,0.151,0.299,-0.3,103,1
"Steamer","sa3017183","Caleb Durbin","MIL",73,259,296,63,43,14,1,5,33,28,27,0,41,6,2,1,13,3,0.241,0.326,0.361,0.686,0.305,0.09,0.14,0.675,0.119,0.267,0.5,95,1
"Steamer","16512","Isiah KinerFalefa","PIT",128,465,503,122,93,19,3,7,52,47,26,0,80,7,4,2,14,3,0.263,0.309,0.362,0.671,0.295,0.05,0.16,0.33,0.099,0.302,0.7,86,1
"Steamer","21837","Jonathan Aranda","TBR",83,289,332,72,46,14,1,11,37,38,35,1,88,5,2,1,1,0,0.248,0.336,0.411,0.747,0.327,0.1,0.26,0.397,0.164,0.315,-0.4,118,1
"Steamer","sa3017170","Colson Montgomery","CHW",113,385,439,78,52,15,1,11,42,41,42,1,127,7,3,2,3,1,0.204,0.292,0.334,0.626,0.279,0.1,0.29,0.33,0.13,0.271,-0.5,80,1
"Steamer","20529","Nolan Jones","COL",120,426,493,107,66,23,2,15,57,54,58,3,144,4,3,1,11,3,0.25,0.344,0.423,0.766,0.334,0.12,0.29,0.403,0.172,0.338,-0.1,101,1
"Steamer","21707","Oswaldo Cabrera","NYY",79,276,305,67,44,13,1,9,35,34,23,0,64,2,2,1,6,1,0.243,0.305,0.395,0.7,0.306,0.08,0.21,0.363,0.152,0.283,0.3,99,1
"Steamer","15878","Miguel Andujar","ATH",76,307,333,84,59,16,1,9,39,37,21,1,50,2,2,1,4,1,0.273,0.321,0.413,0.734,0.318,0.06,0.15,0.413,0.14,0.3,-0.4,112,1
"Steamer","20287","Ben Rortvedt","TBR",60,207,235,44,30,9,0,5,23,22,23,0,64,3,2,1,1,0,0.215,0.301,0.336,0.636,0.285,0.1,0.27,0.362,0.121,0.283,-0.3,88,1
"Steamer","22896","Lenyn Sosa","CHW",79,304,324,77,51,14,0,11,33,37,15,1,66,2,2,1,3,1,0.252,0.29,0.407,0.698,0.301,0.05,0.2,0.226,0.155,0.287,-0.4,95,1
"Steamer","23401","Jose Caballero","TBR",70,245,277,54,37,12,1,5,30,25,23,0,71,6,2,1,23,6,0.222,0.304,0.339,0.643,0.287,0.08,0.26,0.33,0.117,0.288,1.9,90,1
"Steamer","19955","Gavin Lux","CIN",113,393,445,101,68,20,2,11,50,48,44,0,93,3,3,1,6,2,0.256,0.333,0.399,0.732,0.322,0.1,0.21,0.474,0.143,0.307,0.3,100,1
"Steamer","18030","Harrison Bader","MIN",71,263,285,64,43,13,1,7,31,31,16,0,59,4,2,1,12,3,0.244,0.294,0.386,0.68,0.296,0.06,0.21,0.263,0.142,0.287,0.9,93,1
"THE BAT","22217","Luis Campusano","SDP",85,288,312,69,48,12,0,8,31,35,19,0,52,3,2,0,0,0,0.24,0.291,0.373,0.664,0.29,0.06,0.17,0.357,0.133,0.264,-0.5,89,1
"THE BAT","12861","Anthony Rendon","LAA",76,270,309,65,45,14,1,5,34,27,32,0,50,5,2,0,4,1,0.241,0.329,0.354,0.683,0.305,0.1,0.16,0.65,0.113,0.276,-0.3,97,1
"THE BAT","16442","Ryan O'Hearn","BAL",102,358,396,93,60,18,2,13,47,48,31,2,70,3,3,1,3,1,0.259,0.32,0.427,0.747,0.323,0.08,0.18,0.445,0.168,0.286,-0.5,113,1
"THE BAT","20220","Jo Adell","LAA",117,400,440,88,50,17,2,18,54,52,32,1,132,6,2,0,12,3,0.219,0.285,0.409,0.694,0.3,0.07,0.3,0.241,0.19,0.275,0.4,93,1
"THE BAT","17452","Jose Siri","NYM",105,366,399,75,43,14,2,17,50,46,26,0,145,4,2,1,14,4,0.206,0.264,0.39,0.654,0.284,0.06,0.36,0.177,0.184,0.284,0.8,84,1
"THE BAT","29976","Jordan Lawlar","ARI",65,237,261,59,40,11,2,6,33,27,19,0,66,3,2,0,10,2,0.25,0.311,0.386,0.697,0.305,0.07,0.25,0.282,0.136,0.319,0.6,93,1
"THE BAT","15161","Mitch Garver","SEA",81,275,319,56,33,10,0,13,34,40,37,0,93,4,2,0,1,0,0.205,0.305,0.385,0.69,0.305,0.12,0.29,0.391,0.18,0.255,-0.5,105,1
"THE BAT","19608","Otto Lopez","MIA",112,404,438,105,77,20,2,5,48,38,25,1,79,4,3,2,14,4,0.261,0.308,0.362,0.67,0.294,0.06,0.18,0.323,0.101,0.31,0.6,85,1
"THE BAT","23792","Alek Thomas","ARI",90,297,324,73,49,16,2,7,38,35,21,1,64,3,2,1,6,2,0.247,0.301,0.384,0.684,0.298,0.06,0.2,0.328,0.137,0.292,-0.1,88,1
"THE BAT","23401","Jose Caballero","TBR",82,274,305,60,40,12,1,7,38,25,21,0,77,7,2,1,22,5,0.22,0.29,0.346,0.636,0.282,0.07,0.25,0.27,0.126,0.278,1.7,86,1
"THE BAT","16472","Rhys Hoskins","MIL",130,465,536,101,55,20,1,25,62,78,59,1,145,7,4,0,4,1,0.217,0.312,0.424,0.737,0.321,0.11,0.27,0.408,0.207,0.255,-0.6,105,1
"THE BATX","20352","Ernie Clement","TOR",91,315,335,81,56,16,1,7,37,35,13,0,34,3,3,2,7,2,0.256,0.288,0.382,0.67,0.29,0.04,0.1,0.366,0.126,0.266,0,89,1
"THE BATX","19354","Luke Raley","SEA",119,402,455,89,53,16,2,18,54,54,33,1,140,15,3,2,11,2,0.221,0.303,0.403,0.707,0.309,0.07,0.31,0.237,0.182,0.288,0.5,107,1
"THE BATX","29976","Jordan Lawlar","ARI",65,237,261,59,40,11,2,6,32,27,19,0,66,3,2,0,11,1,0.25,0.311,0.386,0.698,0.305,0.07,0.25,0.282,0.136,0.319,1.2,93,1
"THE BATX","26319","Michael Busch","CHC",142,508,577,116,70,24,2,20,65,72,57,1,161,7,4,0,3,1,0.229,0.313,0.402,0.716,0.313,0.1,0.28,0.351,0.173,0.292,-0.8,103,1
"THE BATX","19913","Jesus Sanchez","MIA",130,462,515,114,72,23,2,18,61,63,45,3,131,5,3,1,8,2,0.247,0.318,0.423,0.74,0.32,0.09,0.26,0.339,0.175,0.304,-0.1,103,1
"THE BATX","21614","Kyle Isbel","KCR",123,409,450,95,63,19,3,10,53,42,30,1,96,5,3,4,14,4,0.231,0.289,0.365,0.654,0.286,0.07,0.21,0.309,0.134,0.278,0.5,81,1
"THE BATX","4949","Giancarlo Stanton","NYY",110,409,457,92,49,15,0,28,56,70,42,2,137,3,3,0,0,0,0.224,0.299,0.465,0.765,0.327,0.09,0.3,0.307,0.241,0.258,-0.7,114,1
"THE BATX","27475","Jordan Walker","STL",129,471,516,117,75,25,2,15,59,59,36,1,123,6,3,0,7,2,0.248,0.308,0.402,0.709,0.309,0.07,0.24,0.292,0.154,0.304,-0.3,99,1
"THE BATX","15362","Jeff McNeil","NYM",129,472,520,114,80,23,2,9,53,49,34,1,70,9,4,2,3,1,0.242,0.304,0.353,0.657,0.29,0.07,0.14,0.488,0.112,0.266,-0.8,88,1
"THE BATX","22197","MJ Melendez","KCR",121,421,475,96,54,23,3,17,57,58,47,2,122,3,4,0,6,2,0.228,0.308,0.413,0.722,0.313,0.1,0.26,0.388,0.185,0.278,-0.4,100,1
"THE BATX","18126","LaMonte Wade Jr","SFG",109,367,436,85,56,16,1,12,49,44,57,3,89,6,3,3,2,1,0.232,0.34,0.379,0.719,0.319,0.13,0.2,0.636,0.147,0.27,-0.8,106,1
"THE BATX","21837","Jonathan Aranda","TBR",106,356,401,86,53,17,1,15,46,51,36,1,101,6,3,0,0,0,0.241,0.319,0.42,0.74,0.322,0.09,0.25,0.357,0.179,0.292,-0.7,114,1
"THE BATX","18564","Trent Grisham","NYY",62,190,222,40,22,8,1,10,28,25,26,1,62,3,1,2,5,1,0.21,0.311,0.408,0.719,0.315,0.12,0.28,0.415,0.198,0.252,0.1,105,1
"THE BATX","19566","Nathaniel Lowe","WSN",141,518,594,130,93,22,2,12,63,61,67,2,129,4,4,0,2,1,0.25,0.339,0.371,0.709,0.315,0.11,0.22,0.522,0.121,0.308,-1.2,102,1
"ZiPS","29487","Blake Dunn","CIN",115,404,464,95,68,14,2,11,65,55,37,0,137,14,2,7,20,3,0.235,0.319,0.361,0.681,0.304,0.08,0.3,0.27,0.126,0.326,1.8,88,1
"ZiPS","19292","Armando Alvarez","MIN",91,315,348,78,48,19,0,11,43,45,29,0,74,1,3,0,3,1,0.248,0.31,0.413,0.723,0.314,0.08,0.21,0.392,0.165,0.288,-0.4,106,1
"ZiPS","19818","Joshua Palacios","PIT",99,320,354,84,56,17,2,9,44,43,26,1,74,5,1,2,7,3,0.262,0.327,0.412,0.739,0.322,0.07,0.21,0.351,0.15,0.315,-0.5,104,1
"ZiPS","12979","Javier Baez","DET",110,403,432,93,63,17,2,11,48,50,20,1,109,6,3,0,10,1,0.231,0.275,0.365,0.64,0.278,0.05,0.25,0.183,0.134,0.287,0.9,81,1
"ZiPS","25483","Nick Sogard","BOS",120,433,488,106,77,20,2,7,61,48,48,1,106,3,3,1,9,4,0.245,0.322,0.349,0.671,0.298,0.1,0.22,0.453,0.104,0.307,-0.8,88,1
"ZiPS","22458","Taylor Walls","TBR",108,320,367,66,44,14,2,6,45,31,43,0,91,1,2,1,17,4,0.206,0.301,0.319,0.619,0.279,0.12,0.25,0.473,0.112,0.267,1.1,84,1
"ZiPS","13145","Josh Bell","WSN",140,507,572,127,83,23,1,20,61,67,57,2,112,4,4,0,0,1,0.25,0.329,0.418,0.747,0.325,0.1,0.2,0.509,0.168,0.282,-1.5,109,1
"ZiPS","21538","Nick Fortes","MIA",102,303,334,70,50,13,0,7,34,33,18,0,49,6,3,4,2,1,0.231,0.285,0.343,0.628,0.277,0.05,0.15,0.367,0.112,0.252,-0.6,74,1
"ZiPS","4949","Giancarlo Stanton","NYY",107,394,440,90,49,16,0,25,45,69,42,2,131,2,2,0,0,0,0.228,0.305,0.459,0.764,0.328,0.1,0.3,0.321,0.231,0.271,-0.7,114,1
"ZiPS","21626","Griffin Conine","MIA",124,441,491,100,63,18,2,17,52,62,43,1,173,5,2,0,0,0,0.227,0.301,0.392,0.694,0.303,0.09,0.35,0.249,0.166,0.328,-0.9,91,1
"ZiPS","sa3017694","Brady House","WSN",126,498,532,116,78,21,2,15,61,65,24,0,149,8,2,0,4,2,0.233,0.278,0.373,0.652,0.284,0.04,0.28,0.161,0.141,0.301,-0.9,82,1
"ZiPS","sa3017170","Colson Montgomery","CHW",119,462,527,94,62,18,3,11,53,57,49,2,153,14,2,0,4,2,0.203,0.298,0.327,0.625,0.28,0.09,0.29,0.32,0.123,0.277,-1,80,1
"ZiPS","18217","Brett Sullivan","SDP",101,373,412,84,54,19,2,9,46,44,31,1,68,3,5,0,3,1,0.225,0.286,0.359,0.646,0.282,0.07,0.16,0.456,0.134,0.249,-0.5,83,1
"ZiPS","29715","Hunter Goodman","COL",116,423,460,101,52,26,2,21,55,73,27,0,124,6,4,0,2,1,0.239,0.291,0.459,0.75,0.321,0.06,0.27,0.218,0.22,0.284,-0.7,93,1
"ZiPS","19392","Zach McKinstry","DET",120,350,388,82,54,16,5,7,45,32,31,0,82,4,2,1,13,2,0.234,0.302,0.369,0.671,0.295,0.08,0.21,0.378,0.134,0.285,1.1,93,1
"ZiPS","21682","Luis De Los Santos","NYM",89,312,344,67,43,15,1,8,36,38,25,0,95,5,2,0,3,2,0.215,0.282,0.346,0.628,0.278,0.07,0.28,0.263,0.131,0.28,-0.8,80,1
"ZiPS","23695","Everson Pereira","NYY",83,331,362,78,48,14,3,13,48,50,25,0,123,5,1,0,7,3,0.236,0.298,0.414,0.712,0.31,0.07,0.34,0.203,0.178,0.332,-0.4,102,1
"ZiPS","20287","Ben Rortvedt","TBR",94,264,298,57,40,12,0,5,28,30,29,0,81,4,1,0,1,0,0.216,0.302,0.318,0.62,0.28,0.1,0.27,0.358,0.102,0.291,-0.4,85,1
"ZiPS","22707","Gustavo Campero","LAA",110,381,431,93,60,18,4,11,57,60,29,1,87,16,2,3,18,5,0.244,0.322,0.399,0.721,0.317,0.07,0.2,0.333,0.155,0.288,0.8,105,1
"ZiPS","20572","Kody Clemens","PHI",110,380,412,87,50,17,4,16,53,60,26,0,101,3,3,0,4,1,0.229,0.282,0.421,0.703,0.303,0.06,0.24,0.257,0.192,0.267,-0.2,93,1
"ZiPS","19997","Santiago Espinal","CIN",120,348,382,90,68,16,0,6,37,39,27,1,54,2,2,3,8,2,0.259,0.314,0.356,0.67,0.295,0.07,0.14,0.5,0.098,0.29,0,82,1
"ZiPS","16512","Isiah KinerFalefa","PIT",128,442,477,116,91,18,2,5,51,42,23,1,72,7,3,2,12,3,0.262,0.307,0.346,0.654,0.288,0.05,0.15,0.319,0.084,0.302,0.2,81,1
"ZiPS","23296","Jacob Amaya","CHW",117,432,477,94,69,15,2,8,53,47,39,0,119,2,4,0,5,1,0.218,0.283,0.317,0.6,0.267,0.08,0.25,0.328,0.1,0.278,-0.3,75,1
"ZiPS","16153","Austin Slater","CHW",109,235,271,56,40,9,1,6,34,24,30,0,78,4,2,0,6,2,0.238,0.332,0.362,0.694,0.31,0.11,0.29,0.385,0.123,0.327,-0.2,101,1
"ZiPS","14712","Manuel Margot",NA,111,332,363,88,62,18,2,6,41,38,24,0,59,3,3,1,7,2,0.265,0.318,0.386,0.703,0.308,0.07,0.16,0.407,0.12,0.304,-0.1,101,1
"ZiPS","9241","Starling Marte","NYM",91,340,375,90,66,15,2,7,48,41,24,1,80,8,1,2,17,3,0.265,0.327,0.382,0.709,0.312,0.06,0.21,0.3,0.118,0.327,1.4,103,1
"ZiPS","29606","JustynHenry Malloy","DET",130,448,526,104,67,21,1,15,57,56,67,0,154,7,4,0,3,2,0.232,0.338,0.384,0.722,0.321,0.13,0.29,0.435,0.152,0.314,-1.3,111,1
"ZiPS","5235","Justin Turner",NA,118,417,478,105,73,21,0,11,55,51,46,1,89,9,6,0,1,1,0.252,0.335,0.381,0.716,0.316,0.1,0.19,0.517,0.129,0.291,-1.2,112,1
"ZiPS","16472","Rhys Hoskins","MIL",124,445,510,99,53,22,1,23,59,70,55,1,142,6,4,0,2,1,0.222,0.314,0.431,0.745,0.323,0.11,0.28,0.387,0.209,0.268,-0.9,107,1
"ZiPS","19384","Trenton Brooks","SDP",104,375,432,87,56,20,1,10,53,52,46,0,79,4,4,3,5,0,0.232,0.319,0.371,0.69,0.306,0.11,0.18,0.582,0.139,0.266,0.2,99,1
"ZiPS","14128","Joey Gallo","CHW",108,319,379,57,27,10,1,19,45,43,55,1,142,4,1,0,3,1,0.179,0.306,0.395,0.701,0.309,0.14,0.38,0.387,0.216,0.239,-0.5,98,1
"ZiPS DC","22217","Luis Campusano","SDP",86,317,343,79,55,14,1,10,42,44,21,0,56,3,2,0,0,0,0.25,0.301,0.39,0.692,0.302,0.06,0.16,0.379,0.14,0.275,-0.6,97,1
"ZiPS DC","21558","Matt Vierling","DET",126,495,546,126,85,23,5,12,67,51,43,1,117,4,3,1,6,3,0.254,0.317,0.394,0.712,0.311,0.08,0.21,0.371,0.14,0.308,-1.1,104,1
"ZiPS DC","21538","Nick Fortes","MIA",89,319,352,74,53,14,0,7,36,35,19,0,52,6,3,4,2,1,0.231,0.285,0.343,0.628,0.277,0.05,0.15,0.367,0.112,0.252,-0.6,74,1
"ZiPS DC","19955","Gavin Lux","CIN",113,434,490,113,78,21,3,11,67,48,49,1,105,2,3,1,6,2,0.26,0.336,0.398,0.734,0.322,0.1,0.21,0.469,0.138,0.318,-0.6,100,1
"ZiPS DC","11442","Gary Sanchez","BAL",63,227,257,49,29,9,1,10,26,33,24,0,68,4,2,0,0,0,0.217,0.302,0.398,0.7,0.307,0.09,0.26,0.355,0.181,0.259,-0.5,102,1
"ZiPS DC","sa3020011","Chase Meidroth","CHW",57,206,245,51,40,8,1,3,32,22,32,0,40,5,1,0,4,1,0.248,0.361,0.34,0.701,0.319,0.13,0.16,0.809,0.092,0.292,-0.4,108,1
"ZiPS DC","sa3017183","Caleb Durbin","MIL",73,276,315,65,43,15,2,5,40,36,26,1,36,9,2,2,15,3,0.236,0.321,0.361,0.682,0.303,0.08,0.11,0.723,0.125,0.253,1.2,93,1
"ZiPS DC","23792","Alek Thomas","ARI",63,251,273,63,41,13,3,6,35,33,17,0,52,2,2,1,5,2,0.252,0.303,0.4,0.703,0.305,0.06,0.19,0.329,0.148,0.294,-0.1,94,1
"ZiPS DC","11368","Yasmani Grandal",NA,49,166,192,38,27,6,0,5,17,18,23,0,40,1,1,1,1,0,0.231,0.326,0.365,0.691,0.308,0.12,0.21,0.567,0.134,0.271,-0.3,99,1
"ZiPS DC","13145","Josh Bell","WSN",134,515,581,129,84,23,1,20,62,68,58,2,114,4,4,0,0,1,0.25,0.329,0.418,0.747,0.325,0.1,0.2,0.509,0.168,0.282,-1.5,109,1
"ZiPS DC","17338","Willi Castro","MIN",143,549,616,134,89,27,5,14,86,63,44,0,144,17,5,1,18,7,0.244,0.317,0.384,0.701,0.309,0.07,0.23,0.305,0.14,0.305,-0.3,102,1
"REZ","13621","Jeimer Candelario","CIN",122,461,511,103,58,25,2,18,62,66,40,1,124,7,3,0,5,2,0.223,0.293,0.407,0.7,0.304,7.8,24.1,0.3,0.184,0.263,-0.9,98,1
"REZ","sa3012639","Hyeseong Kim","LAD",102,385,420,96,70,17,2,6,47,40,28,1,83,3,3,1,13,3,0.25,0.304,0.355,0.659,0.289,0.07,0.2,0.34,0.106,0.3,0.8,86,1
"REZ","19955","Gavin Lux","CIN",113,403,453,98,63,18,5,13,59,47,45,1,100,2,3,1,6,2,0.243,0.32,0.413,0.733,0.32,9.8,22,0.4,0.17,0.289,-0.1,98,1
"REZ","18030","Harrison Bader","MIN",80,286,310,71,44,15,2,9,37,33,17,1,66,4,3,0,14,4,0.247,0.297,0.416,0.713,0.307,5.5,21.4,0.3,0.169,0.288,0.7,87,1
"REZ","31837","Masataka Yoshida","BOS",111,421,467,112,76,23,1,11,60,57,34,0,57,8,3,0,3,1,0.265,0.33,0.4,0.73,0.319,7.3,12.3,0.6,0.135,0.283,-1.2,113,1
"REZ","18564","Trent Grisham","NYY",59,192,223,39,22,9,1,8,26,25,27,0,61,3,1,2,4,1,0.205,0.309,0.386,0.695,0.306,11.9,27.2,0.4,0.181,0.253,0,100,1
"REZ","29634","Will Wagner","TOR",81,302,340,74,52,17,0,6,38,35,33,0,63,3,2,1,2,1,0.246,0.325,0.36,0.685,0.305,9.7,18.4,0.5,0.114,0.291,-0.6,108,0.9
"REZ","20178","Miguel Vargas","CHW",101,360,413,85,54,18,2,11,49,43,44,0,87,5,4,0,8,3,0.237,0.326,0.391,0.717,0.315,10.8,21.1,0.5,0.154,0.28,-0.2,91,0.9
"REZ","sa3009808","Juan Brito","CLE",75,280,318,65,42,16,1,6,35,33,31,0,59,3,2,1,4,2,0.232,0.313,0.363,0.676,0.299,0.1,0.19,0.525,0.13,0.27,-0.6,96,0.9
"REZ","sa3015239","Edgar Quero","CHW",52,182,205,44,30,8,0,5,20,23,18,0,40,3,2,0,1,0,0.242,0.318,0.378,0.696,0.307,0.09,0.2,0.443,0.136,0.28,-0.4,99,0.9
"REZ","sa3022886","Kyle Teel","CHW",54,194,218,46,33,8,0,4,26,21,21,0,55,2,1,0,3,1,0.238,0.315,0.352,0.667,0.296,0.1,0.25,0.376,0.114,0.308,-0.3,92,0.9
"REZ","23691","Jose Tena","WSN",97,370,399,99,75,19,0,4,44,43,21,0,97,3,2,2,9,3,0.267,0.31,0.345,0.655,0.288,5.4,24.4,0.2,0.078,0.351,-0.5,89,0.9
"REZ","13675","Tyrone Taylor","NYM",86,300,326,69,35,22,2,10,39,37,19,0,77,6,2,0,8,2,0.229,0.286,0.413,0.699,0.301,5.8,23.6,0.2,0.184,0.273,0.4,92,0.9
"ATC","17027","Alex Verdugo",NA,103,410,453,105,71,22,1,10,52,49,35,1,69,3,4,1,3,1,0.255,0.315,0.39,0.705,0.308,0.08,0.15,0.512,0.134,0.282,-0.7,98,0.9
"ATC","15161","Mitch Garver","SEA",81,275,318,56,32,11,0,13,33,38,37,0,91,4,2,0,0,0,0.204,0.306,0.383,0.689,0.305,0.12,0.29,0.407,0.179,0.252,-0.8,105,0.9
"ATC","16426","Thairo Estrada","COL",113,433,464,112,77,21,2,12,55,52,20,0,91,8,3,1,11,4,0.259,0.302,0.397,0.7,0.305,0.04,0.2,0.223,0.139,0.301,0.4,82,0.9
"ATC","11442","Gary Sanchez","BAL",67,219,247,47,27,8,1,10,27,32,22,0,66,4,2,0,0,0,0.213,0.296,0.398,0.693,0.303,0.09,0.27,0.336,0.185,0.251,-0.8,100,0.9
"ATC","sa3017170","Colson Montgomery","CHW",101,360,409,76,50,15,2,10,39,38,37,2,119,8,2,1,4,1,0.21,0.297,0.342,0.639,0.284,0.09,0.29,0.309,0.132,0.283,-0.5,82,0.9
"ATC","sa3017183","Caleb Durbin","MIL",78,280,316,67,46,15,1,5,36,32,26,1,40,7,2,1,15,3,0.238,0.317,0.354,0.671,0.298,0.08,0.13,0.647,0.116,0.261,0.8,90,0.9
"ATC","14854","Mike Yastrzemski","SFG",121,422,476,93,52,21,4,16,57,54,45,1,125,5,3,1,3,1,0.221,0.302,0.404,0.706,0.307,0.09,0.26,0.358,0.184,0.27,-0.5,98,0.9
"ATC","29575","Trey Sweeney","DET",73,249,275,55,35,11,1,7,29,28,21,1,74,2,2,0,6,2,0.219,0.286,0.357,0.643,0.283,0.08,0.27,0.29,0.138,0.281,0.2,84,0.9
"ATC","29794","Kyle Manzardo","CLE",113,391,445,92,52,23,1,17,52,54,44,1,100,4,4,0,1,1,0.235,0.317,0.427,0.744,0.322,0.1,0.22,0.446,0.192,0.27,-0.8,112,0.9
"ATC","27615","Alec Burleson","STL",118,446,485,118,81,21,1,15,57,61,31,0,66,4,4,1,6,2,0.266,0.316,0.42,0.736,0.319,0.06,0.14,0.466,0.155,0.28,-1.1,106,0.9
"ATC","15274","Mike Tauchman","CHW",99,334,388,80,56,15,1,8,50,36,48,1,82,4,2,1,7,1,0.24,0.341,0.365,0.705,0.315,0.12,0.21,0.586,0.125,0.293,-0.2,103,0.9
"ATC","20529","Nolan Jones","COL",122,427,491,106,67,23,2,14,58,55,56,3,147,4,3,1,11,3,0.249,0.339,0.413,0.752,0.328,0.11,0.3,0.38,0.164,0.343,-0.2,98,0.9
"ATC","12144","Max Kepler","PHI",111,404,449,98,63,19,2,14,52,52,37,0,89,5,3,0,2,0,0.241,0.31,0.4,0.71,0.31,0.08,0.2,0.409,0.159,0.275,-0.6,98,0.9
"Depth Charts","sa3017170","Colson Montgomery","CHW",113,429,490,87,58,17,2,11,48,49,46,2,142,11,3,1,4,2,0.204,0.295,0.33,0.626,0.28,0.09,0.29,0.325,0.127,0.274,-0.8,80,0.9
"Depth Charts","24589","Richie Palacios","TBR",81,301,350,72,49,15,2,6,42,34,41,1,64,5,2,1,11,2,0.239,0.337,0.356,0.693,0.31,0.12,0.18,0.64,0.118,0.283,0.7,106,0.9
"Depth Charts","22217","Luis Campusano","SDP",86,316,343,80,55,14,1,11,40,43,22,0,55,3,2,1,1,0,0.254,0.307,0.405,0.712,0.31,0.06,0.16,0.404,0.151,0.276,-0.8,102,0.9
"Depth Charts","19296","Alex Call","WSN",65,240,280,54,35,11,1,7,33,28,33,0,56,4,2,1,7,2,0.226,0.328,0.365,0.693,0.31,0.12,0.2,0.596,0.139,0.263,-0.1,98,0.9
"Depth Charts","15878","Miguel Andujar","ATH",76,306,329,83,58,16,1,8,36,36,19,1,47,2,2,0,3,1,0.271,0.316,0.407,0.723,0.314,0.06,0.14,0.403,0.135,0.297,-0.5,108,0.9
"Depth Charts","19363","Austin Hays","CIN",113,449,490,115,69,29,1,16,60,58,30,1,120,7,3,1,4,2,0.256,0.31,0.431,0.741,0.32,0.06,0.24,0.248,0.175,0.313,-0.9,99,0.9
"Depth Charts","25332","Endy Rodriguez","PIT",91,340,375,84,53,20,2,8,44,41,29,0,75,3,3,0,2,1,0.246,0.31,0.39,0.7,0.306,0.08,0.2,0.392,0.144,0.291,-0.5,93,0.9
"Depth Charts","22896","Lenyn Sosa","CHW",79,322,343,80,55,15,1,10,35,39,15,1,72,2,2,1,2,1,0.25,0.286,0.396,0.682,0.295,0.04,0.21,0.208,0.146,0.29,-0.6,91,0.9
"Depth Charts","19260","Jake Fraley","CIN",104,398,448,101,69,18,1,12,52,52,42,1,88,5,3,0,19,5,0.254,0.33,0.4,0.73,0.32,0.09,0.2,0.473,0.146,0.295,0.7,99,0.9
"Depth Charts","31349","Victor Scott II","STL",113,444,490,102,75,16,3,8,53,45,31,0,97,6,4,4,29,6,0.23,0.287,0.332,0.619,0.274,0.06,0.2,0.324,0.103,0.275,2.8,76,0.9
"Depth Charts","sa3009808","Juan Brito","CLE",66,251,287,58,37,14,0,6,31,30,30,0,54,3,2,1,4,2,0.232,0.318,0.366,0.683,0.303,0.1,0.19,0.55,0.134,0.27,-0.6,98,0.9
"Depth Charts","16472","Rhys Hoskins","MIL",133,502,574,112,61,23,1,26,68,77,60,1,160,7,4,0,3,1,0.222,0.312,0.43,0.742,0.322,0.1,0.28,0.377,0.208,0.267,-2.2,106,0.9
"Depth Charts","11442","Gary Sanchez","BAL",63,227,257,49,30,9,1,10,28,32,24,0,69,4,2,0,0,0,0.217,0.3,0.398,0.697,0.305,0.09,0.27,0.345,0.181,0.259,-0.8,101,0.9
"Depth Charts","13145","Josh Bell","WSN",134,514,581,129,84,23,1,20,65,70,58,2,114,4,4,0,1,1,0.25,0.328,0.418,0.747,0.325,0.1,0.2,0.505,0.168,0.282,-2.5,109,0.9
"Depth Charts","23691","Jose Tena","WSN",86,344,371,87,60,17,1,9,40,41,21,0,98,3,2,2,8,3,0.254,0.3,0.387,0.687,0.3,0.06,0.26,0.213,0.133,0.328,-0.6,92,0.9
"Depth Charts","19779","Dairon Blanco","KCR",47,183,203,47,33,8,2,4,30,22,14,0,49,3,1,1,26,6,0.259,0.321,0.387,0.708,0.311,0.07,0.24,0.288,0.128,0.329,2.4,98,0.9
"Depth Charts","24336","Johan Rojas","PHI",71,285,308,70,51,13,3,4,37,30,14,0,61,4,1,3,18,3,0.247,0.29,0.358,0.648,0.284,0.05,0.2,0.236,0.111,0.298,1.8,80,0.9
"Depth Charts","18171","Seth Brown","ATH",79,315,343,75,45,14,1,15,37,46,24,1,93,2,2,0,4,1,0.238,0.295,0.433,0.728,0.313,0.07,0.27,0.26,0.195,0.286,-0.5,108,0.9
"Depth Charts","sa3025168","Christian Moore","LAA",50,202,217,52,34,9,0,8,32,28,13,0,60,1,1,0,2,1,0.256,0.304,0.419,0.723,0.314,0.06,0.28,0.214,0.163,0.328,-0.5,103,0.9
"OOPSY","12979","Javier Baez","DET",75,300,322,70,45,14,1,10,34,36,16,0,81,4,2,0,8,2,0.234,0.28,0.388,0.668,0.29,0.05,0.25,0.197,0.155,0.284,0.4,89,0.9
"OOPSY","20529","Nolan Jones","COL",120,450,518,111,69,24,3,16,66,59,60,1,152,5,4,0,10,4,0.247,0.338,0.419,0.757,0.331,0.12,0.29,0.391,0.172,0.333,-0.6,99,0.9
"OOPSY","24257","Jhonkensy Noel","CLE",78,309,336,74,40,16,1,17,39,50,19,1,92,6,3,0,1,0,0.239,0.293,0.459,0.752,0.321,0.06,0.27,0.202,0.22,0.282,-0.7,111,0.9
"OOPSY","sa3020211","Roman Anthony","BOS",89,336,385,81,51,19,2,10,47,41,45,1,103,1,3,0,9,2,0.241,0.33,0.393,0.723,0.318,0.12,0.27,0.435,0.152,0.315,-0.1,101,0.9
"OOPSY","18795","Ramon Urias","BAL",53,208,231,52,35,10,1,7,26,24,18,0,52,3,1,0,2,1,0.249,0.317,0.399,0.716,0.313,0.08,0.22,0.342,0.15,0.301,-0.3,107,0.9
"OOPSY","20352","Ernie Clement","TOR",73,295,315,78,55,15,1,6,33,30,13,0,33,2,2,2,7,3,0.263,0.297,0.385,0.682,0.296,0.04,0.1,0.409,0.121,0.278,-0.6,93,0.9
"OOPSY","17907","Brendan Rodgers",NA,81,321,350,79,52,16,1,9,37,37,23,0,81,3,2,0,1,0,0.246,0.301,0.389,0.69,0.301,0.07,0.23,0.284,0.143,0.299,-0.5,94,0.9
"OOPSY","15464","Hunter Renfroe","KCR",86,337,371,84,49,19,1,15,42,50,29,1,77,2,2,0,2,1,0.25,0.312,0.444,0.755,0.325,0.08,0.21,0.379,0.194,0.28,-1.2,108,0.9
"OOPSY","18030","Harrison Bader","MIN",71,284,308,68,45,14,1,8,32,32,17,0,65,4,2,0,13,4,0.239,0.29,0.379,0.669,0.292,0.06,0.21,0.264,0.139,0.282,0.7,90,0.9
"OOPSY","31166","Heston Kjerstad","BAL",92,358,399,87,56,17,2,12,48,43,28,1,103,9,3,0,2,0,0.244,0.313,0.403,0.716,0.312,0.07,0.26,0.275,0.16,0.305,-0.6,106,0.9
"OOPSY","27615","Alec Burleson","STL",112,446,483,119,81,22,1,15,51,54,30,1,67,3,4,0,6,2,0.267,0.314,0.418,0.732,0.317,0.06,0.14,0.446,0.152,0.283,-1.1,104,0.9
"OOPSY","23792","Alek Thomas","ARI",63,250,273,62,41,13,3,6,34,27,18,0,51,2,2,1,6,2,0.25,0.302,0.394,0.696,0.302,0.06,0.19,0.347,0.144,0.289,0.5,91,0.9
"Steamer","22197","MJ Melendez","KCR",117,422,476,99,57,21,3,18,55,59,47,1,118,3,3,1,6,2,0.234,0.313,0.424,0.737,0.32,0.1,0.25,0.395,0.191,0.278,-0.8,104,0.9
"Steamer","13621","Jeimer Candelario","CIN",123,454,506,109,64,25,2,19,58,63,39,1,120,8,3,1,6,2,0.241,0.31,0.426,0.736,0.319,0.08,0.24,0.326,0.185,0.285,-0.9,98,0.9
"Steamer","sa3009808","Juan Brito","CLE",66,232,264,54,35,13,0,6,27,26,28,0,51,3,2,1,3,1,0.231,0.318,0.364,0.682,0.303,0.1,0.19,0.543,0.133,0.271,-0.3,98,0.9
"Steamer","21524","Joey Bart","PIT",89,333,371,79,52,15,1,11,39,42,29,0,105,6,3,1,1,0,0.237,0.307,0.386,0.693,0.304,0.08,0.28,0.273,0.149,0.309,-0.8,92,0.9
"Steamer","22217","Luis Campusano","SDP",81,290,317,75,50,14,1,11,36,38,22,0,50,3,2,1,1,0,0.258,0.313,0.42,0.733,0.318,0.07,0.16,0.429,0.162,0.278,-0.8,108,0.9
"Steamer","18795","Ramon Urias","BAL",57,202,223,51,35,9,1,6,25,25,16,0,49,3,2,1,2,0,0.255,0.318,0.398,0.716,0.313,0.07,0.22,0.328,0.144,0.308,-0.2,107,0.9
"Steamer","31349","Victor Scott II","STL",113,391,429,93,66,17,2,8,47,40,29,0,85,5,3,2,25,5,0.236,0.294,0.346,0.64,0.283,0.07,0.2,0.337,0.11,0.281,2.3,81,0.9
"Steamer","19260","Jake Fraley","CIN",104,384,434,98,66,18,1,13,52,51,41,1,84,5,3,1,18,5,0.256,0.333,0.412,0.745,0.326,0.1,0.19,0.488,0.157,0.293,0.4,102,0.9
"Steamer","27464","Dillon Dingler","DET",56,201,221,45,28,10,1,6,23,24,16,0,61,3,2,1,2,1,0.225,0.289,0.379,0.668,0.292,0.07,0.28,0.258,0.154,0.288,-0.3,91,0.9
"Steamer","23691","Jose Tena","WSN",87,317,343,80,55,16,1,8,36,37,20,0,87,2,3,1,7,3,0.252,0.298,0.386,0.684,0.298,0.06,0.26,0.225,0.135,0.319,-0.4,91,0.9
"Steamer","17027","Alex Verdugo",NA,102,396,438,103,70,22,1,10,49,45,35,0,68,3,3,1,3,1,0.259,0.321,0.393,0.714,0.313,0.08,0.16,0.511,0.134,0.289,-0.6,102,0.9
"Steamer","22263","Nolan Gorman","STL",70,258,289,58,33,10,0,14,34,38,26,1,92,2,2,1,4,1,0.223,0.297,0.426,0.723,0.313,0.09,0.32,0.284,0.202,0.283,-0.1,102,0.9
"Steamer","14854","Mike Yastrzemski","SFG",118,434,489,97,56,20,5,17,54,55,45,1,130,5,3,1,4,1,0.224,0.303,0.407,0.711,0.309,0.09,0.26,0.35,0.183,0.278,-0.5,99,0.9
"Steamer","17901","Andrew Benintendi","CHW",126,502,556,130,90,24,1,14,60,60,46,2,94,3,4,1,7,2,0.259,0.323,0.397,0.72,0.315,0.08,0.17,0.493,0.138,0.291,-0.5,105,0.9
"THE BAT","27899","Colt Keith","DET",131,478,523,123,83,23,4,13,59,58,37,2,107,3,4,0,4,1,0.258,0.314,0.407,0.721,0.312,0.07,0.2,0.348,0.149,0.304,-0.7,105,0.9
"THE BAT","27464","Dillon Dingler","DET",64,217,237,48,30,10,1,7,24,26,15,0,67,3,2,0,1,0,0.22,0.279,0.367,0.646,0.283,0.06,0.28,0.225,0.147,0.283,-0.3,84,0.9
"THE BAT","13185","Orlando Arcia","ATL",126,453,496,104,72,18,0,14,52,55,34,0,103,3,3,1,1,0,0.23,0.286,0.364,0.65,0.285,0.07,0.21,0.328,0.134,0.266,-0.7,80,0.9
"THE BAT","26477","Spencer Horwitz","PIT",113,405,462,104,71,24,1,9,50,50,47,2,82,6,3,0,2,1,0.258,0.341,0.387,0.728,0.321,0.1,0.18,0.576,0.129,0.301,-0.8,103,0.9
"THE BAT","19913","Jesus Sanchez","MIA",130,464,515,114,71,22,2,18,61,61,43,2,132,5,3,1,8,2,0.246,0.313,0.419,0.733,0.317,0.08,0.26,0.323,0.174,0.302,0,101,0.9
"THE BAT","19599","Chas McCormick","HOU",111,374,417,85,57,14,1,12,49,42,33,0,110,6,3,1,12,3,0.227,0.298,0.37,0.667,0.294,0.08,0.26,0.3,0.143,0.285,0.2,92,0.9
"THE BAT","13723","Jacob Stallings","COL",83,261,296,63,43,12,1,7,30,30,26,0,69,4,2,1,0,0,0.241,0.316,0.371,0.687,0.303,0.09,0.23,0.376,0.13,0.299,-0.5,81,0.9
"THE BAT","31595","Brooks Lee","MIN",111,405,438,98,69,20,1,8,44,44,27,2,75,2,3,1,3,1,0.242,0.291,0.359,0.651,0.284,0.06,0.17,0.366,0.117,0.276,-0.6,84,0.9
"THE BAT","17027","Alex Verdugo",NA,106,424,468,108,75,22,1,9,50,50,36,1,71,3,4,1,3,1,0.255,0.315,0.379,0.694,0.304,0.08,0.15,0.511,0.124,0.284,-0.7,96,0.9
"THE BAT","24262","Ceddanne Rafaela","BOS",125,463,492,109,72,22,3,12,57,50,18,1,126,5,4,1,18,4,0.236,0.271,0.376,0.647,0.279,0.04,0.26,0.141,0.14,0.295,1.1,75,0.9
"THE BAT","17232","Yoan Moncada","LAA",71,260,290,65,43,14,1,7,33,31,25,0,77,2,2,1,2,1,0.25,0.32,0.398,0.717,0.314,0.09,0.27,0.321,0.148,0.326,-0.4,103,0.9
"THE BAT","22263","Nolan Gorman","STL",92,324,361,70,39,13,1,17,42,50,31,1,121,3,2,0,4,1,0.216,0.29,0.417,0.706,0.306,0.09,0.34,0.26,0.2,0.282,-0.2,97,0.9
"THE BAT","10231","Jose Iglesias",NA,83,295,319,81,60,15,1,4,34,33,12,0,52,5,2,0,4,1,0.273,0.311,0.375,0.685,0.3,0.04,0.16,0.238,0.102,0.318,-0.5,93,0.9
"THE BAT","18126","LaMonte Wade Jr","SFG",109,367,436,85,58,15,1,11,49,43,57,3,88,6,3,3,2,1,0.231,0.341,0.37,0.711,0.316,0.13,0.2,0.647,0.139,0.271,-0.8,104,0.9
"THE BAT","11680","Elias Diaz","SDP",83,289,316,66,46,12,0,8,30,33,20,1,71,2,2,0,0,0,0.228,0.281,0.35,0.631,0.277,0.06,0.22,0.282,0.122,0.274,-0.5,80,0.9
"THE BAT","20287","Ben Rortvedt","TBR",67,205,230,42,29,8,0,4,21,20,20,0,61,3,1,1,1,0,0.205,0.283,0.31,0.593,0.266,0.09,0.27,0.328,0.105,0.269,-0.4,75,0.9
"THE BATX","22217","Luis Campusano","SDP",85,289,312,69,49,12,0,8,30,34,18,0,52,3,2,0,0,0,0.24,0.289,0.365,0.654,0.287,0.06,0.17,0.342,0.126,0.266,-0.6,86,0.9
"THE BATX","17907","Brendan Rodgers",NA,84,333,362,82,57,15,1,9,38,40,22,0,86,4,2,0,1,0,0.245,0.298,0.378,0.676,0.296,0.06,0.24,0.261,0.132,0.302,-0.6,90,0.9
"THE BATX","16376","Michael Conforto","LAD",118,415,474,97,60,18,1,18,57,60,47,2,108,7,4,0,1,0,0.234,0.321,0.41,0.731,0.319,0.1,0.23,0.439,0.176,0.271,-0.8,106,0.9
"THE BATX","22896","Lenyn Sosa","CHW",113,418,445,103,71,19,2,12,44,49,18,0,94,3,3,2,3,1,0.247,0.282,0.385,0.666,0.288,0.04,0.21,0.195,0.138,0.291,-0.5,86,0.9
"THE BATX","27464","Dillon Dingler","DET",64,217,237,48,31,10,1,6,23,25,15,0,67,3,2,0,1,0,0.222,0.28,0.364,0.643,0.282,0.06,0.28,0.218,0.142,0.288,-0.3,83,0.9
"THE BATX","20178","Miguel Vargas","CHW",103,347,391,82,50,18,1,12,45,43,36,0,83,4,3,1,7,2,0.236,0.313,0.402,0.714,0.312,0.09,0.21,0.433,0.165,0.274,-0.1,103,0.9
"THE BATX","23401","Jose Caballero","TBR",82,275,305,60,40,12,1,7,39,25,20,0,77,7,2,1,21,6,0.219,0.287,0.35,0.636,0.281,0.06,0.25,0.256,0.131,0.275,1.3,86,0.9
"THE BATX","22514","Triston Casas","BOS",142,506,586,117,69,24,0,23,69,77,71,4,155,4,3,0,0,0,0.231,0.329,0.418,0.747,0.325,0.12,0.26,0.46,0.188,0.282,-1.2,107,0.9
"THE BATX","24262","Ceddanne Rafaela","BOS",125,463,492,110,73,21,3,12,57,49,18,0,126,5,4,1,18,5,0.237,0.271,0.373,0.645,0.279,0.04,0.26,0.141,0.137,0.297,0.9,75,0.9
"THE BATX","sa3012639","Hyeseong Kim","LAD",110,405,438,100,72,19,3,6,51,39,27,1,82,2,3,0,17,1,0.246,0.295,0.349,0.644,0.282,0.06,0.19,0.33,0.103,0.294,2,81,0.9
"THE BATX","sa3015239","Edgar Quero","CHW",52,178,198,45,30,9,1,5,22,22,16,0,36,3,1,0,1,0,0.254,0.322,0.404,0.726,0.317,0.08,0.18,0.439,0.15,0.288,-0.2,106,0.9
"THE BATX","31595","Brooks Lee","MIN",111,405,438,98,69,19,1,8,43,43,27,2,75,2,3,1,3,1,0.242,0.291,0.356,0.647,0.282,0.06,0.17,0.356,0.114,0.277,-0.6,83,0.9
"THE BATX","20287","Ben Rortvedt","TBR",67,205,230,42,29,8,0,4,20,20,20,0,61,3,1,1,0,0,0.203,0.281,0.31,0.591,0.265,0.09,0.27,0.327,0.107,0.265,-0.4,74,0.9
"ZiPS","27462","Austin Martin","MIN",103,337,395,81,59,17,2,3,50,37,42,1,70,12,2,2,13,4,0.24,0.344,0.329,0.673,0.305,0.11,0.18,0.6,0.089,0.293,0.1,99,0.9
"ZiPS","20054","Bligh Madris","DET",118,415,466,90,55,19,3,13,49,50,44,0,123,2,4,1,10,4,0.217,0.292,0.371,0.664,0.291,0.09,0.26,0.358,0.154,0.272,-0.4,90,0.9
"ZiPS","23312","Ryan Noda","LAA",127,436,519,88,50,19,1,18,63,58,71,1,180,10,2,0,4,1,0.202,0.326,0.374,0.699,0.312,0.14,0.35,0.394,0.172,0.292,-0.6,102,0.9
"ZiPS","19802","Jhonny Pereda","ATH",70,229,255,57,43,11,0,3,23,22,24,0,54,1,1,0,0,0,0.249,0.322,0.336,0.658,0.295,0.09,0.21,0.444,0.087,0.312,-0.5,95,0.9
"ZiPS","25705","Dustin Harris","TEX",125,483,540,114,79,20,3,12,66,62,45,2,132,7,4,1,21,5,0.236,0.308,0.364,0.672,0.296,0.08,0.24,0.341,0.128,0.297,1.2,92,0.9
"ZiPS","17982","Ty France","MIN",136,496,560,129,88,26,0,15,61,63,39,1,104,21,4,0,1,0,0.26,0.338,0.403,0.741,0.326,0.07,0.19,0.375,0.143,0.299,-1,103,0.9
"ZiPS","23985","Osleivis Basabe","SFG",102,408,440,102,77,18,3,4,46,44,24,0,73,4,3,1,8,4,0.25,0.296,0.338,0.634,0.28,0.06,0.17,0.329,0.088,0.293,-0.8,85,0.9
"ZiPS","29573","Billy Cook","PIT",123,457,503,106,68,20,4,14,55,59,35,1,140,8,3,0,16,4,0.232,0.296,0.385,0.681,0.297,0.07,0.28,0.25,0.153,0.301,0.7,87,0.9
"ZiPS","23789","Blaze Alexander","ARI",104,367,409,83,58,16,2,7,41,47,30,0,133,9,2,1,5,2,0.226,0.299,0.338,0.637,0.284,0.07,0.32,0.226,0.112,0.332,-0.6,79,0.9
"ZiPS","25867","Ryan Kreidler","DET",92,304,344,60,41,10,1,8,39,35,32,0,108,5,2,1,10,3,0.197,0.283,0.316,0.599,0.269,0.09,0.31,0.296,0.118,0.274,0.2,74,0.9
"ZiPS","21270","Sean Bouchard","COL",85,299,342,74,41,18,4,11,46,45,35,1,92,5,2,1,7,2,0.247,0.334,0.445,0.779,0.337,0.1,0.27,0.38,0.197,0.318,0,104,0.9
"ZiPS","21716","Enmanuel Valdez","PIT",121,422,469,98,60,22,1,15,52,52,40,1,110,2,4,1,4,2,0.232,0.299,0.396,0.695,0.302,0.09,0.23,0.364,0.164,0.276,-0.8,91,0.9
"ZiPS","21635","Nick Maton","CHW",109,342,393,76,48,16,1,11,44,41,42,1,97,5,3,1,2,1,0.222,0.314,0.371,0.685,0.303,0.11,0.25,0.433,0.149,0.274,-0.7,96,0.9
"ZiPS","24488","Max Schuemann","ATH",117,402,468,89,65,15,2,7,58,44,46,0,121,12,4,4,15,3,0.221,0.317,0.321,0.638,0.289,0.1,0.26,0.38,0.1,0.295,0.8,91,0.9
"ZiPS","25448","Greg Jones","COL",90,356,391,84,57,14,3,10,55,47,27,0,152,6,1,1,26,3,0.236,0.3,0.376,0.676,0.297,0.07,0.39,0.178,0.14,0.379,3.3,77,0.9
"ZiPS","31349","Victor Scott II","STL",127,480,532,107,80,15,5,7,58,47,33,0,106,7,5,7,32,6,0.223,0.28,0.319,0.599,0.266,0.06,0.2,0.311,0.096,0.269,3,70,0.9
"ZiPS","19339","Nicky Lopez","CHC",122,373,420,89,74,11,3,1,45,26,35,0,63,4,1,7,8,4,0.239,0.31,0.292,0.602,0.273,0.08,0.15,0.556,0.054,0.284,-0.9,76,0.9
"ZiPS","25822","Andre Lipcius","CHW",132,509,566,122,83,21,2,16,64,61,50,1,134,3,4,0,5,2,0.24,0.309,0.383,0.692,0.303,0.09,0.24,0.373,0.143,0.292,-0.9,97,0.9
"ZiPS","10231","Jose Iglesias",NA,105,377,401,98,72,20,1,5,44,39,17,0,66,5,2,0,3,2,0.26,0.299,0.358,0.657,0.289,0.04,0.16,0.258,0.098,0.302,-1,87,0.9
"ZiPS","11281","Whit Merrifield",NA,109,391,432,97,72,18,1,6,53,42,32,1,73,2,5,2,17,4,0.248,0.305,0.345,0.65,0.286,0.07,0.17,0.438,0.097,0.287,1,81,0.9
"ZiPS","26149","Dominic Fletcher","CHW",106,399,438,95,69,17,3,6,47,43,27,1,100,6,3,3,2,3,0.238,0.294,0.341,0.635,0.28,0.06,0.23,0.27,0.103,0.301,-1.6,80,0.9
"ZiPS","sa3016966","Cooper Bowman","CIN",110,429,485,94,62,19,2,11,61,55,39,0,129,7,4,6,24,4,0.219,0.292,0.35,0.642,0.284,0.08,0.27,0.302,0.131,0.283,2.3,74,0.9
"ZiPS","sa3017215","Quincy Hamilton","HOU",107,407,461,88,54,19,2,13,53,55,44,0,117,6,3,1,7,4,0.216,0.3,0.369,0.669,0.295,0.1,0.25,0.376,0.152,0.268,-1,93,0.9
"ZiPS","13897","Tyler Heineman","TOR",64,187,218,40,31,6,1,2,21,19,21,0,45,4,1,5,4,1,0.214,0.305,0.289,0.594,0.272,0.1,0.21,0.467,0.075,0.27,0,76,0.9
"ZiPS","19892","Pavin Smith","ARI",120,391,445,97,63,19,2,13,54,57,49,2,90,2,3,0,2,1,0.248,0.333,0.407,0.739,0.323,0.11,0.2,0.544,0.159,0.289,-0.9,105,0.9
"ZiPS DC","27899","Colt Keith","DET",126,495,546,129,81,30,3,15,71,73,44,1,125,3,4,0,2,1,0.261,0.323,0.426,0.748,0.324,0.08,0.23,0.351,0.164,0.318,-1,113,0.9
"ZiPS DC","24703","Jonah Bride","MIA",99,362,427,87,58,18,1,10,46,50,52,0,79,7,5,1,1,1,0.24,0.344,0.378,0.721,0.321,0.12,0.19,0.656,0.137,0.278,-1.1,103,0.9
"ZiPS DC","17128","Ramon Laureano","BAL",47,184,203,44,27,9,1,7,25,27,14,0,60,5,1,0,5,2,0.241,0.31,0.414,0.724,0.316,0.07,0.3,0.224,0.173,0.32,-0.1,109,0.9
"ZiPS DC","sa3017170","Colson Montgomery","CHW",113,430,490,87,58,17,3,10,49,53,46,2,142,13,2,0,4,2,0.203,0.298,0.327,0.625,0.28,0.09,0.29,0.32,0.123,0.277,-0.9,80,0.9
"ZiPS DC","18171","Seth Brown","ATH",79,316,343,75,44,14,2,15,36,47,24,1,94,2,2,0,4,1,0.238,0.293,0.439,0.732,0.315,0.07,0.28,0.254,0.201,0.287,-0.1,109,0.9
"ZiPS DC","18564","Trent Grisham","NYY",40,151,175,32,17,8,0,6,21,21,20,0,46,2,1,1,3,1,0.212,0.312,0.401,0.713,0.313,0.12,0.26,0.442,0.188,0.257,-0.1,104,0.9
"ZiPS DC","14968","Victor Caratini","HOU",52,183,206,43,32,6,0,5,19,23,17,1,42,4,2,0,0,1,0.234,0.31,0.349,0.659,0.291,0.09,0.2,0.414,0.115,0.274,-0.7,90,0.9
"ZiPS DC","29976","Jordan Lawlar","ARI",60,231,259,52,36,10,1,5,32,28,21,0,64,5,2,1,9,3,0.226,0.302,0.341,0.643,0.286,0.08,0.25,0.323,0.115,0.29,0.3,81,0.9
"ZiPS DC","16572","Connor Joe","SDP",78,292,336,68,42,16,2,7,40,30,37,0,76,5,2,0,2,2,0.231,0.326,0.375,0.701,0.311,0.11,0.22,0.489,0.144,0.285,-1,103,0.9
"ZiPS DC","16530","Mauricio Dubon","HOU",71,288,308,76,55,15,1,5,37,32,13,0,42,2,3,1,3,1,0.263,0.298,0.375,0.673,0.293,0.04,0.14,0.321,0.112,0.289,-0.6,92,0.9
"ZiPS DC","20287","Ben Rortvedt","TBR",65,227,256,49,34,10,0,4,24,26,25,0,70,3,1,0,1,0,0.216,0.302,0.318,0.62,0.28,0.1,0.27,0.358,0.102,0.291,-0.3,85,0.9
"ZiPS DC","29949","Tyler Black","MIL",73,273,315,63,41,10,4,7,39,37,34,1,73,7,1,0,11,2,0.23,0.329,0.377,0.706,0.313,0.11,0.23,0.462,0.147,0.287,0.6,100,0.9
"ZiPS DC","13757","Chris Taylor","LAD",66,251,287,57,36,12,2,7,35,30,30,1,92,3,2,1,7,1,0.226,0.316,0.374,0.69,0.305,0.11,0.32,0.33,0.148,0.323,0.4,96,0.9
"ZiPS DC","10231","Jose Iglesias",NA,100,408,434,106,78,22,1,5,48,42,18,0,71,5,2,0,3,2,0.26,0.299,0.358,0.657,0.289,0.04,0.16,0.258,0.098,0.302,-1,85,0.9
"ZiPS DC","21897","Christopher Morel","TBR",118,455,511,105,62,18,3,22,63,69,47,2,141,5,3,1,8,4,0.231,0.309,0.428,0.737,0.319,0.09,0.28,0.335,0.197,0.283,-1.1,112,0.9
"ZiPS DC","24336","Johan Rojas","PHI",71,284,308,69,50,12,3,4,39,30,13,0,62,4,1,6,19,3,0.243,0.285,0.346,0.631,0.278,0.04,0.2,0.216,0.103,0.297,1.9,76,0.9
"ZiPS DC","23691","Jose Tena","WSN",86,344,371,88,61,17,2,8,41,42,20,0,101,3,2,2,8,4,0.257,0.302,0.388,0.69,0.301,0.06,0.27,0.203,0.132,0.338,-0.7,93,0.9
"ZiPS DC","15878","Miguel Andujar","ATH",76,308,329,83,58,17,1,7,35,35,18,1,45,2,2,0,3,2,0.27,0.311,0.401,0.712,0.309,0.05,0.14,0.393,0.131,0.295,-0.6,105,0.9
"REZ","sa3017170","Colson Montgomery","CHW",108,397,451,82,54,16,2,10,44,44,41,1,130,10,3,1,4,1,0.206,0.294,0.331,0.625,0.279,0.09,0.29,0.316,0.125,0.277,-0.6,80,0.9
"REZ","sa3017183","Caleb Durbin","MIL",77,284,321,67,46,15,1,5,37,32,26,1,41,8,2,2,15,3,0.237,0.315,0.353,0.668,0.297,0.08,0.13,0.638,0.116,0.259,1.1,89,0.9
"REZ","11442","Gary Sanchez","BAL",68,231,262,51,26,10,0,13,28,33,23,0,69,4,2,0,0,0,0.22,0.301,0.427,0.728,0.312,9,26.5,0.3,0.207,0.252,-0.7,101,0.9
"REZ","21707","Oswaldo Cabrera","NYY",88,310,342,70,48,12,1,8,39,37,26,0,75,2,2,2,7,2,0.224,0.286,0.345,0.631,0.278,7.5,21.9,0.3,0.121,0.268,0.1,90,0.9
"REZ","20287","Ben Rortvedt","TBR",69,220,249,44,31,6,0,7,22,23,23,0,72,3,1,0,1,0,0.202,0.284,0.315,0.599,0.268,9.2,29.2,0.3,0.113,0.266,-0.3,82,0.9
"REZ","19921","Blake Perkins","MIL",83,290,329,67,47,13,1,7,36,31,34,0,90,2,3,1,13,3,0.232,0.315,0.349,0.664,0.295,10.4,27.3,0.4,0.117,0.309,0.8,82,0.9
"REZ","24336","Johan Rojas","PHI",83,298,322,67,50,12,3,3,39,28,14,0,65,4,1,5,20,3,0.226,0.267,0.31,0.577,0.255,4.2,20.2,0.2,0.084,0.279,1.9,76,0.9
"REZ","19779","Dairon Blanco","KCR",62,186,206,44,34,5,2,3,32,21,13,0,46,3,1,1,26,6,0.237,0.298,0.335,0.633,0.281,6.5,22.6,0.3,0.098,0.297,2.4,93,0.9
"REZ","20538","Jose Miranda","MIN",107,403,437,99,68,19,1,10,47,51,25,0,71,6,3,0,2,1,0.246,0.298,0.376,0.674,0.294,5.7,16.2,0.3,0.13,0.274,-1,105,0.9
"REZ","25332","Endy Rodriguez","PIT",83,308,339,71,50,12,3,6,40,37,26,0,67,3,2,0,2,1,0.231,0.295,0.344,0.639,0.282,7.7,19.6,0.4,0.113,0.275,-0.5,91,0.8
"REZ","22896","Lenyn Sosa","CHW",96,371,394,93,59,18,0,16,39,44,17,2,84,2,3,2,3,1,0.251,0.286,0.428,0.714,0.305,4.2,21.3,0.2,0.177,0.282,-0.6,87,0.8
"REZ","16472","Rhys Hoskins","MIL",131,480,550,96,48,23,1,25,62,76,60,1,161,7,4,0,3,1,0.201,0.296,0.409,0.705,0.307,10.8,29.2,0.4,0.208,0.24,-1.6,105,0.8
"REZ","2396","Carlos Santana","CLE",133,494,562,111,68,22,0,20,58,64,60,3,98,3,3,0,3,1,0.225,0.311,0.394,0.705,0.308,10.6,17.5,0.6,0.169,0.239,-1,98,0.8
"REZ","22823","Oswald Peraza","NYY",64,237,262,48,31,7,0,10,31,29,20,0,64,4,1,1,10,3,0.202,0.275,0.355,0.63,0.277,7.5,24.2,0.3,0.153,0.231,0.3,90,0.8
"REZ","17982","Ty France","MIN",95,358,402,84,56,18,1,9,45,44,28,0,76,14,3,0,1,0,0.235,0.314,0.369,0.683,0.302,7.1,18.8,0.4,0.134,0.272,-1.2,108,0.8
"REZ","24589","Richie Palacios","TBR",85,298,344,66,43,14,0,7,38,32,37,2,68,4,2,1,11,2,0.22,0.314,0.34,0.654,0.29,10.9,19.8,0.5,0.12,0.26,0.6,101,0.8
"REZ","27467","Tyler Soderstrom","ATH",126,466,514,99,68,14,0,18,54,67,39,1,135,5,4,0,1,1,0.214,0.28,0.356,0.636,0.279,7.6,26.3,0.3,0.142,0.259,-1.1,104,0.8
"REZ","19964","Eguy Rosario","SDP",91,312,344,70,43,13,2,10,38,40,26,0,92,3,2,1,9,3,0.223,0.288,0.374,0.662,0.288,7.6,26.8,0.3,0.151,0.28,-0.2,93,0.8
"REZ","13590","Jesse Winker","NYM",104,359,424,76,51,14,0,10,47,44,58,2,91,6,2,1,6,2,0.211,0.329,0.339,0.668,0.301,13.5,21.3,0.6,0.128,0.252,-1.1,110,0.8
"REZ","10231","Jose Iglesias",NA,94,357,381,92,66,21,1,5,40,36,16,1,62,5,2,0,4,2,0.258,0.297,0.364,0.661,0.289,4.1,16.4,0.2,0.106,0.299,-0.8,88,0.8
"REZ","21538","Nick Fortes","MIA",95,317,347,73,49,9,0,15,34,33,18,0,54,6,3,3,3,1,0.231,0.283,0.401,0.684,0.296,5.3,15.5,0.3,0.17,0.233,-0.3,73,0.8
"ATC","17128","Ramon Laureano","BAL",69,242,268,56,35,11,1,9,32,30,18,0,76,6,1,0,7,2,0.233,0.302,0.4,0.702,0.307,0.07,0.29,0.235,0.167,0.301,-0.1,102,0.8
"ATC","2396","Carlos Santana","CLE",132,482,548,108,68,21,0,18,59,64,59,1,96,3,3,0,3,1,0.224,0.311,0.381,0.692,0.305,0.11,0.17,0.616,0.157,0.242,-1.2,99,0.8
"ATC","23401","Jose Caballero","TBR",84,279,313,62,41,13,1,6,37,28,23,0,80,8,2,1,26,7,0.221,0.297,0.343,0.639,0.284,0.07,0.26,0.288,0.122,0.284,2,82,0.8
"ATC","19921","Blake Perkins","MIL",82,274,311,62,43,12,2,6,36,30,31,1,80,2,3,1,13,3,0.225,0.306,0.342,0.648,0.288,0.1,0.26,0.386,0.116,0.294,0.8,83,0.8
"ATC","10681","Gio Urshela","ATH",112,408,438,106,77,19,1,8,41,46,24,1,72,2,4,0,1,0,0.26,0.301,0.375,0.675,0.294,0.05,0.17,0.329,0.115,0.295,-1.4,89,0.8
"ATC","sa3009808","Juan Brito","CLE",71,255,289,60,39,14,0,6,31,28,28,0,54,3,2,1,4,1,0.234,0.314,0.363,0.677,0.299,0.1,0.19,0.518,0.129,0.272,-0.4,96,0.8
"ATC","sa3020211","Roman Anthony","BOS",87,311,353,76,48,18,2,8,44,37,37,1,90,2,2,1,8,2,0.245,0.328,0.395,0.723,0.317,0.11,0.26,0.415,0.151,0.316,-0.2,101,0.8
"ATC","sa3020011","Chase Meidroth","CHW",55,190,222,46,34,8,1,3,25,19,27,0,38,4,1,0,4,1,0.245,0.346,0.342,0.688,0.311,0.12,0.17,0.694,0.098,0.29,-0.3,100,0.8
"ATC","19955","Gavin Lux","CIN",107,371,415,94,63,19,3,10,52,44,40,1,90,2,3,1,5,2,0.254,0.328,0.401,0.728,0.319,0.1,0.22,0.44,0.147,0.307,0.1,98,0.8
"ATC","31837","Masataka Yoshida","BOS",108,403,447,111,76,22,1,11,52,55,33,1,58,8,3,0,3,1,0.276,0.341,0.421,0.761,0.332,0.07,0.13,0.567,0.145,0.296,-1.6,112,0.8
"ATC","sa3022886","Kyle Teel","CHW",49,167,188,40,28,7,0,4,21,19,18,0,48,1,1,0,3,1,0.239,0.317,0.354,0.671,0.298,0.1,0.25,0.38,0.115,0.309,-0.2,92,0.8
"ATC","11368","Yasmani Grandal",NA,61,194,222,44,31,7,0,6,22,23,24,0,47,1,1,1,1,0,0.225,0.313,0.352,0.665,0.296,0.11,0.21,0.51,0.126,0.267,-1.3,91,0.8
"ATC","18030","Harrison Bader","MIN",77,264,286,63,42,12,1,7,34,31,16,0,59,4,3,0,12,4,0.237,0.288,0.369,0.657,0.287,0.06,0.21,0.265,0.132,0.279,0.8,86,0.8
"Depth Charts","16947","Derek Hill","MIA",76,303,329,76,52,13,3,8,38,38,19,0,90,3,2,2,8,2,0.252,0.301,0.397,0.698,0.304,0.06,0.27,0.214,0.145,0.33,0.1,91,0.8
"Depth Charts","20538","Jose Miranda","MIN",83,329,357,88,58,19,2,10,38,43,21,1,59,5,2,0,2,1,0.267,0.318,0.422,0.74,0.321,0.06,0.16,0.353,0.154,0.298,-0.9,110,0.8
"Depth Charts","24703","Jonah Bride","MIA",99,364,427,86,58,18,1,10,46,48,52,0,86,7,4,1,1,1,0.238,0.341,0.376,0.717,0.319,0.12,0.2,0.608,0.139,0.28,-1.5,102,0.8
"Depth Charts","22823","Oswald Peraza","NYY",57,220,245,51,35,9,0,7,29,28,18,0,58,4,1,1,9,3,0.232,0.303,0.375,0.678,0.298,0.08,0.24,0.319,0.142,0.281,0.2,94,0.8
"Depth Charts","15161","Mitch Garver","SEA",78,279,323,57,33,12,0,12,33,36,38,0,94,4,2,0,0,0,0.203,0.305,0.372,0.677,0.301,0.12,0.29,0.397,0.169,0.258,-0.8,102,0.8
"Depth Charts","sa3022886","Kyle Teel","CHW",45,159,179,38,28,7,0,4,21,17,18,0,45,2,1,0,3,1,0.239,0.319,0.352,0.671,0.299,0.1,0.25,0.387,0.112,0.31,-0.2,93,0.8
"Depth Charts","19960","Taylor Trammell","HOU",57,213,245,46,26,10,1,9,30,30,27,0,76,3,2,1,6,2,0.216,0.309,0.395,0.705,0.309,0.11,0.31,0.355,0.179,0.286,-0.1,103,0.8
"Depth Charts","18564","Trent Grisham","NYY",40,151,175,32,18,8,0,6,21,20,20,0,47,2,1,1,3,1,0.212,0.311,0.392,0.703,0.309,0.12,0.27,0.432,0.18,0.259,0,101,0.8
"Depth Charts","17276","Alex Jackson","NYY",39,139,154,29,15,7,0,6,17,20,11,0,46,2,1,1,1,0,0.206,0.275,0.389,0.664,0.289,0.07,0.3,0.24,0.183,0.26,-0.2,87,0.8
"Depth Charts","16530","Mauricio Dubon","HOU",71,288,308,76,55,15,1,5,35,31,14,0,42,2,3,1,3,1,0.264,0.301,0.377,0.678,0.296,0.04,0.14,0.332,0.113,0.291,-0.4,93,0.8
"Depth Charts","12979","Javier Baez","DET",75,300,322,70,47,13,1,9,34,36,15,1,78,4,2,0,7,1,0.233,0.277,0.371,0.648,0.281,0.05,0.24,0.192,0.138,0.285,0.5,83,0.8
"Depth Charts","11445","Mark Canha",NA,96,355,413,87,60,18,1,8,46,40,41,1,82,14,3,0,5,1,0.244,0.342,0.364,0.707,0.316,0.1,0.2,0.5,0.12,0.294,-0.5,104,0.8
"OOPSY","sa3022886","Kyle Teel","CHW",45,157,179,37,26,7,0,4,19,16,19,0,47,1,1,0,2,1,0.237,0.322,0.354,0.675,0.301,0.11,0.26,0.405,0.117,0.312,-0.2,95,0.8
"OOPSY","20538","Jose Miranda","MIN",83,329,357,88,59,19,1,9,40,39,20,1,58,5,3,0,3,1,0.266,0.316,0.412,0.728,0.316,0.06,0.16,0.352,0.146,0.297,-1.1,106,0.8
"OOPSY","15161","Mitch Garver","SEA",78,280,323,57,35,11,0,11,34,35,37,1,95,4,2,0,1,0,0.205,0.305,0.37,0.675,0.299,0.12,0.3,0.392,0.165,0.262,-0.9,101,0.8
"OOPSY","23691","Jose Tena","WSN",86,346,371,88,61,17,1,8,39,36,19,0,98,2,3,1,9,3,0.255,0.295,0.384,0.679,0.295,0.05,0.26,0.193,0.129,0.329,-0.5,89,0.8
"OOPSY","27464","Dillon Dingler","DET",60,214,237,47,30,9,1,7,26,25,17,0,67,4,2,0,1,0,0.221,0.287,0.372,0.658,0.289,0.07,0.28,0.247,0.151,0.283,-0.4,88,0.8
"OOPSY","14854","Mike Yastrzemski","SFG",118,454,511,100,58,22,4,17,64,58,48,1,133,6,3,1,4,1,0.22,0.301,0.396,0.697,0.304,0.09,0.26,0.36,0.175,0.271,-0.6,97,0.8
"OOPSY","20287","Ben Rortvedt","TBR",65,226,256,50,34,10,0,5,25,22,25,0,66,3,2,0,1,0,0.22,0.304,0.334,0.638,0.286,0.1,0.26,0.37,0.114,0.286,-0.4,89,0.8
"OOPSY","31837","Masataka Yoshida","BOS",105,413,455,115,79,24,2,11,53,49,30,1,62,9,3,0,4,1,0.279,0.338,0.422,0.761,0.331,0.07,0.14,0.484,0.144,0.304,-1.8,111,0.8
"OOPSY","19960","Taylor Trammell","HOU",57,212,245,47,27,10,0,10,28,30,28,0,74,3,2,0,8,2,0.22,0.316,0.407,0.723,0.316,0.11,0.3,0.377,0.187,0.285,0,108,0.8
"OOPSY","25967","Orelvis Martinez","TOR",49,191,210,44,24,10,0,10,24,30,14,0,54,3,2,0,0,0,0.231,0.292,0.444,0.736,0.316,0.07,0.26,0.266,0.213,0.265,-0.3,107,0.8
"OOPSY","19734","Josh Rojas","CHW",79,306,343,72,52,14,1,6,35,28,33,0,75,1,2,1,9,2,0.236,0.31,0.342,0.652,0.29,0.1,0.22,0.433,0.106,0.293,0.7,87,0.8
"OOPSY","19956","Mickey Moniak","LAA",65,261,280,62,37,11,2,11,35,35,14,0,80,3,2,0,6,2,0.239,0.283,0.429,0.711,0.305,0.05,0.29,0.175,0.19,0.298,-0.3,97,0.8
"OOPSY","sa3023011","Kristian Campbell","BOS",36,134,154,35,23,7,1,4,20,17,16,0,37,3,1,0,4,1,0.262,0.35,0.426,0.776,0.339,0.1,0.24,0.425,0.163,0.329,0,117,0.8
"OOPSY","18171","Seth Brown","ATH",79,315,343,74,45,14,1,15,39,44,24,1,95,2,2,0,4,1,0.236,0.292,0.425,0.717,0.309,0.07,0.28,0.256,0.189,0.288,-0.8,105,0.8
"OOPSY","15518","Amed Rosario","WSN",53,217,231,59,43,10,2,4,28,20,11,0,42,2,2,0,8,2,0.271,0.309,0.39,0.699,0.304,0.05,0.18,0.259,0.119,0.32,0.5,94,0.8
"OOPSY","sa3015239","Edgar Quero","CHW",39,135,154,32,21,7,0,4,16,15,14,0,33,3,2,0,0,0,0.236,0.32,0.37,0.69,0.305,0.09,0.21,0.439,0.133,0.282,-0.3,98,0.8
"OOPSY","sa3009808","Juan Brito","CLE",66,252,287,57,37,14,1,5,30,27,29,0,56,2,3,1,4,2,0.227,0.311,0.351,0.662,0.294,0.1,0.2,0.525,0.124,0.268,-0.4,92,0.8
"OOPSY","19892","Pavin Smith","ARI",81,306,350,77,49,15,1,11,43,39,39,1,72,1,3,0,1,0,0.25,0.336,0.416,0.751,0.328,0.11,0.2,0.55,0.166,0.29,-1.1,109,0.8
"OOPSY","16512","Isiah KinerFalefa","PIT",128,510,553,134,103,22,3,5,58,39,30,0,86,8,4,2,16,5,0.262,0.311,0.348,0.659,0.291,0.05,0.16,0.351,0.086,0.304,0.4,83,0.8
"OOPSY","16472","Rhys Hoskins","MIL",133,504,574,112,63,22,1,26,65,75,60,1,158,7,4,0,3,1,0.222,0.311,0.424,0.735,0.319,0.1,0.28,0.378,0.202,0.265,-2.5,104,0.8
"OOPSY","24589","Richie Palacios","TBR",81,302,350,70,49,15,2,5,39,28,40,0,64,4,3,1,12,3,0.231,0.327,0.337,0.664,0.298,0.11,0.18,0.619,0.106,0.276,0.6,98,0.8
"OOPSY","24336","Johan Rojas","PHI",71,285,308,71,50,14,2,4,34,25,14,0,61,3,2,4,21,3,0.248,0.287,0.357,0.644,0.282,0.04,0.2,0.22,0.109,0.299,2.4,79,0.8
"Steamer","12861","Anthony Rendon","LAA",81,310,355,75,52,16,1,7,41,34,36,0,63,6,2,1,6,2,0.243,0.331,0.368,0.699,0.311,0.1,0.18,0.573,0.124,0.282,-0.3,101,0.8
"Steamer","19921","Blake Perkins","MIL",76,268,306,61,42,12,1,6,33,29,32,1,78,2,2,1,11,3,0.229,0.315,0.353,0.668,0.297,0.11,0.26,0.413,0.124,0.297,0.7,89,0.8
"Steamer","sa3020211","Roman Anthony","BOS",91,321,368,78,49,19,2,8,43,38,41,1,97,3,3,1,7,2,0.244,0.332,0.392,0.725,0.319,0.11,0.26,0.42,0.148,0.321,-0.2,102,0.8
"Steamer","22857","Wenceel Perez","DET",84,328,365,79,52,15,4,8,41,36,30,0,76,3,2,1,9,3,0.24,0.308,0.384,0.692,0.303,0.08,0.21,0.402,0.144,0.286,0.6,98,0.8
"Steamer","24336","Johan Rojas","PHI",71,256,276,64,46,12,2,5,31,27,14,0,53,3,2,1,16,3,0.252,0.295,0.369,0.664,0.29,0.05,0.19,0.256,0.118,0.298,1.6,84,0.8
"Steamer","31166","Heston Kjerstad","BAL",83,301,336,74,48,14,1,12,39,40,26,1,87,6,2,1,2,1,0.247,0.317,0.417,0.734,0.319,0.08,0.26,0.298,0.169,0.307,-0.5,111,0.8
"Steamer","sa3022886","Kyle Teel","CHW",42,151,171,35,25,7,0,4,17,16,17,0,44,2,1,0,2,1,0.235,0.316,0.357,0.673,0.299,0.1,0.26,0.384,0.122,0.303,-0.1,94,0.8
"Steamer","17907","Brendan Rodgers",NA,81,315,343,78,52,16,1,8,36,37,22,0,80,3,2,1,1,0,0.247,0.301,0.382,0.682,0.298,0.06,0.23,0.28,0.135,0.303,-0.5,92,0.8
"Steamer","17232","Yoan Moncada","LAA",118,430,479,104,69,22,2,11,49,49,41,0,131,3,3,1,4,1,0.241,0.309,0.377,0.686,0.301,0.09,0.27,0.311,0.136,0.318,-0.5,94,0.8
"Steamer","12979","Javier Baez","DET",75,283,303,66,44,13,1,8,31,33,14,1,71,3,2,1,6,1,0.235,0.278,0.377,0.656,0.284,0.05,0.23,0.201,0.142,0.283,0.2,85,0.8
"Steamer","22823","Oswald Peraza","NYY",57,203,227,47,32,8,0,7,26,25,18,0,53,4,2,1,8,2,0.232,0.303,0.379,0.682,0.3,0.08,0.23,0.333,0.146,0.278,0.2,95,0.8
"THE BAT","sa3015239","Edgar Quero","CHW",52,178,198,45,30,9,1,5,22,22,16,0,36,3,1,0,1,0,0.254,0.322,0.404,0.725,0.317,0.08,0.18,0.439,0.15,0.288,-0.3,106,0.8
"THE BAT","21837","Jonathan Aranda","TBR",106,357,401,86,54,17,1,14,45,50,35,1,101,6,3,0,0,0,0.241,0.318,0.414,0.731,0.318,0.09,0.25,0.352,0.173,0.293,-0.7,112,0.8
"THE BAT","4949","Giancarlo Stanton","NYY",110,409,457,92,51,15,0,26,55,67,41,1,137,3,3,0,0,0,0.225,0.299,0.453,0.751,0.323,0.09,0.3,0.302,0.228,0.265,-0.7,111,0.8
"THE BAT","20352","Ernie Clement","TOR",91,314,335,79,56,15,1,7,35,33,13,1,34,3,3,2,7,2,0.25,0.284,0.367,0.651,0.283,0.04,0.1,0.39,0.117,0.261,0.1,84,0.8
"THE BAT","21614","Kyle Isbel","KCR",123,410,450,94,62,19,4,8,51,39,29,1,97,5,3,4,13,4,0.228,0.286,0.355,0.642,0.281,0.06,0.22,0.303,0.127,0.278,0.4,77,0.8
"THE BAT","26319","Michael Busch","CHC",142,510,577,116,71,25,2,18,63,70,55,1,162,7,4,0,2,1,0.228,0.311,0.393,0.703,0.308,0.1,0.28,0.341,0.164,0.294,-0.9,100,0.8
"THE BAT","17907","Brendan Rodgers",NA,84,333,362,80,56,15,1,9,37,39,23,0,86,4,2,0,1,0,0.241,0.295,0.37,0.665,0.291,0.06,0.24,0.264,0.129,0.297,-0.6,87,0.8
"THE BAT","sa3012639","Hyeseong Kim","LAD",110,405,438,100,72,19,3,6,51,39,27,1,82,2,3,0,16,3,0.246,0.295,0.348,0.643,0.282,0.06,0.19,0.33,0.102,0.294,1.2,81,0.8
"THE BAT","19734","Josh Rojas","CHW",98,332,375,77,53,15,1,7,40,32,35,1,83,2,3,3,10,3,0.231,0.306,0.347,0.653,0.289,0.09,0.22,0.427,0.115,0.285,0.2,87,0.8
"THE BAT","29931","Jacob Young","WSN",127,439,484,106,83,18,2,3,51,32,29,1,93,7,3,6,23,6,0.242,0.298,0.314,0.611,0.272,0.06,0.19,0.312,0.072,0.299,1.4,73,0.8
"THE BAT","12859","James McCann",NA,59,193,213,44,30,8,0,6,22,23,12,0,55,3,1,1,2,1,0.23,0.283,0.364,0.647,0.284,0.06,0.26,0.223,0.135,0.288,-0.2,82,0.8
"THE BAT","sa3020011","Chase Meidroth","CHW",55,191,217,47,35,9,1,3,23,18,21,0,37,3,1,0,3,1,0.248,0.331,0.346,0.677,0.303,0.1,0.17,0.578,0.098,0.291,-0.2,96,0.8
"THE BAT","26123","Brett Baty","NYM",95,329,366,75,52,13,1,10,38,38,30,1,94,3,2,1,1,1,0.227,0.296,0.357,0.653,0.288,0.08,0.26,0.319,0.13,0.286,-0.6,87,0.8
"THE BATX","13675","Tyrone Taylor","NYM",88,285,310,66,40,15,1,10,36,34,17,0,73,5,2,1,7,2,0.231,0.284,0.395,0.679,0.295,0.06,0.24,0.23,0.164,0.275,0.1,92,0.8
"THE BATX","19734","Josh Rojas","CHW",98,332,375,77,53,15,2,8,41,33,35,1,82,2,3,3,10,3,0.231,0.307,0.353,0.66,0.292,0.09,0.22,0.433,0.122,0.282,0.1,88,0.8
"THE BATX","31349","Victor Scott II","STL",101,334,365,76,53,15,3,6,43,28,21,0,77,4,3,4,21,3,0.228,0.28,0.343,0.623,0.273,0.06,0.21,0.27,0.115,0.277,2.4,75,0.8
"THE BATX","17232","Yoan Moncada","LAA",71,260,290,63,40,14,1,8,33,33,25,1,77,2,2,1,2,1,0.244,0.315,0.399,0.713,0.312,0.09,0.27,0.326,0.155,0.312,-0.4,101,0.8
"THE BATX","15161","Mitch Garver","SEA",81,276,319,56,33,10,0,12,33,39,36,0,93,4,2,0,0,0,0.202,0.301,0.376,0.677,0.299,0.11,0.29,0.385,0.174,0.252,-0.6,101,0.8
"THE BATX","22532","Tyler Freeman","CLE",44,143,160,38,26,8,1,3,19,16,10,0,23,5,1,1,5,1,0.265,0.33,0.397,0.727,0.32,0.06,0.14,0.426,0.132,0.293,0,110,0.8
"THE BATX","19921","Blake Perkins","MIL",82,276,311,61,42,12,2,6,34,28,29,0,80,2,2,1,12,2,0.222,0.299,0.344,0.642,0.285,0.09,0.26,0.357,0.122,0.289,0.8,81,0.8
"THE BATX","31394","Brooks Baldwin","CHW",72,256,278,61,41,12,1,7,30,27,17,1,63,2,2,2,7,1,0.238,0.289,0.376,0.664,0.289,0.06,0.22,0.278,0.138,0.287,0.3,87,0.8
"THE BATX","sa3020011","Chase Meidroth","CHW",55,191,217,47,35,9,1,3,23,18,21,0,37,3,1,0,4,1,0.248,0.331,0.347,0.678,0.303,0.1,0.17,0.578,0.099,0.291,0,97,0.8
"THE BATX","29931","Jacob Young","WSN",127,441,484,108,87,15,3,2,52,29,27,0,93,7,3,6,25,6,0.244,0.297,0.31,0.608,0.271,0.06,0.19,0.294,0.066,0.303,1.9,73,0.8
"THE BATX","17128","Ramon Laureano","BAL",77,266,295,62,39,13,1,10,36,35,20,0,85,7,2,0,7,2,0.234,0.303,0.401,0.703,0.307,0.07,0.29,0.235,0.167,0.301,-0.1,98,0.8
"THE BATX","11680","Elias Diaz","SDP",83,290,316,65,45,12,0,8,30,34,19,0,71,2,2,0,0,0,0.224,0.275,0.346,0.621,0.273,0.06,0.22,0.268,0.122,0.267,-0.5,77,0.8
"THE BATX","sa3017795","Carson Williams","TBR",47,147,162,34,20,7,1,5,19,18,12,0,52,2,1,0,4,1,0.231,0.294,0.402,0.695,0.302,0.07,0.32,0.221,0.171,0.317,0.3,100,0.8
"THE BATX","31166","Heston Kjerstad","BAL",102,347,383,86,55,17,2,12,44,45,26,1,99,7,3,0,2,1,0.248,0.312,0.41,0.722,0.313,0.07,0.26,0.267,0.162,0.31,-0.5,107,0.8
"THE BATX","12859","James McCann",NA,59,193,213,44,31,8,0,6,22,24,12,0,55,3,1,1,2,1,0.23,0.283,0.366,0.648,0.284,0.06,0.26,0.217,0.135,0.289,-0.3,82,0.8
"THE BATX","13723","Jacob Stallings","COL",83,262,296,63,44,12,0,6,29,30,25,0,69,4,2,2,0,0,0.239,0.311,0.358,0.67,0.297,0.08,0.23,0.362,0.119,0.297,-0.6,76,0.8
"THE BATX","13185","Orlando Arcia","ATL",126,454,496,104,72,19,1,12,51,52,33,0,103,3,3,1,1,1,0.229,0.284,0.355,0.639,0.281,0.07,0.21,0.322,0.126,0.268,-0.9,77,0.8
"THE BATX","26477","Spencer Horwitz","PIT",113,405,462,102,70,22,1,9,50,49,47,2,82,6,3,0,2,1,0.252,0.337,0.38,0.717,0.316,0.1,0.18,0.578,0.128,0.293,-0.9,100,0.8
"THE BATX","27467","Tyler Soderstrom","ATH",133,467,517,107,64,21,1,20,57,62,40,2,142,5,4,0,1,0,0.229,0.295,0.411,0.706,0.305,0.08,0.28,0.282,0.182,0.281,-0.8,102,0.8
"THE BATX","26123","Brett Baty","NYM",95,329,366,75,51,13,1,10,38,37,30,1,95,3,2,1,1,1,0.226,0.296,0.357,0.653,0.288,0.08,0.26,0.317,0.131,0.286,-0.6,87,0.8
"ZiPS","29782","Niko Kavadas","LAA",120,412,487,83,46,19,0,18,55,59,62,0,190,10,3,0,1,1,0.201,0.318,0.379,0.697,0.311,0.13,0.39,0.326,0.177,0.314,-1.1,100,0.8
"ZiPS","sa3015168","Deyvison De Los Santos","MIA",136,546,577,138,92,20,2,24,68,75,24,2,160,5,2,0,1,1,0.253,0.289,0.429,0.718,0.308,0.04,0.28,0.15,0.176,0.313,-1.1,95,0.8
"ZiPS","22857","Wenceel Perez","DET",119,445,491,106,71,19,7,9,63,50,39,0,101,3,3,1,12,4,0.238,0.302,0.373,0.675,0.296,0.08,0.21,0.386,0.135,0.287,-0.1,93,0.8
"ZiPS","15905","Luis Torrens","NYM",83,251,275,58,38,12,0,8,27,33,19,0,72,2,3,0,1,1,0.231,0.287,0.375,0.662,0.289,0.07,0.26,0.264,0.143,0.287,-0.7,88,0.8
"ZiPS","10642","Carlos Perez","CHC",100,365,404,74,44,15,1,14,43,52,30,1,85,6,3,0,0,0,0.203,0.272,0.364,0.637,0.278,0.07,0.21,0.353,0.162,0.223,-0.6,80,0.8
"ZiPS","25616","Marco Luciano","SFG",106,390,440,87,60,16,1,10,51,42,46,1,129,2,2,0,3,2,0.223,0.307,0.346,0.653,0.29,0.1,0.29,0.357,0.123,0.304,-1.1,87,0.8
"ZiPS","19931","Luke Williams","ATL",106,308,339,71,48,15,1,7,41,37,25,0,96,2,3,1,18,5,0.231,0.29,0.354,0.644,0.283,0.07,0.28,0.26,0.123,0.308,1,79,0.8
"ZiPS","27475","Jordan Walker","STL",143,536,589,131,82,27,3,19,57,71,42,0,136,7,4,0,6,3,0.244,0.306,0.412,0.718,0.312,0.07,0.23,0.309,0.168,0.291,-1,101,0.8
"ZiPS","sa3019988","Jacob Melton","HOU",103,417,448,90,59,17,1,13,53,52,27,0,125,2,1,1,19,4,0.216,0.266,0.355,0.621,0.272,0.06,0.28,0.216,0.139,0.275,1.5,77,0.8
"ZiPS","17954","Sam Hilliard","COL",119,360,405,83,49,15,3,16,56,51,39,1,129,1,3,2,10,2,0.231,0.305,0.422,0.727,0.315,0.1,0.32,0.302,0.192,0.307,0.5,88,0.8
"ZiPS","24597","Jonathan Ornelas","TEX",115,443,485,100,78,15,2,5,54,45,33,1,128,6,1,2,7,3,0.226,0.288,0.302,0.59,0.264,0.07,0.26,0.258,0.077,0.305,-0.7,70,0.8
"ZiPS","22165","Ryan Vilade","STL",118,443,489,105,76,18,3,8,52,51,36,1,119,5,4,1,11,5,0.237,0.299,0.345,0.645,0.284,0.07,0.24,0.303,0.108,0.303,-0.7,83,0.8
"ZiPS","24934","David Fry","CLE",115,340,386,83,50,19,2,12,43,50,34,2,90,8,3,1,3,1,0.244,0.325,0.418,0.742,0.322,0.09,0.23,0.378,0.174,0.295,-0.5,112,0.8
"ZiPS","19562","Zack Short","HOU",113,312,367,59,37,14,0,8,42,39,46,1,109,3,3,3,5,2,0.189,0.297,0.311,0.608,0.275,0.12,0.3,0.422,0.122,0.258,-0.5,79,0.8
"ZiPS","sa3022864","Jonathon Long","CHC",114,426,483,98,67,17,0,14,65,57,46,1,124,7,4,0,1,0,0.23,0.313,0.369,0.681,0.301,0.1,0.26,0.371,0.138,0.288,-0.7,95,0.8
"ZiPS","21501","Trevor Larnach","MIN",111,371,424,89,55,19,1,14,55,55,45,1,115,4,4,0,3,1,0.24,0.325,0.41,0.735,0.321,0.11,0.27,0.391,0.17,0.305,-0.6,110,0.8
"ZiPS","16953","Chadwick Tromp","ATL",76,272,297,63,42,14,0,7,29,31,22,0,73,1,2,0,0,0,0.232,0.29,0.36,0.65,0.286,0.07,0.25,0.301,0.129,0.289,-0.5,81,0.8
"ZiPS","25111","David Hensley","DET",102,369,417,88,58,21,2,7,58,38,46,0,119,1,1,0,10,2,0.238,0.324,0.363,0.687,0.306,0.11,0.28,0.387,0.125,0.332,0.4,93,0.8
"ZiPS","31363","Graham Pauley","MIA",123,463,512,102,65,22,2,13,60,56,40,2,124,7,2,0,6,3,0.22,0.291,0.361,0.652,0.286,0.08,0.24,0.323,0.14,0.271,-0.9,80,0.8
"ZiPS","20970","Oscar Gonzalez","SDP",113,437,460,112,72,24,2,14,52,59,17,1,108,3,3,0,3,0,0.256,0.287,0.416,0.703,0.302,0.04,0.23,0.157,0.16,0.308,-0.1,97,0.8
"ZiPS DC","22823","Oswald Peraza","NYY",57,222,245,52,36,8,1,7,31,30,18,1,59,5,1,1,9,3,0.233,0.303,0.371,0.674,0.297,0.07,0.24,0.304,0.138,0.284,0.1,93,0.8
"ZiPS DC","25782","Pedro Pages","STL",58,209,230,46,32,8,1,5,19,26,17,0,60,2,2,1,1,0,0.22,0.282,0.339,0.621,0.275,0.07,0.26,0.28,0.118,0.281,-0.1,76,0.8
"ZiPS DC","27475","Jordan Walker","STL",134,529,581,129,81,27,3,19,56,70,41,0,134,7,4,0,6,3,0.244,0.306,0.412,0.718,0.312,0.07,0.23,0.309,0.168,0.291,-1,101,0.8
"ZiPS DC","sa3009808","Juan Brito","CLE",66,252,287,58,37,15,0,6,34,32,29,0,53,3,2,1,3,2,0.232,0.317,0.367,0.684,0.303,0.1,0.18,0.558,0.135,0.269,-0.8,98,0.8
"ZiPS DC","22896","Lenyn Sosa","CHW",79,323,343,80,55,14,1,10,35,39,14,1,75,2,2,2,2,1,0.247,0.281,0.384,0.665,0.288,0.04,0.22,0.191,0.137,0.292,-0.7,86,0.8
"ZiPS DC","15161","Mitch Garver","SEA",78,278,323,55,32,13,0,11,32,36,39,0,96,5,2,0,0,0,0.198,0.304,0.36,0.665,0.297,0.12,0.3,0.402,0.162,0.257,-0.6,99,0.8
"ZiPS DC","19260","Jake Fraley","CIN",104,400,448,101,70,18,1,11,49,50,41,1,89,5,2,0,20,5,0.252,0.327,0.388,0.715,0.314,0.09,0.2,0.458,0.135,0.297,1,95,0.8
"ZiPS DC","31349","Victor Scott II","STL",113,442,490,99,74,14,5,6,53,43,30,0,98,6,5,6,29,6,0.223,0.28,0.319,0.599,0.266,0.06,0.2,0.311,0.096,0.269,2.8,70,0.8
"ZiPS DC","25660","Will Brennan","CLE",53,214,231,59,42,12,1,4,25,25,13,1,33,2,1,0,4,1,0.278,0.324,0.4,0.724,0.315,0.06,0.14,0.388,0.123,0.311,-0.2,106,0.8
"ZiPS DC","25807","Jared Triolo","PIT",57,218,245,54,39,10,1,4,27,25,23,0,61,2,2,0,5,1,0.246,0.322,0.354,0.675,0.301,0.09,0.25,0.377,0.108,0.322,0.1,89,0.8
"ZiPS DC","14712","Manuel Margot",NA,66,262,287,70,49,14,2,5,32,30,19,0,47,2,2,1,6,2,0.265,0.318,0.386,0.703,0.308,0.07,0.16,0.407,0.12,0.304,-0.1,98,0.8
"ZiPS DC","sa3022886","Kyle Teel","CHW",45,159,179,39,29,7,0,3,24,17,17,0,45,1,1,0,3,1,0.244,0.322,0.346,0.668,0.298,0.1,0.25,0.39,0.103,0.316,-0.3,93,0.8
"ZiPS DC","26295","Oliver Dunn","MIL",62,236,266,49,30,11,2,5,27,26,26,1,95,2,0,1,5,2,0.207,0.293,0.342,0.635,0.282,0.1,0.36,0.279,0.135,0.32,0,79,0.8
"ZiPS DC","13770","Rob Refsnyder","BOS",49,183,210,48,31,11,1,5,24,27,22,1,53,4,1,0,2,1,0.264,0.353,0.42,0.773,0.339,0.1,0.25,0.41,0.156,0.341,-0.3,116,0.8
"ZiPS DC","17276","Alex Jackson","NYY",39,139,154,28,14,8,1,6,18,22,11,1,48,3,1,1,1,0,0.204,0.275,0.404,0.68,0.294,0.07,0.31,0.229,0.2,0.259,-0.1,91,0.8
"ZiPS DC","25332","Endy Rodriguez","PIT",91,342,375,84,52,21,2,8,48,43,27,0,77,3,2,0,2,1,0.244,0.304,0.39,0.694,0.303,0.07,0.21,0.354,0.146,0.291,-0.7,91,0.8
"ZiPS DC","12979","Javier Baez","DET",75,300,322,69,47,13,1,8,36,37,15,1,81,4,2,0,7,1,0.231,0.275,0.365,0.64,0.278,0.05,0.25,0.183,0.134,0.287,0.7,81,0.8
"REZ","27883","Thomas Saggese","STL",85,319,344,78,54,15,0,8,39,40,17,0,83,5,2,1,4,1,0.245,0.293,0.371,0.664,0.29,5,24,0.2,0.126,0.302,-0.3,88,0.8
"REZ","21780","Esteury Ruiz","ATH",46,159,178,35,22,7,4,3,22,17,11,0,40,5,1,2,17,4,0.218,0.288,0.362,0.65,0.287,6.4,22.6,0.3,0.144,0.273,1.5,102,0.8
"REZ","12979","Javier Baez","DET",82,310,334,67,41,14,2,10,35,37,16,1,80,4,2,0,7,2,0.217,0.262,0.371,0.633,0.272,4.7,23.9,0.2,0.154,0.255,0.3,82,0.8
"REZ","24703","Jonah Bride","MIA",107,378,440,83,65,13,0,6,47,47,49,1,87,7,4,1,1,1,0.22,0.318,0.299,0.617,0.282,11.1,19.7,0.6,0.079,0.268,-1.2,99,0.8
"REZ","17128","Ramon Laureano","BAL",64,233,257,55,34,12,1,8,31,31,17,0,73,6,1,0,6,2,0.237,0.304,0.402,0.706,0.308,6.6,28.5,0.2,0.165,0.309,0,101,0.8
"REZ","12861","Anthony Rendon","LAA",66,241,276,53,34,12,0,6,31,25,29,1,46,4,2,0,4,1,0.219,0.311,0.35,0.661,0.293,10.5,16.7,0.6,0.131,0.243,-0.2,97,0.8
"REZ","9874","DJ LeMahieu","NYY",96,354,400,81,59,13,1,8,42,36,41,0,73,2,3,1,2,1,0.228,0.311,0.341,0.652,0.291,10.3,18.3,0.6,0.113,0.263,-1.4,91,0.8
"REZ","18171","Seth Brown","ATH",91,327,356,69,38,17,2,12,38,46,26,1,95,2,2,0,4,1,0.211,0.271,0.386,0.657,0.284,7.2,26.5,0.3,0.175,0.256,-0.4,104,0.8
"REZ","sa3009276","Agustin Ramirez","MIA",65,241,266,57,37,12,1,8,30,31,21,1,56,2,2,0,5,1,0.238,0.303,0.394,0.698,0.304,0.08,0.21,0.373,0.156,0.276,0.1,92,0.8
"REZ","19363","Austin Hays","CIN",112,415,452,98,60,23,1,14,56,55,28,1,108,7,3,1,4,2,0.236,0.293,0.399,0.692,0.3,6.2,23.7,0.3,0.163,0.283,-0.8,96,0.8
"REZ","15161","Mitch Garver","SEA",81,280,324,53,31,10,0,12,31,37,38,1,102,4,2,0,0,0,0.189,0.292,0.356,0.648,0.288,11.6,31.5,0.4,0.167,0.243,-0.7,102,0.7
"REZ","25782","Pedro Pages","STL",61,212,234,50,38,3,2,8,22,25,18,0,57,2,2,1,1,0,0.238,0.3,0.381,0.681,0.298,7.5,24.4,0.3,0.143,0.286,-0.3,81,0.7
"REZ","19296","Alex Call","WSN",70,244,283,56,37,11,1,7,32,28,32,0,55,4,2,1,7,3,0.228,0.325,0.362,0.687,0.306,11.2,19.3,0.6,0.134,0.264,-0.1,94,0.7
"REZ","28312","Coby Mayo","BAL",48,172,192,36,37,0,0,0,23,25,16,0,54,3,1,0,1,1,0.21,0.284,0.216,0.5,0.238,8.1,28,0.3,0.006,0.302,-0.4,106,0.7
"REZ","31349","Victor Scott II","STL",111,404,444,92,53,32,0,7,48,37,26,0,86,5,4,4,27,5,0.228,0.282,0.363,0.645,0.282,6,19.5,0.3,0.135,0.27,2.7,73,0.7
"REZ","31394","Brooks Baldwin","CHW",65,245,267,57,38,14,0,5,27,26,17,0,59,1,1,2,7,2,0.232,0.285,0.349,0.634,0.28,6.5,22.2,0.3,0.117,0.286,0.2,87,0.7
"REZ","23565","Davis Schneider","TOR",61,209,241,48,22,15,1,11,29,28,26,0,69,3,2,0,3,1,0.231,0.323,0.466,0.789,0.34,10.9,28.6,0.4,0.235,0.287,-0.2,104,0.7
"REZ","24598","Addison Barger","TOR",53,191,212,42,25,11,0,7,24,25,18,0,54,2,1,0,2,1,0.222,0.293,0.388,0.681,0.298,8.4,25.4,0.3,0.166,0.268,-0.2,99,0.7
"REZ","sa3019920","Drake Baldwin","ATL",43,155,173,36,24,7,0,4,19,19,16,0,42,2,1,0,0,0,0.235,0.312,0.367,0.679,0.3,0.09,0.23,0.396,0.132,0.29,-0.3,91,0.7
"REZ","19956","Mickey Moniak","LAA",79,295,316,57,40,7,1,10,35,39,16,1,97,3,2,0,6,2,0.195,0.242,0.327,0.569,0.247,5,30.7,0.2,0.132,0.251,-0.2,90,0.7
"REZ","22197","MJ Melendez","KCR",120,437,491,100,56,24,4,17,60,60,50,1,115,3,3,0,5,3,0.229,0.31,0.416,0.726,0.314,10.1,23.3,0.4,0.187,0.27,-1.1,103,0.7
"ATC","13675","Tyrone Taylor","NYM",83,274,297,64,38,15,2,9,37,34,16,0,69,5,2,0,7,2,0.232,0.285,0.396,0.682,0.296,0.05,0.23,0.234,0.164,0.277,0.4,90,0.7
"ATC","9774","Christian Vazquez","MIN",81,273,295,63,46,11,0,6,28,28,15,0,61,2,2,2,2,1,0.231,0.274,0.336,0.61,0.268,0.05,0.21,0.252,0.105,0.276,-1.5,73,0.7
"ATC","23691","Jose Tena","WSN",97,354,382,88,60,17,2,9,40,40,22,0,103,3,2,1,9,3,0.248,0.295,0.378,0.673,0.294,0.06,0.27,0.215,0.13,0.323,-0.4,88,0.7
"ATC","25782","Pedro Pages","STL",55,181,199,41,28,7,1,5,19,21,14,0,51,2,2,1,1,0,0.228,0.288,0.362,0.649,0.285,0.07,0.26,0.277,0.134,0.286,-0.3,82,0.7
"ATC","18564","Trent Grisham","NYY",61,191,222,39,22,9,0,8,26,25,25,0,61,3,1,2,4,1,0.205,0.305,0.381,0.685,0.302,0.11,0.27,0.416,0.176,0.252,0.1,95,0.7
"ATC","11680","Elias Diaz","SDP",86,300,325,70,48,13,0,8,30,36,20,1,72,2,2,0,0,0,0.232,0.284,0.355,0.639,0.28,0.06,0.22,0.281,0.123,0.278,-1.2,79,0.7
"ATC","20538","Jose Miranda","MIN",120,441,477,114,76,24,2,12,50,54,26,1,77,7,3,0,2,1,0.259,0.308,0.406,0.715,0.31,0.06,0.16,0.339,0.147,0.287,-1.2,103,0.7
"ATC","22896","Lenyn Sosa","CHW",103,383,407,94,64,18,1,11,39,43,17,1,86,3,2,2,3,1,0.245,0.28,0.386,0.666,0.288,0.04,0.21,0.199,0.141,0.287,-0.6,85,0.7
"ATC","16725","Jose Trevino","CIN",68,224,243,52,36,9,1,6,25,27,15,0,42,2,1,1,1,1,0.232,0.287,0.362,0.649,0.285,0.06,0.17,0.369,0.13,0.258,-0.7,75,0.7
"ATC","24336","Johan Rojas","PHI",82,275,298,67,49,12,2,4,36,26,13,0,59,3,1,5,20,3,0.245,0.286,0.348,0.633,0.278,0.04,0.2,0.216,0.103,0.298,1.7,76,0.7
"ATC","17901","Andrew Benintendi","CHW",132,497,551,126,87,24,2,13,60,58,47,2,92,3,4,1,7,2,0.253,0.318,0.387,0.706,0.308,0.09,0.17,0.511,0.134,0.285,-0.5,99,0.7
"ATC","17982","Ty France","MIN",85,322,362,81,56,16,0,9,38,39,27,0,68,11,2,0,1,0,0.252,0.329,0.389,0.718,0.317,0.07,0.19,0.394,0.137,0.292,-1.4,107,0.7
"ATC","13621","Jeimer Candelario","CIN",120,449,496,107,62,25,2,18,57,62,37,1,118,7,3,0,5,2,0.238,0.304,0.42,0.724,0.314,0.07,0.24,0.312,0.182,0.282,-0.9,94,0.7
"ATC","26295","Oliver Dunn","MIL",72,221,251,48,31,10,2,6,27,26,25,0,84,3,1,1,6,1,0.219,0.305,0.358,0.663,0.294,0.1,0.33,0.304,0.139,0.321,0.1,87,0.7
"ATC","29634","Will Wagner","TOR",78,275,308,72,50,15,1,5,34,31,28,0,56,3,2,1,2,1,0.261,0.332,0.381,0.713,0.315,0.09,0.18,0.497,0.12,0.308,-0.6,107,0.7
"ATC","4949","Giancarlo Stanton","NYY",110,409,457,91,49,15,0,27,53,70,42,2,137,3,2,0,0,0,0.223,0.299,0.459,0.758,0.325,0.09,0.3,0.308,0.236,0.261,-2.1,110,0.7
"ATC","21707","Oswaldo Cabrera","NYY",92,306,337,71,47,14,1,9,39,35,24,0,71,2,2,2,6,2,0.232,0.29,0.369,0.66,0.289,0.07,0.21,0.335,0.137,0.274,0.2,85,0.7
"ATC","16472","Rhys Hoskins","MIL",130,469,537,103,57,20,1,25,63,76,57,1,148,7,4,0,3,1,0.219,0.31,0.423,0.733,0.319,0.11,0.28,0.383,0.204,0.261,-2.1,104,0.7
"ATC","sa3017795","Carson Williams","TBR",48,143,158,33,19,7,1,5,19,17,13,0,51,2,1,0,5,1,0.228,0.297,0.4,0.697,0.303,0.08,0.32,0.246,0.172,0.314,0.3,95,0.7
"ATC","12979","Javier Baez","DET",82,301,322,68,46,13,1,8,33,35,15,0,77,4,2,0,7,2,0.226,0.271,0.36,0.63,0.275,0.05,0.24,0.192,0.133,0.275,0.3,78,0.7
"ATC","10231","Jose Iglesias",NA,74,268,286,72,54,14,1,3,31,28,11,0,46,4,2,0,3,1,0.269,0.307,0.362,0.669,0.294,0.04,0.16,0.25,0.093,0.313,-0.7,89,0.7
"Depth Charts","22857","Wenceel Perez","DET",84,329,364,79,52,15,5,7,44,37,30,0,75,3,2,1,9,3,0.239,0.305,0.379,0.684,0.3,0.08,0.21,0.394,0.139,0.287,0.3,96,0.7
"Depth Charts","22197","MJ Melendez","KCR",117,449,504,106,60,23,3,19,59,63,48,1,124,3,3,1,5,3,0.235,0.311,0.431,0.742,0.321,0.1,0.25,0.388,0.195,0.28,-1.3,105,0.7
"Depth Charts","16572","Connor Joe","SDP",78,293,336,67,42,16,1,8,39,32,36,0,78,5,2,0,2,1,0.23,0.323,0.375,0.698,0.309,0.11,0.23,0.465,0.145,0.284,-0.6,102,0.7
"Depth Charts","25782","Pedro Pages","STL",58,208,230,47,32,8,1,6,22,25,18,0,60,2,2,1,1,0,0.225,0.289,0.354,0.643,0.283,0.08,0.26,0.295,0.13,0.283,-0.3,82,0.7
"Depth Charts","sa3023011","Kristian Campbell","BOS",36,136,154,36,23,8,1,4,20,20,15,0,35,3,1,0,4,1,0.266,0.348,0.427,0.776,0.339,0.1,0.23,0.418,0.161,0.33,-0.1,117,0.7
"Depth Charts","27883","Thomas Saggese","STL",75,298,322,72,48,14,2,9,36,38,16,0,80,5,2,1,4,1,0.242,0.291,0.386,0.677,0.295,0.05,0.25,0.205,0.144,0.301,-0.4,90,0.7
"Depth Charts","sa3015239","Edgar Quero","CHW",39,136,154,32,23,6,0,4,15,17,14,0,31,2,1,0,1,0,0.237,0.315,0.366,0.681,0.302,0.09,0.2,0.448,0.129,0.275,-0.3,96,0.7
"Depth Charts","sa3009276","Agustin Ramirez","MIA",63,231,256,55,35,11,1,8,30,29,21,1,54,3,2,0,5,1,0.237,0.305,0.395,0.7,0.306,0.08,0.21,0.388,0.158,0.274,0.1,93,0.7
"Depth Charts","25660","Will Brennan","CLE",53,214,231,59,42,12,1,4,24,24,13,1,34,2,2,0,5,1,0.275,0.322,0.399,0.721,0.313,0.06,0.15,0.392,0.124,0.307,-0.1,105,0.7
"Depth Charts","22054","Dane Myers","MIA",71,279,308,69,48,12,1,8,36,35,21,0,85,5,2,0,7,2,0.248,0.31,0.383,0.693,0.304,0.07,0.28,0.246,0.135,0.327,0.1,92,0.7
"Depth Charts","30011","Christian EncarnacionStrand","CIN",81,322,350,83,49,16,1,16,44,53,21,1,94,5,2,0,2,1,0.257,0.311,0.463,0.774,0.333,0.06,0.27,0.228,0.206,0.314,-0.6,107,0.7
"Depth Charts","13770","Rob Refsnyder","BOS",49,183,210,48,31,10,1,6,25,25,22,1,53,4,1,0,2,1,0.26,0.348,0.416,0.764,0.335,0.1,0.25,0.408,0.156,0.334,-0.4,114,0.7
"Depth Charts","29949","Tyler Black","MIL",73,272,315,62,41,11,3,8,37,35,35,1,73,6,2,0,10,3,0.229,0.328,0.374,0.702,0.311,0.11,0.23,0.477,0.145,0.283,0.3,99,0.7
"Depth Charts","19892","Pavin Smith","ARI",81,306,350,76,49,15,1,10,41,43,39,1,74,2,2,0,2,1,0.248,0.334,0.409,0.743,0.325,0.11,0.21,0.526,0.16,0.292,-1,107,0.7
"Depth Charts","8623","Donovan Solano","SEA",83,323,357,82,60,15,0,6,33,32,25,1,81,7,2,0,1,0,0.253,0.317,0.355,0.672,0.297,0.07,0.23,0.307,0.102,0.318,-1.2,99,0.7
"Depth Charts","17128","Ramon Laureano","BAL",47,184,203,43,27,9,1,6,24,25,14,0,59,5,1,0,5,1,0.236,0.302,0.399,0.701,0.307,0.07,0.29,0.228,0.163,0.31,-0.1,102,0.7
"OOPSY","29794","Kyle Manzardo","CLE",100,381,434,88,50,22,1,15,49,54,45,1,95,4,5,0,1,0,0.231,0.315,0.41,0.725,0.316,0.1,0.22,0.474,0.179,0.265,-0.7,107,0.7
"OOPSY","19779","Dairon Blanco","KCR",47,184,203,48,33,9,1,5,25,20,13,0,48,4,1,1,28,7,0.26,0.318,0.399,0.717,0.313,0.06,0.24,0.267,0.139,0.325,2.4,100,0.7
"OOPSY","19260","Jake Fraley","CIN",104,399,448,100,68,19,1,12,51,46,41,1,90,5,3,0,20,5,0.251,0.326,0.397,0.723,0.317,0.09,0.2,0.454,0.146,0.293,0.7,97,0.7
"OOPSY","27883","Thomas Saggese","STL",75,299,322,72,47,15,2,9,36,34,15,0,82,5,3,0,4,1,0.242,0.286,0.391,0.678,0.294,0.05,0.26,0.185,0.149,0.301,-0.2,89,0.7
"OOPSY","sa3009276","Agustin Ramirez","MIA",63,232,256,54,34,12,0,8,27,29,20,0,59,1,2,0,5,1,0.235,0.298,0.393,0.69,0.301,0.08,0.23,0.348,0.158,0.277,0.2,90,0.7
"OOPSY","33541","Dylan Crews","WSN",136,536,588,126,83,25,4,14,68,58,37,0,137,10,5,0,28,6,0.235,0.294,0.375,0.67,0.293,0.06,0.23,0.273,0.141,0.286,2,87,0.7
"OOPSY","21707","Oswaldo Cabrera","NYY",79,311,343,73,49,14,1,9,35,34,26,0,74,2,3,2,8,2,0.235,0.295,0.372,0.667,0.292,0.08,0.22,0.354,0.138,0.278,0.5,89,0.7
"OOPSY","26295","Oliver Dunn","MIL",62,233,266,50,30,10,2,8,32,28,29,0,89,2,2,0,6,1,0.214,0.305,0.377,0.682,0.301,0.11,0.34,0.324,0.163,0.304,0.1,92,0.7
"OOPSY","25332","Endy Rodriguez","PIT",91,341,375,84,55,19,2,8,43,38,29,0,79,2,3,0,2,1,0.246,0.306,0.383,0.688,0.301,0.08,0.21,0.367,0.137,0.294,-0.5,89,0.7
"OOPSY","2396","Carlos Santana","CLE",136,518,588,114,73,23,0,18,61,62,64,1,104,3,3,0,4,1,0.221,0.309,0.369,0.678,0.3,0.11,0.18,0.62,0.149,0.242,-1.6,96,0.7
"OOPSY","29715","Hunter Goodman","COL",81,315,340,77,39,19,1,18,41,55,18,1,92,4,3,0,1,0,0.244,0.292,0.483,0.775,0.329,0.05,0.27,0.2,0.239,0.284,-0.5,98,0.7
"OOPSY","13621","Jeimer Candelario","CIN",123,481,532,113,66,26,2,19,61,66,40,1,127,7,3,0,5,3,0.235,0.302,0.416,0.717,0.311,0.08,0.24,0.318,0.181,0.278,-1.5,93,0.7
"OOPSY","18564","Trent Grisham","NYY",40,151,175,32,19,7,1,6,20,20,20,0,46,2,1,1,4,1,0.214,0.312,0.385,0.696,0.307,0.11,0.26,0.44,0.171,0.262,0.2,100,0.7
"OOPSY","21538","Nick Fortes","MIA",89,321,352,76,53,16,1,7,34,33,20,0,54,6,3,3,3,1,0.238,0.293,0.357,0.65,0.286,0.06,0.15,0.369,0.119,0.264,-0.4,79,0.7
"OOPSY","19363","Austin Hays","CIN",113,447,490,113,70,26,1,16,55,60,32,1,111,7,4,1,5,2,0.253,0.311,0.422,0.733,0.317,0.06,0.23,0.284,0.169,0.301,-1,97,0.7
"OOPSY","17128","Ramon Laureano","BAL",47,183,203,43,27,9,1,7,24,24,14,0,57,5,1,0,5,2,0.237,0.308,0.41,0.718,0.313,0.07,0.28,0.253,0.173,0.303,-0.1,107,0.7
"Steamer","sa3015239","Edgar Quero","CHW",36,129,147,30,21,6,0,4,15,15,14,0,30,2,1,0,1,0,0.235,0.316,0.37,0.687,0.304,0.09,0.21,0.459,0.136,0.275,-0.2,97,0.7
"Steamer","18171","Seth Brown","ATH",79,296,324,70,43,13,1,14,37,41,23,0,87,2,2,1,4,1,0.238,0.296,0.427,0.723,0.312,0.07,0.27,0.266,0.19,0.285,-0.8,107,0.7
"Steamer","11442","Gary Sanchez","BAL",57,206,233,45,27,8,1,9,26,28,21,0,63,3,2,1,1,0,0.216,0.297,0.397,0.695,0.304,0.09,0.27,0.336,0.181,0.259,-0.8,100,0.7
"Steamer","13145","Josh Bell","WSN",134,508,574,127,82,23,1,20,66,70,57,2,113,5,4,1,1,0,0.25,0.328,0.418,0.746,0.325,0.1,0.2,0.501,0.169,0.282,-2.7,109,0.7
"Steamer","20220","Jo Adell","LAA",96,337,374,75,42,14,1,17,45,49,28,1,112,5,3,1,11,4,0.224,0.29,0.429,0.718,0.31,0.07,0.3,0.247,0.205,0.276,0.1,100,0.7
"Steamer","9874","DJ LeMahieu","NYY",100,370,419,91,67,15,1,8,46,40,41,0,78,3,3,1,3,1,0.246,0.325,0.36,0.685,0.304,0.1,0.18,0.53,0.114,0.289,-1.7,98,0.7
"Steamer","17276","Alex Jackson","NYY",38,131,145,27,16,6,0,5,16,16,11,0,42,2,1,1,1,0,0.209,0.275,0.375,0.649,0.283,0.07,0.29,0.251,0.166,0.262,-0.2,83,0.7
"Steamer","13675","Tyrone Taylor","NYM",79,294,321,69,42,16,2,10,37,38,19,0,75,5,2,1,7,2,0.236,0.29,0.403,0.694,0.301,0.06,0.23,0.251,0.168,0.28,0.4,96,0.7
"Steamer","11445","Mark Canha",NA,96,352,407,87,60,18,1,9,46,41,40,1,81,11,3,1,5,1,0.246,0.34,0.374,0.714,0.317,0.1,0.2,0.495,0.128,0.293,-0.7,105,0.7
"Steamer","27883","Thomas Saggese","STL",75,276,300,66,44,13,1,8,31,33,16,0,71,4,2,1,3,1,0.24,0.29,0.386,0.676,0.294,0.05,0.24,0.226,0.146,0.293,-0.2,89,0.7
"Steamer","24703","Jonah Bride","MIA",99,363,423,85,57,17,1,11,46,45,52,0,91,6,3,0,2,1,0.235,0.338,0.375,0.713,0.317,0.12,0.22,0.567,0.14,0.283,-1.5,101,0.7
"Steamer","31394","Brooks Baldwin","CHW",53,195,213,49,34,9,0,5,22,21,14,0,44,1,2,1,5,1,0.249,0.303,0.371,0.674,0.296,0.07,0.21,0.323,0.123,0.297,0.2,91,0.7
"Steamer","13770","Rob Refsnyder","BOS",57,216,248,55,36,11,1,7,30,27,25,1,62,4,2,1,3,1,0.257,0.343,0.413,0.756,0.331,0.1,0.25,0.406,0.156,0.327,-0.6,111,0.7
"Steamer","10472","Enrique Hernandez","LAD",70,254,279,61,40,13,1,8,31,32,20,0,54,2,2,1,1,0,0.241,0.3,0.39,0.69,0.301,0.07,0.19,0.378,0.149,0.275,-0.2,94,0.7
"Steamer","26151","Kyle Stowers","MIA",120,427,480,96,57,20,2,17,51,56,42,0,144,6,3,1,2,1,0.226,0.302,0.406,0.708,0.309,0.09,0.3,0.29,0.18,0.294,-0.8,95,0.7
"Steamer","24257","Jhonkensy Noel","CLE",78,288,316,67,38,13,1,15,37,42,21,0,83,5,2,1,1,0,0.232,0.293,0.44,0.733,0.316,0.07,0.26,0.248,0.208,0.27,-0.7,107,0.7
"THE BAT","sa3017795","Carson Williams","TBR",47,147,162,34,20,7,1,5,19,18,12,0,53,2,1,0,4,1,0.231,0.294,0.401,0.695,0.302,0.07,0.32,0.221,0.171,0.317,0,100,0.7
"THE BAT","17128","Ramon Laureano","BAL",77,266,295,62,39,13,1,9,36,34,20,0,85,7,2,0,7,2,0.232,0.301,0.394,0.695,0.304,0.07,0.29,0.232,0.162,0.301,0.2,96,0.7
"THE BAT","11445","Mark Canha",NA,93,315,367,77,54,15,1,7,43,35,36,0,71,12,3,0,5,1,0.245,0.343,0.368,0.711,0.318,0.1,0.19,0.507,0.123,0.293,-0.3,105,0.7
"THE BAT","8623","Donovan Solano","SEA",91,311,344,77,56,15,1,6,33,35,24,0,75,6,2,0,1,0,0.249,0.314,0.357,0.671,0.297,0.07,0.22,0.324,0.109,0.307,-0.6,99,0.7
"THE BAT","24336","Johan Rojas","PHI",83,275,298,66,48,12,2,4,35,21,13,0,61,3,2,5,17,3,0.24,0.28,0.337,0.617,0.271,0.04,0.2,0.21,0.097,0.294,1.5,71,0.7
"THE BAT","22197","MJ Melendez","KCR",121,422,475,94,52,23,3,16,56,57,46,1,124,3,4,0,6,2,0.222,0.301,0.405,0.706,0.307,0.1,0.26,0.373,0.183,0.272,-0.5,95,0.7
"THE BAT","22896","Lenyn Sosa","CHW",113,418,445,101,68,20,1,11,42,49,19,1,95,3,3,2,3,1,0.242,0.277,0.375,0.653,0.283,0.04,0.22,0.197,0.134,0.285,-0.5,82,0.7
"THE BAT","14854","Mike Yastrzemski","SFG",125,433,490,94,54,21,2,16,55,55,46,2,129,6,3,2,4,1,0.217,0.299,0.391,0.69,0.301,0.09,0.26,0.357,0.174,0.267,-0.6,94,0.7
"THE BAT","22532","Tyler Freeman","CLE",44,143,160,37,27,7,0,3,19,15,10,0,23,5,1,1,5,1,0.26,0.328,0.372,0.7,0.31,0.06,0.14,0.445,0.113,0.291,0.2,103,0.7
"THE BAT","24589","Richie Palacios","TBR",84,279,318,65,45,13,1,6,36,28,32,1,58,4,2,1,9,2,0.234,0.318,0.353,0.67,0.298,0.1,0.18,0.548,0.118,0.274,0.2,97,0.7
"THE BAT","31166","Heston Kjerstad","BAL",102,347,383,86,55,17,2,11,43,44,27,1,98,7,3,0,2,1,0.247,0.312,0.405,0.717,0.312,0.07,0.26,0.271,0.158,0.309,-0.6,106,0.7
"THE BAT","sa3009808","Juan Brito","CLE",65,230,257,54,36,13,1,5,27,25,22,1,46,2,2,1,3,1,0.235,0.306,0.362,0.668,0.294,0.09,0.18,0.473,0.127,0.272,-0.3,92,0.7
"THE BAT","sa3017170","Colson Montgomery","CHW",94,342,383,72,48,15,1,8,37,35,32,1,109,7,2,0,3,1,0.21,0.288,0.334,0.622,0.276,0.08,0.28,0.291,0.124,0.28,-0.5,78,0.7
"THE BAT","31437","Jace Jung","DET",97,306,348,66,42,14,1,9,36,35,36,1,92,3,2,0,1,0,0.216,0.302,0.358,0.66,0.292,0.1,0.26,0.391,0.142,0.276,-0.5,90,0.7
"THE BAT","31837","Masataka Yoshida","BOS",114,424,470,115,80,23,1,11,54,54,36,2,61,8,3,1,2,1,0.271,0.337,0.408,0.745,0.325,0.08,0.13,0.579,0.136,0.294,-0.8,107,0.7
"THE BAT","21840","Freddy Fermin","KCR",80,270,294,64,45,12,1,6,28,31,19,0,58,2,2,1,1,0,0.237,0.291,0.354,0.645,0.284,0.06,0.2,0.333,0.117,0.278,-0.5,79,0.7
"THE BAT","22857","Wenceel Perez","DET",89,332,366,80,52,16,4,8,43,34,28,0,72,2,3,1,10,3,0.24,0.302,0.378,0.681,0.297,0.08,0.2,0.39,0.138,0.283,0.3,94,0.7
"THE BAT","31394","Brooks Baldwin","CHW",72,255,278,60,40,12,1,6,29,26,18,1,62,2,2,2,6,2,0.234,0.286,0.363,0.65,0.283,0.06,0.22,0.285,0.129,0.284,0.2,83,0.7
"THE BAT","7802","Miguel Rojas","LAD",68,226,251,58,43,11,1,3,28,24,15,0,32,2,2,1,5,1,0.254,0.306,0.348,0.654,0.288,0.06,0.13,0.471,0.094,0.282,0,85,0.7
"THE BATX","29575","Trey Sweeney","DET",74,249,274,53,34,11,2,7,29,26,21,1,76,3,1,0,6,2,0.214,0.279,0.352,0.632,0.277,0.07,0.28,0.27,0.139,0.278,0,80,0.7
"THE BATX","22263","Nolan Gorman","STL",92,323,361,68,39,13,1,16,40,49,33,2,121,3,2,0,4,1,0.212,0.289,0.405,0.694,0.301,0.09,0.33,0.272,0.192,0.28,-0.4,93,0.7
"THE BATX","33189","Nolan Schanuel","LAA",136,495,574,123,93,20,3,6,63,45,65,2,92,8,5,2,6,2,0.248,0.341,0.338,0.679,0.305,0.11,0.16,0.704,0.09,0.29,-0.9,97,0.7
"THE BATX","sa3009808","Juan Brito","CLE",65,230,257,54,36,13,1,5,27,26,22,1,46,2,2,1,4,1,0.235,0.306,0.363,0.668,0.294,0.09,0.18,0.473,0.127,0.272,0,92,0.7
"THE BATX","19956","Mickey Moniak","LAA",86,307,332,68,39,14,2,13,39,39,19,1,96,3,2,1,6,2,0.222,0.271,0.41,0.681,0.293,0.06,0.29,0.196,0.189,0.274,0.2,88,0.7
"THE BATX","sa3017170","Colson Montgomery","CHW",94,342,383,72,48,15,1,9,37,35,32,1,109,7,2,0,3,1,0.21,0.288,0.335,0.623,0.276,0.08,0.28,0.291,0.125,0.28,-0.4,78,0.7
"THE BATX","12979","Javier Baez","DET",82,299,323,69,46,13,1,9,34,34,15,0,77,4,2,0,6,2,0.232,0.276,0.369,0.645,0.281,0.04,0.24,0.189,0.137,0.282,-0.2,83,0.7
"THE BATX","27899","Colt Keith","DET",131,477,523,120,80,23,4,13,58,57,38,2,106,3,4,0,4,1,0.252,0.309,0.398,0.707,0.307,0.07,0.2,0.356,0.146,0.297,-0.6,101,0.7
"THE BATX","19392","Zach McKinstry","DET",68,219,242,51,32,11,2,6,28,24,19,1,53,2,2,1,7,2,0.234,0.299,0.385,0.685,0.298,0.08,0.22,0.361,0.151,0.281,0.2,95,0.7
"THE BATX","14712","Manuel Margot",NA,78,263,286,68,48,13,1,7,34,31,18,0,45,2,2,1,7,2,0.26,0.31,0.396,0.707,0.308,0.06,0.16,0.4,0.136,0.288,0,99,0.7
"THE BATX","16472","Rhys Hoskins","MIL",130,465,536,100,56,20,0,23,59,77,59,0,145,7,4,0,3,1,0.216,0.311,0.411,0.721,0.316,0.11,0.27,0.404,0.195,0.256,-0.9,102,0.7
"THE BATX","31837","Masataka Yoshida","BOS",114,424,470,114,78,23,1,12,55,55,36,2,63,8,3,1,2,1,0.269,0.335,0.412,0.747,0.326,0.07,0.13,0.565,0.143,0.29,-0.8,107,0.7
"THE BATX","12144","Max Kepler","PHI",111,402,450,96,59,20,1,16,51,56,38,1,90,5,3,0,1,0,0.238,0.309,0.41,0.719,0.313,0.09,0.2,0.426,0.172,0.267,-0.7,100,0.7
"THE BATX","23691","Jose Tena","WSN",99,359,386,88,61,17,2,9,41,40,21,0,105,3,3,1,8,2,0.246,0.291,0.374,0.665,0.29,0.05,0.27,0.199,0.128,0.322,0,85,0.7
"THE BATX","sa3017183","Caleb Durbin","MIL",76,271,300,65,46,14,1,4,32,29,20,1,38,5,2,1,13,1,0.24,0.304,0.349,0.653,0.288,0.07,0.13,0.538,0.109,0.262,1.4,83,0.7
"THE BATX","19363","Austin Hays","CIN",106,382,415,95,59,20,1,15,47,54,23,0,94,6,3,1,3,1,0.247,0.3,0.42,0.72,0.312,0.06,0.22,0.25,0.172,0.289,-0.6,93,0.7
"THE BATX","18171","Seth Brown","ATH",93,320,352,72,41,15,1,15,41,43,26,1,96,2,2,0,4,1,0.225,0.287,0.423,0.71,0.306,0.07,0.27,0.274,0.197,0.268,-0.2,103,0.7
"THE BATX","19779","Dairon Blanco","KCR",66,162,177,39,27,7,1,4,26,13,10,0,45,2,1,1,18,4,0.239,0.292,0.367,0.659,0.289,0.06,0.25,0.229,0.128,0.306,1.8,83,0.7
"THE BATX","11445","Mark Canha",NA,93,316,367,77,53,15,1,7,43,35,35,0,70,12,3,0,4,1,0.243,0.339,0.368,0.707,0.316,0.1,0.19,0.497,0.125,0.289,-0.5,104,0.7
"THE BATX","30011","Christian EncarnacionStrand","CIN",102,385,419,100,62,19,1,18,50,60,25,1,109,5,3,0,2,1,0.259,0.311,0.456,0.767,0.329,0.06,0.26,0.229,0.196,0.313,-0.6,105,0.7
"THE BATX","19955","Gavin Lux","CIN",108,375,419,95,63,19,2,10,49,46,39,1,92,2,3,0,6,2,0.252,0.323,0.397,0.721,0.315,0.09,0.22,0.421,0.145,0.306,-0.3,95,0.7
"THE BATX","24336","Johan Rojas","PHI",83,276,298,65,48,11,2,4,35,21,12,0,61,3,2,5,17,3,0.237,0.275,0.334,0.609,0.267,0.04,0.2,0.201,0.097,0.289,1.6,69,0.7
"ZiPS","sa3019868","Jakob Marsee","MIA",128,480,563,97,68,16,4,9,77,52,65,0,134,11,2,5,26,5,0.202,0.31,0.308,0.618,0.282,0.12,0.24,0.485,0.106,0.26,2,77,0.7
"ZiPS","19260","Jake Fraley","CIN",106,325,364,82,57,15,1,9,40,41,33,1,72,4,2,0,16,4,0.252,0.327,0.388,0.715,0.314,0.09,0.2,0.458,0.135,0.297,0.8,95,0.7
"ZiPS","13755","Tomas Nido","DET",77,220,236,52,38,9,0,5,25,20,9,0,58,1,1,5,0,0,0.236,0.268,0.345,0.614,0.268,0.04,0.25,0.155,0.109,0.297,-0.4,74,0.7
"ZiPS","25543","Korey Lee","CHW",111,384,407,87,57,17,1,12,45,42,21,0,120,2,0,0,6,2,0.227,0.27,0.37,0.64,0.279,0.05,0.3,0.175,0.143,0.298,-0.2,80,0.7
"ZiPS","19806","Jason Delay","PIT",70,204,224,48,34,12,0,2,22,20,14,0,47,3,1,2,1,1,0.235,0.293,0.324,0.616,0.275,0.06,0.21,0.298,0.088,0.295,-0.6,72,0.7
"ZiPS","25621","Bryan Ramos","CHW",118,449,491,99,68,17,1,13,51,56,32,0,117,7,3,0,4,4,0.22,0.281,0.35,0.631,0.278,0.06,0.24,0.274,0.129,0.267,-1.7,79,0.7
"ZiPS","sa3010700","Victor Mesa Jr","MIA",108,436,472,101,69,20,2,10,50,51,29,0,110,3,3,1,6,2,0.232,0.282,0.356,0.638,0.28,0.06,0.23,0.264,0.124,0.285,-0.4,75,0.7
"ZiPS","16219","JD Davis","LAA",106,330,370,73,47,15,0,11,36,36,33,0,127,5,2,0,0,0,0.221,0.3,0.367,0.667,0.295,0.09,0.34,0.26,0.145,0.32,-0.7,90,0.7
"ZiPS","17484","Eloy Jimenez","TBR",107,381,413,99,68,18,0,13,38,49,28,1,84,2,2,0,2,0,0.26,0.312,0.409,0.722,0.314,0.07,0.2,0.333,0.15,0.301,-0.4,108,0.7
"ZiPS","14130","Daniel Vogelbach",NA,105,279,324,64,40,12,1,11,31,42,44,1,79,1,0,0,0,0,0.229,0.336,0.398,0.734,0.324,0.14,0.24,0.557,0.168,0.28,-0.7,113,0.7
"ZiPS","11445","Mark Canha",NA,114,375,440,91,64,19,1,7,48,42,44,1,87,17,4,0,6,1,0.243,0.345,0.355,0.7,0.315,0.1,0.2,0.506,0.112,0.295,-0.2,103,0.7
"ZiPS","29912","Darren Baker","WSN",113,445,483,115,95,17,2,1,53,37,31,1,94,0,2,5,19,4,0.258,0.305,0.312,0.618,0.275,0.06,0.2,0.33,0.054,0.324,1.2,75,0.7
"ZiPS","16572","Connor Joe","SDP",113,355,408,82,51,20,2,9,48,36,45,0,92,6,2,0,2,2,0.231,0.326,0.375,0.701,0.311,0.11,0.22,0.489,0.144,0.285,-1.2,97,0.7
"ZiPS","27690","Joey Wiemer","KCR",118,393,442,86,56,20,2,8,49,42,42,1,127,5,2,0,11,4,0.219,0.301,0.341,0.642,0.285,0.1,0.29,0.331,0.122,0.3,-0.2,80,0.7
"ZiPS","25967","Orelvis Martinez","TOR",105,405,447,85,46,19,1,19,50,63,31,2,124,7,4,0,1,0,0.21,0.275,0.402,0.678,0.292,0.07,0.28,0.25,0.193,0.248,-0.4,91,0.7
"ZiPS","18819","Andy Ibanez","DET",110,327,354,78,52,17,1,8,39,38,23,0,72,3,1,0,2,2,0.239,0.294,0.37,0.664,0.291,0.06,0.2,0.319,0.131,0.282,-1,90,0.7
"ZiPS","14366","Joey Meneses","NYM",128,493,539,123,84,23,1,15,50,74,36,1,120,4,6,0,1,0,0.249,0.302,0.391,0.694,0.302,0.07,0.22,0.3,0.142,0.297,-0.8,96,0.7
"ZiPS","13757","Chris Taylor","LAD",104,305,349,69,44,14,2,9,43,37,37,1,112,4,2,1,8,1,0.226,0.316,0.374,0.69,0.305,0.11,0.32,0.33,0.148,0.323,0.5,96,0.7
"ZiPS","21853","Will Benson","CIN",123,367,426,77,41,18,4,14,56,50,52,1,148,4,2,1,17,6,0.21,0.313,0.395,0.708,0.311,0.12,0.35,0.351,0.185,0.304,0.2,92,0.7
"ZiPS","20003","Keston Hiura","COL",98,345,385,88,54,15,1,18,48,62,28,1,118,10,2,0,2,1,0.255,0.327,0.461,0.788,0.34,0.07,0.31,0.237,0.206,0.332,-0.7,106,0.7
"ZiPS","sa3016970","Tim Tawa","ARI",128,505,550,112,75,22,2,13,55,60,38,0,140,4,3,0,7,4,0.222,0.28,0.35,0.63,0.277,0.07,0.26,0.271,0.129,0.279,-1.1,75,0.7
"ZiPS","20321","Stuart Fairchild","CIN",104,268,305,62,38,12,2,10,40,38,24,0,83,8,2,3,12,2,0.231,0.311,0.403,0.714,0.313,0.08,0.27,0.289,0.172,0.294,1,94,0.7
"ZiPS","6184","JD Martinez",NA,111,413,465,98,57,24,1,16,51,59,44,1,135,4,4,0,0,0,0.237,0.314,0.416,0.73,0.317,0.1,0.29,0.326,0.179,0.308,-0.8,107,0.7
"ZiPS","12160","Ben Gamel","HOU",93,291,337,68,44,15,1,8,42,35,41,1,92,2,2,1,2,2,0.234,0.33,0.375,0.705,0.312,0.12,0.27,0.446,0.141,0.311,-1.1,105,0.7
"ZiPS","19966","Bobby Dalbec","CHW",128,419,466,88,55,14,2,17,55,51,39,0,184,5,3,0,8,1,0.21,0.283,0.375,0.658,0.289,0.08,0.4,0.212,0.165,0.321,0.4,86,0.7
"ZiPS DC","12037","Jon Berti","CHC",53,207,231,51,38,7,1,4,28,19,20,1,53,2,1,1,11,3,0.245,0.314,0.346,0.661,0.293,0.09,0.23,0.37,0.101,0.31,0.5,89,0.7
"ZiPS DC","11445","Mark Canha",NA,96,352,413,85,60,18,1,7,45,39,41,1,82,16,4,0,6,1,0.243,0.345,0.355,0.7,0.315,0.1,0.2,0.506,0.112,0.295,-0.2,103,0.7
"ZiPS DC","8623","Donovan Solano","SEA",83,323,357,82,61,15,0,5,31,31,24,1,82,7,2,0,1,0,0.252,0.318,0.348,0.665,0.295,0.07,0.23,0.299,0.095,0.32,-0.5,98,0.7
"ZiPS DC","sa3009276","Agustin Ramirez","MIA",63,232,256,56,35,12,1,9,32,31,21,1,53,3,2,0,5,1,0.241,0.308,0.407,0.715,0.311,0.08,0.21,0.387,0.165,0.276,0.1,97,0.7
"ZiPS DC","30011","Christian EncarnacionStrand","CIN",81,323,350,83,49,17,1,16,45,56,20,1,99,5,1,0,2,1,0.257,0.31,0.464,0.774,0.332,0.06,0.28,0.203,0.207,0.322,-0.4,107,0.7
"ZiPS DC","24589","Richie Palacios","TBR",81,302,350,72,50,15,2,5,45,36,40,1,63,5,3,1,12,2,0.238,0.334,0.35,0.684,0.306,0.11,0.18,0.635,0.112,0.282,0.9,103,0.7
"ZiPS DC","sa3023011","Kristian Campbell","BOS",36,136,154,36,23,8,1,4,21,22,14,0,35,3,0,0,4,2,0.267,0.35,0.433,0.783,0.342,0.09,0.23,0.402,0.167,0.331,-0.3,119,0.7
"ZiPS DC","19956","Mickey Moniak","LAA",65,263,280,62,37,11,3,11,31,36,13,1,82,3,1,0,5,2,0.235,0.278,0.421,0.698,0.3,0.05,0.29,0.164,0.186,0.297,-0.3,93,0.7
"ZiPS DC","16153","Austin Slater","CHW",52,194,224,46,33,7,1,5,28,20,25,0,64,3,2,0,5,2,0.238,0.332,0.362,0.694,0.31,0.11,0.29,0.385,0.123,0.327,-0.2,101,0.7
"ZiPS DC","sa3011255","Jake Mangum","TBR",41,164,175,44,31,10,2,2,21,20,7,0,34,2,1,0,5,2,0.27,0.31,0.378,0.688,0.301,0.04,0.19,0.22,0.108,0.329,-0.2,99,0.7
"ZiPS DC","24598","Addison Barger","TOR",41,158,175,38,23,9,0,5,21,22,15,0,42,2,1,0,2,1,0.243,0.314,0.409,0.723,0.315,0.08,0.24,0.353,0.166,0.296,-0.2,107,0.7
"ZiPS DC","27883","Thomas Saggese","STL",75,298,322,73,49,13,2,8,39,40,15,0,83,6,2,1,4,2,0.244,0.292,0.386,0.678,0.295,0.05,0.26,0.185,0.142,0.309,-0.5,90,0.7
"ZiPS DC","5235","Justin Turner",NA,118,446,511,112,78,22,0,12,59,55,49,1,95,10,6,0,1,1,0.252,0.335,0.381,0.716,0.316,0.1,0.19,0.517,0.129,0.291,-1.3,104,0.7
"ZiPS DC","26540","Angel Martinez","CLE",52,200,224,47,31,10,1,4,24,24,17,0,46,3,2,2,3,2,0.235,0.302,0.361,0.663,0.292,0.08,0.2,0.373,0.126,0.283,-0.6,91,0.7
"ZiPS DC","sa3015239","Edgar Quero","CHW",39,136,154,33,23,5,0,4,14,18,13,0,30,3,1,0,0,0,0.238,0.314,0.362,0.676,0.3,0.08,0.19,0.435,0.123,0.275,-0.4,94,0.7
"ZiPS DC","23565","Davis Schneider","TOR",41,151,175,33,18,8,1,6,21,21,20,0,51,2,1,0,2,0,0.219,0.318,0.408,0.726,0.318,0.12,0.29,0.401,0.189,0.28,0,109,0.7
"ZiPS DC","21780","Esteury Ruiz","ATH",28,105,119,27,18,6,1,3,15,14,8,0,27,4,1,1,11,3,0.254,0.325,0.393,0.718,0.316,0.06,0.22,0.29,0.14,0.314,0.7,110,0.7
"REZ","sa3020459","Cole Young","SEA",53,199,225,46,32,10,1,3,24,21,20,0,43,3,1,1,5,2,0.23,0.306,0.337,0.644,0.287,0.09,0.19,0.456,0.108,0.276,-0.4,92,0.7
"REZ","sa3025168","Christian Moore","LAA",50,192,208,47,31,8,0,7,27,25,13,0,59,1,1,0,2,1,0.245,0.297,0.409,0.706,0.307,0.06,0.29,0.22,0.163,0.316,-0.3,98,0.7
"REZ","13770","Rob Refsnyder","BOS",62,212,243,51,37,10,0,4,30,28,24,0,62,4,1,0,3,1,0.241,0.327,0.352,0.679,0.303,9.8,25.5,0.4,0.111,0.317,-0.4,111,0.7
"REZ","25660","Will Brennan","CLE",70,256,276,64,48,9,2,4,29,28,15,4,38,3,2,0,6,2,0.248,0.294,0.346,0.64,0.276,5.3,13.7,0.4,0.098,0.275,-0.1,100,0.7
"REZ","30011","Christian EncarnacionStrand","CIN",91,356,386,88,57,17,0,13,49,57,24,0,105,5,2,0,2,1,0.246,0.301,0.406,0.707,0.307,6.1,27,0.2,0.16,0.309,-0.6,105,0.7
"REZ","22532","Tyler Freeman","CLE",42,143,162,34,25,6,0,2,19,16,11,0,23,6,1,1,5,1,0.234,0.313,0.33,0.643,0.289,6.7,14.3,0.5,0.096,0.262,0,103,0.7
"REZ","22857","Wenceel Perez","DET",90,345,381,81,55,14,5,7,45,36,30,0,76,3,3,1,10,3,0.235,0.299,0.372,0.671,0.294,7.8,20.1,0.4,0.137,0.28,0.3,94,0.7
"REZ","17276","Alex Jackson","NYY",45,147,163,30,19,9,0,3,18,20,12,3,50,3,1,1,1,0,0.206,0.276,0.327,0.603,0.262,7.4,30.8,0.2,0.121,0.288,-0.2,82,0.7
"REZ","26540","Angel Martinez","CLE",58,219,244,49,37,9,0,4,26,24,18,0,48,3,2,2,4,2,0.226,0.29,0.324,0.614,0.274,7.4,19.8,0.4,0.098,0.269,-0.3,91,0.7
"REZ","13145","Josh Bell","WSN",134,503,568,123,79,22,1,21,63,67,54,4,104,4,4,0,1,1,0.245,0.321,0.419,0.74,0.32,9.6,18.4,0.5,0.174,0.268,-1.9,106,0.7
"REZ","11445","Mark Canha",NA,97,342,398,80,51,17,1,11,45,37,39,1,78,14,3,0,5,1,0.235,0.334,0.391,0.725,0.32,9.8,19.7,0.5,0.156,0.27,-0.4,103,0.7
"REZ","15878","Miguel Andujar","ATH",78,306,328,76,55,13,1,7,34,34,18,0,46,2,2,0,3,1,0.248,0.293,0.363,0.656,0.286,5.5,14.1,0.4,0.115,0.272,-0.5,101,0.7
"REZ","19960","Taylor Trammell","HOU",78,232,265,52,29,10,0,13,32,31,28,0,84,3,2,1,7,2,0.225,0.315,0.443,0.758,0.328,10.7,31.5,0.3,0.218,0.283,0,97,0.7
"REZ","16947","Derek Hill","MIA",77,285,310,63,52,5,1,4,36,33,17,0,86,3,2,2,8,2,0.219,0.268,0.287,0.555,0.248,5.4,27.9,0.2,0.068,0.298,0.2,86,0.6
"REZ","19260","Jake Fraley","CIN",104,372,417,94,58,21,7,11,51,45,38,1,84,5,3,0,18,5,0.253,0.328,0.432,0.76,0.331,9.1,20.2,0.5,0.179,0.299,0.7,95,0.6
"REZ","17273","Jorge Mateo","BAL",45,150,163,34,19,12,1,3,21,16,8,0,40,1,1,1,11,2,0.227,0.272,0.379,0.651,0.282,5.1,24.4,0.2,0.152,0.288,1.2,85,0.6
"REZ","26295","Oliver Dunn","MIL",69,233,263,50,37,5,4,3,28,26,27,0,95,2,1,1,6,1,0.216,0.304,0.3,0.604,0.271,10.3,36.1,0.3,0.084,0.352,0.1,83,0.6
"REZ","sa3017426","Denzel Clarke","ATH",43,152,167,33,21,7,2,4,21,19,12,0,60,3,1,0,7,2,0.218,0.284,0.358,0.643,0.283,0.07,0.34,0.208,0.14,0.323,0.2,85,0.6
"REZ","22563","Gabriel Arias","CLE",47,167,181,36,23,7,2,4,19,20,11,0,52,2,1,0,4,1,0.213,0.268,0.358,0.626,0.274,6.1,28.5,0.2,0.145,0.278,0.1,92,0.6
"REZ","14712","Manuel Margot",NA,76,271,295,62,43,13,2,4,33,30,19,1,48,2,2,1,6,2,0.229,0.284,0.335,0.619,0.272,6.6,16.2,0.4,0.106,0.262,0,96,0.6
"REZ","sa3019892","Dalton Rushing","LAD",28,101,117,23,13,5,0,4,13,17,12,0,30,3,1,0,0,0,0.226,0.315,0.396,0.711,0.312,0.1,0.25,0.38,0.169,0.276,-0.3,102,0.6
"REZ","25807","Jared Triolo","PIT",64,227,256,53,41,7,0,4,27,24,24,0,64,2,2,0,5,1,0.232,0.309,0.325,0.634,0.285,9.4,25,0.4,0.093,0.301,0,87,0.6
"REZ","22558","Jarred Kelenic","ATL",63,226,251,51,28,11,2,10,30,30,21,1,75,1,2,0,5,2,0.227,0.294,0.431,0.725,0.312,8.3,30.1,0.3,0.204,0.288,-0.1,98,0.6
"REZ","12037","Jon Berti","CHC",58,204,227,52,39,8,3,3,25,19,19,0,51,2,1,1,11,3,0.257,0.324,0.37,0.694,0.306,8.3,22.2,0.4,0.113,0.324,0.7,88,0.6
"REZ","15905","Luis Torrens","NYM",48,157,172,33,22,9,0,2,17,19,12,0,45,1,1,0,1,0,0.213,0.274,0.314,0.588,0.261,7.2,26.3,0.3,0.101,0.281,-0.4,84,0.6
"REZ","7802","Miguel Rojas","LAD",52,180,198,44,31,9,0,4,21,19,12,1,24,2,1,1,4,1,0.247,0.299,0.358,0.657,0.286,6.2,12.3,0.5,0.111,0.265,-0.2,86,0.6
"REZ","13757","Chris Taylor","LAD",74,253,288,50,30,12,2,7,34,30,29,1,92,3,2,1,7,1,0.197,0.286,0.339,0.625,0.277,10.1,31.9,0.3,0.142,0.275,0.1,91,0.6
"REZ","26151","Kyle Stowers","MIA",112,401,448,91,66,15,3,6,50,55,37,0,136,6,3,0,2,1,0.227,0.299,0.327,0.626,0.279,8.2,30.5,0.3,0.1,0.323,-0.8,92,0.6
"REZ","16622","Luis Urias",NA,46,157,180,34,22,7,0,5,20,19,17,0,42,4,1,0,1,0,0.218,0.311,0.357,0.668,0.298,9.6,23.2,0.4,0.139,0.266,-0.2,95,0.6
"REZ","22458","Taylor Walls","TBR",63,211,241,42,28,9,1,3,26,20,27,0,64,1,2,1,11,3,0.199,0.29,0.299,0.589,0.266,11.1,26.5,0.4,0.1,0.267,0.8,82,0.6
"ATC","12037","Jon Berti","CHC",53,180,201,45,34,7,1,3,23,16,16,0,42,2,1,1,10,2,0.249,0.316,0.345,0.662,0.294,0.08,0.21,0.389,0.096,0.309,0.8,89,0.6
"ATC","29547","Ryan Bliss","SEA",66,197,220,43,28,9,2,5,26,21,17,0,59,2,2,2,14,4,0.218,0.286,0.352,0.637,0.281,0.08,0.27,0.286,0.133,0.284,0.6,88,0.6
"ATC","8623","Donovan Solano","SEA",92,315,349,80,59,15,0,6,33,33,25,0,76,7,2,0,1,0,0.253,0.319,0.357,0.677,0.3,0.07,0.22,0.324,0.104,0.315,-1.3,101,0.6
"ATC","27883","Thomas Saggese","STL",80,277,300,66,44,13,2,8,34,34,16,0,75,4,2,1,4,1,0.24,0.289,0.384,0.673,0.293,0.05,0.25,0.21,0.144,0.298,-0.3,88,0.6
"ATC","31349","Victor Scott II","STL",107,359,393,81,58,15,3,6,43,32,24,0,82,5,3,3,24,4,0.226,0.28,0.333,0.614,0.271,0.06,0.21,0.289,0.107,0.273,2.2,73,0.6
"ATC","25971","Kevin Alcantara","CHC",11,32,35,8,5,2,0,1,4,4,2,0,9,0,0,0,0,0,0.239,0.293,0.351,0.644,0.284,0.07,0.26,0.269,0.112,0.309,0,82,0.6
"ATC","22857","Wenceel Perez","DET",89,332,367,79,52,15,4,8,44,35,29,0,74,2,2,1,9,3,0.238,0.302,0.379,0.681,0.298,0.08,0.2,0.391,0.141,0.283,0.4,95,0.6
"ATC","7802","Miguel Rojas","LAD",57,196,214,50,37,10,0,3,24,20,13,0,25,2,2,1,4,1,0.253,0.304,0.351,0.655,0.289,0.06,0.12,0.52,0.098,0.276,-0.3,86,0.6
"ATC","19956","Mickey Moniak","LAA",87,314,336,71,42,14,2,13,38,40,16,1,98,3,2,0,6,2,0.228,0.272,0.408,0.68,0.293,0.05,0.29,0.167,0.181,0.287,-0.2,88,0.6
"ATC","19779","Dairon Blanco","KCR",63,158,174,39,27,7,1,4,25,16,11,0,43,3,1,1,25,5,0.247,0.305,0.376,0.68,0.299,0.06,0.25,0.255,0.129,0.315,2,92,0.6
"ATC","13770","Rob Refsnyder","BOS",65,214,244,55,37,11,1,6,29,28,24,1,60,4,1,0,3,1,0.259,0.344,0.409,0.753,0.331,0.1,0.24,0.404,0.15,0.328,-0.5,111,0.6
"ATC","sa3009276","Agustin Ramirez","MIA",62,220,243,52,33,11,1,7,27,28,19,1,51,2,2,0,5,1,0.236,0.302,0.393,0.696,0.303,0.08,0.21,0.383,0.158,0.272,0,91,0.6
"ATC","sa3025168","Christian Moore","LAA",55,205,222,49,32,9,0,7,28,25,14,0,62,1,1,0,3,1,0.239,0.292,0.393,0.685,0.298,0.06,0.28,0.228,0.154,0.305,-0.3,92,0.6
"ATC","21538","Nick Fortes","MIA",101,325,355,73,52,14,0,7,34,33,18,0,55,6,3,4,3,1,0.225,0.276,0.338,0.614,0.271,0.05,0.15,0.336,0.113,0.248,-0.2,69,0.6
"ATC","13723","Jacob Stallings","COL",82,261,296,61,42,13,0,6,28,30,27,0,69,5,2,1,1,0,0.234,0.314,0.357,0.672,0.299,0.09,0.23,0.382,0.123,0.293,-1.4,78,0.6
"ATC","11445","Mark Canha",NA,91,311,361,76,53,15,1,7,41,36,36,1,70,11,3,0,5,1,0.245,0.34,0.365,0.706,0.315,0.1,0.2,0.51,0.12,0.293,-0.5,103,0.6
"ATC","22558","Jarred Kelenic","ATL",68,240,267,56,34,13,1,8,32,30,22,1,76,2,2,1,6,2,0.235,0.302,0.404,0.706,0.306,0.08,0.29,0.295,0.169,0.305,0.1,94,0.6
"ATC","13757","Chris Taylor","LAD",76,249,283,54,35,11,1,7,34,30,29,1,89,3,2,1,7,1,0.219,0.306,0.358,0.664,0.294,0.1,0.31,0.327,0.14,0.305,0,89,0.6
"ATC","12859","James McCann",NA,57,188,205,43,29,8,0,6,21,23,11,0,52,3,2,1,2,0,0.228,0.279,0.363,0.641,0.28,0.06,0.26,0.218,0.135,0.281,-0.5,80,0.6
"ATC","19296","Alex Call","WSN",63,208,240,47,31,9,1,6,27,24,26,0,47,3,1,1,7,2,0.225,0.319,0.362,0.681,0.304,0.11,0.2,0.559,0.137,0.261,0,94,0.6
"ATC","22197","MJ Melendez","KCR",121,426,478,97,55,22,3,17,54,55,45,1,121,3,3,0,5,3,0.227,0.303,0.412,0.715,0.31,0.09,0.25,0.374,0.185,0.274,-1,100,0.6
"ATC","22532","Tyler Freeman","CLE",42,139,157,35,25,7,0,3,19,15,10,0,23,5,1,1,5,1,0.252,0.323,0.366,0.689,0.305,0.07,0.14,0.462,0.114,0.279,0.1,100,0.6
"ATC","15905","Luis Torrens","NYM",47,143,156,32,21,7,0,4,16,17,10,0,41,2,1,0,1,0,0.224,0.281,0.356,0.637,0.28,0.07,0.26,0.253,0.132,0.282,-0.4,79,0.6
"ATC","27467","Tyler Soderstrom","ATH",130,463,511,106,62,20,2,23,55,65,40,2,136,5,4,0,1,1,0.23,0.296,0.426,0.722,0.311,0.08,0.27,0.291,0.197,0.272,-1.2,101,0.6
"Depth Charts","31394","Brooks Baldwin","CHW",53,212,231,53,37,10,0,5,24,24,15,0,50,1,1,1,6,1,0.248,0.302,0.371,0.673,0.295,0.07,0.22,0.308,0.122,0.301,0.2,91,0.6
"Depth Charts","14712","Manuel Margot",NA,66,263,287,69,49,14,1,5,32,29,19,0,48,2,2,1,5,2,0.263,0.316,0.381,0.697,0.306,0.07,0.17,0.395,0.118,0.303,0,97,0.6
"Depth Charts","4940","Jason Heyward","SDP",87,340,378,78,48,17,1,11,42,43,31,1,80,4,3,0,5,1,0.228,0.298,0.385,0.683,0.298,0.08,0.21,0.382,0.157,0.265,-0.4,94,0.6
"Depth Charts","24598","Addison Barger","TOR",41,157,175,38,23,9,0,5,20,21,15,0,42,2,1,0,2,1,0.24,0.312,0.404,0.716,0.313,0.09,0.24,0.36,0.164,0.293,-0.2,105,0.6
"Depth Charts","5235","Justin Turner",NA,118,448,511,113,78,23,0,12,58,55,49,1,96,9,5,0,2,1,0.253,0.334,0.386,0.72,0.318,0.1,0.19,0.506,0.134,0.293,-2.5,105,0.6
"Depth Charts","22458","Taylor Walls","TBR",57,213,245,44,29,9,2,4,28,21,29,0,61,1,2,1,12,3,0.205,0.301,0.32,0.621,0.28,0.12,0.25,0.468,0.114,0.266,1,85,0.6
"Depth Charts","26295","Oliver Dunn","MIL",62,235,266,49,30,10,2,6,28,27,27,1,93,3,1,1,6,1,0.208,0.296,0.35,0.645,0.286,0.1,0.35,0.29,0.142,0.311,0.1,82,0.6
"Depth Charts","25807","Jared Triolo","PIT",57,217,245,53,38,10,1,4,26,24,24,0,62,2,2,0,5,1,0.244,0.323,0.355,0.678,0.302,0.1,0.25,0.385,0.111,0.321,0,90,0.6
"Depth Charts","19956","Mickey Moniak","LAA",65,262,280,61,37,11,2,11,31,35,14,0,82,3,2,0,5,2,0.233,0.277,0.414,0.691,0.297,0.05,0.29,0.168,0.181,0.295,-0.3,91,0.6
"Depth Charts","13757","Chris Taylor","LAD",66,252,287,56,36,11,1,7,33,30,29,1,92,3,2,1,6,1,0.22,0.308,0.361,0.669,0.296,0.1,0.32,0.321,0.141,0.313,0.1,91,0.6
"Depth Charts","19896","Connor Wong","BOS",94,341,371,85,55,19,1,10,41,42,22,0,97,5,2,1,6,3,0.25,0.304,0.399,0.703,0.307,0.06,0.26,0.227,0.149,0.32,-0.4,94,0.6
"Depth Charts","26540","Angel Martinez","CLE",52,201,224,48,32,10,1,4,24,22,17,0,45,2,2,1,3,1,0.237,0.303,0.364,0.667,0.294,0.08,0.2,0.383,0.127,0.283,-0.3,92,0.6
"Depth Charts","12037","Jon Berti","CHC",53,208,231,51,38,8,1,4,26,20,19,1,51,2,2,1,10,3,0.244,0.312,0.345,0.658,0.291,0.08,0.22,0.37,0.101,0.306,0.8,88,0.6
"Depth Charts","16153","Austin Slater","CHW",52,195,224,46,32,8,1,5,26,20,24,0,64,3,2,0,5,1,0.234,0.325,0.363,0.688,0.307,0.11,0.29,0.371,0.129,0.316,0.1,99,0.6
"Depth Charts","12976","Austin Hedges","CLE",49,173,192,32,24,5,0,3,16,16,11,0,54,3,2,3,2,0,0.186,0.244,0.272,0.516,0.231,0.06,0.28,0.207,0.086,0.247,-0.2,48,0.6
"Depth Charts","sa3019920","Drake Baldwin","ATL",34,119,134,28,19,6,0,3,15,15,13,0,32,2,1,0,0,0,0.236,0.318,0.374,0.692,0.306,0.1,0.24,0.406,0.138,0.293,-0.2,95,0.6
"Depth Charts","15518","Amed Rosario","WSN",53,218,231,58,42,10,2,3,25,23,10,0,43,2,2,0,7,2,0.266,0.3,0.378,0.678,0.295,0.04,0.19,0.223,0.112,0.316,0.4,89,0.6
"Depth Charts","24816","Andy Pages","LAD",32,125,140,31,18,7,0,6,18,19,11,0,34,3,1,0,1,1,0.247,0.317,0.441,0.758,0.328,0.08,0.24,0.318,0.194,0.293,-0.3,112,0.6
"Depth Charts","19722","Carlos Narvaez","BOS",50,173,198,37,25,8,0,4,21,20,21,1,59,3,1,0,2,1,0.216,0.308,0.339,0.646,0.289,0.1,0.3,0.352,0.123,0.297,-0.2,81,0.6
"Depth Charts","21780","Esteury Ruiz","ATH",28,106,119,27,18,5,1,3,15,12,8,0,27,3,1,1,11,3,0.25,0.319,0.386,0.705,0.31,0.07,0.23,0.293,0.136,0.309,0.9,106,0.6
"Depth Charts","13897","Tyler Heineman","TOR",36,122,141,26,20,4,1,2,14,12,13,0,30,2,1,2,2,1,0.212,0.301,0.295,0.597,0.272,0.1,0.21,0.451,0.083,0.266,-0.2,76,0.6
"Depth Charts","sa3020459","Cole Young","SEA",44,167,189,38,27,8,1,3,20,18,17,0,37,3,1,1,4,2,0.229,0.309,0.335,0.644,0.288,0.09,0.19,0.47,0.106,0.276,-0.3,93,0.6
"Depth Charts","15905","Luis Torrens","NYM",40,146,160,33,22,7,0,5,16,18,11,0,42,1,1,0,1,0,0.229,0.287,0.372,0.659,0.288,0.07,0.26,0.268,0.143,0.285,-0.4,87,0.6
"OOPSY","17276","Alex Jackson","NYY",39,139,154,30,16,6,0,7,17,20,11,0,47,2,1,0,1,0,0.213,0.278,0.407,0.685,0.297,0.07,0.31,0.226,0.194,0.268,-0.3,93,0.6
"OOPSY","22458","Taylor Walls","TBR",57,213,245,45,30,9,1,4,27,20,29,0,61,1,2,1,12,3,0.209,0.304,0.324,0.628,0.283,0.12,0.25,0.476,0.115,0.27,1,87,0.6
"OOPSY","25782","Pedro Pages","STL",58,208,230,47,32,9,1,6,24,22,19,0,58,2,2,0,0,0,0.227,0.293,0.358,0.651,0.287,0.08,0.25,0.319,0.132,0.284,-0.5,84,0.6
"OOPSY","17484","Eloy Jimenez","TBR",45,180,196,49,32,9,0,7,22,25,14,1,39,1,1,0,1,0,0.27,0.324,0.449,0.772,0.333,0.07,0.2,0.355,0.179,0.305,-0.7,122,0.6
"OOPSY","19722","Carlos Narvaez","BOS",50,173,198,37,24,8,0,5,20,18,21,0,60,3,2,0,2,1,0.212,0.304,0.338,0.643,0.288,0.1,0.3,0.345,0.126,0.293,-0.2,80,0.6
"OOPSY","13675","Tyrone Taylor","NYM",79,316,343,73,44,16,2,11,39,39,19,0,79,5,2,0,9,3,0.231,0.285,0.396,0.681,0.296,0.06,0.23,0.247,0.165,0.272,0.3,92,0.6
"OOPSY","22896","Lenyn Sosa","CHW",79,323,343,80,54,15,0,10,32,37,14,0,74,2,3,1,3,1,0.246,0.279,0.387,0.666,0.288,0.04,0.22,0.191,0.14,0.289,-0.5,86,0.6
"OOPSY","24816","Andy Pages","LAD",32,124,140,30,17,7,0,6,17,18,12,0,35,3,1,0,1,0,0.241,0.316,0.438,0.753,0.326,0.08,0.25,0.332,0.197,0.285,-0.2,110,0.6
"OOPSY","13590","Jesse Winker","NYM",99,362,427,83,56,16,0,11,47,40,56,1,91,6,3,0,7,3,0.23,0.341,0.366,0.706,0.316,0.13,0.21,0.611,0.135,0.277,-2.2,106,0.6
"OOPSY","sa3017183","Caleb Durbin","MIL",73,277,315,62,43,14,1,4,32,25,26,0,46,8,2,1,19,4,0.224,0.306,0.326,0.632,0.284,0.08,0.14,0.566,0.102,0.252,1.6,80,0.6
"OOPSY","15905","Luis Torrens","NYM",40,146,160,33,22,7,0,4,16,17,11,0,41,1,1,0,1,0,0.225,0.283,0.367,0.65,0.284,0.07,0.25,0.272,0.142,0.278,-0.5,85,0.6
"OOPSY","28312","Coby Mayo","BAL",29,112,126,27,15,6,0,5,15,17,11,0,36,2,1,0,1,0,0.239,0.314,0.44,0.754,0.325,0.09,0.28,0.309,0.201,0.3,-0.1,115,0.6
"OOPSY","19964","Eguy Rosario","SDP",71,278,308,63,37,14,1,10,35,36,25,0,79,3,3,0,9,3,0.226,0.293,0.393,0.686,0.299,0.08,0.26,0.312,0.168,0.276,-0.2,94,0.6
"OOPSY","13145","Josh Bell","WSN",134,517,581,128,85,23,1,18,65,63,56,1,112,4,4,0,1,1,0.248,0.324,0.405,0.729,0.319,0.1,0.19,0.504,0.156,0.281,-2.7,105,0.6
"OOPSY","15274","Mike Tauchman","CHW",92,343,399,79,57,14,1,7,43,32,49,0,87,4,3,0,5,2,0.23,0.331,0.339,0.67,0.302,0.12,0.22,0.565,0.109,0.286,-0.5,96,0.6
"OOPSY","sa3025168","Christian Moore","LAA",50,198,217,46,30,8,1,7,23,24,16,0,64,1,1,0,2,1,0.232,0.291,0.392,0.683,0.297,0.07,0.29,0.243,0.16,0.301,-0.2,91,0.6
"OOPSY","12859","James McCann",NA,53,194,211,44,30,8,0,6,20,21,13,0,54,3,2,0,2,1,0.227,0.281,0.363,0.644,0.282,0.06,0.26,0.233,0.136,0.282,-0.7,81,0.6
"OOPSY","15878","Miguel Andujar","ATH",76,308,329,82,58,16,1,7,34,33,17,0,50,1,2,0,4,1,0.265,0.304,0.392,0.697,0.303,0.05,0.15,0.342,0.128,0.294,-0.4,101,0.6
"OOPSY","sa3019920","Drake Baldwin","ATL",34,119,134,28,19,5,0,3,14,13,13,0,31,1,1,0,0,0,0.235,0.315,0.369,0.684,0.302,0.1,0.23,0.432,0.134,0.287,-0.3,92,0.6
"OOPSY","13757","Chris Taylor","LAD",66,254,287,56,36,11,1,8,32,29,29,0,89,3,2,0,7,2,0.219,0.304,0.365,0.669,0.296,0.1,0.31,0.322,0.146,0.301,-0.1,91,0.6
"OOPSY","21780","Esteury Ruiz","ATH",28,105,119,26,18,6,0,2,13,12,8,0,26,3,1,1,13,3,0.25,0.321,0.383,0.705,0.31,0.07,0.22,0.313,0.133,0.306,1.3,106,0.6
"Steamer","12976","Austin Hedges","CLE",45,160,174,30,21,5,0,3,15,15,11,0,48,2,1,1,2,1,0.19,0.248,0.292,0.54,0.241,0.06,0.28,0.218,0.102,0.246,-0.3,55,0.6
"Steamer","sa3009276","Agustin Ramirez","MIA",60,218,243,51,32,11,1,7,26,26,20,0,52,2,2,1,4,1,0.232,0.302,0.383,0.685,0.3,0.08,0.21,0.39,0.151,0.271,0,89,0.6
"Steamer","16472","Rhys Hoskins","MIL",133,488,556,108,61,20,1,26,66,74,57,1,156,6,4,1,3,1,0.222,0.309,0.429,0.738,0.321,0.1,0.28,0.367,0.206,0.266,-2.5,105,0.6
"Steamer","15161","Mitch Garver","SEA",75,269,311,56,33,11,0,12,34,35,35,0,89,4,2,1,1,0,0.209,0.306,0.384,0.69,0.304,0.11,0.29,0.393,0.176,0.259,-0.8,104,0.6
"Steamer","25782","Pedro Pages","STL",54,191,212,44,29,8,1,6,22,23,17,0,54,2,2,1,1,0,0.229,0.295,0.37,0.665,0.292,0.08,0.26,0.311,0.141,0.286,-0.4,88,0.6
"Steamer","19296","Alex Call","WSN",65,227,266,51,34,11,1,6,30,25,32,0,55,4,2,1,7,2,0.226,0.329,0.364,0.693,0.309,0.12,0.2,0.583,0.138,0.267,0,98,0.6
"Steamer","18564","Trent Grisham","NYY",40,139,161,29,17,6,0,6,19,18,18,0,43,2,1,1,3,1,0.211,0.31,0.383,0.693,0.306,0.11,0.27,0.422,0.172,0.261,0.1,99,0.6
"Steamer","19964","Eguy Rosario","SDP",63,225,251,52,30,12,1,8,29,29,21,0,64,3,2,1,6,2,0.23,0.3,0.404,0.704,0.306,0.08,0.25,0.326,0.174,0.279,-0.1,99,0.6
"Steamer","16530","Mauricio Dubon","HOU",71,272,291,72,52,14,1,5,31,29,14,0,40,2,2,1,3,1,0.266,0.304,0.379,0.683,0.298,0.05,0.14,0.344,0.113,0.293,-0.3,95,0.6
"Steamer","19722","Carlos Narvaez","BOS",48,170,194,37,24,8,0,4,20,19,20,1,58,3,1,1,2,1,0.216,0.306,0.344,0.651,0.29,0.1,0.3,0.35,0.128,0.296,-0.2,82,0.6
"Steamer","15905","Luis Torrens","NYM",38,135,149,31,20,6,0,4,16,16,11,0,39,1,1,0,1,0,0.226,0.287,0.369,0.656,0.287,0.07,0.26,0.271,0.143,0.283,-0.3,87,0.6
"Steamer","5235","Justin Turner",NA,115,438,496,111,76,22,0,12,56,55,47,1,94,8,3,1,2,1,0.253,0.334,0.391,0.725,0.319,0.09,0.19,0.496,0.138,0.294,-2.7,106,0.6
"Steamer","30011","Christian EncarnacionStrand","CIN",81,311,340,80,48,15,1,16,42,48,22,1,87,4,2,1,2,1,0.257,0.313,0.462,0.775,0.333,0.07,0.26,0.255,0.205,0.306,-0.6,107,0.6
"Steamer","19892","Pavin Smith","ARI",81,286,328,71,46,14,1,10,38,38,37,1,72,2,2,1,2,1,0.248,0.336,0.411,0.746,0.326,0.11,0.22,0.51,0.162,0.296,-1.1,108,0.6
"Steamer","22458","Taylor Walls","TBR",57,189,218,39,25,8,2,4,23,19,26,0,55,1,2,1,11,2,0.204,0.302,0.321,0.622,0.281,0.12,0.25,0.464,0.116,0.266,1.1,85,0.6
"Steamer","15464","Hunter Renfroe","KCR",86,318,352,77,46,17,1,13,40,43,28,0,75,3,2,1,1,0,0.243,0.308,0.426,0.734,0.318,0.08,0.21,0.374,0.183,0.276,-1.1,103,0.6
"Steamer","19779","Dairon Blanco","KCR",47,171,189,44,30,8,1,4,24,20,13,0,46,3,1,1,24,6,0.254,0.316,0.383,0.699,0.307,0.07,0.24,0.287,0.129,0.323,2.2,95,0.6
"Steamer","26031","Vaughn Grissom","BOS",32,116,130,30,22,6,1,2,14,13,12,0,24,2,1,0,3,1,0.264,0.339,0.385,0.724,0.32,0.09,0.19,0.474,0.121,0.315,0,103,0.6
"Steamer","sa3019920","Drake Baldwin","ATL",32,113,128,27,19,5,0,3,14,13,13,0,28,1,1,0,1,0,0.237,0.319,0.362,0.681,0.303,0.1,0.22,0.468,0.125,0.287,-0.2,92,0.6
"Steamer","15518","Amed Rosario","WSN",49,194,207,51,37,9,2,3,22,20,9,0,39,2,1,0,6,2,0.265,0.302,0.379,0.681,0.297,0.04,0.19,0.233,0.114,0.313,0.3,90,0.6
"Steamer","27763","Drew Romo","COL",57,207,222,52,34,10,1,5,24,23,11,0,44,2,2,1,3,1,0.249,0.291,0.39,0.681,0.295,0.05,0.2,0.244,0.141,0.29,-0.1,75,0.6
"Steamer","26467","Luis Matos","SFG",55,208,227,52,34,11,1,6,25,25,14,0,31,3,2,1,3,1,0.25,0.304,0.4,0.704,0.307,0.06,0.14,0.457,0.15,0.265,-0.2,98,0.6
"Steamer","8623","Donovan Solano","SEA",83,316,350,80,58,16,1,6,35,33,25,0,78,6,2,1,2,1,0.253,0.317,0.362,0.678,0.3,0.07,0.22,0.315,0.109,0.316,-1.5,101,0.6
"Steamer","24816","Andy Pages","LAD",32,119,132,29,17,6,0,5,16,17,10,0,31,2,1,0,1,0,0.246,0.313,0.435,0.749,0.324,0.08,0.23,0.328,0.189,0.289,-0.2,110,0.6
"Steamer","26540","Angel Martinez","CLE",52,205,227,49,33,11,1,5,25,21,18,0,45,2,2,1,4,1,0.239,0.304,0.367,0.671,0.295,0.08,0.2,0.394,0.128,0.282,-0.1,93,0.6
"Steamer","24598","Addison Barger","TOR",45,162,182,38,23,9,0,6,20,21,16,0,45,2,1,0,2,1,0.236,0.31,0.399,0.709,0.31,0.09,0.24,0.367,0.163,0.289,-0.2,103,0.6
"THE BAT","20178","Miguel Vargas","CHW",103,346,391,80,50,19,1,10,43,40,37,1,82,4,3,1,7,2,0.232,0.311,0.379,0.69,0.303,0.09,0.21,0.449,0.147,0.275,0,97,0.6
"THE BAT","18030","Harrison Bader","MIN",80,273,296,64,43,12,1,8,36,29,15,0,62,4,2,0,15,3,0.233,0.283,0.371,0.654,0.285,0.05,0.21,0.248,0.139,0.273,1.1,83,0.6
"THE BAT","27467","Tyler Soderstrom","ATH",133,468,517,106,63,21,1,20,57,62,39,2,141,5,4,0,1,0,0.227,0.291,0.409,0.699,0.302,0.07,0.27,0.276,0.182,0.276,-0.7,100,0.6
"THE BAT","19260","Jake Fraley","CIN",103,356,397,89,60,18,2,10,49,41,33,1,78,5,3,0,17,4,0.251,0.321,0.394,0.716,0.313,0.08,0.2,0.426,0.143,0.294,0.8,94,0.6
"THE BAT","25782","Pedro Pages","STL",58,190,208,43,29,8,0,5,20,22,15,0,53,2,1,0,1,0,0.226,0.287,0.352,0.639,0.281,0.07,0.26,0.276,0.126,0.285,-0.3,80,0.6
"THE BAT","27475","Jordan Walker","STL",129,471,516,114,75,25,2,13,57,56,35,1,123,6,3,0,7,2,0.242,0.301,0.385,0.686,0.3,0.07,0.24,0.287,0.143,0.299,-0.3,93,0.6
"THE BAT","19921","Blake Perkins","MIL",82,276,311,60,41,12,1,6,33,28,29,1,81,2,2,1,11,3,0.217,0.294,0.333,0.627,0.279,0.09,0.26,0.356,0.115,0.284,0.5,77,0.6
"THE BAT","16725","Jose Trevino","CIN",69,223,243,53,37,8,0,7,24,28,15,0,43,2,2,1,1,0,0.236,0.287,0.366,0.654,0.286,0.06,0.17,0.348,0.131,0.261,-0.3,76,0.6
"THE BAT","21780","Esteury Ruiz","ATH",47,151,168,37,25,7,1,3,23,12,10,0,38,4,1,2,17,3,0.242,0.301,0.369,0.67,0.295,0.06,0.23,0.258,0.127,0.298,2,95,0.6
"THE BAT","sa3025168","Christian Moore","LAA",64,235,256,54,34,10,1,9,28,29,16,0,73,3,1,1,3,1,0.229,0.285,0.39,0.675,0.294,0.06,0.29,0.224,0.161,0.292,-0.2,89,0.6
"THE BAT","29575","Trey Sweeney","DET",74,250,274,52,33,11,2,6,29,25,21,1,76,3,1,0,5,2,0.21,0.276,0.343,0.619,0.272,0.07,0.28,0.269,0.132,0.274,-0.1,76,0.6
"THE BAT","13675","Tyrone Taylor","NYM",88,285,310,64,39,14,1,9,35,32,17,0,73,5,2,1,7,2,0.224,0.278,0.379,0.657,0.286,0.06,0.24,0.232,0.155,0.267,0.1,86,0.6
"THE BAT","30011","Christian EncarnacionStrand","CIN",102,385,419,100,63,19,1,17,49,59,25,1,109,5,3,0,2,1,0.261,0.312,0.45,0.762,0.328,0.06,0.26,0.229,0.189,0.317,-0.5,104,0.6
"THE BAT","27883","Thomas Saggese","STL",81,279,302,67,44,14,1,7,31,33,16,1,77,4,2,1,3,1,0.239,0.287,0.38,0.667,0.29,0.05,0.25,0.209,0.141,0.301,-0.2,86,0.6
"THE BAT","11737","Nick Castellanos","PHI",148,572,621,144,92,30,2,21,71,78,38,1,145,6,5,1,6,2,0.252,0.303,0.418,0.721,0.312,0.06,0.23,0.264,0.166,0.3,-0.6,99,0.6
"THE BAT","29622","Sal Frelick","MIL",117,417,460,105,79,20,3,3,48,39,35,1,68,4,3,1,13,3,0.251,0.313,0.337,0.651,0.289,0.08,0.15,0.513,0.086,0.291,0.4,84,0.6
"THE BAT","13590","Jesse Winker","NYM",103,351,411,81,55,15,1,10,47,39,51,1,86,6,2,1,5,2,0.232,0.336,0.367,0.703,0.314,0.12,0.21,0.587,0.135,0.277,-0.5,104,0.6
"THE BAT","sa3017183","Caleb Durbin","MIL",76,271,300,65,46,14,1,4,32,28,20,1,38,5,2,1,11,2,0.24,0.304,0.348,0.652,0.288,0.07,0.13,0.538,0.109,0.262,0.7,83,0.6
"THE BAT","27615","Alec Burleson","STL",119,445,485,115,80,20,1,14,53,58,31,0,67,3,4,1,5,2,0.26,0.311,0.403,0.714,0.311,0.06,0.14,0.47,0.143,0.276,-0.5,100,0.6
"THE BAT","18564","Trent Grisham","NYY",62,190,222,38,22,8,1,7,26,22,25,1,61,3,1,2,4,1,0.199,0.301,0.365,0.666,0.295,0.12,0.28,0.417,0.166,0.247,0,91,0.6
"THE BAT","sa3022886","Kyle Teel","CHW",47,160,178,37,26,7,1,4,18,17,15,0,45,1,1,0,2,1,0.231,0.302,0.351,0.653,0.289,0.09,0.25,0.338,0.12,0.297,-0.2,87,0.6
"THE BAT","15905","Luis Torrens","NYM",47,143,157,32,21,6,0,4,15,16,10,0,40,2,1,0,1,0,0.223,0.281,0.354,0.634,0.278,0.07,0.26,0.258,0.131,0.28,-0.2,80,0.6
"THE BAT","18171","Seth Brown","ATH",93,321,352,72,42,15,1,15,40,42,25,1,95,2,2,0,4,1,0.225,0.285,0.416,0.7,0.302,0.07,0.27,0.265,0.19,0.27,-0.1,100,0.6
"THE BAT","23691","Jose Tena","WSN",99,358,386,88,61,17,1,8,40,39,22,0,105,3,3,1,8,3,0.245,0.291,0.367,0.658,0.287,0.06,0.27,0.206,0.123,0.321,-0.2,83,0.6
"THE BAT","12979","Javier Baez","DET",82,298,323,68,46,13,1,8,33,33,15,0,78,4,2,0,7,2,0.227,0.272,0.357,0.629,0.274,0.05,0.24,0.189,0.13,0.279,0,78,0.6
"THE BAT","13757","Chris Taylor","LAD",74,240,272,53,34,11,1,7,33,28,26,0,85,3,1,0,6,2,0.221,0.303,0.367,0.669,0.296,0.1,0.31,0.304,0.146,0.306,0.1,90,0.6
"THE BAT","sa3020211","Roman Anthony","BOS",89,321,359,78,51,17,2,9,43,37,34,1,90,2,2,0,6,2,0.242,0.318,0.386,0.704,0.309,0.1,0.25,0.38,0.143,0.309,-0.3,95,0.6
"THE BATX","27615","Alec Burleson","STL",119,443,485,115,79,20,1,14,54,59,33,1,67,3,4,1,5,2,0.259,0.313,0.406,0.719,0.312,0.07,0.14,0.489,0.147,0.275,-0.7,101,0.6
"THE BATX","24589","Richie Palacios","TBR",84,279,318,65,45,14,2,5,35,27,31,1,58,4,2,1,9,3,0.233,0.316,0.348,0.664,0.295,0.1,0.18,0.543,0.115,0.274,0.2,96,0.6
"THE BATX","sa3025168","Christian Moore","LAA",64,235,256,54,34,10,1,9,28,29,16,0,73,3,1,1,3,1,0.229,0.285,0.39,0.676,0.294,0.06,0.29,0.224,0.161,0.292,0,89,0.6
"THE BATX","21840","Freddy Fermin","KCR",80,270,294,64,46,12,1,6,29,30,19,0,58,2,2,1,1,0,0.238,0.291,0.351,0.642,0.282,0.06,0.2,0.325,0.113,0.281,-0.5,78,0.6
"THE BATX","18030","Harrison Bader","MIN",80,274,296,64,43,12,1,7,36,29,15,0,62,4,2,0,14,4,0.235,0.284,0.372,0.655,0.286,0.05,0.21,0.243,0.137,0.276,0.7,83,0.6
"THE BATX","15274","Mike Tauchman","CHW",100,336,388,79,55,15,1,8,43,35,45,1,82,4,2,1,6,2,0.235,0.33,0.359,0.689,0.307,0.12,0.21,0.548,0.124,0.286,-0.4,99,0.6
"THE BATX","31437","Jace Jung","DET",97,306,348,66,43,14,1,8,35,34,36,1,92,3,2,0,1,0,0.216,0.302,0.349,0.652,0.289,0.1,0.26,0.391,0.133,0.279,-0.6,88,0.6
"THE BATX","2967","Tommy Pham","PIT",101,378,420,92,61,19,1,11,51,44,36,0,96,4,2,0,10,3,0.244,0.313,0.388,0.702,0.308,0.09,0.23,0.371,0.144,0.298,-0.2,99,0.6
"THE BATX","sa3022886","Kyle Teel","CHW",47,160,178,37,26,7,1,4,18,16,15,0,45,1,1,0,2,0,0.232,0.302,0.352,0.654,0.289,0.09,0.25,0.338,0.12,0.297,-0.1,87,0.6
"THE BATX","sa3020211","Roman Anthony","BOS",89,321,359,78,51,17,2,9,43,37,34,1,90,2,2,0,7,1,0.242,0.318,0.386,0.704,0.309,0.1,0.25,0.38,0.144,0.309,0.1,95,0.6
"THE BATX","27883","Thomas Saggese","STL",81,279,302,67,45,14,1,7,31,33,15,1,77,4,2,1,3,1,0.241,0.287,0.378,0.665,0.289,0.05,0.26,0.201,0.137,0.304,-0.2,86,0.6
"THE BATX","13621","Jeimer Candelario","CIN",122,457,505,109,67,24,2,16,57,61,38,1,118,6,3,0,5,2,0.238,0.304,0.404,0.708,0.308,0.07,0.23,0.322,0.166,0.285,-0.5,91,0.6
"THE BATX","25782","Pedro Pages","STL",58,190,208,43,30,8,0,5,20,22,14,0,53,2,1,0,1,0,0.225,0.285,0.347,0.632,0.278,0.07,0.26,0.269,0.122,0.285,-0.3,78,0.6
"THE BATX","22558","Jarred Kelenic","ATL",71,247,275,58,35,14,1,8,34,30,24,1,77,2,2,0,6,2,0.236,0.306,0.402,0.708,0.308,0.09,0.28,0.313,0.167,0.304,0,95,0.6
"THE BATX","10243","Randal Grichuk","ARI",61,215,233,54,32,11,1,10,28,32,14,0,47,2,2,0,1,0,0.251,0.303,0.447,0.75,0.323,0.06,0.2,0.301,0.197,0.276,-0.3,109,0.6
"THE BATX","22857","Wenceel Perez","DET",89,332,366,79,52,16,3,8,42,34,28,1,71,2,3,1,10,3,0.237,0.3,0.375,0.675,0.295,0.08,0.19,0.399,0.138,0.278,0.2,92,0.6
"THE BATX","27531","David Hamilton","BOS",65,220,243,50,32,10,2,5,33,20,19,0,63,2,1,1,19,4,0.225,0.289,0.362,0.651,0.286,0.08,0.26,0.299,0.137,0.289,1.9,79,0.6
"THE BATX","15905","Luis Torrens","NYM",47,144,157,32,22,6,0,4,15,16,10,0,40,2,1,0,1,0,0.225,0.281,0.351,0.632,0.278,0.06,0.26,0.254,0.127,0.283,-0.3,80,0.6
"THE BATX","14854","Mike Yastrzemski","SFG",125,432,490,93,54,21,2,16,54,53,47,2,130,6,3,2,4,1,0.215,0.298,0.381,0.679,0.297,0.1,0.26,0.363,0.166,0.265,-0.5,92,0.6
"THE BATX","28253","Javier Sanoja","MIA",49,157,168,43,31,9,1,2,19,16,9,1,12,1,1,1,6,1,0.274,0.313,0.382,0.695,0.302,0.05,0.07,0.701,0.107,0.285,0.5,90,0.6
"THE BATX","6184","JD Martinez",NA,93,368,409,89,52,20,0,16,47,55,34,1,115,3,3,0,0,0,0.241,0.308,0.427,0.735,0.318,0.08,0.28,0.293,0.187,0.302,-0.7,105,0.6
"THE BATX","16426","Thairo Estrada","COL",113,433,464,113,80,21,3,9,53,45,20,0,89,8,3,1,14,4,0.26,0.303,0.385,0.687,0.3,0.04,0.19,0.22,0.125,0.306,0.2,78,0.6
"THE BATX","25332","Endy Rodriguez","PIT",65,230,253,57,36,14,1,6,27,29,18,0,50,2,2,0,1,0,0.248,0.308,0.394,0.702,0.306,0.07,0.2,0.368,0.146,0.291,-0.4,93,0.6
"THE BATX","21538","Nick Fortes","MIA",103,329,359,73,51,13,1,7,33,33,18,0,58,6,2,3,4,1,0.221,0.272,0.334,0.606,0.267,0.05,0.16,0.312,0.113,0.246,-0.3,67,0.6
"THE BATX","26031","Vaughn Grissom","BOS",54,191,211,49,36,9,1,3,24,20,15,0,41,3,2,0,4,1,0.258,0.319,0.365,0.684,0.302,0.07,0.19,0.356,0.107,0.309,-0.1,90,0.6
"ZiPS","4940","Jason Heyward","SDP",96,265,294,59,36,14,1,8,34,33,24,1,62,3,2,0,4,1,0.223,0.293,0.374,0.666,0.291,0.08,0.21,0.387,0.151,0.259,-0.1,90,0.6
"ZiPS","14111","Eric Haase","MIL",85,270,294,59,38,9,0,12,32,43,20,0,104,1,2,1,1,1,0.219,0.273,0.385,0.658,0.286,0.07,0.35,0.192,0.167,0.301,-0.7,82,0.6
"ZiPS","sa3021053","Chase DeLauter","CLE",48,183,202,47,29,13,0,5,24,25,16,0,32,1,2,0,2,1,0.257,0.317,0.41,0.727,0.316,0.08,0.16,0.5,0.153,0.284,-0.4,107,0.6
"ZiPS","23395","Eric Wagaman","MIA",121,446,483,110,71,25,2,12,54,53,33,0,98,2,2,0,5,2,0.247,0.3,0.392,0.693,0.302,0.07,0.2,0.337,0.146,0.29,-0.6,90,0.6
"ZiPS","22117","Nick Pratto","KCR",120,438,501,100,60,22,4,14,59,58,50,1,167,6,5,2,8,1,0.228,0.313,0.393,0.705,0.309,0.1,0.33,0.299,0.164,0.328,0.3,96,0.6
"ZiPS","26467","Luis Matos","SFG",129,492,535,119,79,25,1,14,57,64,30,1,67,8,4,1,7,2,0.242,0.294,0.382,0.676,0.295,0.06,0.12,0.448,0.14,0.253,-0.3,90,0.6
"ZiPS","27599","Jacob Hurtubise","CIN",99,312,371,77,62,8,4,3,55,37,36,1,76,14,2,7,17,3,0.247,0.349,0.327,0.676,0.307,0.1,0.2,0.474,0.08,0.315,1.3,90,0.6
"ZiPS","27604","Alika Williams","PIT",97,339,373,82,60,16,2,4,43,31,25,0,78,3,2,4,3,2,0.242,0.298,0.336,0.634,0.281,0.07,0.21,0.321,0.094,0.301,-0.9,76,0.6
"ZiPS","15676","Jose Abreu",NA,108,407,452,101,67,20,1,13,51,56,32,1,99,9,4,0,0,0,0.248,0.314,0.398,0.712,0.311,0.07,0.22,0.323,0.15,0.294,-0.8,104,0.6
"ZiPS","10472","Enrique Hernandez","LAD",110,371,410,82,53,18,1,10,47,47,31,0,83,3,4,1,1,1,0.221,0.284,0.356,0.639,0.281,0.08,0.2,0.373,0.135,0.255,-0.9,80,0.6
"ZiPS","sa3025168","Christian Moore","LAA",26,109,116,29,19,5,0,5,22,17,7,0,35,0,0,0,1,1,0.266,0.31,0.45,0.76,0.328,0.06,0.3,0.2,0.183,0.348,-0.4,113,0.6
"ZiPS","12859","James McCann",NA,74,230,251,53,37,10,0,6,25,27,14,0,66,3,3,1,2,0,0.23,0.28,0.352,0.632,0.277,0.06,0.26,0.212,0.122,0.292,0,81,0.6
"ZiPS","19198","Yuli Gurriel",NA,103,364,405,95,65,22,1,7,41,40,34,1,62,3,4,0,6,0,0.261,0.326,0.385,0.711,0.311,0.08,0.15,0.548,0.124,0.294,0.4,98,0.6
"ZiPS","23250","David Banuelos","BAL",42,140,155,29,19,5,1,4,17,17,12,0,56,2,0,1,1,0,0.207,0.279,0.343,0.622,0.276,0.08,0.36,0.214,0.136,0.312,-0.1,81,0.6
"ZiPS","12976","Austin Hedges","CLE",82,203,229,37,29,5,0,3,17,18,13,0,66,3,3,7,2,0,0.182,0.239,0.251,0.49,0.221,0.06,0.29,0.197,0.069,0.248,0,41,0.6
"ZiPS","19273","Stone Garrett","WSN",99,339,374,78,51,16,1,10,42,44,27,0,115,4,4,0,5,2,0.23,0.291,0.372,0.663,0.29,0.07,0.31,0.235,0.142,0.312,-0.5,85,0.6
"ZiPS","3473","Anthony Rizzo",NA,98,353,402,80,53,14,0,13,43,44,34,2,80,13,2,0,1,1,0.227,0.316,0.377,0.693,0.306,0.09,0.2,0.425,0.15,0.256,-1,99,0.6
"ZiPS DC","4940","Jason Heyward","SDP",87,341,378,76,46,18,1,10,44,42,31,1,80,4,3,0,5,1,0.223,0.293,0.374,0.666,0.291,0.08,0.21,0.387,0.151,0.259,-0.1,89,0.6
"ZiPS DC","19892","Pavin Smith","ARI",81,308,350,76,50,15,2,10,42,45,39,2,71,2,2,0,2,1,0.248,0.333,0.407,0.739,0.323,0.11,0.2,0.544,0.159,0.289,-0.7,105,0.6
"ZiPS DC","21646","Rafael Marchan","PHI",36,125,141,29,21,6,1,2,15,14,11,0,22,3,1,1,0,0,0.233,0.308,0.341,0.649,0.289,0.08,0.16,0.5,0.108,0.265,-0.3,84,0.6
"ZiPS DC","22458","Taylor Walls","TBR",57,214,245,44,29,9,1,4,30,21,29,0,61,1,1,1,11,3,0.206,0.301,0.319,0.619,0.279,0.12,0.25,0.473,0.112,0.267,0.7,84,0.6
"ZiPS DC","11737","Nick Castellanos","PHI",147,589,637,152,98,31,2,21,74,86,38,2,147,6,4,0,6,1,0.259,0.308,0.428,0.736,0.317,0.06,0.23,0.255,0.169,0.308,-0.2,103,0.6
"ZiPS DC","22563","Gabriel Arias","CLE",34,136,147,34,22,7,1,4,17,17,9,0,41,2,1,0,3,1,0.247,0.299,0.401,0.7,0.303,0.06,0.28,0.219,0.153,0.322,0.1,98,0.6
"ZiPS DC","20538","Jose Miranda","MIN",83,330,357,88,58,19,1,9,37,44,20,1,57,5,2,0,1,1,0.267,0.317,0.415,0.732,0.317,0.06,0.16,0.351,0.148,0.297,-0.7,108,0.6
"ZiPS DC","22857","Wenceel Perez","DET",84,330,364,79,53,14,5,7,47,37,29,0,75,2,2,1,9,3,0.238,0.302,0.373,0.675,0.296,0.08,0.21,0.386,0.135,0.287,-0.1,93,0.6
"ZiPS DC","19722","Carlos Narvaez","BOS",50,173,198,37,25,8,0,4,20,20,21,1,59,3,2,0,2,1,0.216,0.309,0.333,0.642,0.288,0.1,0.3,0.353,0.117,0.299,-0.2,80,0.6
"ZiPS DC","31394","Brooks Baldwin","CHW",53,213,231,53,38,10,1,5,24,24,15,0,52,1,1,2,6,2,0.248,0.301,0.37,0.671,0.295,0.07,0.22,0.294,0.122,0.305,0.1,91,0.6
"ZiPS DC","sa3019920","Drake Baldwin","ATL",34,120,134,28,18,6,0,4,15,17,13,0,35,2,0,0,0,0,0.234,0.317,0.385,0.702,0.309,0.09,0.26,0.355,0.151,0.3,-0.3,97,0.6
"ZiPS DC","17273","Jorge Mateo","BAL",31,123,133,28,17,7,2,3,18,14,7,0,33,1,1,1,9,2,0.232,0.277,0.378,0.654,0.284,0.05,0.25,0.209,0.146,0.292,0.9,86,0.6
"ZiPS DC","24816","Andy Pages","LAD",32,125,140,31,18,7,1,6,19,19,11,0,36,3,1,0,1,1,0.247,0.321,0.447,0.767,0.331,0.08,0.26,0.309,0.2,0.297,-0.4,114,0.6
"ZiPS DC","18123","Nathan Lukes","TOR",26,102,112,28,20,6,0,2,14,13,8,0,19,1,1,0,1,1,0.272,0.33,0.389,0.718,0.315,0.07,0.17,0.426,0.117,0.317,-0.2,107,0.6
"REZ","12859","James McCann",NA,58,198,216,43,28,8,0,6,22,23,12,0,56,3,2,1,2,0,0.215,0.268,0.35,0.618,0.27,5.7,26,0.2,0.135,0.265,-0.3,81,0.6
"REZ","29547","Ryan Bliss","SEA",52,177,197,38,22,9,2,6,22,19,15,0,57,2,1,1,12,4,0.217,0.284,0.384,0.668,0.29,7.6,28.9,0.3,0.167,0.283,0.5,86,0.6
"REZ","16530","Mauricio Dubon","HOU",88,319,341,76,54,14,1,8,37,33,15,1,47,2,3,1,4,1,0.239,0.276,0.358,0.634,0.275,4.5,13.8,0.3,0.119,0.256,-0.5,88,0.6
"REZ","sa3017627","Harry Ford","SEA",32,125,144,27,18,6,1,2,17,14,15,0,37,3,0,0,5,2,0.213,0.307,0.324,0.631,0.285,0.1,0.25,0.406,0.112,0.278,0,90,0.6
"REZ","16153","Austin Slater","CHW",67,207,237,49,34,8,1,6,28,21,25,1,66,3,2,0,5,1,0.238,0.328,0.37,0.698,0.309,10.6,27.9,0.4,0.132,0.317,0,99,0.6
"REZ","19722","Carlos Narvaez","BOS",58,193,220,47,47,0,0,0,23,22,21,0,67,3,2,0,2,1,0.241,0.324,0.242,0.566,0.266,9.7,30.6,0.3,0.001,0.365,-0.2,77,0.6
"REZ","27531","David Hamilton","BOS",49,174,193,40,23,15,0,2,27,18,16,0,46,1,1,1,15,3,0.229,0.296,0.353,0.649,0.286,8.3,23.8,0.3,0.124,0.297,1.5,81,0.6
"REZ","23782","Leo Jimenez","TOR",33,111,127,25,16,7,0,3,15,14,10,0,27,6,1,0,1,0,0.227,0.319,0.36,0.679,0.303,7.6,21.1,0.4,0.133,0.274,-0.2,101,0.6
"REZ","29949","Tyler Black","MIL",76,272,314,61,48,13,0,0,37,33,35,0,77,6,2,0,11,3,0.224,0.323,0.27,0.593,0.275,11.1,24.4,0.5,0.046,0.309,0.4,96,0.6
"REZ","26224","Darell Hernaiz","ATH",47,169,184,39,32,5,0,2,19,17,11,0,33,1,1,1,3,1,0.232,0.284,0.291,0.575,0.257,6.2,17.8,0.4,0.059,0.276,-0.1,88,0.6
"REZ","11680","Elias Diaz","SDP",83,292,317,65,45,11,0,8,29,34,20,1,73,2,2,0,0,0,0.222,0.275,0.35,0.625,0.274,6.3,23,0.3,0.128,0.265,-0.9,80,0.6
"REZ","23733","Ezequiel Duran","TEX",61,221,237,56,40,11,1,5,27,26,13,0,59,2,1,0,4,2,0.254,0.299,0.374,0.673,0.293,5.3,24.7,0.2,0.12,0.322,-0.4,92,0.6
"REZ","sa3020219","Chandler Simpson","TBR",30,118,129,34,28,5,0,0,17,10,8,0,15,0,0,2,13,3,0.278,0.326,0.34,0.665,0.295,0.06,0.12,0.538,0.062,0.315,1.2,94,0.6
"REZ","22054","Dane Myers","MIA",72,256,282,59,40,12,1,5,33,31,18,0,78,5,2,0,7,2,0.229,0.29,0.342,0.632,0.279,6.4,27.9,0.2,0.113,0.307,0.1,89,0.6
"REZ","17022","Edmundo Sosa","PHI",48,160,175,38,27,6,2,3,21,19,7,0,42,5,1,0,4,1,0.237,0.29,0.348,0.638,0.279,4.1,24.3,0.2,0.111,0.302,0,92,0.6
"REZ","19892","Pavin Smith","ARI",87,301,342,70,46,11,2,11,40,42,38,0,69,2,2,0,2,1,0.232,0.319,0.391,0.71,0.312,11,20.2,0.5,0.159,0.264,-0.8,105,0.6
"REZ","12976","Austin Hedges","CLE",57,174,194,30,20,4,0,4,15,15,11,1,56,3,2,4,2,0,0.171,0.23,0.272,0.502,0.223,5.9,29,0.2,0.101,0.22,-0.2,47,0.5
"REZ","26123","Brett Baty","NYM",47,166,184,37,28,3,0,7,19,21,17,0,49,2,1,0,1,0,0.224,0.3,0.362,0.662,0.293,9,26.3,0.3,0.138,0.276,-0.3,97,0.5
"REZ","16572","Connor Joe","SDP",76,269,308,58,41,10,1,6,34,30,32,0,72,5,2,0,2,1,0.217,0.309,0.326,0.635,0.285,10.5,23.5,0.4,0.109,0.271,-0.6,99,0.5
"REZ","8623","Donovan Solano","SEA",88,316,349,66,48,13,0,4,30,32,24,1,84,7,2,0,1,0,0.208,0.277,0.291,0.568,0.255,6.9,24,0.3,0.083,0.267,-1,98,0.5
"REZ","28253","Javier Sanoja","MIA",62,231,249,56,42,14,0,0,24,23,14,0,21,1,2,1,6,3,0.241,0.285,0.302,0.587,0.262,5.6,8.5,0.7,0.061,0.264,-0.4,85,0.5
"REZ","27465","Spencer Torkelson","DET",71,267,303,54,32,13,1,8,35,37,31,0,79,3,3,0,1,0,0.204,0.291,0.353,0.644,0.285,10.1,26,0.4,0.149,0.253,-0.5,105,0.5
"REZ","13897","Tyler Heineman","TOR",44,134,153,28,21,5,1,2,15,12,14,0,34,3,1,2,3,1,0.207,0.291,0.298,0.589,0.268,9,21.9,0.4,0.091,0.259,-0.2,71,0.5
"REZ","11737","Nick Castellanos","PHI",147,576,624,139,80,32,2,23,72,81,36,2,147,6,4,0,6,2,0.241,0.291,0.424,0.715,0.306,5.8,23.6,0.2,0.183,0.282,-1.1,101,0.5
"REZ","27789","Shay Whitcomb","HOU",42,150,164,33,22,10,0,0,19,21,11,0,47,2,1,0,4,1,0.218,0.276,0.287,0.563,0.252,6.5,28.4,0.2,0.069,0.312,0.1,89,0.5
"REZ","19392","Zach McKinstry","DET",65,220,243,50,30,13,2,5,27,21,19,0,52,2,1,1,8,2,0.229,0.295,0.371,0.666,0.291,7.7,21.3,0.4,0.142,0.277,0.4,89,0.5
"ATC","25807","Jared Triolo","PIT",66,222,250,53,37,10,1,4,27,24,24,0,65,2,2,0,5,1,0.239,0.316,0.355,0.671,0.298,0.09,0.26,0.361,0.116,0.315,-0.1,87,0.5
"ATC","19260","Jake Fraley","CIN",104,361,404,91,63,18,1,9,47,43,35,1,78,5,3,0,18,5,0.252,0.324,0.386,0.71,0.312,0.09,0.19,0.446,0.134,0.296,0.5,93,0.5
"ATC","25332","Endy Rodriguez","PIT",69,245,270,59,38,14,2,6,31,28,21,0,55,2,2,0,1,0,0.242,0.305,0.38,0.685,0.3,0.08,0.2,0.38,0.138,0.289,-0.4,89,0.5
"ATC","17022","Edmundo Sosa","PHI",51,171,185,41,27,8,2,5,22,20,8,0,45,5,1,1,4,1,0.242,0.293,0.39,0.683,0.297,0.04,0.24,0.172,0.148,0.3,0.2,89,0.5
"ATC","27531","David Hamilton","BOS",49,166,182,37,24,8,2,4,23,16,15,0,46,1,0,0,15,3,0.225,0.294,0.361,0.655,0.289,0.08,0.25,0.326,0.136,0.288,1.4,81,0.5
"ATC","30011","Christian EncarnacionStrand","CIN",95,362,393,93,57,18,1,17,47,57,23,1,105,5,3,0,2,1,0.257,0.309,0.452,0.76,0.327,0.06,0.27,0.218,0.194,0.315,-0.7,103,0.5
"ATC","20178","Miguel Vargas","CHW",105,352,404,78,47,18,1,11,45,41,43,0,88,5,4,1,7,2,0.22,0.31,0.374,0.684,0.302,0.11,0.22,0.484,0.154,0.259,-0.1,94,0.5
"ATC","21646","Rafael Marchan","PHI",27,86,97,20,14,4,0,2,10,9,8,0,16,2,1,1,0,0,0.232,0.304,0.339,0.643,0.286,0.08,0.17,0.464,0.108,0.266,-0.2,82,0.5
"ATC","12861","Anthony Rendon","LAA",43,152,175,36,25,8,0,3,18,16,18,0,28,3,2,0,3,1,0.237,0.325,0.35,0.675,0.301,0.1,0.16,0.629,0.112,0.271,-0.2,94,0.5
"ATC","24589","Richie Palacios","TBR",82,272,315,64,43,13,2,5,37,28,36,1,59,4,2,1,12,2,0.234,0.329,0.354,0.682,0.304,0.11,0.19,0.601,0.12,0.277,0.5,96,0.5
"ATC","17273","Jorge Mateo","BAL",39,131,141,30,19,7,1,3,18,13,7,0,35,1,1,1,10,2,0.229,0.272,0.369,0.642,0.278,0.05,0.25,0.211,0.141,0.285,1.1,82,0.5
"ATC","19363","Austin Hays","CIN",109,388,423,98,61,23,1,13,49,48,24,1,99,7,3,1,4,1,0.252,0.305,0.418,0.724,0.314,0.06,0.23,0.244,0.166,0.304,-0.6,94,0.5
"ATC","25660","Will Brennan","CLE",73,254,273,68,48,14,1,5,29,27,15,1,38,3,2,0,6,2,0.266,0.31,0.381,0.691,0.301,0.05,0.14,0.38,0.115,0.296,-0.1,97,0.5
"ATC","21780","Esteury Ruiz","ATH",46,149,167,36,25,7,1,3,21,14,10,0,39,4,2,2,16,4,0.244,0.309,0.371,0.68,0.299,0.06,0.23,0.266,0.127,0.305,1.4,93,0.5
"ATC","19722","Carlos Narvaez","BOS",57,170,192,36,24,7,0,4,19,19,18,1,60,3,1,0,2,1,0.209,0.295,0.324,0.619,0.277,0.1,0.31,0.309,0.115,0.294,-0.2,73,0.5
"ATC","14712","Manuel Margot",NA,75,253,276,65,46,13,1,5,31,28,18,0,45,2,2,1,5,2,0.259,0.311,0.38,0.691,0.303,0.06,0.16,0.397,0.121,0.294,0,95,0.5
"ATC","15518","Amed Rosario","WSN",60,226,239,59,43,10,2,3,26,23,10,0,46,2,1,0,7,2,0.261,0.295,0.37,0.665,0.29,0.04,0.19,0.208,0.108,0.313,0.3,85,0.5
"ATC","20287","Ben Rortvedt","TBR",67,204,229,43,30,9,0,4,21,21,22,0,62,3,1,0,1,0,0.209,0.292,0.312,0.604,0.272,0.1,0.27,0.351,0.103,0.278,-0.3,74,0.5
"ATC","29949","Tyler Black","MIL",79,264,303,61,41,12,3,7,35,32,33,1,71,5,2,0,12,3,0.233,0.327,0.371,0.699,0.31,0.11,0.23,0.461,0.138,0.292,0.2,98,0.5
"ATC","23565","Davis Schneider","TOR",61,205,235,44,24,10,1,8,27,27,26,0,70,3,2,0,3,1,0.213,0.307,0.391,0.698,0.307,0.11,0.3,0.367,0.178,0.276,-0.3,101,0.5
"ATC","26540","Angel Martinez","CLE",45,166,185,40,27,8,1,4,20,17,14,0,36,2,2,1,3,1,0.241,0.306,0.367,0.672,0.296,0.08,0.2,0.391,0.125,0.286,-0.2,93,0.5
"ATC","24257","Jhonkensy Noel","CLE",96,333,365,75,42,15,1,16,41,48,23,0,101,7,2,0,1,0,0.224,0.286,0.421,0.707,0.306,0.06,0.28,0.23,0.198,0.268,-0.7,100,0.5
"ATC","24703","Jonah Bride","MIA",109,376,436,90,61,18,1,10,46,47,48,0,87,7,5,1,1,1,0.239,0.332,0.37,0.702,0.312,0.11,0.2,0.548,0.131,0.282,-1.4,97,0.5
"ATC","sa3021053","Chase DeLauter","CLE",45,161,178,41,27,9,0,5,20,21,14,0,31,1,1,0,2,1,0.253,0.314,0.404,0.718,0.312,0.08,0.17,0.433,0.151,0.284,-0.2,105,0.5
"ATC","28312","Coby Mayo","BAL",46,151,169,35,21,8,0,6,19,20,14,0,51,2,1,0,1,1,0.23,0.303,0.4,0.703,0.306,0.08,0.3,0.274,0.17,0.303,-0.2,102,0.5
"ATC","27504","Nick Yorke","PIT",58,210,232,53,37,11,0,5,26,24,18,1,54,2,2,0,6,2,0.252,0.314,0.377,0.691,0.302,0.08,0.23,0.336,0.125,0.313,-0.1,91,0.5
"ATC","6184","JD Martinez",NA,91,357,399,86,50,19,1,15,44,54,35,1,114,3,3,0,0,0,0.24,0.311,0.426,0.737,0.319,0.09,0.28,0.307,0.187,0.304,-1.8,106,0.5
"ATC","28253","Javier Sanoja","MIA",50,161,174,43,31,9,1,2,17,16,10,0,15,1,1,1,4,1,0.267,0.312,0.371,0.683,0.298,0.06,0.09,0.69,0.105,0.283,-0.1,88,0.5
"ATC","11281","Whit Merrifield",NA,73,262,289,65,48,12,1,4,34,25,21,0,48,2,3,1,12,3,0.247,0.305,0.347,0.652,0.288,0.07,0.17,0.442,0.1,0.286,0.7,85,0.5
"ATC","13590","Jesse Winker","NYM",103,346,408,81,54,15,1,10,48,43,53,1,86,6,2,1,6,2,0.234,0.344,0.373,0.716,0.32,0.13,0.21,0.612,0.139,0.28,-1.4,107,0.5
"ATC","16530","Mauricio Dubon","HOU",96,340,364,87,63,17,1,6,40,36,16,0,50,2,3,2,4,1,0.255,0.29,0.36,0.65,0.284,0.04,0.14,0.313,0.105,0.282,-0.4,85,0.5
"ATC","22563","Gabriel Arias","CLE",46,154,167,36,23,7,1,4,18,16,10,0,49,2,1,0,4,1,0.232,0.286,0.371,0.658,0.287,0.06,0.29,0.214,0.14,0.309,0,87,0.5
"ATC","10472","Enrique Hernandez","LAD",78,269,296,62,40,13,1,8,32,33,21,0,57,2,3,1,1,1,0.231,0.29,0.373,0.663,0.29,0.07,0.19,0.373,0.143,0.263,-0.3,86,0.5
"ATC","9874","DJ LeMahieu","NYY",89,316,357,76,56,12,1,6,37,33,35,0,64,2,3,1,1,1,0.239,0.315,0.342,0.657,0.293,0.1,0.18,0.538,0.103,0.279,-1.4,88,0.5
"ATC","13897","Tyler Heineman","TOR",48,133,152,27,19,5,1,2,14,12,14,0,36,3,1,2,2,1,0.202,0.289,0.294,0.582,0.264,0.09,0.23,0.379,0.092,0.258,-0.2,71,0.5
"ATC","13145","Josh Bell","WSN",133,492,555,121,80,22,1,19,60,67,54,2,110,4,4,0,1,0,0.246,0.323,0.408,0.731,0.319,0.1,0.2,0.489,0.162,0.279,-2.3,105,0.5
"ATC","16572","Connor Joe","SDP",81,274,314,63,40,14,1,8,36,30,33,0,72,4,2,0,2,1,0.229,0.321,0.37,0.691,0.307,0.11,0.23,0.464,0.142,0.281,-0.4,98,0.5
"ATC","26031","Vaughn Grissom","BOS",44,146,161,38,30,5,0,2,19,18,13,0,31,2,1,0,3,1,0.26,0.326,0.344,0.67,0.299,0.08,0.19,0.424,0.084,0.314,0,88,0.5
"Depth Charts","9241","Starling Marte","NYM",65,255,280,67,48,11,2,6,35,30,18,1,60,5,1,1,11,2,0.263,0.323,0.388,0.711,0.312,0.06,0.21,0.298,0.125,0.322,1,103,0.5
"Depth Charts","22563","Gabriel Arias","CLE",34,135,147,33,21,7,1,4,16,16,9,0,40,2,1,0,4,1,0.243,0.296,0.394,0.69,0.3,0.06,0.28,0.227,0.151,0.316,0.1,96,0.5
"Depth Charts","sa3011255","Jake Mangum","TBR",41,164,175,43,31,9,1,2,19,18,8,0,35,2,1,0,5,2,0.262,0.303,0.368,0.67,0.293,0.04,0.2,0.221,0.105,0.322,-0.1,94,0.5
"Depth Charts","19802","Jhonny Pereda","ATH",32,114,128,28,21,5,0,2,12,11,12,0,29,1,1,0,0,0,0.243,0.319,0.336,0.655,0.293,0.1,0.22,0.429,0.094,0.308,-0.3,94,0.5
"Depth Charts","26224","Darell Hernaiz","ATH",34,134,147,34,25,6,1,3,16,15,10,0,26,1,1,1,3,1,0.252,0.305,0.364,0.669,0.294,0.07,0.17,0.377,0.112,0.292,-0.1,95,0.5
"Depth Charts","10472","Enrique Hernandez","LAD",70,273,301,63,41,13,1,8,34,34,22,0,60,2,3,1,1,1,0.231,0.292,0.373,0.665,0.291,0.07,0.2,0.376,0.142,0.265,-0.4,87,0.5
"Depth Charts","23565","Davis Schneider","TOR",41,151,175,33,19,8,1,6,21,20,20,0,51,2,1,0,2,0,0.218,0.317,0.398,0.715,0.315,0.12,0.29,0.402,0.179,0.282,-0.2,106,0.5
"Depth Charts","11737","Nick Castellanos","PHI",147,588,637,150,95,30,2,22,74,85,38,2,149,6,4,0,6,1,0.256,0.306,0.429,0.735,0.317,0.06,0.23,0.256,0.173,0.304,-1.5,102,0.5
"Depth Charts","21646","Rafael Marchan","PHI",36,125,141,29,20,6,1,3,15,14,12,0,24,3,1,1,1,0,0.234,0.31,0.351,0.661,0.294,0.08,0.17,0.492,0.116,0.268,-0.3,87,0.5
"Depth Charts","12160","Ben Gamel","HOU",57,212,245,49,32,11,1,6,29,25,29,1,66,2,2,1,2,1,0.233,0.329,0.373,0.702,0.311,0.12,0.27,0.443,0.14,0.308,-0.7,104,0.5
"Depth Charts","28312","Coby Mayo","BAL",29,112,126,26,16,6,0,5,15,16,11,0,35,2,1,0,1,1,0.236,0.311,0.418,0.729,0.316,0.09,0.28,0.311,0.183,0.299,-0.2,109,0.5
"Depth Charts","17273","Jorge Mateo","BAL",31,123,133,29,18,7,1,3,16,14,7,0,33,1,1,1,9,2,0.233,0.278,0.376,0.654,0.284,0.05,0.25,0.215,0.143,0.291,1,86,0.5
"Depth Charts","16622","Luis Urias",NA,34,127,147,29,19,5,0,4,16,16,15,0,34,4,1,0,1,0,0.226,0.321,0.366,0.688,0.307,0.1,0.23,0.434,0.14,0.275,-0.2,98,0.5
"Depth Charts","15464","Hunter Renfroe","KCR",86,336,371,80,48,19,0,13,41,45,30,0,79,2,2,0,1,1,0.237,0.303,0.412,0.715,0.311,0.08,0.21,0.384,0.175,0.27,-1.1,98,0.5
"Depth Charts","sa3019988","Jacob Melton","HOU",57,227,245,50,33,10,1,7,28,28,15,0,65,1,1,1,10,2,0.221,0.273,0.365,0.638,0.279,0.06,0.27,0.234,0.144,0.276,0.6,81,0.5
"Depth Charts","22558","Jarred Kelenic","ATL",42,164,182,40,24,9,1,6,22,23,16,1,51,1,1,1,4,1,0.242,0.31,0.414,0.724,0.314,0.09,0.28,0.307,0.172,0.312,0,100,0.5
"Depth Charts","19997","Santiago Espinal","CIN",47,185,203,48,36,9,0,3,21,21,14,0,29,1,1,1,4,1,0.261,0.317,0.366,0.682,0.3,0.07,0.14,0.487,0.105,0.293,0,85,0.5
"Depth Charts","24257","Jhonkensy Noel","CLE",78,306,336,68,38,14,1,15,39,47,22,0,91,6,2,0,1,0,0.223,0.286,0.42,0.706,0.306,0.06,0.27,0.237,0.198,0.264,-0.7,100,0.5
"Depth Charts","11281","Whit Merrifield",NA,60,235,259,58,43,11,1,4,30,25,19,0,44,2,2,1,10,2,0.247,0.305,0.35,0.654,0.288,0.07,0.17,0.434,0.103,0.286,0.6,85,0.5
"OOPSY","16153","Austin Slater","CHW",52,196,224,46,31,8,0,6,24,21,24,0,62,3,2,0,5,1,0.234,0.323,0.369,0.692,0.307,0.1,0.28,0.38,0.135,0.308,0.2,99,0.5
"OOPSY","22563","Gabriel Arias","CLE",34,135,147,33,20,7,1,4,17,17,9,0,41,1,1,0,4,1,0.241,0.293,0.401,0.694,0.301,0.06,0.28,0.219,0.16,0.311,0.1,96,0.5
"OOPSY","16725","Jose Trevino","CIN",66,241,262,58,40,11,0,6,26,26,17,0,45,2,2,1,2,1,0.24,0.294,0.369,0.663,0.291,0.07,0.17,0.379,0.129,0.269,-0.9,79,0.5
"OOPSY","13770","Rob Refsnyder","BOS",49,184,210,47,31,10,1,6,24,22,21,1,52,3,1,0,3,1,0.253,0.339,0.404,0.743,0.326,0.1,0.25,0.404,0.15,0.321,-0.5,107,0.5
"OOPSY","17954","Sam Hilliard","COL",73,282,315,66,38,13,2,14,41,41,29,0,99,1,2,1,9,2,0.236,0.306,0.442,0.749,0.322,0.09,0.31,0.291,0.207,0.308,0.4,94,0.5
"OOPSY","17022","Edmundo Sosa","PHI",32,128,140,32,20,6,1,4,18,15,6,0,33,4,1,0,3,1,0.249,0.304,0.409,0.712,0.309,0.05,0.23,0.197,0.16,0.302,0.1,97,0.5
"OOPSY","24488","Max Schuemann","ATH",41,151,175,32,24,6,1,2,18,12,17,0,45,4,1,1,6,1,0.215,0.309,0.307,0.616,0.28,0.1,0.26,0.378,0.092,0.289,0.3,85,0.5
"OOPSY","22857","Wenceel Perez","DET",84,330,364,78,53,14,5,6,49,29,28,0,76,2,3,1,11,3,0.237,0.298,0.364,0.662,0.29,0.08,0.21,0.371,0.128,0.287,0.9,89,0.5
"OOPSY","15679","Rowdy Tellez",NA,47,183,203,46,27,9,0,9,23,27,17,1,42,1,2,0,1,0,0.25,0.317,0.444,0.761,0.328,0.09,0.21,0.413,0.194,0.277,-0.8,112,0.5
"OOPSY","17027","Alex Verdugo",NA,99,386,427,95,65,20,1,9,45,42,34,1,65,3,4,0,3,1,0.246,0.309,0.378,0.687,0.301,0.08,0.15,0.524,0.131,0.272,-0.6,94,0.5
"OOPSY","22558","Jarred Kelenic","ATL",42,164,182,39,23,8,1,7,21,22,15,0,51,1,1,0,4,1,0.239,0.306,0.421,0.726,0.314,0.09,0.28,0.305,0.182,0.301,0.1,100,0.5
"OOPSY","16530","Mauricio Dubon","HOU",71,287,308,74,54,15,1,5,30,27,16,0,44,2,3,1,4,2,0.26,0.301,0.367,0.668,0.292,0.05,0.14,0.363,0.107,0.29,-0.4,91,0.5
"OOPSY","9874","DJ LeMahieu","NYY",100,384,434,92,68,15,1,8,45,34,44,0,77,3,3,1,3,1,0.239,0.319,0.343,0.662,0.296,0.1,0.18,0.569,0.104,0.278,-1.9,92,0.5
"OOPSY","14712","Manuel Margot",NA,66,262,287,68,48,15,1,5,31,26,20,0,46,2,2,0,6,2,0.259,0.315,0.375,0.69,0.302,0.07,0.16,0.434,0.116,0.297,-0.1,95,0.5
"OOPSY","22530","Johnathan Rodriguez","CLE",34,134,147,33,20,7,0,6,17,19,12,0,45,1,1,0,1,0,0.247,0.308,0.434,0.742,0.32,0.08,0.3,0.259,0.188,0.322,-0.2,110,0.5
"OOPSY","24598","Addison Barger","TOR",41,157,175,36,20,9,0,6,19,21,15,0,47,1,1,0,2,1,0.226,0.298,0.395,0.693,0.302,0.09,0.27,0.326,0.169,0.282,-0.2,98,0.5
"OOPSY","31394","Brooks Baldwin","CHW",53,212,231,50,35,10,0,5,22,21,15,0,54,1,2,1,6,1,0.236,0.287,0.356,0.644,0.283,0.07,0.24,0.281,0.12,0.292,0.3,82,0.5
"OOPSY","11737","Nick Castellanos","PHI",147,590,637,150,94,31,2,23,72,79,37,1,149,6,4,0,7,2,0.254,0.303,0.43,0.732,0.316,0.06,0.23,0.249,0.176,0.301,-1.9,102,0.5
"OOPSY","19802","Jhonny Pereda","ATH",32,115,128,27,20,5,0,1,12,9,12,0,29,0,1,0,0,0,0.234,0.306,0.318,0.624,0.28,0.09,0.23,0.408,0.084,0.299,-0.3,85,0.5
"OOPSY","13499","Tom Murphy","SFG",47,172,192,40,25,8,1,6,21,21,17,0,54,1,1,0,1,0,0.23,0.304,0.389,0.693,0.303,0.09,0.28,0.324,0.159,0.295,-0.5,96,0.5
"OOPSY","4940","Jason Heyward","SDP",87,340,378,78,49,17,1,11,41,41,32,0,76,4,2,0,5,1,0.228,0.3,0.38,0.68,0.298,0.09,0.2,0.423,0.152,0.262,-0.5,94,0.5
"OOPSY","10243","Randal Grichuk","ARI",60,240,259,61,38,13,1,9,30,33,15,0,52,3,2,0,1,0,0.255,0.305,0.433,0.738,0.318,0.06,0.2,0.291,0.178,0.29,-0.6,102,0.5
"OOPSY","9774","Christian Vazquez","MIN",76,279,301,65,47,13,0,5,27,26,17,0,62,1,2,1,3,1,0.233,0.28,0.337,0.617,0.272,0.06,0.21,0.28,0.104,0.281,-1.9,76,0.5
"OOPSY","23733","Ezequiel Duran","TEX",44,176,189,44,28,9,1,5,21,21,10,0,46,2,1,0,4,2,0.249,0.294,0.405,0.699,0.302,0.05,0.25,0.216,0.155,0.307,-0.4,97,0.5
"OOPSY","21871","Jerar Encarnacion","SFG",52,203,224,49,30,9,0,10,25,29,18,1,77,1,2,0,1,1,0.241,0.305,0.435,0.74,0.319,0.08,0.34,0.241,0.194,0.33,-0.4,106,0.5
"OOPSY","19864","Riley Adams","WSN",29,103,115,24,14,5,0,4,13,13,9,0,33,3,1,0,0,0,0.231,0.307,0.403,0.71,0.31,0.08,0.29,0.267,0.171,0.299,-0.3,99,0.5
"Steamer","19802","Jhonny Pereda","ATH",30,104,118,25,18,5,0,2,12,10,12,0,28,1,1,0,1,0,0.237,0.316,0.337,0.653,0.292,0.1,0.23,0.416,0.1,0.304,-0.2,93,0.5
"Steamer","sa3020459","Cole Young","SEA",44,157,177,36,26,7,0,3,18,15,17,0,35,2,1,1,4,1,0.23,0.311,0.332,0.644,0.288,0.1,0.2,0.479,0.102,0.279,-0.1,93,0.5
"Steamer","25660","Will Brennan","CLE",53,202,219,55,39,11,1,4,23,23,13,1,32,2,1,0,5,1,0.272,0.319,0.398,0.717,0.311,0.06,0.15,0.397,0.126,0.304,-0.1,104,0.5
"Steamer","16572","Connor Joe","SDP",83,308,354,70,44,16,1,9,40,37,37,0,85,5,2,1,3,1,0.228,0.319,0.375,0.695,0.308,0.11,0.24,0.441,0.147,0.283,-0.3,100,0.5
"Steamer","4940","Jason Heyward","SDP",87,315,351,74,46,15,1,11,38,40,28,1,75,4,2,1,4,1,0.234,0.303,0.397,0.7,0.305,0.08,0.22,0.377,0.163,0.27,-0.5,98,0.5
"Steamer","26224","Darell Hernaiz","ATH",34,123,134,32,23,6,0,2,14,13,9,0,23,1,1,0,2,1,0.257,0.311,0.373,0.683,0.3,0.07,0.17,0.385,0.116,0.297,-0.1,99,0.5
"Steamer","2967","Tommy Pham","PIT",115,470,522,116,79,23,3,12,62,48,42,0,119,4,3,2,12,3,0.248,0.313,0.382,0.695,0.305,0.08,0.23,0.354,0.135,0.305,0.2,93,0.5
"Steamer","sa3019988","Jacob Melton","HOU",57,211,230,48,31,9,1,7,25,25,15,0,58,2,2,1,8,2,0.226,0.28,0.375,0.655,0.286,0.06,0.25,0.253,0.149,0.277,0.4,86,0.5
"Steamer","19956","Mickey Moniak","LAA",65,251,269,58,36,11,1,10,30,32,13,0,78,3,2,1,5,2,0.232,0.277,0.407,0.684,0.295,0.05,0.29,0.173,0.175,0.293,-0.2,89,0.5
"Steamer","17982","Ty France","MIN",71,267,299,69,46,15,0,8,33,33,21,0,57,9,2,1,1,0,0.257,0.329,0.399,0.728,0.32,0.07,0.19,0.371,0.142,0.298,-1.3,110,0.5
"Steamer","19896","Connor Wong","BOS",89,327,357,80,53,18,1,9,37,39,22,0,94,5,3,1,7,2,0.246,0.301,0.39,0.691,0.301,0.06,0.26,0.231,0.144,0.315,0.1,90,0.5
"Steamer","13897","Tyler Heineman","TOR",33,114,130,24,18,4,1,2,13,11,12,0,28,2,1,0,2,1,0.211,0.297,0.302,0.599,0.272,0.1,0.22,0.437,0.091,0.263,-0.3,76,0.5
"Steamer","19392","Zach McKinstry","DET",49,182,202,42,28,8,2,4,22,19,16,0,43,2,1,1,6,2,0.232,0.3,0.363,0.663,0.292,0.08,0.21,0.381,0.131,0.282,0.4,90,0.5
"Steamer","27531","David Hamilton","BOS",42,147,165,34,22,7,1,4,19,17,15,0,41,1,1,1,12,3,0.229,0.303,0.362,0.665,0.294,0.09,0.25,0.366,0.133,0.29,1.2,85,0.5
"Steamer","14712","Manuel Margot",NA,70,268,292,70,50,14,1,5,32,28,19,0,50,3,2,1,5,2,0.262,0.315,0.377,0.692,0.304,0.06,0.17,0.384,0.115,0.303,-0.1,96,0.5
"Steamer","26548","Luisangel Acuna","NYM",37,139,150,35,25,6,1,3,17,15,8,0,28,1,1,0,7,2,0.249,0.294,0.363,0.657,0.288,0.06,0.19,0.298,0.114,0.293,0.4,87,0.5
"Steamer","28253","Javier Sanoja","MIA",52,191,209,50,36,10,1,2,21,19,14,0,20,1,1,1,5,2,0.261,0.312,0.365,0.678,0.297,0.07,0.1,0.684,0.104,0.279,-0.1,87,0.5
"Steamer","25967","Orelvis Martinez","TOR",49,177,196,39,23,8,0,8,23,24,15,1,50,2,1,1,1,0,0.222,0.289,0.407,0.696,0.301,0.08,0.25,0.301,0.185,0.259,-0.2,97,0.5
"Steamer","21780","Esteury Ruiz","ATH",28,108,120,27,18,5,1,3,15,11,8,0,27,3,1,0,11,3,0.247,0.313,0.379,0.692,0.304,0.07,0.23,0.296,0.132,0.304,1,102,0.5
"Steamer","22532","Tyler Freeman","CLE",24,90,101,23,16,4,0,2,11,10,7,0,15,3,1,0,3,1,0.259,0.334,0.384,0.718,0.318,0.07,0.15,0.473,0.125,0.291,0.1,109,0.5
"Steamer","16153","Austin Slater","CHW",53,202,231,47,32,8,0,6,25,22,23,0,66,3,2,1,4,1,0.23,0.318,0.365,0.683,0.304,0.1,0.28,0.357,0.135,0.306,0.3,97,0.5
"Steamer","16622","Luis Urias",NA,37,126,146,29,19,6,0,4,16,15,15,0,33,3,1,0,1,0,0.226,0.323,0.37,0.692,0.308,0.1,0.23,0.454,0.143,0.274,-0.2,99,0.5
"Steamer","sa3025168","Christian Moore","LAA",40,151,164,37,25,7,1,4,18,18,10,0,42,2,1,0,2,1,0.246,0.297,0.389,0.685,0.299,0.06,0.26,0.231,0.142,0.31,-0.1,92,0.5
"Steamer","9241","Starling Marte","NYM",65,253,277,66,47,11,2,6,33,30,18,1,59,4,2,1,10,2,0.262,0.319,0.394,0.713,0.312,0.06,0.21,0.297,0.132,0.317,0.9,103,0.5
"Steamer","24488","Max Schuemann","ATH",40,138,158,30,21,6,0,2,16,13,15,0,43,3,1,1,4,1,0.215,0.304,0.316,0.62,0.28,0.1,0.27,0.358,0.101,0.291,0.1,85,0.5
"Steamer","22563","Gabriel Arias","CLE",34,126,137,30,19,6,1,4,14,15,9,0,38,1,1,0,3,1,0.239,0.294,0.386,0.68,0.296,0.06,0.28,0.234,0.148,0.309,0,93,0.5
"Steamer","12859","James McCann",NA,56,200,217,46,30,9,0,6,23,23,12,0,56,3,2,1,2,1,0.228,0.28,0.368,0.649,0.284,0.06,0.26,0.221,0.141,0.282,-0.6,82,0.5
"Steamer","25807","Jared Triolo","PIT",60,209,238,51,36,10,1,4,24,22,24,0,61,2,2,1,4,1,0.242,0.325,0.356,0.681,0.303,0.1,0.26,0.392,0.113,0.32,-0.2,91,0.5
"THE BAT","22558","Jarred Kelenic","ATL",71,248,275,58,34,13,1,9,34,31,23,1,77,2,2,0,6,2,0.233,0.302,0.404,0.706,0.306,0.09,0.28,0.302,0.171,0.298,0,94,0.5
"THE BAT","26031","Vaughn Grissom","BOS",54,191,211,49,36,9,1,3,23,20,15,0,41,3,2,0,4,1,0.256,0.318,0.362,0.68,0.3,0.07,0.19,0.364,0.105,0.307,0,89,0.5
"THE BAT","22458","Taylor Walls","TBR",55,176,200,36,24,8,1,3,22,15,20,0,50,1,1,1,9,2,0.204,0.287,0.317,0.605,0.271,0.1,0.25,0.407,0.114,0.262,0.4,78,0.5
"THE BAT","20529","Nolan Jones","COL",123,429,490,104,66,23,2,13,59,49,54,3,148,4,2,1,11,3,0.243,0.331,0.398,0.729,0.32,0.11,0.3,0.364,0.155,0.336,-0.1,92,0.5
"THE BAT","28253","Javier Sanoja","MIA",49,157,168,43,31,9,1,2,19,16,9,1,12,1,1,1,6,2,0.274,0.313,0.381,0.694,0.301,0.05,0.07,0.7,0.107,0.285,0.2,90,0.5
"THE BAT","26540","Angel Martinez","CLE",46,167,185,41,27,9,1,4,20,18,14,0,36,2,1,1,3,1,0.243,0.305,0.371,0.676,0.297,0.07,0.19,0.381,0.128,0.286,-0.1,94,0.5
"THE BAT","19956","Mickey Moniak","LAA",86,308,332,68,40,14,2,12,37,37,18,1,97,3,2,1,6,2,0.22,0.267,0.395,0.662,0.285,0.05,0.29,0.182,0.176,0.277,0,83,0.5
"THE BAT","19779","Dairon Blanco","KCR",66,162,177,38,26,7,1,3,25,12,10,0,45,2,1,1,18,4,0.232,0.286,0.348,0.635,0.279,0.06,0.25,0.233,0.116,0.299,1.6,76,0.5
"THE BAT","17982","Ty France","MIN",79,301,337,77,55,14,0,8,36,36,22,0,62,11,2,0,1,0,0.255,0.327,0.38,0.707,0.313,0.06,0.18,0.351,0.125,0.297,-0.6,102,0.5
"THE BAT","24703","Jonah Bride","MIA",109,377,432,92,63,18,1,11,46,44,43,0,83,7,3,1,2,0,0.244,0.33,0.38,0.71,0.314,0.1,0.19,0.513,0.136,0.284,-0.7,98,0.5
"THE BAT","31349","Victor Scott II","STL",101,333,365,74,53,14,3,5,41,26,21,0,77,4,3,4,20,4,0.222,0.275,0.323,0.597,0.264,0.06,0.21,0.272,0.101,0.272,1.8,68,0.5
"THE BAT","11281","Whit Merrifield",NA,75,269,294,66,48,13,1,4,34,25,20,0,51,2,2,1,13,4,0.247,0.301,0.349,0.65,0.287,0.07,0.17,0.399,0.103,0.288,0.6,84,0.5
"THE BAT","18015","Paul DeJong","WSN",80,277,304,58,34,11,0,13,32,39,18,0,97,5,2,0,3,1,0.208,0.266,0.387,0.652,0.284,0.06,0.32,0.186,0.179,0.265,-0.3,82,0.5
"THE BAT","12037","Jon Berti","CHC",52,178,197,44,34,7,1,2,23,15,15,0,43,2,1,1,11,2,0.246,0.31,0.333,0.643,0.286,0.08,0.22,0.358,0.087,0.31,0.8,85,0.5
"THE BAT","27531","David Hamilton","BOS",65,220,243,49,32,10,2,5,32,20,19,0,63,2,1,1,18,4,0.221,0.285,0.355,0.64,0.281,0.08,0.26,0.299,0.135,0.282,1.8,76,0.5
"THE BAT","sa3020459","Cole Young","SEA",39,137,153,32,22,7,1,2,16,14,12,0,29,2,1,0,3,1,0.236,0.304,0.346,0.65,0.288,0.08,0.19,0.433,0.11,0.279,-0.1,93,0.5
"THE BAT","25660","Will Brennan","CLE",75,258,278,68,49,13,1,4,30,28,15,1,38,3,2,0,6,2,0.264,0.308,0.373,0.682,0.297,0.05,0.14,0.393,0.109,0.292,-0.1,94,0.5
"THE BAT","19955","Gavin Lux","CIN",108,376,419,94,64,17,3,9,48,44,38,1,92,2,3,0,6,2,0.25,0.32,0.386,0.706,0.31,0.09,0.22,0.416,0.136,0.305,-0.3,92,0.5
"THE BAT","20538","Jose Miranda","MIN",128,468,506,120,81,25,1,12,53,56,27,1,78,7,4,0,2,1,0.256,0.304,0.391,0.695,0.303,0.05,0.15,0.348,0.135,0.282,-0.7,97,0.5
"THE BAT","27763","Drew Romo","COL",58,194,208,47,32,10,1,4,21,21,10,0,44,2,2,1,3,1,0.243,0.284,0.366,0.65,0.283,0.05,0.21,0.225,0.123,0.293,-0.1,67,0.5
"THE BAT","15274","Mike Tauchman","CHW",100,336,388,78,54,15,1,7,42,34,45,1,82,4,2,1,6,2,0.231,0.326,0.349,0.675,0.302,0.12,0.21,0.545,0.118,0.282,-0.3,96,0.5
"THE BAT","13770","Rob Refsnyder","BOS",68,225,257,57,39,11,1,7,31,28,24,1,63,4,2,1,3,1,0.255,0.336,0.401,0.737,0.324,0.1,0.24,0.389,0.146,0.32,-0.3,106,0.5
"THE BAT","22823","Oswald Peraza","NYY",59,201,220,45,31,8,1,6,25,20,14,0,52,3,1,1,9,2,0.225,0.285,0.355,0.64,0.281,0.06,0.24,0.274,0.13,0.273,0.6,82,0.5
"THE BATX","26540","Angel Martinez","CLE",46,167,185,41,28,8,1,4,20,18,13,0,36,2,1,1,3,1,0.245,0.307,0.373,0.68,0.299,0.07,0.19,0.375,0.128,0.289,-0.1,95,0.5
"THE BATX","21780","Esteury Ruiz","ATH",47,152,168,36,25,7,1,3,24,11,9,0,38,4,1,2,17,3,0.24,0.298,0.363,0.661,0.291,0.06,0.23,0.245,0.123,0.298,1.8,93,0.5
"THE BATX","11737","Nick Castellanos","PHI",148,571,621,144,93,30,2,20,71,78,39,1,145,6,5,1,6,2,0.252,0.304,0.415,0.719,0.311,0.06,0.23,0.267,0.163,0.301,-0.8,98,0.5
"THE BATX","29634","Will Wagner","TOR",78,277,308,72,51,14,1,6,34,31,25,0,57,3,2,1,2,1,0.259,0.325,0.379,0.703,0.31,0.08,0.18,0.443,0.12,0.305,-0.5,103,0.5
"THE BATX","29622","Sal Frelick","MIL",117,419,460,103,76,19,3,5,48,40,33,1,68,4,3,1,13,3,0.246,0.305,0.341,0.647,0.286,0.07,0.15,0.483,0.095,0.282,0.7,82,0.5
"THE BATX","20529","Nolan Jones","COL",123,428,490,103,65,21,3,14,60,50,54,3,147,4,2,1,11,3,0.241,0.33,0.4,0.73,0.319,0.11,0.3,0.369,0.159,0.33,0.1,91,0.5
"THE BATX","10231","Jose Iglesias",NA,83,296,319,79,60,14,2,2,33,29,11,0,52,5,2,0,4,1,0.265,0.301,0.35,0.65,0.286,0.04,0.16,0.216,0.084,0.312,-0.3,83,0.5
"THE BATX","27462","Austin Martin","MIN",69,213,240,53,38,11,1,3,28,19,20,1,43,5,2,1,8,3,0.249,0.324,0.349,0.673,0.299,0.08,0.18,0.458,0.099,0.299,0.1,95,0.5
"THE BATX","22458","Taylor Walls","TBR",55,176,200,36,23,8,1,4,22,16,20,0,50,1,1,1,8,2,0.203,0.285,0.321,0.606,0.271,0.1,0.25,0.406,0.118,0.257,0.3,78,0.5
"THE BATX","8623","Donovan Solano","SEA",91,311,344,76,56,14,1,6,32,34,24,0,74,6,2,0,0,0,0.244,0.309,0.346,0.655,0.29,0.07,0.22,0.324,0.102,0.3,-0.7,94,0.5
"THE BATX","24488","Max Schuemann","ATH",50,165,187,36,25,7,1,4,21,15,15,0,49,4,1,2,5,1,0.22,0.299,0.344,0.643,0.286,0.08,0.26,0.318,0.124,0.284,0.1,89,0.5
"THE BATX","13757","Chris Taylor","LAD",74,240,272,53,33,11,1,8,33,28,25,0,85,3,1,0,6,2,0.219,0.3,0.366,0.666,0.294,0.09,0.31,0.297,0.147,0.302,0,89,0.5
"THE BATX","17273","Jorge Mateo","BAL",40,134,146,31,20,6,1,4,20,12,8,0,36,1,1,1,12,2,0.231,0.276,0.374,0.65,0.282,0.05,0.25,0.206,0.144,0.288,1.3,85,0.5
"THE BATX","19522","TJ Friedl","CIN",120,444,503,104,72,17,3,12,58,47,40,1,84,10,4,5,16,4,0.233,0.309,0.366,0.675,0.298,0.08,0.17,0.481,0.133,0.26,0.5,84,0.5
"THE BATX","29547","Ryan Bliss","SEA",68,203,223,44,30,9,1,5,26,18,15,0,60,2,1,1,13,3,0.217,0.277,0.34,0.617,0.272,0.07,0.27,0.25,0.123,0.282,0.9,82,0.5
"THE BATX","17982","Ty France","MIN",79,301,337,76,53,14,0,9,36,38,21,0,63,11,2,0,0,0,0.252,0.323,0.387,0.71,0.313,0.06,0.19,0.343,0.135,0.288,-0.7,102,0.5
"THE BATX","sa3020459","Cole Young","SEA",39,137,153,32,22,7,1,2,16,14,12,0,29,2,1,0,3,1,0.236,0.304,0.347,0.651,0.288,0.08,0.19,0.434,0.111,0.279,0.1,93,0.5
"THE BATX","23782","Leo Jimenez","TOR",28,87,98,22,15,4,0,2,11,10,7,0,22,3,1,0,1,0,0.246,0.324,0.378,0.702,0.311,0.07,0.22,0.327,0.131,0.3,-0.1,104,0.5
"THE BATX","11281","Whit Merrifield",NA,75,270,294,67,49,12,2,4,35,25,19,0,51,2,2,1,13,3,0.248,0.299,0.352,0.651,0.287,0.06,0.17,0.374,0.104,0.29,0.7,84,0.5
"THE BATX","17022","Edmundo Sosa","PHI",52,170,186,41,26,8,1,6,21,21,8,0,45,5,1,1,4,1,0.24,0.293,0.394,0.687,0.299,0.04,0.24,0.185,0.154,0.291,0,90,0.5
"THE BATX","16153","Austin Slater","CHW",72,214,244,51,36,9,1,5,28,22,25,0,66,4,1,0,5,1,0.24,0.328,0.362,0.69,0.308,0.1,0.27,0.383,0.122,0.32,-0.1,100,0.5
"THE BATX","29794","Kyle Manzardo","CLE",112,390,437,91,54,21,1,15,47,57,39,2,95,4,3,0,1,0,0.233,0.307,0.41,0.717,0.311,0.09,0.22,0.406,0.177,0.267,-0.7,104,0.5
"THE BATX","27763","Drew Romo","COL",58,194,208,47,33,10,1,4,21,21,10,0,44,2,2,1,3,1,0.244,0.284,0.366,0.65,0.283,0.05,0.21,0.221,0.123,0.293,-0.1,67,0.5
"THE BATX","23733","Ezequiel Duran","TEX",64,220,236,53,34,10,1,7,28,25,12,0,58,2,1,0,5,1,0.24,0.284,0.393,0.677,0.294,0.05,0.25,0.208,0.153,0.293,0,91,0.5
"ZiPS","19262","Garrett Hampson","ARI",117,281,310,67,49,13,3,2,34,27,22,0,79,2,2,3,10,3,0.238,0.296,0.327,0.624,0.277,0.07,0.26,0.278,0.089,0.322,0.2,74,0.5
"ZiPS","27845","Matt Mervis","MIA",112,422,470,99,61,22,1,15,49,57,38,1,130,7,3,0,2,1,0.235,0.306,0.398,0.704,0.308,0.08,0.28,0.292,0.164,0.3,-0.8,94,0.5
"ZiPS","20311","Corey Julks","CHW",109,390,431,93,62,19,1,11,59,45,36,1,103,3,2,0,12,3,0.238,0.306,0.377,0.683,0.3,0.08,0.24,0.35,0.138,0.295,0.4,94,0.5
"ZiPS","15223","Adam Frazier","PIT",121,374,415,91,66,18,2,5,49,35,30,0,66,6,2,3,6,2,0.243,0.308,0.342,0.65,0.289,0.07,0.16,0.455,0.099,0.282,-0.4,82,0.5
"ZiPS","25524","Aaron Schunk","COL",109,413,442,102,70,21,3,8,47,48,23,1,110,3,3,0,7,5,0.247,0.29,0.37,0.66,0.287,0.05,0.25,0.209,0.123,0.315,-1.4,70,0.5
"ZiPS","22842","Alexander Canario","CHC",95,359,394,74,43,15,1,15,43,51,30,0,136,3,2,0,6,2,0.206,0.272,0.379,0.65,0.284,0.08,0.34,0.221,0.173,0.281,-0.2,83,0.5
"ZiPS","20233","Gilberto Celestino","NYM",86,284,315,67,50,13,1,3,31,28,27,0,68,3,0,1,5,1,0.236,0.309,0.32,0.629,0.283,0.09,0.22,0.397,0.085,0.3,0,83,0.5
"ZiPS","19252","Cavan Biggio","KCR",102,281,333,59,39,13,1,6,41,30,42,0,88,7,2,1,3,1,0.21,0.325,0.327,0.653,0.297,0.13,0.26,0.477,0.117,0.28,-0.5,88,0.5
"ZiPS","30162","Oscar Colas","CHW",122,458,503,109,75,20,2,12,56,54,36,3,130,5,3,1,6,5,0.238,0.299,0.369,0.668,0.291,0.07,0.26,0.277,0.131,0.304,-1.7,88,0.5
"ZiPS","23372","Hunter Feduccia","LAD",87,316,357,71,48,15,1,7,38,37,38,1,89,1,2,0,0,0,0.225,0.308,0.345,0.653,0.29,0.11,0.25,0.427,0.12,0.288,-0.7,87,0.5
"ZiPS","14274","Mitch Haniger","SEA",97,339,378,75,49,13,0,13,45,45,33,0,109,4,2,0,0,0,0.221,0.296,0.375,0.671,0.296,0.09,0.29,0.303,0.153,0.283,-0.7,98,0.5
"ZiPS","sa3014461","Petey Halpin","CLE",104,418,459,93,63,18,3,9,52,46,35,0,128,2,3,1,8,4,0.222,0.284,0.344,0.628,0.277,0.08,0.28,0.273,0.122,0.296,-0.8,80,0.5
"ZiPS","17696","Kevin Newman","LAA",104,323,350,79,58,16,1,4,38,29,18,1,56,2,3,4,7,1,0.245,0.286,0.337,0.624,0.273,0.05,0.16,0.321,0.093,0.282,0.4,74,0.5
"ZiPS","11737","Nick Castellanos","PHI",143,549,594,142,91,29,2,20,69,80,35,2,137,6,4,0,6,1,0.259,0.308,0.428,0.736,0.317,0.06,0.23,0.255,0.169,0.308,-0.2,103,0.5
"ZiPS","15172","Tim Anderson","LAA",90,358,376,94,76,13,1,4,43,27,15,0,92,2,1,0,8,3,0.263,0.295,0.338,0.633,0.279,0.04,0.24,0.163,0.075,0.342,-0.3,78,0.5
"ZiPS","25813","Grae Kessinger","ARI",101,336,374,74,54,13,1,6,48,35,32,1,96,3,2,1,6,3,0.22,0.292,0.318,0.611,0.272,0.09,0.26,0.333,0.098,0.288,-0.7,71,0.5
"ZiPS","14894","Tony Kemp",NA,109,339,387,82,59,14,2,7,42,39,36,0,47,6,3,3,8,2,0.242,0.323,0.357,0.68,0.303,0.09,0.12,0.766,0.115,0.26,0,87,0.5
"ZiPS","sa3025385","Nick Kurtz","ATH",96,411,443,104,74,20,0,10,54,39,30,0,99,2,0,0,2,2,0.253,0.307,0.375,0.682,0.3,0.07,0.22,0.303,0.122,0.311,-1.2,99,0.5
"ZiPS","19318","Matt Thaiss","CHW",83,261,303,55,38,10,1,6,30,27,37,1,79,3,2,0,3,0,0.211,0.314,0.326,0.639,0.288,0.12,0.26,0.468,0.115,0.275,0,86,0.5
"ZiPS","14813","Kyle Farmer","COL",119,339,374,84,57,16,2,9,41,42,22,1,73,10,3,0,3,4,0.248,0.31,0.386,0.697,0.305,0.06,0.2,0.301,0.139,0.288,-1.7,82,0.5
"ZiPS","13723","Jacob Stallings","COL",85,255,289,57,38,13,0,6,25,32,27,0,67,5,1,1,0,0,0.224,0.309,0.345,0.654,0.293,0.09,0.23,0.403,0.122,0.279,-0.6,74,0.5
"ZiPS","21746","Jose Fermin","STL",94,279,321,64,47,11,1,5,40,34,29,0,39,7,2,4,9,3,0.229,0.315,0.33,0.645,0.291,0.09,0.12,0.744,0.1,0.249,-0.1,87,0.5
"ZiPS","21871","Jerar Encarnacion","SFG",100,373,410,92,60,15,1,16,45,58,32,0,137,2,3,0,3,1,0.247,0.307,0.421,0.728,0.316,0.08,0.33,0.234,0.174,0.341,-0.5,104,0.5
"ZiPS","12510","Curt Casali","ATL",60,156,184,34,25,6,0,3,18,17,21,0,45,4,1,2,0,0,0.218,0.324,0.314,0.638,0.292,0.11,0.24,0.467,0.096,0.284,-0.4,85,0.5
"ZiPS","sa1169610","Tyler Callihan","CIN",99,372,410,85,59,16,2,8,38,43,28,0,120,3,1,6,13,3,0.228,0.287,0.347,0.634,0.28,0.07,0.29,0.233,0.118,0.314,0.7,72,0.5
"ZiPS","16451","Luis Guillorme","HOU",93,219,251,53,40,10,2,1,22,17,28,1,45,1,1,2,3,1,0.242,0.329,0.32,0.649,0.292,0.11,0.18,0.622,0.078,0.299,-0.3,84,0.5
"ZiPS DC","6184","JD Martinez",NA,99,379,427,90,52,22,1,15,47,54,40,1,124,4,4,0,0,0,0.237,0.314,0.416,0.73,0.317,0.1,0.29,0.326,0.179,0.308,-0.8,105,0.5
"ZiPS DC","13897","Tyler Heineman","TOR",36,121,141,26,20,4,1,1,14,12,14,0,29,3,1,3,3,1,0.214,0.305,0.289,0.594,0.272,0.1,0.21,0.467,0.075,0.27,0,76,0.5
"ZiPS DC","sa3020459","Cole Young","SEA",44,168,189,38,27,8,1,3,22,19,16,0,36,3,1,1,4,3,0.229,0.307,0.338,0.645,0.288,0.09,0.19,0.46,0.11,0.273,-0.6,93,0.5
"ZiPS DC","13723","Jacob Stallings","COL",75,260,294,58,39,13,0,6,25,33,28,0,68,5,1,1,0,0,0.224,0.309,0.345,0.654,0.293,0.09,0.23,0.403,0.122,0.279,-0.6,74,0.5
"ZiPS DC","15518","Amed Rosario","WSN",53,219,231,58,43,10,3,3,26,23,9,0,43,1,1,0,7,1,0.267,0.299,0.377,0.675,0.294,0.04,0.19,0.213,0.11,0.318,0.3,88,0.5
"ZiPS DC","22558","Jarred Kelenic","ATL",42,164,182,41,25,9,1,6,21,24,16,1,52,1,1,0,4,2,0.248,0.316,0.419,0.736,0.319,0.09,0.28,0.311,0.171,0.325,-0.2,103,0.5
"ZiPS DC","9241","Starling Marte","NYM",65,254,280,67,49,11,1,5,36,31,18,1,60,6,1,1,13,2,0.265,0.327,0.382,0.709,0.312,0.06,0.21,0.3,0.118,0.327,1.1,103,0.5
"ZiPS DC","17022","Edmundo Sosa","PHI",32,128,140,32,21,6,2,3,18,15,6,0,33,5,1,0,3,1,0.248,0.306,0.402,0.708,0.309,0.04,0.24,0.174,0.154,0.307,-0.1,97,0.5
"ZiPS DC","27735","Brett Wisely","SFG",36,138,154,34,23,7,1,3,19,17,12,0,35,1,1,1,3,2,0.246,0.31,0.372,0.682,0.3,0.08,0.22,0.352,0.126,0.305,-0.6,94,0.5
"ZiPS DC","27465","Spencer Torkelson","DET",50,190,217,43,24,11,0,9,28,28,22,0,58,2,2,0,1,0,0.228,0.313,0.428,0.741,0.321,0.1,0.27,0.383,0.2,0.274,-0.2,111,0.5
"ZiPS DC","27467","Tyler Soderstrom","ATH",123,483,532,107,63,20,2,22,51,70,40,2,145,6,4,0,0,1,0.222,0.287,0.411,0.698,0.301,0.07,0.27,0.274,0.188,0.266,-1.3,100,0.5
"ZiPS DC","12160","Ben Gamel","HOU",57,212,245,49,32,11,1,6,31,25,30,1,67,1,1,1,1,1,0.234,0.33,0.375,0.705,0.312,0.12,0.27,0.446,0.141,0.311,-0.8,105,0.5
"ZiPS DC","15905","Luis Torrens","NYM",40,146,160,34,22,7,0,5,16,19,11,0,42,1,2,0,1,1,0.231,0.287,0.375,0.662,0.289,0.07,0.26,0.264,0.143,0.287,-0.4,88,0.5
"ZiPS DC","28312","Coby Mayo","BAL",29,113,126,27,16,6,0,5,16,18,11,0,35,2,1,0,1,1,0.239,0.312,0.426,0.738,0.319,0.09,0.28,0.301,0.187,0.304,-0.4,111,0.5
"ZiPS DC","18015","Paul DeJong","WSN",52,205,224,44,26,9,0,9,24,26,14,0,69,4,2,0,1,1,0.213,0.272,0.39,0.662,0.288,0.06,0.31,0.2,0.176,0.268,-0.5,84,0.5
"ZiPS DC","22530","Johnathan Rodriguez","CLE",34,133,147,33,22,6,1,5,17,20,13,0,44,1,1,0,1,1,0.25,0.32,0.421,0.74,0.322,0.09,0.3,0.288,0.171,0.333,-0.3,112,0.5
"ZiPS DC","19802","Jhonny Pereda","ATH",32,115,128,29,22,6,0,2,12,11,12,0,27,1,1,0,0,0,0.249,0.322,0.336,0.658,0.295,0.09,0.21,0.444,0.087,0.312,-0.3,95,0.5
"ZiPS DC","16622","Luis Urias",NA,34,128,147,29,19,5,0,4,17,16,14,0,34,4,1,0,1,0,0.226,0.32,0.363,0.683,0.305,0.1,0.23,0.415,0.137,0.276,-0.2,96,0.5
"ZiPS DC","7802","Miguel Rojas","LAD",29,115,126,29,21,6,0,2,13,13,8,0,15,1,1,1,2,1,0.253,0.306,0.356,0.662,0.292,0.06,0.12,0.523,0.103,0.276,0,88,0.5
"ZiPS DC","11281","Whit Merrifield",NA,60,234,259,58,43,11,1,4,32,25,19,1,44,1,3,1,10,2,0.248,0.305,0.345,0.65,0.286,0.07,0.17,0.438,0.097,0.287,0.6,84,0.5
"ZiPS DC","11489","Michael A Taylor","CHW",41,158,175,35,25,5,0,4,20,16,13,0,56,1,1,1,5,1,0.221,0.281,0.343,0.624,0.275,0.07,0.32,0.23,0.121,0.307,0.3,77,0.5
"ZiPS DC","sa3020212","Alan Roden","TOR",28,105,119,27,19,5,1,2,14,14,11,0,19,3,1,0,2,0,0.256,0.338,0.385,0.723,0.319,0.09,0.16,0.561,0.129,0.291,0,109,0.5
"ZiPS DC","19997","Santiago Espinal","CIN",47,185,203,48,36,9,0,3,20,21,14,1,29,1,1,2,4,1,0.259,0.314,0.356,0.67,0.295,0.07,0.14,0.5,0.098,0.29,0,82,0.5
"ZiPS DC","26224","Darell Hernaiz","ATH",34,135,147,33,24,6,1,2,16,15,9,0,26,1,1,1,3,1,0.248,0.3,0.355,0.655,0.288,0.06,0.17,0.368,0.108,0.288,-0.1,90,0.5
"ZiPS DC","29630","Joey Loperfido","TOR",36,139,154,32,19,7,1,5,19,20,11,1,49,3,1,0,4,1,0.229,0.297,0.4,0.697,0.302,0.07,0.32,0.233,0.171,0.312,0.1,98,0.5
"ZiPS DC","sa3012639","Hyeseong Kim","LAD",97,378,420,82,55,16,1,10,44,41,33,1,109,5,3,2,7,2,0.217,0.285,0.343,0.627,0.277,0.08,0.26,0.3,0.126,0.275,-0.1,78,0.5
"REZ","27504","Nick Yorke","PIT",52,200,220,49,37,0,0,12,25,22,17,0,49,2,1,0,5,2,0.244,0.305,0.419,0.724,0.315,7.5,22.3,0.3,0.175,0.264,-0.1,89,0.5
"REZ","18015","Paul DeJong","WSN",73,259,283,48,29,10,0,10,29,33,17,0,86,4,2,0,2,1,0.187,0.247,0.342,0.589,0.258,6.1,30.4,0.2,0.155,0.233,-0.6,80,0.5
"REZ","26031","Vaughn Grissom","BOS",38,137,152,34,27,5,1,1,19,16,12,0,29,3,1,0,3,1,0.251,0.32,0.327,0.647,0.29,7.7,19.1,0.4,0.076,0.308,0,95,0.5
"REZ","11281","Whit Merrifield",NA,72,267,293,62,43,12,1,5,34,26,21,1,50,2,3,1,12,3,0.232,0.29,0.34,0.63,0.276,7.2,17,0.4,0.108,0.265,0.6,83,0.5
"REZ","sa3020212","Alan Roden","TOR",30,112,127,29,20,6,1,2,15,14,11,0,21,3,1,0,2,0,0.253,0.333,0.376,0.709,0.313,0.09,0.17,0.531,0.124,0.292,0,106,0.5
"REZ","sa3011255","Jake Mangum","TBR",48,189,201,48,35,10,1,2,22,19,8,0,41,2,1,0,5,2,0.254,0.292,0.352,0.644,0.282,0.04,0.2,0.205,0.098,0.313,-0.1,86,0.5
"REZ","29554","Adrian Del Castillo","ARI",48,174,192,40,26,8,0,6,21,24,16,0,47,2,1,0,0,0,0.229,0.299,0.387,0.686,0.301,8.3,24.3,0.3,0.158,0.274,-0.4,92,0.5
"REZ","21547","Coco Montes","TBR",27,104,115,21,12,6,0,3,13,13,9,0,32,1,1,0,1,1,0.199,0.269,0.346,0.615,0.271,8,27.3,0.3,0.147,0.25,-0.3,88,0.5
"REZ","13723","Jacob Stallings","COL",78,257,291,55,40,10,0,5,32,30,25,1,63,4,2,1,1,0,0.215,0.295,0.309,0.604,0.27,8.8,21.8,0.4,0.094,0.264,-1.1,77,0.5
"REZ","22530","Johnathan Rodriguez","CLE",36,135,150,30,23,7,0,0,16,19,13,0,46,1,1,0,1,0,0.219,0.291,0.277,0.568,0.26,8.7,30.5,0.3,0.058,0.329,-0.2,103,0.5
"REZ","26548","Luisangel Acuna","NYM",55,216,232,54,28,8,4,12,27,21,13,0,48,1,1,1,11,3,0.248,0.294,0.494,0.788,0.332,5.8,20.8,0.3,0.246,0.264,0.5,80,0.5
"REZ","18123","Nathan Lukes","TOR",36,126,138,32,21,6,5,1,16,14,10,0,25,1,1,0,2,1,0.252,0.312,0.39,0.702,0.306,7.4,18,0.4,0.138,0.307,-0.2,99,0.5
"REZ","27735","Brett Wisely","SFG",51,176,195,38,26,9,0,3,21,19,15,0,45,1,1,1,4,2,0.215,0.278,0.32,0.598,0.266,7.5,23.2,0.3,0.105,0.27,-0.4,85,0.5
"REZ","24488","Max Schuemann","ATH",54,186,214,43,32,7,0,3,24,18,20,0,56,5,1,2,6,1,0.23,0.319,0.322,0.641,0.289,9.5,26.2,0.4,0.092,0.307,0.3,86,0.5
"REZ","19997","Santiago Espinal","CIN",63,217,238,49,36,10,0,2,25,24,17,0,35,1,1,2,5,1,0.223,0.281,0.299,0.58,0.259,7,14.5,0.5,0.076,0.254,-0.1,82,0.5
"REZ","sa3023622","Payton Eeles","MIN",31,110,127,27,19,5,1,1,18,14,11,0,23,5,1,0,6,2,0.245,0.327,0.363,0.69,0.306,0.09,0.19,0.452,0.118,0.293,0.2,100,0.5
"REZ","sa916969","Jesus Bastidas","HOU",34,124,139,28,18,6,1,3,17,18,9,0,38,4,1,0,2,1,0.214,0.28,0.347,0.627,0.276,0.06,0.27,0.234,0.132,0.275,-0.1,80,0.4
"REZ","10472","Enrique Hernandez","LAD",77,278,306,59,36,14,1,9,33,34,23,1,61,2,3,1,1,1,0.214,0.276,0.369,0.645,0.281,7.4,20,0.4,0.155,0.239,-0.4,85,0.4
"REZ","19802","Jhonny Pereda","ATH",36,117,130,27,27,0,0,0,12,11,12,0,29,1,1,0,0,0,0.23,0.302,0.23,0.532,0.249,9.1,22.1,0.4,0,0.302,-0.3,86,0.4
"REZ","21646","Rafael Marchan","PHI",31,107,120,25,17,3,1,5,13,11,10,0,20,2,1,1,0,0,0.238,0.311,0.405,0.716,0.313,7.9,16.9,0.5,0.167,0.252,-0.2,82,0.4
"REZ","sa3017374","Joe Mack","MIA",27,106,116,24,16,5,0,3,12,13,8,0,31,1,0,0,0,0,0.219,0.283,0.353,0.637,0.28,0.07,0.27,0.274,0.134,0.281,-0.2,76,0.4
"REZ","sa3020713","Colby Thomas","ATH",41,160,173,37,21,10,1,6,19,22,8,0,50,3,1,0,3,1,0.228,0.276,0.404,0.681,0.295,0.05,0.29,0.168,0.177,0.291,0,94,0.4
"REZ","sa3014693","Emmanuel Rodriguez","MIN",20,70,84,15,8,3,1,3,13,9,13,0,30,1,0,0,2,1,0.211,0.334,0.383,0.718,0.319,0.15,0.35,0.432,0.172,0.315,-0.1,109,0.4
"REZ","15518","Amed Rosario","WSN",64,248,263,68,51,11,3,4,29,25,11,0,48,2,2,0,8,2,0.276,0.309,0.398,0.707,0.307,4.1,18.3,0.2,0.122,0.324,0.4,87,0.4
"REZ","4940","Jason Heyward","SDP",82,285,317,63,41,13,1,8,34,36,26,1,66,3,2,0,4,1,0.221,0.293,0.359,0.652,0.286,8.3,20.9,0.4,0.138,0.259,-0.3,93,0.4
"REZ","11489","Michael A Taylor","CHW",60,199,219,40,26,8,0,6,24,21,16,0,71,1,1,1,6,1,0.203,0.265,0.335,0.6,0.264,7.2,32.4,0.2,0.132,0.281,0.3,76,0.4
"REZ","9241","Starling Marte","NYM",73,279,307,75,52,12,2,8,37,31,20,1,66,6,1,1,13,3,0.268,0.329,0.416,0.745,0.324,6.5,21.5,0.3,0.148,0.322,0.9,100,0.4
"REZ","17484","Eloy Jimenez","TBR",60,227,247,55,35,10,0,10,25,30,17,0,51,1,1,0,1,0,0.242,0.297,0.417,0.714,0.308,6.8,20.7,0.3,0.175,0.27,-0.5,110,0.4
"REZ","20404","Jared Young","NYM",32,112,128,25,12,5,3,3,15,17,13,0,34,2,1,1,1,1,0.22,0.312,0.386,0.698,0.301,10,26.3,0.4,0.166,0.284,-0.2,92,0.4
"REZ","25967","Orelvis Martinez","TOR",55,205,226,49,49,0,0,0,25,30,15,0,59,3,2,0,1,0,0.24,0.3,0.237,0.537,0.247,6.8,26.2,0.3,-0.003,0.333,-0.3,93,0.4
"REZ","19844","Abraham Toro","BOS",37,133,147,30,19,5,1,4,17,16,10,0,25,2,1,0,2,1,0.222,0.286,0.372,0.658,0.287,7.1,17,0.4,0.15,0.24,-0.2,90,0.4
"REZ","25353","Michael Stefanic","TOR",28,96,108,21,18,3,0,0,11,11,9,0,12,2,1,1,1,0,0.223,0.3,0.265,0.565,0.26,8.1,11.5,0.7,0.042,0.255,-0.3,92,0.4
"REZ","27462","Austin Martin","MIN",51,170,196,39,26,11,1,1,24,16,19,0,36,5,1,1,7,2,0.229,0.323,0.315,0.638,0.289,9.8,18.2,0.5,0.086,0.284,0.2,96,0.4
"REZ","22277","Nick Allen","ATL",44,151,168,35,26,5,0,2,18,15,13,0,28,1,1,2,4,1,0.228,0.291,0.314,0.605,0.27,7.5,16.4,0.5,0.086,0.263,-0.2,79,0.4
"REZ","sa3017400","Liam Hicks","MIA",38,132,152,32,24,6,0,2,15,13,15,0,25,3,1,0,1,0,0.238,0.327,0.324,0.652,0.294,0.1,0.17,0.581,0.087,0.281,-0.3,85,0.4
"REZ","6184","JD Martinez",NA,98,379,423,78,44,19,1,14,47,54,37,3,121,4,3,0,0,0,0.206,0.281,0.373,0.654,0.283,8.8,28.6,0.3,0.167,0.258,-1.4,104,0.4
"REZ","24257","Jhonkensy Noel","CLE",93,339,371,70,33,12,2,22,40,51,23,0,103,7,2,0,1,0,0.207,0.269,0.445,0.714,0.305,6.2,27.8,0.2,0.238,0.224,-0.7,99,0.4
"REZ","sa3019841","Jimmy Crooks","STL",18,66,73,16,11,3,0,1,8,8,6,0,18,1,0,0,0,0,0.242,0.31,0.362,0.672,0.296,0.08,0.24,0.321,0.121,0.309,-0.1,91,0.4
"REZ","10028","Christian Bethancourt","TOR",32,105,111,25,15,6,0,4,12,13,5,0,28,0,0,0,1,0,0.236,0.27,0.407,0.677,0.292,4.2,25.6,0.2,0.171,0.285,0,80,0.4
"REZ","14130","Daniel Vogelbach",NA,40,115,134,27,16,5,0,6,14,17,18,0,32,1,0,0,0,0,0.234,0.338,0.424,0.762,0.333,13.2,24.1,0.5,0.19,0.274,-0.4,109,0.4
"ATC","19392","Zach McKinstry","DET",67,219,242,50,33,10,2,5,26,20,19,0,52,2,1,1,8,2,0.228,0.293,0.359,0.653,0.287,0.08,0.22,0.36,0.131,0.276,0.5,87,0.4
"ATC","sa3020459","Cole Young","SEA",38,134,151,31,22,7,1,2,16,14,13,0,29,2,1,1,3,1,0.232,0.308,0.338,0.647,0.288,0.09,0.19,0.471,0.106,0.278,-0.1,93,0.4
"ATC","sa3019920","Drake Baldwin","ATL",33,113,127,26,18,5,0,3,14,14,12,0,28,1,1,0,0,0,0.234,0.311,0.353,0.664,0.295,0.09,0.22,0.416,0.12,0.285,-0.2,87,0.4
"ATC","10243","Randal Grichuk","ARI",69,242,263,61,38,13,1,10,32,34,16,0,52,3,2,0,1,0,0.253,0.305,0.433,0.738,0.319,0.06,0.2,0.307,0.181,0.283,-0.6,103,0.4
"ATC","31394","Brooks Baldwin","CHW",56,201,218,47,33,9,1,5,22,20,14,0,49,1,1,1,6,1,0.236,0.288,0.358,0.646,0.283,0.06,0.22,0.283,0.122,0.289,0.2,81,0.4
"ATC","5235","Justin Turner",NA,103,379,432,95,66,19,0,10,50,49,40,0,78,8,4,0,1,1,0.252,0.332,0.38,0.713,0.315,0.09,0.18,0.515,0.129,0.29,-2.1,103,0.4
"ATC","27462","Austin Martin","MIN",55,172,197,43,31,9,1,2,24,15,18,0,36,4,1,1,7,2,0.247,0.332,0.338,0.67,0.301,0.09,0.18,0.513,0.091,0.3,0.3,96,0.4
"ATC","11737","Nick Castellanos","PHI",148,574,621,146,93,30,2,21,73,82,37,1,144,6,4,0,6,2,0.254,0.304,0.424,0.728,0.314,0.06,0.23,0.257,0.17,0.301,-1.6,101,0.4
"ATC","23733","Ezequiel Duran","TEX",63,218,233,53,36,11,1,6,26,24,12,0,56,2,1,0,4,1,0.245,0.29,0.386,0.675,0.294,0.05,0.24,0.212,0.14,0.304,-0.4,90,0.4
"ATC","16153","Austin Slater","CHW",69,206,237,49,34,9,1,5,28,22,25,0,66,3,2,0,5,1,0.236,0.326,0.357,0.683,0.305,0.11,0.28,0.38,0.121,0.319,0.2,96,0.4
"ATC","22458","Taylor Walls","TBR",58,185,212,37,24,8,1,3,24,17,24,0,54,1,1,1,11,2,0.201,0.292,0.312,0.604,0.272,0.11,0.26,0.44,0.111,0.262,0.9,74,0.4
"ATC","24598","Addison Barger","TOR",45,152,168,34,21,8,0,5,18,19,13,0,43,2,1,0,2,1,0.227,0.294,0.379,0.673,0.295,0.08,0.25,0.312,0.152,0.282,-0.2,92,0.4
"ATC","sa3019892","Dalton Rushing","LAD",22,65,74,15,9,3,0,2,8,9,7,0,19,1,0,0,0,0,0.23,0.316,0.391,0.706,0.31,0.1,0.25,0.375,0.161,0.283,-0.1,100,0.4
"ATC","10028","Christian Bethancourt","TOR",30,95,101,21,14,4,0,3,11,11,4,0,26,0,0,0,1,0,0.222,0.258,0.364,0.622,0.27,0.04,0.26,0.169,0.142,0.274,-0.1,75,0.4
"ATC","4940","Jason Heyward","SDP",87,280,311,64,40,13,1,10,36,36,26,1,64,3,2,0,4,1,0.23,0.3,0.391,0.691,0.301,0.08,0.21,0.402,0.162,0.262,-0.4,94,0.4
"ATC","22054","Dane Myers","MIA",65,206,227,51,35,9,1,5,26,24,16,0,66,3,2,0,6,1,0.246,0.308,0.377,0.684,0.301,0.07,0.29,0.234,0.13,0.334,0,89,0.4
"ATC","22823","Oswald Peraza","NYY",58,197,218,43,30,8,0,6,25,22,16,0,53,4,1,0,7,2,0.221,0.29,0.349,0.638,0.283,0.07,0.24,0.299,0.128,0.273,0.2,81,0.4
"ATC","14130","Daniel Vogelbach",NA,23,67,78,15,10,3,0,3,9,9,10,0,19,0,0,0,0,0,0.228,0.33,0.393,0.723,0.319,0.13,0.24,0.538,0.165,0.272,-0.4,110,0.4
"ATC","19892","Pavin Smith","ARI",82,263,300,63,39,13,1,10,36,39,32,1,63,1,2,0,2,0,0.24,0.325,0.412,0.737,0.321,0.11,0.21,0.513,0.172,0.276,-0.9,104,0.4
"ATC","20126","Dylan Carlson","BAL",37,121,137,28,18,6,0,3,15,14,12,0,32,3,1,0,1,0,0.231,0.316,0.366,0.682,0.303,0.09,0.23,0.385,0.135,0.288,-0.1,99,0.4
"Depth Charts","26467","Luis Matos","SFG",53,212,231,52,34,11,1,6,25,27,14,0,30,3,2,1,3,1,0.246,0.299,0.391,0.69,0.301,0.06,0.13,0.453,0.145,0.259,-0.2,94,0.4
"Depth Charts","7802","Miguel Rojas","LAD",29,116,126,30,21,6,0,2,13,13,8,0,15,1,1,1,2,1,0.256,0.308,0.364,0.672,0.296,0.06,0.12,0.505,0.108,0.278,-0.1,90,0.4
"Depth Charts","17022","Edmundo Sosa","PHI",32,129,140,32,21,6,2,3,17,15,6,0,34,4,1,0,3,1,0.245,0.298,0.394,0.692,0.302,0.04,0.24,0.173,0.149,0.305,0.1,92,0.4
"Depth Charts","19392","Zach McKinstry","DET",49,189,210,44,29,9,2,4,23,18,17,0,45,2,1,1,7,1,0.233,0.301,0.366,0.667,0.294,0.08,0.21,0.38,0.133,0.283,0.5,92,0.4
"Depth Charts","22530","Johnathan Rodriguez","CLE",34,132,147,32,21,6,0,5,17,18,13,0,44,1,1,0,1,0,0.245,0.315,0.414,0.729,0.318,0.09,0.3,0.291,0.169,0.325,-0.2,108,0.4
"Depth Charts","22532","Tyler Freeman","CLE",24,92,105,23,17,4,0,2,13,11,7,0,15,4,1,0,3,1,0.253,0.333,0.366,0.699,0.311,0.07,0.14,0.49,0.113,0.283,0,104,0.4
"Depth Charts","sa3020212","Alan Roden","TOR",28,105,119,27,18,5,1,2,14,13,11,0,20,2,1,0,2,0,0.255,0.337,0.386,0.723,0.319,0.09,0.17,0.549,0.131,0.293,0,109,0.4
"Depth Charts","18123","Nathan Lukes","TOR",26,101,112,27,19,6,0,2,13,12,8,0,20,1,1,0,1,0,0.269,0.329,0.386,0.715,0.314,0.07,0.18,0.419,0.118,0.317,-0.1,106,0.4
"Depth Charts","2967","Tommy Pham","PIT",113,441,490,109,74,22,2,11,58,47,41,0,112,4,4,1,11,3,0.248,0.315,0.382,0.697,0.306,0.08,0.23,0.367,0.135,0.306,0,93,0.4
"Depth Charts","23733","Ezequiel Duran","TEX",44,176,189,44,29,9,1,5,21,21,10,0,46,2,1,0,3,1,0.249,0.293,0.397,0.69,0.299,0.05,0.24,0.214,0.148,0.307,-0.4,94,0.4
"Depth Charts","27735","Brett Wisely","SFG",36,139,154,33,22,7,1,3,17,16,12,0,36,1,1,1,3,1,0.239,0.304,0.364,0.668,0.295,0.08,0.23,0.344,0.124,0.299,-0.3,90,0.4
"Depth Charts","17484","Eloy Jimenez","TBR",45,180,196,47,32,9,0,7,20,24,14,1,41,1,1,0,1,0,0.261,0.316,0.419,0.735,0.319,0.07,0.21,0.338,0.158,0.302,-0.4,112,0.4
"Depth Charts","28253","Javier Sanoja","MIA",52,206,224,55,40,11,2,2,21,21,14,0,19,1,2,1,5,3,0.264,0.312,0.366,0.678,0.297,0.06,0.09,0.727,0.101,0.281,-0.5,87,0.4
"Depth Charts","27465","Spencer Torkelson","DET",50,191,217,43,24,10,0,8,26,26,22,0,58,2,2,0,1,0,0.224,0.31,0.413,0.723,0.315,0.1,0.27,0.379,0.189,0.274,-0.3,107,0.4
"Depth Charts","25967","Orelvis Martinez","TOR",49,190,210,41,23,9,0,9,24,28,15,1,56,3,2,0,1,0,0.216,0.282,0.405,0.687,0.297,0.07,0.26,0.274,0.189,0.254,-0.2,94,0.4
"Depth Charts","26548","Luisangel Acuna","NYM",37,150,161,37,27,6,1,3,20,15,9,0,32,1,1,1,8,3,0.246,0.292,0.352,0.643,0.283,0.06,0.2,0.284,0.105,0.297,0.2,83,0.4
"Depth Charts","sa3020219","Chandler Simpson","TBR",19,77,84,22,18,3,0,0,11,7,6,0,10,0,0,1,8,2,0.283,0.334,0.345,0.679,0.301,0.07,0.12,0.583,0.063,0.319,0.7,100,0.4
"Depth Charts","3473","Anthony Rizzo",NA,84,320,364,74,49,13,0,12,39,40,31,2,74,10,2,0,1,1,0.23,0.316,0.381,0.697,0.307,0.09,0.2,0.419,0.151,0.262,-1.3,98,0.4
"Depth Charts","27763","Drew Romo","COL",62,226,243,56,38,11,2,5,25,28,11,0,49,3,2,1,2,1,0.247,0.288,0.382,0.67,0.291,0.05,0.2,0.227,0.134,0.291,-0.5,72,0.4
"Depth Charts","sa3021053","Chase DeLauter","CLE",24,95,105,25,16,6,0,3,12,13,8,0,18,1,1,0,1,0,0.259,0.32,0.418,0.738,0.321,0.08,0.17,0.454,0.159,0.29,-0.1,111,0.4
"Depth Charts","24488","Max Schuemann","ATH",41,152,175,33,24,6,1,3,20,15,17,0,47,4,1,1,5,1,0.218,0.31,0.318,0.629,0.284,0.1,0.27,0.369,0.1,0.293,0.2,88,0.4
"Depth Charts","24934","David Fry","CLE",40,154,175,38,23,8,1,6,20,22,16,1,41,3,1,0,2,0,0.244,0.325,0.415,0.74,0.322,0.09,0.23,0.387,0.171,0.294,-0.2,111,0.4
"Depth Charts","12859","James McCann",NA,53,194,211,44,30,8,0,6,21,23,12,0,55,3,2,1,2,0,0.229,0.28,0.36,0.641,0.28,0.06,0.26,0.217,0.131,0.287,-0.4,80,0.4
"Depth Charts","21871","Jerar Encarnacion","SFG",52,202,224,49,31,8,1,9,25,29,19,0,75,1,2,0,2,1,0.24,0.306,0.415,0.721,0.313,0.08,0.33,0.248,0.176,0.331,-0.3,103,0.4
"Depth Charts","sa3020713","Colby Thomas","ATH",26,103,112,24,14,6,1,4,12,14,6,0,32,2,1,0,2,1,0.235,0.286,0.421,0.708,0.305,0.05,0.28,0.179,0.186,0.298,0,103,0.4
"OOPSY","19921","Blake Perkins","MIL",76,290,329,62,43,12,1,6,35,27,34,0,85,2,3,1,13,3,0.215,0.299,0.327,0.625,0.28,0.1,0.26,0.396,0.111,0.281,0.9,78,0.4
"OOPSY","sa3020459","Cole Young","SEA",44,166,189,36,25,7,1,3,20,15,18,0,41,2,2,0,5,2,0.216,0.3,0.324,0.623,0.279,0.1,0.22,0.439,0.107,0.267,-0.1,87,0.4
"OOPSY","30011","Christian EncarnacionStrand","CIN",81,324,350,83,51,16,1,15,41,47,20,1,95,4,3,0,2,0,0.255,0.304,0.451,0.755,0.324,0.06,0.27,0.208,0.196,0.312,-0.6,101,0.4
"OOPSY","10231","Jose Iglesias",NA,100,409,434,103,76,21,1,5,40,36,17,0,73,6,3,0,4,1,0.252,0.289,0.346,0.635,0.279,0.04,0.17,0.232,0.094,0.293,-1.1,79,0.4
"OOPSY","25660","Will Brennan","CLE",53,214,231,57,41,12,1,3,24,20,13,0,33,2,2,0,5,2,0.266,0.313,0.373,0.686,0.301,0.06,0.14,0.408,0.107,0.299,-0.1,96,0.4
"OOPSY","12037","Jon Berti","CHC",53,207,231,50,37,8,1,4,25,18,20,0,51,2,1,1,9,3,0.241,0.312,0.343,0.655,0.292,0.09,0.22,0.398,0.102,0.3,0.3,89,0.4
"OOPSY","29622","Sal Frelick","MIL",107,416,462,103,77,19,3,3,51,31,38,0,70,4,3,1,14,3,0.247,0.313,0.333,0.646,0.288,0.08,0.15,0.543,0.085,0.287,1.1,83,0.4
"OOPSY","22532","Tyler Freeman","CLE",24,92,105,23,16,5,0,2,11,9,7,0,15,4,1,0,4,1,0.25,0.329,0.361,0.69,0.307,0.07,0.14,0.486,0.111,0.28,0.1,101,0.4
"OOPSY","11489","Michael A Taylor","CHW",41,159,175,35,23,6,0,6,18,19,13,0,56,1,1,1,5,2,0.219,0.279,0.372,0.651,0.285,0.07,0.32,0.227,0.152,0.295,0.1,84,0.4
"OOPSY","16572","Connor Joe","SDP",78,294,336,66,42,14,1,9,38,34,35,0,78,5,2,0,3,1,0.224,0.314,0.368,0.682,0.302,0.1,0.23,0.449,0.144,0.273,-0.5,97,0.4
"OOPSY","19318","Matt Thaiss","CHW",28,95,109,21,14,4,0,3,12,10,13,0,28,1,1,0,1,0,0.22,0.317,0.349,0.666,0.298,0.12,0.26,0.455,0.129,0.283,-0.3,93,0.4
"OOPSY","19296","Alex Call","WSN",65,241,280,53,36,11,1,6,30,25,33,0,55,4,2,1,8,3,0.219,0.319,0.341,0.66,0.297,0.12,0.2,0.59,0.122,0.258,0,90,0.4
"OOPSY","10472","Enrique Hernandez","LAD",70,274,301,62,40,14,0,8,30,32,23,0,59,2,2,0,1,0,0.227,0.288,0.367,0.655,0.287,0.07,0.2,0.381,0.14,0.259,-0.2,85,0.4
"OOPSY","27465","Spencer Torkelson","DET",50,190,217,43,25,10,0,8,25,27,23,0,57,2,2,0,1,0,0.227,0.315,0.409,0.723,0.316,0.11,0.26,0.404,0.182,0.278,-0.4,107,0.4
"OOPSY","31349","Victor Scott II","STL",113,446,490,100,73,18,4,5,52,34,30,0,101,6,5,4,36,6,0.224,0.279,0.317,0.596,0.264,0.06,0.21,0.295,0.093,0.275,3.9,69,0.4
"OOPSY","17273","Jorge Mateo","BAL",31,122,133,28,17,6,1,3,15,14,8,0,32,1,1,1,9,2,0.227,0.279,0.374,0.653,0.284,0.06,0.24,0.249,0.147,0.28,0.9,86,0.4
"OOPSY","sa3012639","Hyeseong Kim","LAD",97,378,420,82,55,17,1,9,44,40,32,1,109,5,3,2,7,2,0.217,0.285,0.339,0.623,0.275,0.08,0.26,0.294,0.122,0.278,-0.1,77,0.4
"OOPSY","19392","Zach McKinstry","DET",49,190,210,43,29,8,2,4,26,17,17,0,45,2,1,1,7,2,0.228,0.294,0.35,0.645,0.285,0.08,0.22,0.369,0.122,0.279,0.2,85,0.4
"OOPSY","11368","Yasmani Grandal",NA,49,168,192,38,26,7,0,5,20,18,21,0,41,1,1,1,1,0,0.228,0.318,0.358,0.676,0.301,0.11,0.21,0.527,0.13,0.271,-1.5,94,0.4
"OOPSY","23565","Davis Schneider","TOR",41,151,175,33,19,7,1,6,20,20,20,0,50,2,2,0,3,0,0.217,0.315,0.389,0.704,0.31,0.12,0.29,0.404,0.172,0.279,-0.1,103,0.4
"OOPSY","18015","Paul DeJong","WSN",52,205,224,45,28,9,0,8,22,26,14,0,66,3,2,0,2,1,0.22,0.277,0.386,0.662,0.288,0.06,0.3,0.207,0.166,0.278,-0.6,84,0.4
"OOPSY","24703","Jonah Bride","MIA",99,365,427,84,57,17,1,9,47,38,51,1,87,7,4,1,1,0,0.23,0.332,0.353,0.685,0.307,0.12,0.2,0.59,0.123,0.275,-1.5,94,0.4
"OOPSY","22842","Alexander Canario","CHC",36,140,154,31,17,7,0,7,18,22,12,0,49,1,1,0,2,1,0.223,0.286,0.435,0.722,0.31,0.08,0.32,0.242,0.212,0.283,-0.2,101,0.4
"OOPSY","9241","Starling Marte","NYM",65,256,280,65,46,11,1,6,31,26,17,1,59,5,1,1,11,3,0.255,0.312,0.384,0.696,0.305,0.06,0.21,0.287,0.129,0.307,0.6,99,0.4
"Steamer","28312","Coby Mayo","BAL",31,109,123,25,15,5,0,4,14,14,11,0,35,1,1,0,1,0,0.232,0.31,0.411,0.72,0.313,0.09,0.28,0.322,0.178,0.295,-0.1,107,0.4
"Steamer","26295","Oliver Dunn","MIL",62,205,234,43,26,9,1,6,26,24,24,0,80,3,2,1,5,1,0.209,0.298,0.358,0.655,0.29,0.1,0.34,0.302,0.149,0.303,0.2,85,0.4
"Steamer","16947","Derek Hill","MIA",79,285,310,70,48,12,3,7,32,32,19,0,84,3,2,1,7,2,0.245,0.296,0.383,0.679,0.296,0.06,0.27,0.225,0.138,0.319,0,86,0.4
"Steamer","19363","Austin Hays","CIN",113,406,444,102,63,24,1,14,52,52,27,1,108,6,3,1,5,2,0.252,0.307,0.42,0.727,0.315,0.06,0.24,0.254,0.168,0.307,-0.6,95,0.4
"Steamer","17484","Eloy Jimenez","TBR",45,177,194,46,31,9,0,7,22,25,14,1,41,1,1,0,1,0,0.263,0.319,0.43,0.749,0.324,0.07,0.21,0.343,0.167,0.304,-0.6,116,0.4
"Steamer","19997","Santiago Espinal","CIN",47,170,186,45,33,9,0,3,20,19,13,0,27,1,1,1,4,1,0.264,0.319,0.375,0.695,0.305,0.07,0.15,0.474,0.112,0.296,0,88,0.4
"Steamer","12037","Jon Berti","CHC",52,189,210,46,35,7,1,3,22,19,17,0,46,2,1,1,9,2,0.244,0.31,0.344,0.654,0.29,0.08,0.22,0.371,0.1,0.303,0.9,87,0.4
"Steamer","5827","Wilmer Flores","SFG",91,325,366,79,49,16,1,13,42,43,33,1,59,5,3,1,1,0,0.242,0.318,0.412,0.731,0.319,0.09,0.16,0.561,0.17,0.257,-1.5,106,0.4
"Steamer","18015","Paul DeJong","WSN",63,233,255,48,30,9,0,10,26,29,16,0,80,4,2,1,2,1,0.208,0.267,0.371,0.638,0.279,0.06,0.31,0.198,0.163,0.268,-0.6,78,0.4
"Steamer","11281","Whit Merrifield",NA,63,237,260,58,42,11,1,4,28,24,19,0,44,2,2,1,10,2,0.246,0.305,0.354,0.658,0.29,0.07,0.17,0.429,0.108,0.284,0.6,86,0.4
"Steamer","23565","Davis Schneider","TOR",50,183,212,40,23,9,1,7,25,23,25,0,61,3,1,1,3,1,0.218,0.317,0.387,0.704,0.311,0.12,0.29,0.402,0.169,0.284,-0.3,104,0.4
"Steamer","21646","Rafael Marchan","PHI",32,111,125,26,18,5,0,3,14,12,11,0,22,2,1,0,1,0,0.236,0.313,0.361,0.673,0.299,0.09,0.18,0.485,0.125,0.271,-0.2,90,0.4
"Steamer","29949","Tyler Black","MIL",73,263,305,60,39,11,2,7,34,32,35,1,70,5,2,1,9,3,0.227,0.326,0.371,0.698,0.31,0.11,0.23,0.493,0.144,0.28,0.1,98,0.4
"Steamer","7802","Miguel Rojas","LAD",29,106,115,27,20,6,0,2,13,12,7,0,14,1,1,0,2,1,0.259,0.309,0.372,0.681,0.299,0.06,0.12,0.489,0.114,0.28,-0.2,93,0.4
"Steamer","19960","Taylor Trammell","HOU",57,199,228,41,24,9,1,8,26,25,25,0,72,2,2,1,6,2,0.209,0.302,0.376,0.677,0.299,0.11,0.32,0.343,0.167,0.281,0,96,0.4
"Steamer","23733","Ezequiel Duran","TEX",44,163,175,41,27,9,1,5,19,19,9,0,41,2,1,1,3,1,0.251,0.295,0.396,0.692,0.3,0.05,0.23,0.223,0.145,0.307,-0.4,95,0.4
"Steamer","27504","Nick Yorke","PIT",34,122,135,31,21,6,0,3,15,14,11,0,30,1,1,0,3,1,0.257,0.323,0.387,0.71,0.311,0.08,0.22,0.377,0.13,0.315,0,97,0.4
"Steamer","12160","Ben Gamel","HOU",57,191,221,44,29,9,1,5,24,22,26,1,59,2,2,1,2,1,0.233,0.327,0.371,0.699,0.309,0.12,0.26,0.441,0.139,0.305,-0.5,103,0.4
"Steamer","sa3021053","Chase DeLauter","CLE",24,89,99,23,15,5,0,3,12,12,8,0,18,1,1,0,1,0,0.261,0.324,0.426,0.75,0.326,0.08,0.19,0.415,0.165,0.296,-0.1,114,0.4
"Steamer","11737","Nick Castellanos","PHI",146,574,622,145,91,29,2,23,72,83,38,1,147,6,4,1,6,2,0.253,0.304,0.43,0.734,0.316,0.06,0.24,0.256,0.177,0.3,-1.9,102,0.4
"Steamer","17128","Ramon Laureano","BAL",49,183,202,42,27,8,1,6,22,22,13,0,58,4,1,0,4,1,0.23,0.295,0.384,0.679,0.297,0.07,0.28,0.233,0.154,0.3,0,96,0.4
"Steamer","sa3011255","Jake Mangum","TBR",40,153,164,39,28,9,1,2,16,15,8,0,35,2,1,0,4,1,0.255,0.296,0.357,0.653,0.286,0.05,0.21,0.221,0.103,0.315,-0.1,89,0.4
"Steamer","22558","Jarred Kelenic","ATL",42,152,169,36,22,8,1,6,20,20,14,1,47,1,1,1,4,1,0.236,0.304,0.409,0.713,0.309,0.08,0.28,0.303,0.173,0.3,0.1,96,0.4
"Steamer","17273","Jorge Mateo","BAL",31,111,120,26,17,6,1,3,14,13,7,0,30,1,1,0,8,2,0.233,0.28,0.374,0.653,0.284,0.06,0.25,0.221,0.141,0.29,0.9,86,0.4
"Steamer","12158","Austin Barnes","LAD",32,109,122,25,18,4,0,3,13,12,11,0,28,1,1,0,2,0,0.226,0.3,0.342,0.642,0.286,0.09,0.23,0.383,0.116,0.277,-0.2,84,0.4
"Steamer","sa3020219","Chandler Simpson","TBR",19,72,79,20,16,3,0,1,9,7,6,0,10,0,1,0,8,2,0.273,0.33,0.348,0.677,0.301,0.07,0.13,0.575,0.075,0.309,0.6,99,0.4
"Steamer","10243","Randal Grichuk","ARI",60,232,252,59,38,12,1,8,29,32,15,0,53,3,2,0,1,0,0.256,0.307,0.425,0.731,0.316,0.06,0.21,0.28,0.168,0.297,-0.5,101,0.4
"Steamer","27462","Austin Martin","MIN",29,100,116,25,17,6,0,1,13,10,12,0,21,2,1,0,4,1,0.246,0.339,0.345,0.684,0.307,0.11,0.18,0.582,0.099,0.299,0.2,101,0.4
"THE BAT","14130","Daniel Vogelbach",NA,26,81,95,19,12,3,0,3,11,11,12,0,22,1,1,0,0,0,0.228,0.33,0.399,0.73,0.321,0.13,0.23,0.539,0.171,0.269,-0.2,107,0.4
"THE BAT","16153","Austin Slater","CHW",72,213,244,51,36,9,1,5,28,21,25,0,65,4,1,0,5,1,0.238,0.328,0.358,0.685,0.306,0.1,0.27,0.39,0.12,0.317,-0.1,99,0.4
"THE BAT","16947","Derek Hill","MIA",70,243,264,57,40,10,2,6,29,24,14,0,75,3,2,2,8,2,0.235,0.284,0.364,0.647,0.283,0.05,0.28,0.189,0.128,0.314,0.4,77,0.4
"THE BAT","14813","Kyle Farmer","COL",76,236,262,60,41,11,1,6,29,28,16,0,53,6,2,1,4,1,0.255,0.315,0.394,0.709,0.31,0.06,0.2,0.304,0.139,0.301,-0.3,85,0.4
"THE BAT","21538","Nick Fortes","MIA",103,328,359,72,52,14,1,6,31,31,19,0,58,6,3,3,4,1,0.22,0.272,0.324,0.596,0.263,0.05,0.16,0.323,0.103,0.248,-0.2,64,0.4
"THE BAT","19600","Bryan De La Cruz","ATL",66,248,268,63,41,12,1,8,31,32,16,0,66,1,2,0,2,1,0.252,0.299,0.41,0.709,0.307,0.06,0.25,0.244,0.158,0.308,-0.4,95,0.4
"THE BAT","19363","Austin Hays","CIN",106,382,415,94,59,21,1,13,45,51,24,0,93,6,3,1,3,1,0.245,0.298,0.404,0.702,0.305,0.06,0.22,0.255,0.159,0.29,-0.6,89,0.4
"THE BAT","17273","Jorge Mateo","BAL",40,134,146,30,20,6,1,3,20,12,8,0,36,1,1,1,12,2,0.226,0.271,0.366,0.637,0.277,0.05,0.25,0.207,0.14,0.282,1.2,81,0.4
"THE BAT","13499","Tom Murphy","SFG",47,149,166,33,20,7,0,6,18,19,13,0,48,1,1,0,1,0,0.222,0.291,0.384,0.676,0.296,0.08,0.29,0.281,0.162,0.286,-0.2,91,0.4
"THE BAT","26295","Oliver Dunn","MIL",69,213,239,45,29,10,1,5,25,24,22,1,78,2,1,1,5,1,0.212,0.291,0.348,0.638,0.282,0.09,0.33,0.276,0.135,0.304,0,79,0.4
"THE BAT","23782","Leo Jimenez","TOR",28,87,98,21,15,4,0,2,11,10,7,0,22,3,1,0,1,0,0.241,0.32,0.359,0.679,0.302,0.07,0.22,0.335,0.118,0.296,-0.1,98,0.4
"THE BAT","25332","Endy Rodriguez","PIT",65,230,253,57,37,14,1,5,25,27,18,0,50,2,2,0,1,0,0.246,0.305,0.378,0.684,0.299,0.07,0.2,0.366,0.133,0.292,-0.4,88,0.4
"THE BAT","19997","Santiago Espinal","CIN",67,224,244,57,43,11,0,4,25,24,15,1,36,2,2,1,5,2,0.257,0.307,0.36,0.667,0.293,0.06,0.15,0.434,0.103,0.288,-0.2,80,0.4
"THE BAT","27504","Nick Yorke","PIT",50,181,198,46,32,9,1,4,22,21,14,1,43,2,1,0,4,2,0.255,0.313,0.379,0.692,0.302,0.07,0.22,0.322,0.124,0.313,-0.1,90,0.4
"THE BAT","26224","Darell Hernaiz","ATH",45,142,154,34,25,6,0,2,15,13,9,0,28,1,1,1,3,1,0.241,0.289,0.344,0.633,0.278,0.06,0.18,0.318,0.103,0.281,0,83,0.4
"THE BAT","15518","Amed Rosario","WSN",62,230,244,60,45,9,2,3,26,22,10,0,47,2,2,0,8,2,0.26,0.294,0.359,0.653,0.285,0.04,0.19,0.215,0.099,0.312,0.2,82,0.4
"THE BAT","sa3009276","Agustin Ramirez","MIA",47,167,184,40,26,8,0,5,19,21,13,1,38,2,1,0,2,1,0.24,0.301,0.388,0.689,0.3,0.07,0.21,0.351,0.148,0.279,-0.1,89,0.4
"THE BAT","13897","Tyler Heineman","TOR",49,135,152,27,20,5,0,2,14,11,12,0,34,2,1,2,2,1,0.198,0.272,0.282,0.554,0.25,0.08,0.22,0.348,0.084,0.247,-0.1,61,0.4
"THE BAT","sa3019920","Drake Baldwin","ATL",36,122,135,29,20,6,0,3,14,14,11,0,29,1,1,0,0,0,0.234,0.301,0.352,0.653,0.288,0.08,0.22,0.368,0.118,0.285,-0.2,82,0.4
"THE BAT","2967","Tommy Pham","PIT",101,377,420,90,61,18,2,9,49,41,36,0,97,4,2,0,11,3,0.239,0.31,0.37,0.68,0.3,0.09,0.23,0.375,0.131,0.296,0.2,93,0.4
"THE BAT","21707","Oswaldo Cabrera","NYY",93,307,337,69,46,14,1,8,35,32,23,1,73,2,2,3,7,2,0.224,0.28,0.354,0.634,0.278,0.07,0.22,0.317,0.13,0.265,0,79,0.4
"THE BAT","28312","Coby Mayo","BAL",48,157,173,36,22,8,1,6,19,20,13,1,49,2,1,0,1,0,0.23,0.296,0.393,0.689,0.3,0.08,0.28,0.269,0.163,0.295,-0.2,97,0.4
"THE BAT","29554","Adrian Del Castillo","ARI",52,181,200,41,25,9,1,5,20,24,15,1,51,2,1,0,1,0,0.224,0.289,0.372,0.662,0.289,0.08,0.26,0.299,0.148,0.28,-0.3,82,0.4
"THE BAT","27462","Austin Martin","MIN",69,213,240,51,37,11,1,2,27,18,20,1,43,5,2,1,8,2,0.242,0.319,0.333,0.651,0.291,0.08,0.18,0.469,0.091,0.29,0.2,89,0.4
"THE BAT","19864","Riley Adams","WSN",33,108,121,23,15,5,0,3,12,13,9,0,36,3,1,0,0,0,0.213,0.289,0.355,0.644,0.285,0.07,0.3,0.249,0.141,0.287,-0.2,82,0.4
"THE BAT","29547","Ryan Bliss","SEA",68,203,223,43,29,9,1,4,25,18,15,0,60,2,1,1,12,3,0.211,0.273,0.328,0.601,0.266,0.07,0.27,0.256,0.117,0.275,0.8,77,0.4
"THE BAT","14712","Manuel Margot",NA,78,263,286,67,49,13,1,4,32,26,19,0,44,2,2,1,7,2,0.255,0.307,0.359,0.666,0.293,0.06,0.16,0.418,0.104,0.291,0.2,88,0.4
"THE BATX","13499","Tom Murphy","SFG",47,149,166,33,21,7,0,6,18,19,14,0,48,1,1,0,1,0,0.225,0.294,0.387,0.681,0.298,0.08,0.29,0.284,0.162,0.29,-0.3,92,0.4
"THE BATX","16947","Derek Hill","MIA",70,243,264,58,41,9,2,6,29,23,14,0,76,3,2,2,9,2,0.237,0.284,0.36,0.644,0.282,0.05,0.29,0.186,0.123,0.317,0.6,77,0.4
"THE BATX","7802","Miguel Rojas","LAD",68,227,251,57,44,10,1,2,27,22,14,0,31,3,2,1,5,2,0.251,0.299,0.332,0.631,0.28,0.06,0.12,0.45,0.081,0.28,-0.3,80,0.4
"THE BATX","26295","Oliver Dunn","MIL",69,213,239,45,29,9,1,5,25,24,22,0,79,2,1,1,5,1,0.213,0.291,0.346,0.638,0.282,0.09,0.33,0.274,0.133,0.308,0.2,79,0.4
"THE BATX","19600","Bryan De La Cruz","ATL",66,248,268,63,41,13,1,8,31,32,16,0,66,1,2,0,2,1,0.253,0.301,0.407,0.709,0.307,0.06,0.25,0.249,0.154,0.312,-0.4,95,0.4
"THE BATX","27504","Nick Yorke","PIT",50,181,198,46,32,9,1,4,22,20,14,1,43,2,1,0,5,1,0.255,0.313,0.38,0.693,0.302,0.07,0.22,0.322,0.125,0.313,0.2,90,0.4
"THE BATX","23565","Davis Schneider","TOR",63,212,242,46,26,10,0,9,28,29,25,0,72,3,2,0,3,1,0.215,0.304,0.397,0.701,0.308,0.1,0.3,0.349,0.182,0.273,-0.2,101,0.4
"THE BATX","17484","Eloy Jimenez","TBR",65,241,263,61,41,11,0,10,29,34,18,0,53,2,2,0,0,0,0.253,0.307,0.418,0.724,0.314,0.07,0.2,0.332,0.165,0.284,-0.5,109,0.4
"THE BATX","15518","Amed Rosario","WSN",62,230,244,60,44,11,2,3,26,23,10,0,47,2,2,0,8,2,0.26,0.294,0.364,0.658,0.287,0.04,0.19,0.211,0.104,0.312,0.2,83,0.4
"THE BATX","12037","Jon Berti","CHC",52,179,197,44,34,7,1,2,23,15,15,0,43,2,1,1,11,3,0.246,0.308,0.331,0.639,0.284,0.07,0.22,0.342,0.085,0.311,0.7,84,0.4
"THE BATX","13590","Jesse Winker","NYM",103,352,411,79,53,15,1,11,47,40,50,1,87,6,2,1,5,2,0.225,0.329,0.364,0.693,0.309,0.12,0.21,0.576,0.139,0.266,-0.7,101,0.4
"THE BATX","26224","Darell Hernaiz","ATH",45,142,154,35,25,6,1,3,16,13,9,0,28,1,1,1,3,1,0.244,0.29,0.349,0.639,0.28,0.06,0.18,0.308,0.105,0.284,0,85,0.4
"THE BATX","21707","Oswaldo Cabrera","NYY",93,308,337,69,46,13,1,8,36,32,23,0,73,2,2,3,7,2,0.224,0.28,0.357,0.637,0.279,0.07,0.22,0.312,0.132,0.265,0.1,80,0.4
"THE BATX","26517","Noelvi Marte","CIN",64,230,249,56,37,11,1,7,29,28,15,1,62,2,1,0,7,2,0.244,0.295,0.394,0.689,0.299,0.06,0.25,0.238,0.15,0.301,0.2,85,0.4
"THE BATX","14130","Daniel Vogelbach",NA,26,81,95,18,12,3,0,3,11,11,12,0,22,1,1,0,0,0,0.227,0.328,0.388,0.716,0.316,0.13,0.24,0.532,0.162,0.27,-0.2,104,0.4
"THE BATX","sa3009276","Agustin Ramirez","MIA",47,167,184,40,26,8,0,5,19,21,13,1,38,2,1,0,3,0,0.24,0.301,0.388,0.69,0.3,0.07,0.21,0.351,0.148,0.279,0.1,89,0.4
"THE BATX","13770","Rob Refsnyder","BOS",68,226,257,57,38,10,1,7,31,28,24,0,63,4,2,1,3,1,0.252,0.331,0.402,0.733,0.322,0.09,0.24,0.379,0.15,0.313,-0.3,104,0.4
"THE BATX","10472","Enrique Hernandez","LAD",74,254,279,59,38,12,1,8,29,31,19,0,55,2,2,0,1,0,0.23,0.288,0.377,0.665,0.29,0.07,0.2,0.352,0.147,0.261,-0.4,86,0.4
"THE BATX","20321","Stuart Fairchild","CIN",70,210,236,48,29,10,1,8,29,25,18,0,63,5,1,2,8,2,0.228,0.3,0.394,0.694,0.304,0.07,0.27,0.278,0.166,0.286,0.4,88,0.4
"THE BATX","11489","Michael A Taylor","CHW",71,224,248,48,30,9,1,8,29,26,18,0,82,2,1,2,7,2,0.213,0.277,0.37,0.647,0.283,0.07,0.33,0.226,0.158,0.29,0.3,81,0.4
"THE BATX","17276","Alex Jackson","NYY",43,130,144,26,15,5,0,5,14,16,10,0,43,3,1,0,0,0,0.197,0.264,0.356,0.621,0.272,0.07,0.3,0.22,0.159,0.249,-0.2,75,0.4
"THE BATX","16725","Jose Trevino","CIN",69,224,243,51,37,8,0,6,22,26,15,0,43,2,2,1,1,0,0.229,0.28,0.346,0.626,0.275,0.06,0.17,0.341,0.117,0.257,-0.4,68,0.4
"THE BATX","20538","Jose Miranda","MIN",128,468,506,117,79,24,1,14,53,57,27,1,78,7,4,0,2,1,0.251,0.299,0.393,0.692,0.301,0.05,0.15,0.343,0.143,0.273,-0.9,96,0.4
"THE BATX","19964","Eguy Rosario","SDP",126,376,410,83,53,18,1,11,46,41,27,1,109,3,3,1,11,3,0.221,0.278,0.364,0.642,0.28,0.07,0.27,0.249,0.143,0.279,0.2,82,0.4
"THE BATX","22823","Oswald Peraza","NYY",59,201,220,45,31,8,1,5,25,19,14,0,52,3,1,1,8,2,0.225,0.284,0.348,0.632,0.279,0.06,0.24,0.267,0.123,0.277,0.4,80,0.4
"THE BATX","29554","Adrian Del Castillo","ARI",52,181,200,41,26,9,1,6,20,24,15,1,51,2,1,0,1,0,0.226,0.29,0.374,0.664,0.29,0.08,0.26,0.296,0.148,0.282,-0.3,83,0.4
"THE BATX","28312","Coby Mayo","BAL",48,157,173,36,22,8,1,6,19,20,13,1,49,2,1,0,1,0,0.23,0.296,0.393,0.69,0.3,0.08,0.28,0.269,0.164,0.295,-0.1,97,0.4
"THE BATX","sa3019920","Drake Baldwin","ATL",36,122,135,29,20,6,0,3,14,14,11,0,29,1,1,0,0,0,0.234,0.301,0.353,0.653,0.288,0.08,0.22,0.368,0.119,0.284,-0.2,83,0.4
"THE BATX","13897","Tyler Heineman","TOR",49,135,152,27,20,4,0,2,13,10,12,0,34,2,1,2,2,1,0.198,0.272,0.279,0.551,0.249,0.08,0.22,0.35,0.081,0.247,-0.1,60,0.4
"THE BATX","20126","Dylan Carlson","BAL",44,140,158,33,21,7,1,4,18,17,14,0,36,2,1,0,1,0,0.232,0.31,0.376,0.686,0.302,0.09,0.23,0.387,0.143,0.282,-0.2,99,0.4
"THE BATX","25660","Will Brennan","CLE",75,258,278,67,49,13,1,4,29,27,15,1,37,3,2,0,6,2,0.259,0.304,0.365,0.669,0.292,0.05,0.14,0.397,0.106,0.288,0,90,0.4
"THE BATX","16622","Luis Urias",NA,38,119,135,26,17,5,0,4,14,15,12,0,31,3,1,0,1,0,0.221,0.304,0.369,0.673,0.298,0.09,0.23,0.373,0.148,0.262,-0.2,92,0.4
"ZiPS","5827","Wilmer Flores","SFG",111,350,393,82,53,18,0,11,40,46,34,1,59,5,4,0,0,0,0.234,0.308,0.38,0.688,0.302,0.09,0.15,0.576,0.146,0.25,-0.7,95,0.4
"ZiPS","2136","David Peralta",NA,109,331,364,80,52,18,2,8,37,39,27,1,77,3,3,0,2,1,0.242,0.302,0.381,0.683,0.298,0.07,0.21,0.351,0.139,0.289,-0.6,94,0.4
"ZiPS","27467","Tyler Soderstrom","ATH",117,414,456,92,54,17,2,19,44,60,34,2,124,5,3,0,0,1,0.222,0.287,0.411,0.698,0.301,0.07,0.27,0.274,0.188,0.266,-1.1,100,0.4
"ZiPS","11615","Brandon Drury","CHW",114,394,433,89,57,19,1,12,45,48,29,0,104,6,4,0,1,1,0.226,0.286,0.371,0.657,0.288,0.07,0.24,0.279,0.145,0.273,-0.9,84,0.4
"ZiPS","18887","Seby Zavala","BOS",79,231,260,46,28,12,0,6,26,29,21,0,96,4,2,2,0,1,0.199,0.275,0.329,0.604,0.269,0.08,0.37,0.219,0.13,0.305,-0.8,67,0.4
"ZiPS","24257","Jhonkensy Noel","CLE",138,492,540,105,59,22,2,22,63,78,34,0,150,12,2,0,1,1,0.213,0.28,0.4,0.68,0.296,0.06,0.28,0.227,0.187,0.258,-1,93,0.4
"ZiPS","12434","Kevin Pillar",NA,97,266,291,60,38,12,1,9,37,34,14,0,67,7,3,1,7,2,0.226,0.279,0.38,0.659,0.287,0.05,0.23,0.209,0.154,0.264,0.1,84,0.4
"ZiPS","12861","Anthony Rendon","LAA",56,200,231,47,33,11,0,3,22,19,24,0,37,4,3,0,4,0,0.235,0.325,0.335,0.66,0.296,0.1,0.16,0.649,0.1,0.27,0.3,90,0.4
"ZiPS","13338","Omar Narvaez","CHW",76,230,260,49,35,9,1,4,23,20,24,1,51,2,3,1,0,0,0.213,0.29,0.313,0.603,0.268,0.09,0.2,0.471,0.1,0.253,-0.5,72,0.4
"ZiPS","16337","Nick Gordon","BAL",116,335,359,84,57,15,3,9,41,43,14,0,82,5,4,1,6,5,0.251,0.288,0.394,0.682,0.295,0.04,0.23,0.171,0.143,0.302,-1.4,94,0.4
"ZiPS","20536","Vidal Brujan","CHC",107,337,373,75,53,14,2,6,47,34,30,2,73,4,1,1,13,9,0.223,0.293,0.329,0.622,0.276,0.08,0.2,0.411,0.107,0.266,-1.7,78,0.4
"ZiPS","2967","Tommy Pham","PIT",115,408,455,101,68,21,2,10,53,45,40,0,105,3,4,0,9,3,0.248,0.316,0.382,0.699,0.307,0.09,0.23,0.381,0.135,0.306,-0.3,95,0.4
"ZiPS DC","23733","Ezequiel Duran","TEX",44,177,189,44,28,9,1,5,21,22,10,0,47,2,1,0,3,2,0.246,0.29,0.398,0.689,0.298,0.05,0.25,0.205,0.152,0.307,-0.4,93,0.4
"ZiPS DC","3473","Anthony Rizzo",NA,84,320,364,72,48,13,0,12,39,40,31,2,72,12,2,0,1,1,0.227,0.316,0.377,0.693,0.306,0.09,0.2,0.425,0.15,0.256,-0.9,97,0.4
"ZiPS DC","sa3020713","Colby Thomas","ATH",26,103,112,24,13,7,1,4,12,16,5,0,33,2,1,0,2,1,0.235,0.286,0.426,0.712,0.307,0.05,0.29,0.167,0.191,0.302,0,104,0.4
"ZiPS DC","12859","James McCann",NA,53,194,211,45,31,8,0,5,21,23,12,0,56,3,3,1,2,0,0.23,0.28,0.352,0.632,0.277,0.06,0.26,0.212,0.122,0.292,0,77,0.4
"ZiPS DC","19818","Joshua Palacios","PIT",31,120,133,32,21,6,1,3,17,16,10,0,28,2,0,1,3,1,0.262,0.327,0.412,0.739,0.322,0.07,0.21,0.351,0.15,0.315,-0.2,104,0.4
"ZiPS DC","sa3025129","Travis Bazzana","CLE",36,137,154,29,19,6,0,3,20,17,15,0,48,3,0,0,3,1,0.21,0.299,0.33,0.628,0.283,0.09,0.31,0.3,0.119,0.299,0,84,0.4
"ZiPS DC","21871","Jerar Encarnacion","SFG",52,204,224,50,33,8,1,9,25,32,17,0,75,1,2,0,2,1,0.247,0.307,0.421,0.728,0.316,0.08,0.33,0.234,0.174,0.341,-0.3,104,0.4
"ZiPS DC","sa3019988","Jacob Melton","HOU",57,228,245,49,32,9,1,7,29,28,15,0,68,1,1,1,10,2,0.216,0.266,0.355,0.621,0.272,0.06,0.28,0.216,0.139,0.275,0.8,77,0.4
"ZiPS DC","14128","Joey Gallo","CHW",32,118,140,21,10,4,0,7,17,16,20,0,52,1,0,0,1,0,0.179,0.306,0.395,0.701,0.309,0.14,0.38,0.387,0.216,0.239,-0.2,101,0.4
"ZiPS DC","22532","Tyler Freeman","CLE",24,92,105,23,17,4,0,2,13,11,7,0,14,5,1,1,3,1,0.247,0.331,0.348,0.679,0.304,0.07,0.14,0.509,0.101,0.275,-0.1,99,0.4
"ZiPS DC","27789","Shay Whitcomb","HOU",21,83,91,20,13,4,0,3,11,13,6,0,26,1,1,0,3,1,0.236,0.295,0.401,0.696,0.302,0.07,0.29,0.235,0.165,0.302,0,98,0.4
"ZiPS DC","22197","MJ Melendez","KCR",117,452,504,107,60,24,4,20,60,63,47,1,124,2,3,0,4,4,0.237,0.31,0.437,0.747,0.322,0.09,0.25,0.381,0.2,0.281,-1.7,106,0.4
"ZiPS DC","20321","Stuart Fairchild","CIN",58,221,252,51,31,10,2,8,33,31,20,0,69,7,2,2,10,2,0.231,0.311,0.403,0.714,0.313,0.08,0.27,0.289,0.172,0.294,0.9,94,0.4
"ZiPS DC","sa3017290","Max Muncy","ATH",24,95,105,22,14,5,0,2,12,13,7,0,34,2,1,1,1,1,0.235,0.3,0.371,0.671,0.296,0.06,0.32,0.195,0.136,0.336,-0.1,96,0.4
"ZiPS DC","sa3020219","Chandler Simpson","TBR",19,77,84,22,19,3,0,0,12,7,5,0,9,0,0,2,9,2,0.292,0.338,0.343,0.681,0.302,0.06,0.1,0.593,0.051,0.328,0.8,101,0.4
"ZiPS DC","25543","Korey Lee","CHW",47,175,186,40,26,8,0,5,21,19,10,0,55,1,0,0,3,1,0.227,0.27,0.37,0.64,0.279,0.05,0.3,0.175,0.143,0.298,-0.1,80,0.4
"ZiPS DC","24934","David Fry","CLE",40,154,175,38,23,9,1,5,19,23,15,1,41,4,1,0,1,0,0.244,0.325,0.418,0.742,0.322,0.09,0.23,0.378,0.174,0.295,-0.2,112,0.4
"ZiPS DC","17484","Eloy Jimenez","TBR",45,181,196,47,32,9,0,6,18,23,13,0,40,1,1,0,1,0,0.26,0.312,0.409,0.722,0.314,0.07,0.2,0.333,0.15,0.301,-0.2,108,0.4
"ZiPS DC","23782","Leo Jimenez","TOR",18,66,77,15,11,3,0,2,10,9,6,0,16,4,1,0,1,0,0.234,0.336,0.361,0.697,0.313,0.08,0.21,0.378,0.127,0.285,-0.1,105,0.4
"ZiPS DC","19455","Andruw Monasterio","MIL",28,105,119,25,18,5,0,2,15,12,12,0,30,1,1,0,4,1,0.24,0.323,0.339,0.662,0.297,0.1,0.25,0.396,0.099,0.319,0.1,89,0.4
"ZiPS DC","19392","Zach McKinstry","DET",49,189,210,44,29,9,3,4,24,17,17,0,44,2,1,1,7,1,0.234,0.302,0.369,0.671,0.295,0.08,0.21,0.378,0.134,0.285,0.6,93,0.4
"REZ","5235","Justin Turner",NA,113,421,478,95,63,20,1,12,52,50,43,1,89,8,5,0,2,1,0.225,0.306,0.359,0.665,0.295,9,18.6,0.5,0.134,0.255,-1.7,101,0.4
"REZ","sa3017290","Max Muncy","ATH",32,122,135,28,18,6,0,3,14,14,9,0,42,2,1,1,2,1,0.222,0.284,0.351,0.635,0.28,0.06,0.31,0.21,0.129,0.307,-0.1,84,0.4
"REZ","sa3021053","Chase DeLauter","CLE",37,136,150,35,22,8,0,4,17,18,11,0,26,1,1,0,2,1,0.254,0.313,0.405,0.717,0.312,0.07,0.17,0.428,0.15,0.286,-0.2,104,0.4
"REZ","sa3022614","Luke Keaschall","MIN",28,104,119,26,17,6,0,3,16,14,11,0,26,3,1,0,3,1,0.248,0.331,0.386,0.718,0.317,0.09,0.22,0.411,0.139,0.302,0,107,0.4
"REZ","27577","Casey Schmitt","SFG",33,118,128,28,17,6,1,4,13,15,7,0,29,1,1,0,1,0,0.234,0.281,0.41,0.691,0.299,5.2,22.8,0.2,0.176,0.271,-0.2,88,0.4
"REZ","22244","Jack Suwinski","PIT",46,154,176,34,19,6,0,9,21,22,19,1,51,2,2,0,4,1,0.222,0.314,0.433,0.747,0.322,11,28.7,0.4,0.211,0.267,0.1,99,0.4
"REZ","21562","Romy Gonzalez","BOS",41,133,144,34,22,8,2,3,18,18,8,0,41,1,1,0,6,2,0.259,0.305,0.419,0.724,0.314,5.7,28.8,0.2,0.16,0.349,0.3,94,0.4
"REZ","24782","David Villar","SFG",29,103,114,22,10,7,0,5,13,14,9,0,32,1,1,0,0,0,0.21,0.281,0.411,0.692,0.299,7.9,28.4,0.3,0.201,0.256,-0.2,86,0.4
"REZ","18353","Daz Cameron","BAL",37,120,133,27,18,5,1,3,16,14,10,0,34,2,1,0,4,1,0.228,0.294,0.364,0.658,0.289,7.6,25.9,0.3,0.136,0.294,0.1,91,0.4
"REZ","19906","Diego A Castillo",NA,33,114,129,23,12,8,0,3,15,13,13,0,23,1,1,0,2,1,0.204,0.288,0.347,0.635,0.28,10,18.1,0.6,0.143,0.231,-0.3,86,0.4
"REZ","27763","Drew Romo","COL",65,234,251,52,35,18,0,0,29,27,11,0,50,3,2,1,2,1,0.223,0.265,0.3,0.565,0.25,4.6,19.8,0.2,0.077,0.28,-0.4,69,0.4
"REZ","20505","Drew Waters","KCR",35,126,140,27,16,7,1,3,19,15,12,0,39,2,1,0,4,1,0.219,0.294,0.363,0.657,0.289,8.8,27.7,0.3,0.144,0.289,0.1,93,0.4
"REZ","24770","James Outman","LAD",33,109,124,22,13,5,0,4,16,15,12,0,39,2,1,0,3,1,0.207,0.298,0.374,0.672,0.297,10,31.7,0.3,0.167,0.277,0.1,97,0.4
"REZ","26467","Luis Matos","SFG",58,219,238,56,40,11,1,6,25,27,13,1,31,3,2,0,3,1,0.257,0.305,0.39,0.695,0.302,5.4,13,0.4,0.133,0.275,-0.1,92,0.4
"REZ","31765","Nacho Alvarez Jr","ATL",23,87,97,18,18,0,0,0,11,10,9,0,21,2,0,0,2,0,0.209,0.294,0.206,0.5,0.237,9.3,21.1,0.4,-0.003,0.273,0.1,90,0.4
"REZ","sa3019988","Jacob Melton","HOU",59,229,247,49,32,10,1,7,28,26,15,0,67,1,1,1,10,2,0.215,0.266,0.354,0.62,0.271,0.06,0.27,0.224,0.139,0.271,0.8,76,0.4
"REZ","19455","Andruw Monasterio","MIL",44,144,162,32,24,6,0,1,18,15,16,0,43,2,1,0,5,1,0.223,0.305,0.296,0.601,0.273,9.8,26.2,0.4,0.073,0.305,0.1,84,0.4
"REZ","24496","DaShawn Keirsey Jr","MIN",29,106,116,23,11,0,0,11,13,12,8,0,32,1,1,0,5,1,0.215,0.277,0.533,0.81,0.339,6.8,27.6,0.2,0.318,0.182,0.3,84,0.4
"REZ","25643","Drew Millas","WSN",24,83,91,19,14,3,0,2,9,9,7,0,17,0,0,0,2,0,0.23,0.293,0.336,0.629,0.279,7.9,18.1,0.4,0.106,0.264,0.1,85,0.4
"REZ","20126","Dylan Carlson","BAL",34,109,123,23,15,5,1,2,13,13,11,0,28,2,1,0,1,0,0.212,0.295,0.338,0.633,0.282,8.7,22.4,0.4,0.126,0.259,-0.1,100,0.4
"REZ","2967","Tommy Pham","PIT",110,423,470,95,65,18,2,11,53,46,40,1,106,3,3,1,10,3,0.224,0.294,0.352,0.646,0.285,8.5,22.6,0.4,0.128,0.272,-0.1,93,0.4
"REZ","12160","Ben Gamel","HOU",58,195,225,42,28,10,1,3,26,22,27,1,62,1,1,1,2,1,0.215,0.311,0.32,0.631,0.283,11.8,27.4,0.4,0.105,0.296,-0.6,98,0.3
"REZ","25180","Daniel Schneemann","CLE",47,160,180,37,23,8,2,4,19,17,17,0,47,1,1,0,3,1,0.229,0.305,0.381,0.686,0.301,9.7,26.3,0.4,0.152,0.297,-0.2,86,0.3
"REZ","27630","Nick Loftin","KCR",42,149,168,39,30,8,1,1,20,17,14,0,25,2,1,1,2,1,0.262,0.331,0.345,0.676,0.303,8.5,15.2,0.6,0.083,0.308,-0.2,88,0.3
"REZ","10243","Randal Grichuk","ARI",69,249,270,60,34,14,1,10,33,34,16,0,54,3,2,0,1,1,0.239,0.291,0.424,0.715,0.307,6,19.9,0.3,0.185,0.264,-0.6,100,0.3
"REZ","25971","Kevin Alcantara","CHC",30,111,121,22,22,0,0,0,13,13,8,0,36,1,1,0,2,1,0.201,0.259,0.198,0.457,0.212,6.7,29.8,0.2,-0.003,0.295,0,85,0.3
"REZ","sa3015579","Jared Serna","MIA",40,154,168,36,24,8,0,4,18,17,10,0,34,2,1,0,3,2,0.234,0.29,0.36,0.651,0.286,0.06,0.2,0.31,0.126,0.276,-0.3,80,0.3
"REZ","25805","Blake Sabol","BOS",27,91,102,23,16,4,0,2,12,12,9,1,27,1,0,0,1,0,0.25,0.323,0.363,0.686,0.3,8.5,26.8,0.3,0.113,0.334,0,89,0.3
"REZ","15464","Hunter Renfroe","KCR",95,350,387,76,39,18,0,18,44,47,31,1,76,2,2,0,1,1,0.217,0.283,0.426,0.709,0.304,7.9,19.7,0.4,0.209,0.224,-0.9,95,0.3
"REZ","21009","Leo Rivas","SEA",30,93,110,19,17,1,1,0,12,8,13,0,30,1,1,1,5,1,0.206,0.307,0.241,0.548,0.256,11.8,27,0.4,0.035,0.297,0.2,85,0.3
"REZ","25475","Logan Driscoll","TBR",18,65,71,14,12,0,0,2,7,8,4,0,19,1,0,0,0,0,0.221,0.279,0.328,0.607,0.268,6.2,27.1,0.2,0.107,0.273,-0.2,82,0.3
"REZ","20321","Stuart Fairchild","CIN",68,222,251,48,27,14,1,6,32,28,20,0,69,6,2,2,9,2,0.216,0.297,0.363,0.66,0.291,8.1,27.2,0.3,0.147,0.282,0.5,89,0.3
"REZ","23986","Curtis Mead","TBR",23,87,96,20,17,3,1,1,11,11,6,0,18,2,1,0,1,0,0.235,0.297,0.306,0.603,0.271,6.3,18.9,0.3,0.071,0.286,-0.1,102,0.3
"REZ","14593","David Bote","LAD",24,74,82,17,10,4,0,3,8,10,6,0,21,1,1,0,1,0,0.231,0.296,0.4,0.696,0.303,7.1,25,0.3,0.169,0.28,-0.1,86,0.3
"REZ","24934","David Fry","CLE",55,185,209,43,26,9,0,7,22,26,18,1,49,4,1,0,2,0,0.231,0.311,0.402,0.713,0.311,8.8,23.3,0.4,0.171,0.273,-0.3,108,0.3
"REZ","14813","Kyle Farmer","COL",71,238,262,57,40,11,2,5,33,28,15,1,49,6,2,0,3,2,0.24,0.3,0.371,0.671,0.295,5.9,18.5,0.3,0.131,0.279,-0.8,83,0.3
"REZ","23442","Luis Vazquez","BAL",28,99,110,16,15,0,0,0,11,12,7,0,28,2,1,2,1,1,0.157,0.222,0.156,0.378,0.18,6.1,25.2,0.2,-0.001,0.216,-0.4,76,0.3
"REZ","23698","Ronny Mauricio","NYM",31,125,133,27,20,4,0,2,14,15,7,0,32,1,1,0,4,1,0.213,0.256,0.296,0.552,0.245,5,24.3,0.2,0.083,0.269,-0.1,88,0.3
"REZ","24759","Mickey Gasper","MIN",30,78,91,20,13,4,0,2,11,11,10,0,15,2,1,0,1,0,0.245,0.335,0.371,0.706,0.314,0.1,0.18,0.56,0.125,0.288,-0.1,105,0.3
"REZ","sa3014441","Gage Workman","CHC",41,157,172,34,22,7,1,4,20,19,13,0,60,1,1,0,5,2,0.216,0.279,0.353,0.632,0.277,0.08,0.35,0.219,0.136,0.321,0,79,0.3
"REZ","29788","Brett Harris","ATH",25,91,103,21,12,4,0,4,11,10,9,0,22,2,0,0,1,1,0.229,0.312,0.411,0.723,0.316,9,21.3,0.4,0.182,0.256,-0.2,88,0.3
"REZ","19818","Joshua Palacios","PIT",53,180,199,47,37,6,0,4,24,22,15,0,41,3,1,1,4,1,0.26,0.325,0.356,0.681,0.302,7.5,20.4,0.4,0.096,0.316,-0.2,95,0.3
"REZ","26374","Kameron Misner","TBR",29,102,116,23,22,0,0,0,12,12,12,0,43,1,0,0,4,1,0.223,0.308,0.217,0.525,0.246,10.3,37.6,0.3,-0.006,0.385,0.2,82,0.3
"REZ","20521","Nick Madrigal","NYM",31,100,109,24,19,4,0,0,11,9,6,0,12,2,0,1,2,1,0.241,0.299,0.292,0.591,0.266,5.4,10.7,0.5,0.051,0.27,-0.2,87,0.3
"REZ","25505","Cade Marlowe","SEA",29,109,122,25,21,2,1,2,13,13,10,0,47,1,1,0,6,2,0.232,0.302,0.315,0.617,0.276,8.2,38.4,0.2,0.083,0.382,0.4,73,0.3
"REZ","19890","Emmanuel Rivera","BAL",43,122,135,31,22,5,1,3,15,15,10,0,29,1,1,0,1,0,0.25,0.31,0.363,0.673,0.296,7.3,21.4,0.3,0.113,0.304,-0.2,95,0.3
"REZ","29630","Joey Loperfido","TOR",47,169,187,37,22,9,3,3,21,21,14,0,61,3,1,0,5,1,0.217,0.284,0.351,0.635,0.279,7.3,32.6,0.2,0.134,0.319,0,88,0.3
"REZ","26599","Jonatan Clase","TOR",24,90,100,20,16,3,0,1,13,11,8,0,30,1,1,0,6,2,0.224,0.293,0.298,0.591,0.266,8.4,30.5,0.3,0.074,0.321,0.3,84,0.3
"REZ","25543","Korey Lee","CHW",62,215,229,44,26,13,0,5,23,23,12,0,68,1,1,0,4,1,0.204,0.249,0.339,0.588,0.257,5.2,29.5,0.2,0.135,0.271,0,73,0.3
"REZ","13499","Tom Murphy","SFG",47,157,175,31,19,7,0,5,18,19,15,1,51,1,1,0,1,0,0.199,0.273,0.345,0.618,0.271,8.6,29,0.3,0.146,0.256,-0.4,91,0.3
"ATC","18015","Paul DeJong","WSN",76,267,291,55,34,10,0,11,30,34,17,0,92,4,2,0,2,1,0.207,0.264,0.374,0.638,0.278,0.06,0.32,0.188,0.167,0.265,-0.7,78,0.3
"ATC","22530","Johnathan Rodriguez","CLE",19,58,64,14,9,3,0,2,7,7,5,0,20,0,0,0,0,0,0.236,0.303,0.38,0.683,0.299,0.08,0.31,0.272,0.144,0.324,-0.1,96,0.3
"ATC","19964","Eguy Rosario","SDP",84,253,280,56,34,13,1,8,31,30,21,0,75,3,2,2,6,2,0.223,0.288,0.381,0.668,0.292,0.07,0.27,0.281,0.158,0.28,-0.2,87,0.3
"ATC","17276","Alex Jackson","NYY",42,129,142,24,13,6,0,5,15,16,10,0,44,2,1,1,1,0,0.189,0.257,0.353,0.609,0.267,0.07,0.31,0.223,0.163,0.241,-0.2,70,0.3
"ATC","25643","Drew Millas","WSN",20,66,73,16,11,3,0,1,7,7,6,0,15,0,0,0,2,0,0.239,0.299,0.354,0.653,0.288,0.08,0.2,0.381,0.115,0.286,0,84,0.3
"ATC","2967","Tommy Pham","PIT",112,427,474,104,71,21,2,11,54,45,40,0,108,4,3,0,10,3,0.245,0.313,0.377,0.69,0.304,0.09,0.23,0.374,0.133,0.301,0.1,91,0.3
"ATC","16947","Derek Hill","MIA",73,258,279,62,42,11,2,7,31,28,15,0,79,3,2,3,8,2,0.239,0.286,0.374,0.66,0.288,0.05,0.28,0.186,0.135,0.318,0.1,81,0.3
"ATC","19997","Santiago Espinal","CIN",65,218,238,56,41,11,0,4,25,24,16,0,34,1,1,2,5,1,0.256,0.309,0.356,0.664,0.293,0.07,0.14,0.464,0.1,0.287,0,80,0.3
"ATC","18171","Seth Brown","ATH",92,323,352,74,44,14,1,15,37,44,25,1,95,2,2,0,4,1,0.229,0.287,0.416,0.703,0.303,0.07,0.27,0.262,0.187,0.276,-0.6,95,0.3
"ATC","sa3019988","Jacob Melton","HOU",54,198,214,43,28,8,1,6,23,21,13,0,57,1,1,1,9,2,0.217,0.267,0.355,0.622,0.272,0.06,0.27,0.229,0.138,0.273,0.5,77,0.3
"ATC","26123","Brett Baty","NYM",39,138,153,32,22,5,0,4,16,16,13,0,39,1,0,0,0,0,0.229,0.3,0.364,0.664,0.293,0.09,0.26,0.336,0.135,0.288,-0.2,88,0.3
"ATC","26548","Luisangel Acuna","NYM",45,170,182,41,30,7,1,3,22,16,10,0,35,1,1,1,8,2,0.242,0.286,0.348,0.634,0.278,0.06,0.19,0.285,0.106,0.288,0.4,78,0.3
"ATC","27465","Spencer Torkelson","DET",68,247,279,55,32,13,0,10,32,33,27,0,75,3,2,0,1,0,0.224,0.306,0.4,0.707,0.309,0.1,0.27,0.366,0.176,0.276,-0.5,102,0.3
"ATC","9241","Starling Marte","NYM",74,282,309,73,53,12,2,6,38,31,19,1,65,5,1,1,13,3,0.259,0.317,0.377,0.694,0.305,0.06,0.21,0.297,0.118,0.316,0.9,97,0.3
"ATC","18123","Nathan Lukes","TOR",31,95,105,25,18,5,0,2,12,10,8,0,18,1,1,1,1,0,0.261,0.319,0.37,0.69,0.303,0.07,0.17,0.428,0.11,0.304,-0.1,98,0.3
"ATC","27735","Brett Wisely","SFG",46,148,163,34,23,7,1,3,17,15,12,0,39,1,1,1,3,1,0.229,0.289,0.349,0.639,0.281,0.07,0.24,0.308,0.121,0.288,-0.2,80,0.3
"ATC","23782","Leo Jimenez","TOR",27,87,98,21,14,4,0,2,11,10,7,0,23,3,1,0,1,0,0.237,0.315,0.36,0.675,0.3,0.07,0.23,0.319,0.123,0.294,-0.2,96,0.3
"ATC","14111","Eric Haase","MIL",41,131,143,28,18,5,0,5,15,17,10,0,49,1,1,0,1,0,0.213,0.268,0.361,0.629,0.275,0.07,0.35,0.193,0.148,0.297,-0.4,74,0.3
"ATC","15878","Miguel Andujar","ATH",72,279,298,73,52,14,1,6,31,31,16,1,42,2,2,0,3,1,0.264,0.306,0.389,0.695,0.302,0.05,0.14,0.373,0.125,0.289,-0.4,94,0.3
"ATC","16622","Luis Urias",NA,37,116,132,25,16,5,0,4,14,15,12,0,31,3,1,0,1,0,0.216,0.308,0.352,0.659,0.295,0.09,0.24,0.391,0.136,0.263,-0.2,90,0.3
"ATC","25845","Michael Toglia","COL",130,471,531,107,59,20,3,24,64,67,54,2,162,3,3,0,9,2,0.226,0.308,0.436,0.744,0.321,0.1,0.3,0.333,0.21,0.286,-0.1,93,0.3
"ATC","21853","Will Benson","CIN",59,183,211,38,21,9,2,7,27,22,24,0,74,2,1,1,9,3,0.209,0.306,0.388,0.694,0.305,0.12,0.35,0.33,0.179,0.301,0.2,88,0.3
"ATC","13499","Tom Murphy","SFG",47,150,166,34,22,7,0,5,17,17,14,0,49,1,1,0,0,0,0.229,0.298,0.385,0.683,0.3,0.08,0.3,0.285,0.156,0.299,-0.4,93,0.3
"ATC","13355","Luke Maile","KCR",39,116,131,24,17,5,0,2,12,11,11,0,38,2,1,1,2,0,0.208,0.286,0.318,0.604,0.271,0.08,0.29,0.277,0.11,0.285,-0.2,73,0.3
"ATC","26224","Darell Hernaiz","ATH",43,139,152,34,24,6,1,2,15,14,10,0,28,1,1,1,3,1,0.242,0.294,0.348,0.642,0.283,0.06,0.18,0.354,0.106,0.283,-0.1,81,0.3
"ATC","19802","Jhonny Pereda","ATH",30,85,95,20,15,4,0,1,9,8,8,0,22,1,1,0,0,0,0.23,0.301,0.32,0.621,0.278,0.09,0.23,0.382,0.09,0.291,-0.2,78,0.3
"ATC","14813","Kyle Farmer","COL",75,237,261,59,40,11,1,6,29,29,17,0,53,5,2,0,3,2,0.249,0.31,0.383,0.693,0.304,0.06,0.2,0.314,0.134,0.294,-0.6,81,0.3
"ATC","15464","Hunter Renfroe","KCR",99,357,393,82,50,18,0,14,42,47,31,0,83,3,2,0,1,0,0.23,0.295,0.399,0.695,0.303,0.08,0.21,0.375,0.169,0.261,-1.1,95,0.3
"ATC","19318","Matt Thaiss","CHW",42,130,150,27,19,5,0,3,14,14,18,0,42,1,1,0,1,0,0.207,0.309,0.318,0.627,0.283,0.12,0.28,0.436,0.111,0.277,-0.3,81,0.3
"ATC","19455","Andruw Monasterio","MIL",41,129,145,30,21,6,0,2,16,14,14,0,36,1,1,0,5,1,0.231,0.311,0.332,0.643,0.288,0.1,0.25,0.394,0.101,0.3,0,83,0.3
"ATC","19844","Abraham Toro","BOS",21,76,83,18,12,4,0,2,9,8,6,0,15,1,0,0,1,0,0.24,0.302,0.369,0.671,0.295,0.07,0.18,0.399,0.129,0.278,-0.1,85,0.3
"ATC","29554","Adrian Del Castillo","ARI",45,157,174,37,23,8,0,5,19,21,15,0,44,1,1,0,1,0,0.234,0.303,0.389,0.692,0.302,0.08,0.26,0.329,0.155,0.291,-0.4,92,0.3
"ATC","24488","Max Schuemann","ATH",51,166,190,36,25,7,1,3,21,15,18,0,50,4,1,2,6,1,0.217,0.304,0.325,0.629,0.283,0.09,0.26,0.352,0.108,0.288,0.2,81,0.3
"ATC","11489","Michael A Taylor","CHW",60,189,208,40,27,7,0,6,23,20,15,0,69,1,1,2,6,1,0.211,0.271,0.342,0.614,0.27,0.07,0.33,0.215,0.131,0.294,0.3,73,0.3
"ATC","31396","Tyler Locklear","SEA",28,95,107,21,13,4,0,3,11,11,9,0,32,2,1,0,1,0,0.216,0.295,0.359,0.653,0.288,0.08,0.3,0.275,0.142,0.289,-0.1,93,0.3
"ATC","25180","Daniel Schneemann","CLE",42,135,152,30,19,6,1,3,15,14,15,0,43,1,1,0,3,1,0.219,0.298,0.352,0.649,0.288,0.1,0.28,0.348,0.133,0.292,-0.2,87,0.3
"ATC","27763","Drew Romo","COL",57,194,208,47,32,10,1,4,20,21,10,0,46,2,1,1,2,1,0.243,0.283,0.365,0.649,0.282,0.05,0.22,0.21,0.123,0.296,-0.2,67,0.3
"Depth Charts","11489","Michael A Taylor","CHW",41,159,175,34,24,5,0,5,19,17,12,0,56,1,1,1,5,1,0.216,0.275,0.345,0.62,0.273,0.07,0.32,0.221,0.129,0.298,0.3,76,0.3
"Depth Charts","18015","Paul DeJong","WSN",52,205,224,43,26,8,0,9,23,26,14,0,69,3,2,0,2,1,0.211,0.269,0.38,0.65,0.283,0.06,0.31,0.199,0.17,0.268,-0.6,81,0.3
"Depth Charts","10243","Randal Grichuk","ARI",60,239,259,60,38,13,1,8,30,32,16,0,54,3,2,0,1,1,0.252,0.303,0.417,0.72,0.312,0.06,0.21,0.29,0.165,0.292,-0.6,98,0.3
"Depth Charts","23782","Leo Jimenez","TOR",18,67,77,16,11,3,0,2,9,8,6,0,17,3,1,0,1,0,0.235,0.329,0.36,0.69,0.309,0.08,0.22,0.379,0.126,0.287,-0.2,102,0.3
"Depth Charts","19818","Joshua Palacios","PIT",31,120,133,31,21,6,1,3,16,15,10,0,28,2,1,1,3,1,0.258,0.322,0.405,0.727,0.317,0.07,0.21,0.353,0.147,0.309,-0.1,101,0.3
"Depth Charts","12158","Austin Barnes","LAD",34,119,134,26,19,4,0,2,14,12,12,0,30,1,1,1,2,0,0.218,0.296,0.313,0.609,0.274,0.09,0.23,0.397,0.094,0.272,-0.1,76,0.3
"Depth Charts","5827","Wilmer Flores","SFG",91,348,392,83,53,17,0,12,43,46,35,1,61,5,3,1,0,0,0.238,0.313,0.396,0.709,0.31,0.09,0.16,0.568,0.158,0.254,-1.3,100,0.3
"Depth Charts","27504","Nick Yorke","PIT",34,133,147,33,23,7,0,3,17,15,12,0,33,1,1,0,3,1,0.251,0.315,0.372,0.687,0.302,0.08,0.22,0.353,0.121,0.311,-0.1,90,0.3
"Depth Charts","29547","Ryan Bliss","SEA",23,88,98,19,13,4,1,2,12,10,8,0,26,1,1,0,6,2,0.222,0.293,0.355,0.648,0.287,0.08,0.27,0.306,0.133,0.287,0.2,92,0.3
"Depth Charts","27630","Nick Loftin","KCR",29,112,126,28,19,5,0,2,14,13,11,0,21,1,1,0,2,1,0.247,0.323,0.368,0.69,0.306,0.09,0.16,0.553,0.12,0.282,-0.1,94,0.3
"Depth Charts","20321","Stuart Fairchild","CIN",58,223,252,51,32,10,1,8,31,29,20,0,69,6,2,2,9,2,0.229,0.307,0.392,0.699,0.307,0.08,0.28,0.292,0.163,0.292,0.6,90,0.3
"Depth Charts","6184","JD Martinez",NA,99,381,427,90,53,21,1,15,47,53,39,1,123,4,3,0,0,0,0.236,0.311,0.412,0.722,0.314,0.09,0.29,0.316,0.175,0.306,-1.9,103,0.3
"Depth Charts","sa3017400","Liam Hicks","MIA",26,89,103,21,16,4,0,1,10,9,11,0,17,2,1,0,1,0,0.24,0.335,0.329,0.664,0.301,0.1,0.17,0.615,0.089,0.284,-0.2,89,0.3
"Depth Charts","22277","Nick Allen","ATL",26,101,112,25,19,5,0,1,12,11,9,0,18,1,1,1,2,1,0.249,0.312,0.342,0.654,0.291,0.08,0.16,0.485,0.093,0.289,-0.1,84,0.3
"Depth Charts","sa3017290","Max Muncy","ATH",24,95,105,22,14,5,0,2,11,11,7,0,32,2,1,1,1,0,0.229,0.293,0.359,0.652,0.287,0.06,0.3,0.217,0.13,0.316,-0.1,90,0.3
"Depth Charts","19455","Andruw Monasterio","MIL",28,105,119,25,18,5,0,2,14,11,12,0,29,1,1,0,4,1,0.239,0.322,0.339,0.662,0.297,0.1,0.25,0.414,0.101,0.313,0,89,0.3
"Depth Charts","21562","Romy Gonzalez","BOS",23,91,98,23,15,4,1,3,12,13,6,0,27,1,1,0,4,1,0.255,0.302,0.424,0.726,0.313,0.06,0.28,0.209,0.169,0.329,0.2,98,0.3
"Depth Charts","27462","Austin Martin","MIN",29,108,126,26,19,6,0,1,15,11,13,0,23,3,1,1,4,1,0.243,0.341,0.337,0.678,0.306,0.11,0.18,0.591,0.094,0.296,0.2,100,0.3
"Depth Charts","25845","Michael Toglia","COL",131,502,567,114,65,20,3,26,69,75,58,1,170,3,4,0,8,2,0.226,0.308,0.432,0.74,0.32,0.1,0.3,0.338,0.206,0.284,-0.1,92,0.3
"Depth Charts","sa3004048","Tirso Ornelas","SDP",76,299,329,72,49,15,1,8,35,36,25,1,69,2,2,1,3,1,0.241,0.303,0.376,0.679,0.297,0.08,0.21,0.361,0.135,0.286,-0.4,94,0.3
"Depth Charts","14813","Kyle Farmer","COL",55,216,238,54,37,10,1,6,26,26,14,1,47,5,2,0,3,2,0.251,0.31,0.391,0.701,0.306,0.06,0.2,0.301,0.14,0.292,-0.8,83,0.3
"Depth Charts","17954","Sam Hilliard","COL",73,280,315,66,39,12,2,12,40,39,30,1,98,1,2,1,8,2,0.234,0.308,0.423,0.73,0.316,0.09,0.31,0.302,0.189,0.309,0.3,89,0.3
"Depth Charts","29554","Adrian Del Castillo","ARI",29,107,119,26,16,6,0,3,14,15,10,0,29,1,1,0,0,0,0.24,0.311,0.402,0.712,0.31,0.09,0.24,0.355,0.162,0.296,-0.3,97,0.3
"Depth Charts","sa3022614","Luke Keaschall","MIN",15,55,63,14,9,3,0,1,8,7,6,0,14,2,0,0,1,0,0.25,0.338,0.386,0.725,0.321,0.1,0.22,0.439,0.137,0.306,0,110,0.3
"Depth Charts","27789","Shay Whitcomb","HOU",21,83,91,19,12,4,0,3,11,12,6,0,26,1,1,0,2,1,0.231,0.289,0.394,0.682,0.297,0.07,0.28,0.237,0.163,0.292,0,94,0.3
"Depth Charts","27531","David Hamilton","BOS",21,82,91,19,12,4,1,2,11,9,8,0,23,1,0,0,7,2,0.228,0.3,0.359,0.659,0.291,0.09,0.25,0.353,0.131,0.29,0.7,83,0.3
"Depth Charts","sa3014693","Emmanuel Rodriguez","MIN",15,52,63,11,6,2,1,2,9,7,10,0,22,1,0,0,1,0,0.211,0.338,0.383,0.721,0.321,0.15,0.35,0.441,0.172,0.319,-0.1,110,0.3
"Depth Charts","20521","Nick Madrigal","NYM",19,77,84,20,15,4,0,0,9,8,5,0,9,2,0,1,1,0,0.264,0.32,0.347,0.667,0.296,0.05,0.11,0.501,0.083,0.293,-0.2,93,0.3
"Depth Charts","10028","Christian Bethancourt","TOR",19,72,77,17,11,4,0,2,9,9,3,0,20,0,0,0,1,0,0.232,0.27,0.386,0.655,0.284,0.04,0.26,0.174,0.153,0.284,0,85,0.3
"Depth Charts","27577","Casey Schmitt","SFG",21,84,91,20,14,4,0,2,10,10,5,0,21,1,1,0,1,0,0.243,0.292,0.386,0.678,0.295,0.06,0.23,0.245,0.143,0.292,-0.1,90,0.3
"Depth Charts","19806","Jason Delay","PIT",21,76,83,18,12,4,0,1,8,7,5,0,18,1,0,1,1,0,0.233,0.291,0.323,0.614,0.273,0.07,0.22,0.303,0.09,0.293,-0.2,71,0.3
"OOPSY","11445","Mark Canha",NA,96,356,413,84,60,17,1,6,45,33,40,1,82,14,3,0,6,1,0.235,0.333,0.341,0.674,0.304,0.1,0.2,0.486,0.106,0.287,-0.6,96,0.3
"OOPSY","26548","Luisangel Acuna","NYM",37,151,161,36,26,7,1,3,16,13,9,0,35,0,1,0,10,2,0.239,0.278,0.345,0.623,0.272,0.05,0.22,0.246,0.106,0.291,0.8,77,0.3
"OOPSY","21646","Rafael Marchan","PHI",36,126,141,29,20,6,0,2,14,11,11,0,25,2,1,0,0,0,0.227,0.299,0.324,0.623,0.279,0.08,0.18,0.451,0.097,0.266,-0.3,77,0.3
"OOPSY","25543","Korey Lee","CHW",47,174,186,38,25,8,0,5,17,19,9,0,54,1,1,0,4,1,0.22,0.261,0.353,0.615,0.268,0.05,0.29,0.171,0.133,0.288,0.1,72,0.3
"OOPSY","13897","Tyler Heineman","TOR",36,122,141,26,19,5,0,1,14,9,13,0,31,2,1,2,3,1,0.211,0.298,0.293,0.591,0.269,0.09,0.22,0.431,0.082,0.268,-0.3,74,0.3
"OOPSY","13723","Jacob Stallings","COL",75,261,294,61,42,13,1,5,31,27,26,0,67,4,2,1,1,0,0.233,0.311,0.352,0.662,0.295,0.09,0.23,0.389,0.119,0.291,-1.9,75,0.3
"OOPSY","sa3020212","Alan Roden","TOR",28,104,119,26,18,5,0,2,13,11,11,0,21,3,1,0,2,0,0.247,0.332,0.365,0.696,0.31,0.09,0.18,0.523,0.118,0.289,0,103,0.3
"OOPSY","16622","Luis Urias",NA,34,128,147,28,18,5,0,4,15,14,15,0,34,3,1,0,1,0,0.217,0.312,0.35,0.662,0.296,0.1,0.23,0.428,0.133,0.264,-0.2,90,0.3
"OOPSY","17901","Andrew Benintendi","CHW",126,492,546,123,87,24,1,11,58,50,47,1,93,2,4,1,7,3,0.25,0.316,0.37,0.686,0.302,0.09,0.17,0.504,0.121,0.286,-0.6,96,0.3
"OOPSY","sa3020219","Chandler Simpson","TBR",19,77,84,21,17,3,0,0,8,4,5,0,12,0,1,1,10,2,0.267,0.313,0.319,0.632,0.281,0.06,0.14,0.449,0.052,0.312,1.2,86,0.3
"OOPSY","10028","Christian Bethancourt","TOR",19,72,77,17,11,4,0,2,7,9,3,0,19,0,0,0,1,0,0.236,0.272,0.389,0.661,0.286,0.04,0.25,0.18,0.153,0.285,-0.1,86,0.3
"OOPSY","23782","Leo Jimenez","TOR",18,66,77,16,11,3,0,1,8,6,6,0,16,4,1,0,1,0,0.234,0.331,0.344,0.675,0.304,0.08,0.21,0.384,0.11,0.288,-0.2,99,0.3
"OOPSY","23359","Nelson Velazquez","KCR",31,120,133,28,16,6,1,5,16,17,11,0,36,1,1,0,2,1,0.237,0.305,0.434,0.739,0.319,0.08,0.27,0.307,0.197,0.289,0,104,0.3
"OOPSY","14813","Kyle Farmer","COL",55,216,238,55,38,11,1,5,27,23,15,0,46,5,2,0,4,2,0.253,0.314,0.384,0.697,0.306,0.06,0.2,0.315,0.131,0.298,-0.8,83,0.3
"OOPSY","sa3014693","Emmanuel Rodriguez","MIN",15,51,63,10,6,2,0,2,9,7,11,0,22,0,1,0,2,0,0.204,0.345,0.384,0.729,0.325,0.17,0.34,0.501,0.18,0.3,0,113,0.3
"OOPSY","27531","David Hamilton","BOS",21,82,91,19,12,4,1,2,11,8,8,0,22,0,1,0,8,2,0.229,0.299,0.359,0.658,0.29,0.09,0.24,0.358,0.129,0.292,0.9,82,0.3
"OOPSY","21562","Romy Gonzalez","BOS",23,90,98,23,14,4,1,4,12,12,6,0,28,1,1,0,4,2,0.25,0.299,0.429,0.728,0.313,0.06,0.28,0.217,0.179,0.318,-0.1,98,0.3
"OOPSY","26224","Darell Hernaiz","ATH",34,136,147,33,24,6,0,2,14,12,8,0,28,1,1,1,3,1,0.243,0.289,0.338,0.627,0.276,0.06,0.19,0.3,0.095,0.29,0,82,0.3
"OOPSY","sa3019988","Jacob Melton","HOU",57,228,245,48,31,10,1,7,23,26,15,0,67,1,2,0,12,2,0.212,0.26,0.356,0.617,0.269,0.06,0.28,0.217,0.144,0.265,1.1,74,0.3
"OOPSY","29634","Will Wagner","TOR",79,302,343,72,51,16,1,4,37,28,35,0,69,3,3,1,2,0,0.239,0.321,0.341,0.662,0.296,0.1,0.2,0.515,0.102,0.293,-0.7,93,0.3
"OOPSY","29949","Tyler Black","MIL",73,271,315,60,40,11,3,6,41,25,35,0,73,6,2,0,13,3,0.221,0.321,0.348,0.67,0.3,0.11,0.23,0.486,0.128,0.276,0.6,91,0.3
"OOPSY","27735","Brett Wisely","SFG",36,138,154,32,22,7,1,3,16,14,13,0,37,1,1,1,3,1,0.231,0.297,0.349,0.646,0.285,0.08,0.24,0.341,0.118,0.293,-0.2,84,0.3
"OOPSY","6184","JD Martinez",NA,99,384,427,89,51,20,1,17,48,56,36,1,121,3,3,0,0,0,0.232,0.302,0.424,0.726,0.314,0.09,0.28,0.302,0.192,0.288,-2.3,103,0.3
"OOPSY","19997","Santiago Espinal","CIN",47,184,203,47,34,9,0,3,20,17,15,0,30,1,1,1,4,1,0.253,0.312,0.352,0.664,0.294,0.07,0.15,0.512,0.099,0.286,0,81,0.3
"OOPSY","sa3017400","Liam Hicks","MIA",26,89,103,20,15,4,0,1,10,7,11,0,19,2,1,0,0,0,0.228,0.326,0.303,0.629,0.288,0.11,0.19,0.568,0.075,0.278,-0.3,81,0.3
"OOPSY","sa3022614","Luke Keaschall","MIN",15,55,63,13,9,3,0,2,7,6,6,0,15,2,1,0,2,0,0.239,0.332,0.381,0.713,0.316,0.1,0.24,0.41,0.142,0.297,0,107,0.3
"OOPSY","27504","Nick Yorke","PIT",34,133,147,33,23,7,0,3,16,14,11,0,35,1,1,0,4,1,0.247,0.309,0.372,0.68,0.299,0.08,0.23,0.329,0.125,0.308,0,88,0.3
"OOPSY","sa3021053","Chase DeLauter","CLE",24,96,105,24,16,6,0,3,11,12,8,0,20,0,1,0,1,0,0.252,0.309,0.4,0.709,0.308,0.08,0.19,0.405,0.148,0.287,-0.1,102,0.3
"OOPSY","26540","Angel Martinez","CLE",52,202,224,47,32,10,1,4,23,20,16,0,47,2,2,1,4,1,0.23,0.29,0.344,0.634,0.28,0.07,0.21,0.343,0.114,0.278,-0.1,82,0.3
"OOPSY","27690","Joey Wiemer","KCR",32,125,140,28,18,6,0,3,15,14,13,0,38,1,1,0,4,1,0.225,0.303,0.364,0.667,0.295,0.09,0.27,0.349,0.139,0.291,0,87,0.3
"OOPSY","26467","Luis Matos","SFG",53,214,231,52,35,11,0,5,22,24,12,0,34,3,2,0,4,1,0.242,0.288,0.372,0.66,0.288,0.05,0.15,0.355,0.13,0.262,-0.1,86,0.3
"OOPSY","29576","Ben Rice","NYY",11,40,47,9,5,2,0,2,5,6,5,0,12,1,0,0,1,0,0.229,0.323,0.432,0.756,0.328,0.11,0.25,0.443,0.204,0.261,-0.1,115,0.3
"OOPSY","14274","Mitch Haniger","SEA",96,371,413,81,51,14,1,15,43,46,35,1,117,4,3,0,1,0,0.217,0.29,0.38,0.67,0.294,0.08,0.28,0.296,0.163,0.272,-1.1,97,0.3
"OOPSY","12160","Ben Gamel","HOU",57,214,245,48,32,10,1,5,27,23,28,0,65,1,2,0,2,1,0.224,0.316,0.355,0.671,0.299,0.12,0.27,0.434,0.131,0.294,-0.6,96,0.3
"Steamer","14813","Kyle Farmer","COL",55,206,226,52,35,10,1,6,25,24,14,0,45,4,2,1,4,1,0.253,0.311,0.395,0.705,0.308,0.06,0.2,0.301,0.142,0.296,-0.4,84,0.3
"Steamer","22530","Johnathan Rodriguez","CLE",34,124,138,30,19,6,0,5,15,16,12,0,42,1,1,0,1,0,0.239,0.311,0.407,0.718,0.313,0.09,0.3,0.295,0.168,0.316,-0.2,105,0.3
"Steamer","11680","Elias Diaz","SDP",72,265,289,60,40,12,0,7,29,30,19,1,68,2,2,1,1,0,0.226,0.282,0.357,0.639,0.279,0.07,0.24,0.279,0.131,0.275,-1.2,81,0.3
"Steamer","sa3017400","Liam Hicks","MIA",24,85,98,20,14,4,0,1,10,8,11,0,18,2,1,0,1,0,0.233,0.329,0.327,0.656,0.297,0.11,0.18,0.6,0.094,0.279,-0.2,87,0.3
"Steamer","17022","Edmundo Sosa","PHI",32,120,130,29,19,6,1,3,14,14,5,0,32,3,1,0,2,1,0.243,0.29,0.386,0.676,0.294,0.04,0.24,0.172,0.143,0.303,0.2,87,0.3
"Steamer","13757","Chris Taylor","LAD",66,236,267,51,33,11,1,6,29,27,26,1,85,3,2,1,6,1,0.215,0.299,0.349,0.648,0.287,0.1,0.32,0.311,0.134,0.303,-0.1,85,0.3
"Steamer","27630","Nick Loftin","KCR",29,106,119,26,19,5,0,2,13,12,11,0,20,1,1,0,1,0,0.249,0.323,0.368,0.691,0.306,0.09,0.17,0.534,0.119,0.286,-0.1,95,0.3
"Steamer","29547","Ryan Bliss","SEA",23,81,90,18,12,4,0,2,10,9,7,0,24,1,1,0,5,2,0.223,0.294,0.362,0.656,0.289,0.08,0.26,0.314,0.139,0.285,0.3,94,0.3
"Steamer","27735","Brett Wisely","SFG",36,127,141,30,20,7,1,3,15,13,11,0,33,1,1,1,3,1,0.233,0.299,0.356,0.655,0.289,0.08,0.24,0.336,0.122,0.293,-0.1,86,0.3
"Steamer","22557","Michael Siani","STL",53,184,207,40,30,7,1,3,21,18,19,0,51,2,1,1,9,2,0.219,0.296,0.317,0.613,0.275,0.09,0.25,0.372,0.098,0.284,0.5,76,0.3
"Steamer","18819","Andy Ibanez","DET",47,183,201,45,30,10,1,4,21,20,14,0,41,2,1,1,2,1,0.245,0.301,0.378,0.68,0.298,0.07,0.21,0.327,0.133,0.292,-0.2,94,0.3
"Steamer","22054","Dane Myers","MIA",73,274,302,66,46,12,1,7,31,30,21,0,84,4,2,1,6,2,0.241,0.302,0.371,0.674,0.296,0.07,0.28,0.247,0.13,0.319,-0.1,86,0.3
"Steamer","3473","Anthony Rizzo",NA,89,332,376,77,51,14,1,12,41,43,32,2,78,9,3,1,2,1,0.233,0.317,0.385,0.702,0.309,0.09,0.21,0.414,0.152,0.269,-1.5,99,0.3
"Steamer","23782","Leo Jimenez","TOR",18,61,70,14,10,3,0,1,7,7,6,0,15,2,1,0,1,0,0.236,0.323,0.36,0.683,0.305,0.08,0.22,0.379,0.124,0.288,-0.2,100,0.3
"Steamer","29554","Adrian Del Castillo","ARI",28,99,111,24,15,6,0,3,13,13,10,0,27,1,1,0,1,0,0.242,0.314,0.407,0.72,0.313,0.09,0.24,0.372,0.165,0.295,-0.2,99,0.3
"Steamer","24934","David Fry","CLE",40,148,168,36,22,8,0,5,19,20,16,1,39,3,1,0,2,0,0.244,0.326,0.413,0.739,0.321,0.09,0.23,0.396,0.169,0.294,-0.2,111,0.3
"Steamer","17954","Sam Hilliard","COL",73,253,284,60,36,11,2,11,33,34,26,1,86,2,2,1,7,2,0.237,0.31,0.423,0.733,0.318,0.09,0.3,0.302,0.186,0.311,0.2,90,0.3
"Steamer","15679","Rowdy Tellez",NA,63,239,266,57,35,10,0,11,31,34,23,1,59,2,2,0,1,0,0.236,0.305,0.417,0.723,0.313,0.09,0.22,0.383,0.181,0.268,-1,102,0.3
"Steamer","22277","Nick Allen","ATL",26,91,100,23,16,4,0,1,11,9,8,0,17,1,1,0,2,1,0.249,0.312,0.35,0.661,0.293,0.08,0.16,0.478,0.101,0.289,0,86,0.3
"Steamer","18123","Nathan Lukes","TOR",26,89,99,24,17,5,1,2,11,10,8,0,19,1,1,0,1,0,0.266,0.328,0.384,0.712,0.313,0.08,0.19,0.413,0.118,0.318,-0.1,105,0.3
"Steamer","25845","Michael Toglia","COL",131,482,545,109,62,19,3,25,65,71,56,2,163,3,4,1,8,2,0.226,0.308,0.436,0.745,0.321,0.1,0.3,0.34,0.21,0.282,0,93,0.3
"THE BAT","20321","Stuart Fairchild","CIN",70,210,236,47,29,10,1,8,28,25,18,0,63,5,1,2,8,2,0.226,0.299,0.389,0.688,0.301,0.07,0.27,0.281,0.164,0.283,0.4,86,0.3
"THE BAT","13355","Luke Maile","KCR",43,126,142,26,18,5,0,3,14,13,11,0,42,2,1,0,1,0,0.209,0.283,0.323,0.606,0.271,0.08,0.3,0.262,0.114,0.285,-0.2,73,0.3
"THE BAT","6184","JD Martinez",NA,93,368,409,87,51,20,1,15,46,52,33,0,115,3,3,0,1,0,0.236,0.302,0.415,0.717,0.311,0.08,0.28,0.287,0.179,0.3,-0.6,101,0.3
"THE BAT","29949","Tyler Black","MIL",59,197,223,45,30,9,1,5,25,22,21,1,51,3,2,0,7,2,0.231,0.313,0.364,0.677,0.299,0.09,0.23,0.409,0.133,0.284,0.3,90,0.3
"THE BAT","24488","Max Schuemann","ATH",50,165,187,35,24,7,1,3,19,13,16,0,49,4,1,2,5,1,0.212,0.293,0.317,0.61,0.274,0.09,0.26,0.323,0.106,0.279,0.2,80,0.3
"THE BAT","23565","Davis Schneider","TOR",63,212,242,45,26,10,1,8,28,28,25,0,72,3,2,0,3,1,0.211,0.302,0.383,0.684,0.302,0.1,0.3,0.353,0.172,0.272,-0.2,97,0.3
"THE BAT","12158","Austin Barnes","LAD",41,127,144,27,20,5,0,2,15,12,12,0,33,1,1,1,2,1,0.216,0.289,0.31,0.599,0.269,0.08,0.23,0.362,0.095,0.271,-0.1,72,0.3
"THE BAT","17022","Edmundo Sosa","PHI",52,170,186,40,26,8,1,5,21,19,8,0,45,5,1,1,3,1,0.234,0.287,0.375,0.661,0.289,0.04,0.24,0.179,0.141,0.288,-0.1,84,0.3
"THE BAT","24770","James Outman","LAD",39,128,145,27,16,6,1,5,18,17,14,0,46,2,1,0,3,1,0.213,0.298,0.384,0.682,0.299,0.09,0.32,0.295,0.17,0.286,0,93,0.3
"THE BAT","10243","Randal Grichuk","ARI",61,214,233,52,32,11,1,8,26,30,14,0,47,2,2,0,1,0,0.243,0.296,0.419,0.716,0.309,0.06,0.2,0.304,0.176,0.272,-0.3,99,0.3
"THE BAT","sa3022614","Luke Keaschall","MIN",25,87,97,21,14,5,0,2,11,10,7,0,21,2,1,0,2,1,0.245,0.314,0.387,0.701,0.307,0.08,0.22,0.358,0.142,0.294,-0.1,100,0.3
"THE BAT","29634","Will Wagner","TOR",78,277,308,70,50,14,1,5,33,29,25,0,56,3,2,1,2,1,0.253,0.32,0.362,0.681,0.301,0.08,0.18,0.448,0.109,0.3,-0.5,97,0.3
"THE BAT","14111","Eric Haase","MIL",41,131,143,27,17,5,0,5,14,17,9,0,48,1,1,0,1,0,0.207,0.262,0.36,0.622,0.272,0.06,0.34,0.189,0.153,0.282,-0.2,72,0.3
"THE BAT","17276","Alex Jackson","NYY",43,130,144,25,15,5,0,5,13,15,10,0,43,3,1,0,0,0,0.193,0.261,0.342,0.602,0.265,0.07,0.3,0.22,0.149,0.248,-0.2,70,0.3
"THE BAT","23698","Ronny Mauricio","NYM",35,129,138,31,21,6,0,3,16,14,7,1,31,1,1,0,4,1,0.242,0.285,0.38,0.665,0.288,0.05,0.23,0.231,0.138,0.292,0,87,0.3
"THE BAT","23733","Ezequiel Duran","TEX",64,219,236,52,35,11,1,6,26,23,13,0,58,2,1,0,5,1,0.237,0.284,0.373,0.658,0.286,0.05,0.25,0.217,0.136,0.296,0,85,0.3
"THE BAT","22563","Gabriel Arias","CLE",45,150,163,35,23,7,0,4,17,16,10,0,47,2,1,0,3,1,0.231,0.282,0.357,0.64,0.28,0.06,0.29,0.207,0.127,0.308,-0.1,82,0.3
"THE BAT","19722","Carlos Narvaez","BOS",58,174,195,36,24,7,0,4,19,19,17,1,58,2,1,0,2,1,0.208,0.285,0.325,0.61,0.271,0.09,0.3,0.291,0.117,0.283,-0.2,69,0.3
"THE BAT","17484","Eloy Jimenez","TBR",65,241,263,61,42,10,0,8,28,32,18,1,53,2,2,0,1,0,0.253,0.308,0.4,0.708,0.308,0.07,0.2,0.338,0.147,0.29,-0.4,105,0.3
"THE BAT","20126","Dylan Carlson","BAL",44,140,158,32,21,7,1,3,17,16,14,0,36,2,1,0,1,0,0.23,0.309,0.364,0.673,0.297,0.09,0.23,0.388,0.133,0.284,-0.2,95,0.3
"THE BAT","13145","Josh Bell","WSN",132,487,549,118,79,20,1,17,58,66,52,2,109,4,4,0,1,0,0.242,0.318,0.392,0.71,0.311,0.1,0.2,0.475,0.15,0.276,-1,99,0.3
"THE BAT","sa3017400","Liam Hicks","MIA",37,122,138,29,21,6,0,1,13,12,12,0,23,2,1,0,1,0,0.235,0.313,0.327,0.64,0.287,0.09,0.17,0.521,0.092,0.276,-0.2,80,0.3
"THE BAT","29576","Ben Rice","NYY",18,59,67,13,8,3,0,3,8,8,7,0,16,1,0,0,1,0,0.226,0.31,0.409,0.719,0.314,0.1,0.24,0.402,0.184,0.263,-0.1,105,0.3
"THE BAT","25805","Blake Sabol","BOS",16,50,55,11,7,2,0,1,6,6,4,0,16,1,0,0,1,0,0.224,0.29,0.357,0.647,0.285,0.08,0.29,0.263,0.133,0.301,0,78,0.3
"THE BAT","16572","Connor Joe","SDP",50,167,191,39,25,8,1,5,22,19,20,0,43,3,1,0,2,1,0.231,0.32,0.37,0.69,0.306,0.1,0.22,0.456,0.139,0.282,-0.2,97,0.3
"THE BAT","sa3021053","Chase DeLauter","CLE",52,186,201,46,31,10,0,5,21,22,13,1,36,2,1,0,2,1,0.248,0.3,0.384,0.684,0.298,0.06,0.18,0.358,0.136,0.282,-0.3,94,0.3
"THE BAT","24598","Addison Barger","TOR",45,153,168,35,21,8,0,5,18,18,12,0,45,2,1,0,2,0,0.226,0.29,0.376,0.667,0.291,0.07,0.27,0.277,0.15,0.288,-0.1,90,0.3
"THE BAT","26548","Luisangel Acuna","NYM",57,208,222,50,37,9,1,3,25,18,11,0,46,1,1,1,9,2,0.24,0.281,0.339,0.62,0.272,0.05,0.2,0.247,0.099,0.291,0.5,76,0.3
"THE BAT","16622","Luis Urias",NA,38,119,135,26,17,5,0,4,14,14,12,0,31,3,1,0,1,0,0.216,0.302,0.353,0.655,0.292,0.09,0.23,0.385,0.137,0.26,-0.2,87,0.3
"THE BAT","26467","Luis Matos","SFG",35,122,133,31,21,7,0,3,14,14,7,0,16,1,1,0,2,1,0.254,0.301,0.388,0.689,0.3,0.06,0.12,0.443,0.134,0.27,0,93,0.3
"THE BAT","29794","Kyle Manzardo","CLE",112,390,437,90,53,22,1,14,46,55,39,2,95,4,3,0,1,0,0.23,0.304,0.399,0.703,0.306,0.09,0.22,0.408,0.17,0.265,-0.7,100,0.3
"THE BAT","25967","Orelvis Martinez","TOR",47,162,177,35,20,8,0,6,18,22,12,1,47,2,1,0,1,0,0.216,0.276,0.388,0.664,0.287,0.07,0.27,0.248,0.171,0.262,-0.2,87,0.3
"THE BAT","22054","Dane Myers","MIA",60,190,207,46,32,8,1,5,22,20,13,0,57,3,1,0,5,1,0.242,0.299,0.369,0.667,0.293,0.06,0.28,0.226,0.127,0.319,0.1,84,0.3
"THE BAT","9874","DJ LeMahieu","NYY",90,319,356,75,57,12,1,5,36,30,33,0,67,2,2,1,1,0,0.236,0.309,0.329,0.638,0.285,0.09,0.19,0.494,0.094,0.281,-0.6,84,0.3
"THE BAT","5235","Justin Turner",NA,106,395,441,99,68,21,1,10,46,48,34,0,80,8,4,0,2,0,0.25,0.318,0.379,0.698,0.307,0.08,0.18,0.42,0.129,0.288,-0.7,98,0.3
"THE BAT","12144","Max Kepler","PHI",111,404,450,94,60,20,2,13,48,51,37,1,90,5,3,0,1,0,0.233,0.304,0.385,0.689,0.302,0.08,0.2,0.415,0.152,0.268,-0.7,92,0.3
"THE BAT","22277","Nick Allen","ATL",39,127,139,31,23,6,1,1,15,11,9,0,22,1,1,2,3,1,0.245,0.295,0.33,0.625,0.276,0.06,0.16,0.389,0.085,0.285,0,75,0.3
"THE BAT","19964","Eguy Rosario","SDP",126,375,410,82,52,18,1,11,45,40,28,1,108,3,3,1,11,3,0.218,0.275,0.356,0.632,0.276,0.07,0.26,0.254,0.139,0.275,0.3,79,0.3
"THE BAT","25543","Korey Lee","CHW",69,225,240,48,32,9,1,6,23,24,12,0,72,2,1,0,4,1,0.214,0.258,0.343,0.601,0.263,0.05,0.3,0.169,0.129,0.283,0,68,0.3
"THE BATX","26548","Luisangel Acuna","NYM",57,208,222,50,37,9,1,3,25,18,11,0,46,1,1,1,10,2,0.24,0.281,0.34,0.621,0.273,0.05,0.2,0.247,0.1,0.291,1.1,77,0.3
"THE BATX","25805","Blake Sabol","BOS",16,50,55,11,7,2,0,2,6,6,4,0,16,1,0,0,1,0,0.228,0.295,0.384,0.68,0.297,0.08,0.29,0.267,0.156,0.299,0,87,0.3
"THE BATX","22244","Jack Suwinski","PIT",62,206,234,44,25,9,1,9,27,28,24,1,70,2,1,0,4,1,0.214,0.302,0.395,0.697,0.304,0.1,0.3,0.347,0.181,0.276,0,92,0.3
"THE BATX","22563","Gabriel Arias","CLE",45,150,163,35,24,7,0,4,17,17,10,0,47,2,1,0,3,1,0.232,0.285,0.362,0.647,0.283,0.06,0.29,0.209,0.13,0.309,-0.1,84,0.3
"THE BATX","9874","DJ LeMahieu","NYY",90,320,356,77,58,13,1,6,36,31,32,0,67,2,2,1,1,1,0.24,0.31,0.336,0.646,0.288,0.09,0.19,0.475,0.096,0.285,-0.7,86,0.3
"THE BATX","19892","Pavin Smith","ARI",85,272,308,66,41,13,1,10,36,40,31,1,64,2,2,0,1,0,0.241,0.321,0.41,0.731,0.319,0.1,0.21,0.492,0.169,0.276,-0.5,103,0.3
"THE BATX","24598","Addison Barger","TOR",45,153,168,35,21,8,1,5,19,18,12,0,45,2,1,0,2,0,0.228,0.292,0.384,0.675,0.295,0.07,0.27,0.276,0.155,0.289,-0.1,92,0.3
"THE BATX","sa3022614","Luke Keaschall","MIN",25,87,97,21,14,5,0,2,11,10,7,0,21,2,1,0,2,0,0.246,0.314,0.388,0.702,0.307,0.08,0.22,0.358,0.142,0.294,0.1,100,0.3
"THE BATX","27465","Spencer Torkelson","DET",76,277,313,61,35,14,1,12,34,38,30,0,82,4,2,0,1,0,0.222,0.303,0.401,0.704,0.308,0.1,0.26,0.36,0.18,0.269,-0.5,102,0.3
"THE BATX","22054","Dane Myers","MIA",60,190,207,47,33,8,1,5,23,20,13,0,57,3,1,0,5,1,0.246,0.301,0.375,0.676,0.296,0.06,0.28,0.221,0.129,0.324,0.1,87,0.3
"THE BATX","23698","Ronny Mauricio","NYM",35,129,138,31,21,6,0,4,16,14,7,1,32,1,1,0,4,1,0.243,0.285,0.382,0.667,0.289,0.05,0.23,0.222,0.139,0.293,0.1,87,0.3
"THE BATX","19722","Carlos Narvaez","BOS",58,174,195,36,24,7,0,4,19,19,17,1,58,2,1,0,2,0,0.208,0.285,0.326,0.611,0.272,0.09,0.3,0.291,0.118,0.283,-0.1,69,0.3
"THE BATX","19864","Riley Adams","WSN",33,108,121,23,15,5,0,3,11,13,9,0,37,3,1,0,0,0,0.211,0.286,0.347,0.633,0.281,0.07,0.3,0.243,0.136,0.284,-0.2,79,0.3
"THE BATX","29576","Ben Rice","NYY",18,59,67,14,8,3,0,3,8,8,7,0,16,1,0,0,1,0,0.229,0.314,0.419,0.733,0.32,0.1,0.24,0.4,0.19,0.267,-0.1,109,0.3
"THE BATX","19318","Matt Thaiss","CHW",40,128,146,26,17,5,0,4,14,14,16,0,38,1,1,0,1,0,0.203,0.294,0.327,0.621,0.278,0.11,0.26,0.411,0.124,0.257,-0.2,79,0.3
"THE BATX","sa3021053","Chase DeLauter","CLE",52,186,201,46,31,10,0,5,21,23,13,1,35,2,1,0,2,1,0.248,0.3,0.385,0.685,0.298,0.06,0.18,0.358,0.136,0.282,-0.1,95,0.3
"THE BATX","26467","Luis Matos","SFG",35,123,133,32,21,7,0,3,15,14,7,0,17,1,1,0,2,1,0.257,0.304,0.392,0.696,0.302,0.05,0.12,0.431,0.135,0.275,-0.1,95,0.3
"THE BATX","19997","Santiago Espinal","CIN",67,225,244,57,42,11,1,4,25,23,14,0,36,2,2,1,4,2,0.253,0.301,0.354,0.655,0.288,0.06,0.15,0.403,0.101,0.285,-0.2,77,0.3
"THE BATX","sa3017400","Liam Hicks","MIA",37,122,138,29,21,6,0,1,13,12,12,0,23,2,1,0,1,0,0.235,0.313,0.328,0.641,0.287,0.09,0.17,0.521,0.093,0.276,-0.2,80,0.3
"THE BATX","19455","Andruw Monasterio","MIL",44,138,154,32,22,6,1,3,16,16,13,0,38,1,1,0,4,1,0.23,0.299,0.352,0.651,0.288,0.08,0.25,0.336,0.122,0.291,0,83,0.3
"THE BATX","14813","Kyle Farmer","COL",76,237,262,60,42,11,1,5,28,26,15,0,53,6,2,1,4,1,0.254,0.313,0.379,0.691,0.304,0.06,0.2,0.295,0.125,0.303,-0.4,81,0.3
"THE BATX","19844","Abraham Toro","BOS",28,103,113,25,16,5,1,3,12,12,8,0,20,2,1,0,1,0,0.243,0.303,0.387,0.69,0.301,0.07,0.18,0.389,0.144,0.274,-0.1,90,0.3
"THE BATX","25180","Daniel Schneemann","CLE",45,144,161,32,21,6,1,3,17,14,14,0,43,1,1,1,3,1,0.22,0.293,0.341,0.635,0.282,0.09,0.27,0.333,0.121,0.289,0,83,0.3
"THE BATX","13355","Luke Maile","KCR",43,127,142,26,18,5,0,3,13,13,11,0,42,2,1,0,1,0,0.207,0.28,0.315,0.595,0.266,0.08,0.3,0.256,0.108,0.285,-0.2,70,0.3
"THE BATX","25967","Orelvis Martinez","TOR",47,162,177,35,20,8,0,6,18,22,12,1,47,2,1,0,1,0,0.216,0.276,0.388,0.664,0.287,0.07,0.27,0.248,0.172,0.262,-0.2,87,0.3
"THE BATX","19296","Alex Call","WSN",64,215,245,48,31,9,1,6,27,24,24,0,50,3,2,1,6,2,0.221,0.306,0.36,0.666,0.296,0.1,0.2,0.479,0.138,0.258,-0.1,89,0.3
"THE BATX","10028","Christian Bethancourt","TOR",31,99,106,22,14,4,0,3,11,12,5,0,29,1,1,0,1,0,0.217,0.257,0.359,0.616,0.268,0.05,0.27,0.173,0.142,0.268,-0.1,74,0.3
"THE BATX","29949","Tyler Black","MIL",59,197,223,45,30,9,1,4,25,22,21,1,51,3,2,0,7,2,0.23,0.312,0.357,0.669,0.296,0.09,0.23,0.408,0.127,0.285,0.3,88,0.3
"THE BATX","16572","Connor Joe","SDP",50,168,191,38,25,8,1,5,22,20,19,0,43,3,1,0,2,1,0.229,0.316,0.373,0.689,0.305,0.1,0.22,0.448,0.145,0.274,-0.3,97,0.3
"THE BATX","21853","Will Benson","CIN",63,197,227,41,22,9,1,8,29,25,26,1,79,2,1,1,10,2,0.206,0.302,0.388,0.689,0.302,0.11,0.35,0.324,0.181,0.292,0.6,87,0.3
"THE BATX","18819","Andy Ibanez","DET",61,196,214,46,30,9,1,6,22,23,14,0,44,2,1,0,2,1,0.236,0.292,0.378,0.67,0.293,0.07,0.2,0.325,0.142,0.274,-0.3,91,0.3
"THE BATX","21562","Romy Gonzalez","BOS",49,150,163,36,24,7,1,5,21,17,10,0,47,1,1,0,6,2,0.242,0.293,0.397,0.689,0.299,0.06,0.29,0.209,0.155,0.315,0.3,89,0.3
"THE BATX","19293","Nick Senzel","CHW",38,128,143,30,20,5,1,4,16,15,12,0,31,1,1,0,3,1,0.233,0.301,0.368,0.669,0.295,0.08,0.22,0.371,0.134,0.279,-0.1,89,0.3
"THE BATX","25807","Jared Triolo","PIT",48,164,183,39,27,8,1,3,20,17,16,0,47,2,1,0,3,1,0.238,0.307,0.355,0.663,0.293,0.09,0.26,0.328,0.118,0.311,-0.1,84,0.3
"THE BATX","19252","Cavan Biggio","KCR",33,101,118,22,14,4,1,3,13,11,13,0,33,2,1,0,2,0,0.215,0.313,0.348,0.661,0.295,0.11,0.28,0.401,0.133,0.286,-0.1,87,0.3
"THE BATX","sa3015579","Jared Serna","MIA",29,106,115,26,17,6,0,2,12,12,7,0,23,1,1,0,3,0,0.243,0.295,0.37,0.665,0.291,0.06,0.2,0.303,0.128,0.285,0.2,83,0.3
"ZiPS","15464","Hunter Renfroe","KCR",116,406,448,94,56,23,0,15,49,54,37,0,94,2,3,0,1,1,0.232,0.297,0.399,0.696,0.303,0.08,0.21,0.394,0.167,0.263,-1,93,0.3
"ZiPS","12158","Austin Barnes","LAD",55,152,173,32,25,5,0,2,16,13,16,0,39,2,1,2,2,0,0.211,0.292,0.283,0.575,0.262,0.09,0.22,0.41,0.072,0.268,0.1,68,0.3
"ZiPS","31567","Trey Lipscomb","WSN",122,454,486,109,83,19,1,6,48,43,26,0,97,3,2,1,13,5,0.24,0.285,0.326,0.611,0.27,0.05,0.2,0.268,0.086,0.292,-0.3,72,0.3
"ZiPS","15674","Reese McGuire","CHC",79,215,236,45,33,9,0,3,18,19,15,0,61,2,2,2,2,0,0.209,0.265,0.293,0.558,0.249,0.06,0.26,0.246,0.084,0.275,0,60,0.3
"ZiPS","10950","Adam Duvall",NA,93,304,331,63,34,14,1,14,34,44,21,0,108,4,2,0,1,0,0.207,0.266,0.398,0.664,0.288,0.06,0.33,0.194,0.191,0.266,-0.3,82,0.3
"ZiPS","19864","Riley Adams","WSN",81,256,289,56,33,14,1,8,26,34,23,1,83,8,2,0,1,0,0.219,0.301,0.375,0.676,0.297,0.08,0.29,0.277,0.156,0.287,-0.3,90,0.3
"ZiPS","15653","Dominic Smith","NYY",122,392,435,91,61,20,0,10,44,46,34,1,98,7,2,0,2,1,0.232,0.303,0.36,0.663,0.293,0.08,0.22,0.347,0.128,0.283,-0.8,90,0.3
"ZiPS","20543","Elehuris Montero",NA,126,461,511,117,75,22,2,18,59,70,39,1,134,6,5,0,1,0,0.254,0.317,0.427,0.744,0.322,0.08,0.26,0.291,0.174,0.315,-0.7,93,0.3
"ZiPS","11680","Elias Diaz","SDP",101,340,367,77,52,16,0,9,32,41,23,1,81,2,2,0,0,0,0.226,0.278,0.353,0.631,0.276,0.06,0.22,0.284,0.126,0.27,-0.6,79,0.3
"ZiPS","25979","Nasim Nunez","WSN",128,427,491,90,76,11,1,2,58,31,53,0,112,2,2,7,30,8,0.211,0.3,0.255,0.555,0.257,0.11,0.23,0.473,0.044,0.279,1.7,63,0.3
"ZiPS","11442","Gary Sanchez","BAL",99,309,351,67,40,12,1,14,36,45,33,0,93,6,3,0,0,0,0.217,0.302,0.398,0.7,0.307,0.09,0.26,0.355,0.181,0.259,-0.6,102,0.3
"ZiPS","15271","Austin Wynns","CIN",66,191,211,44,31,9,0,4,19,22,15,0,56,3,1,1,0,0,0.23,0.295,0.34,0.636,0.282,0.07,0.26,0.268,0.11,0.303,-0.4,73,0.3
"ZiPS","19600","Bryan De La Cruz","ATL",142,524,564,131,89,24,0,18,58,76,33,1,152,2,5,0,4,2,0.25,0.294,0.399,0.693,0.3,0.06,0.27,0.217,0.149,0.315,-1,90,0.3
"ZiPS","25817","Braden Shewmake","NYY",98,354,377,77,49,17,3,8,42,38,17,0,78,3,3,0,14,3,0.218,0.257,0.35,0.608,0.264,0.04,0.21,0.218,0.133,0.255,1,65,0.3
"ZiPS","9627","Yan Gomes",NA,80,258,277,58,41,10,1,6,25,30,11,1,67,4,3,1,1,0,0.225,0.264,0.341,0.606,0.263,0.04,0.24,0.164,0.116,0.277,-0.2,69,0.3
"ZiPS","15730","Tyler Wade","SDP",131,293,329,67,53,11,1,2,47,25,27,0,75,3,0,6,20,5,0.229,0.3,0.294,0.594,0.269,0.08,0.23,0.36,0.065,0.301,1.3,75,0.3
"ZiPS","22557","Michael Siani","STL",129,409,459,86,66,12,3,5,52,36,38,0,115,3,2,7,21,6,0.21,0.281,0.291,0.572,0.258,0.08,0.25,0.33,0.081,0.278,0.9,65,0.3
"ZiPS","23359","Nelson Velazquez","KCR",124,422,472,98,58,21,2,17,57,60,42,1,129,5,3,0,7,3,0.232,0.307,0.412,0.72,0.313,0.09,0.27,0.326,0.18,0.29,-0.6,99,0.3
"ZiPS","18400","Juan Yepez","WSN",130,472,519,118,75,24,1,18,55,62,39,0,98,3,5,0,2,2,0.25,0.308,0.419,0.728,0.316,0.07,0.19,0.398,0.169,0.277,-1.3,102,0.3
"ZiPS","19824","Chuckie Robinson","LAA",83,285,306,62,48,7,1,6,27,29,16,0,83,4,1,0,1,2,0.218,0.268,0.312,0.58,0.258,0.05,0.27,0.193,0.095,0.284,-1.1,63,0.3
"ZiPS","19422","Brian Serven","DET",71,229,254,44,32,8,0,4,21,20,20,0,77,3,1,1,0,0,0.192,0.265,0.279,0.544,0.247,0.08,0.3,0.26,0.087,0.268,-0.4,58,0.3
"ZiPS","27763","Drew Romo","COL",104,399,429,98,68,18,3,9,44,52,19,0,90,5,4,2,3,3,0.246,0.286,0.373,0.659,0.287,0.04,0.21,0.211,0.128,0.293,-1.3,70,0.3
"ZiPS","5297","Aaron Hicks",NA,91,276,317,59,43,7,1,8,37,28,39,1,87,1,1,0,4,1,0.214,0.312,0.333,0.646,0.29,0.12,0.27,0.448,0.12,0.28,-0.3,86,0.3
"ZiPS","19859","Rene Pinto","ARI",81,292,313,63,39,14,0,10,31,40,15,0,109,3,2,1,0,0,0.216,0.26,0.366,0.626,0.272,0.05,0.35,0.138,0.151,0.303,-0.4,71,0.3
"ZiPS DC","21626","Griffin Conine","MIA",79,308,343,70,44,13,1,12,36,43,30,1,121,3,1,0,0,0,0.227,0.301,0.392,0.694,0.303,0.09,0.35,0.249,0.166,0.328,-0.6,91,0.3
"ZiPS DC","20521","Nick Madrigal","NYM",19,77,84,20,15,4,1,0,9,7,4,0,8,2,0,1,1,0,0.26,0.318,0.337,0.656,0.293,0.05,0.1,0.538,0.077,0.288,0,90,0.3
"ZiPS DC","2967","Tommy Pham","PIT",113,439,490,109,73,23,2,11,57,48,43,0,113,3,4,0,10,3,0.248,0.316,0.382,0.699,0.307,0.09,0.23,0.381,0.135,0.306,-0.3,94,0.3
"ZiPS DC","sa3014441","Gage Workman","CHC",29,115,126,26,16,5,1,3,16,15,10,0,45,1,0,0,4,2,0.222,0.285,0.365,0.65,0.285,0.08,0.36,0.214,0.143,0.336,-0.2,84,0.3
"ZiPS DC","11680","Elias Diaz","SDP",78,285,307,64,44,13,0,8,27,34,19,1,68,2,2,0,0,0,0.226,0.278,0.353,0.631,0.276,0.06,0.22,0.284,0.126,0.27,-0.5,79,0.3
"ZiPS DC","sa3021053","Chase DeLauter","CLE",24,95,105,24,15,7,0,3,12,13,8,0,17,1,1,0,1,1,0.257,0.317,0.41,0.727,0.316,0.08,0.16,0.5,0.153,0.284,-0.2,107,0.3
"ZiPS DC","10028","Christian Bethancourt","TOR",19,73,77,17,11,4,0,3,9,9,3,0,20,0,0,0,1,0,0.235,0.27,0.388,0.659,0.285,0.04,0.26,0.169,0.154,0.287,0.1,86,0.3
"ZiPS DC","22277","Nick Allen","ATL",26,101,112,25,19,5,0,1,12,12,9,0,18,1,0,2,2,1,0.249,0.311,0.335,0.646,0.288,0.08,0.16,0.494,0.086,0.29,-0.2,82,0.3
"ZiPS DC","sa3022614","Luke Keaschall","MIN",15,54,63,14,9,3,0,2,9,8,6,0,14,2,0,0,2,1,0.254,0.348,0.397,0.746,0.33,0.1,0.22,0.444,0.144,0.311,0,116,0.3
"ZiPS DC","14274","Mitch Haniger","SEA",96,370,413,82,54,14,0,14,49,49,36,0,119,4,2,0,0,0,0.221,0.296,0.375,0.671,0.296,0.09,0.29,0.303,0.153,0.283,-0.7,98,0.3
"ZiPS DC","27577","Casey Schmitt","SFG",21,84,91,21,14,4,0,2,10,11,5,0,20,1,1,0,1,0,0.247,0.296,0.391,0.687,0.298,0.06,0.22,0.245,0.144,0.295,-0.1,93,0.3
"ZiPS DC","21562","Romy Gonzalez","BOS",23,91,98,23,15,4,1,3,12,14,6,0,27,1,1,0,4,1,0.259,0.306,0.432,0.738,0.318,0.06,0.28,0.212,0.173,0.333,0.2,101,0.3
"ZiPS DC","sa3004048","Tirso Ornelas","SDP",76,300,329,72,49,15,1,8,34,37,25,1,70,2,2,0,2,1,0.241,0.302,0.373,0.675,0.296,0.07,0.21,0.348,0.133,0.288,-0.6,93,0.3
"ZiPS DC","sa3014693","Emmanuel Rodriguez","MIN",15,52,63,11,6,3,1,2,10,7,10,0,23,1,0,0,1,1,0.211,0.343,0.396,0.74,0.328,0.16,0.36,0.443,0.186,0.329,-0.1,115,0.3
"ZiPS DC","29547","Ryan Bliss","SEA",23,88,98,19,13,4,1,2,12,10,8,0,26,1,1,0,6,2,0.221,0.293,0.348,0.641,0.284,0.08,0.27,0.298,0.127,0.289,0.2,90,0.3
"ZiPS DC","28253","Javier Sanoja","MIA",52,207,224,55,41,10,2,2,20,21,13,0,17,1,1,1,5,3,0.268,0.312,0.366,0.678,0.297,0.06,0.08,0.783,0.099,0.282,-0.8,87,0.3
"ZiPS DC","26467","Luis Matos","SFG",53,212,231,51,34,11,0,6,25,28,13,0,29,3,2,0,3,1,0.242,0.294,0.382,0.676,0.295,0.06,0.12,0.448,0.14,0.253,-0.1,90,0.3
"ZiPS DC","14111","Eric Haase","MIL",32,118,128,26,17,4,0,5,14,19,9,0,45,0,1,0,0,0,0.219,0.273,0.385,0.658,0.286,0.07,0.35,0.192,0.167,0.301,-0.3,82,0.3
"ZiPS DC","15464","Hunter Renfroe","KCR",86,336,371,78,46,19,0,12,41,45,31,0,78,2,2,0,1,1,0.232,0.297,0.399,0.696,0.303,0.08,0.21,0.394,0.167,0.263,-0.8,93,0.3
"ZiPS DC","27630","Nick Loftin","KCR",29,111,126,27,19,5,1,2,15,14,11,0,20,2,1,1,2,1,0.246,0.322,0.368,0.69,0.305,0.09,0.16,0.573,0.122,0.277,-0.2,94,0.3
"ZiPS DC","10472","Enrique Hernandez","LAD",70,272,301,60,39,13,1,7,35,35,23,0,61,2,3,1,1,1,0.221,0.284,0.356,0.639,0.281,0.08,0.2,0.373,0.135,0.255,-0.7,80,0.3
"ZiPS DC","29573","Billy Cook","PIT",28,108,119,25,16,5,1,3,13,14,8,0,33,2,1,0,4,1,0.232,0.296,0.385,0.681,0.297,0.07,0.28,0.25,0.153,0.301,0.2,87,0.3
"ZiPS DC","sa3017400","Liam Hicks","MIA",26,89,103,22,17,4,0,1,10,10,10,0,16,3,1,0,0,0,0.248,0.341,0.332,0.673,0.304,0.1,0.16,0.632,0.084,0.289,-0.2,92,0.3
"ZiPS DC","21270","Sean Bouchard","COL",37,141,161,35,19,8,2,5,22,21,16,0,43,2,1,0,3,1,0.247,0.334,0.445,0.779,0.337,0.1,0.27,0.38,0.197,0.318,0,104,0.3
"ZiPS DC","26548","Luisangel Acuna","NYM",37,150,161,37,28,6,1,2,21,15,9,0,34,1,1,1,8,3,0.244,0.289,0.34,0.629,0.277,0.06,0.21,0.272,0.096,0.301,0.1,80,0.3
"ZiPS DC","10243","Randal Grichuk","ARI",60,239,259,59,37,13,1,8,31,31,16,0,53,3,1,0,1,1,0.247,0.3,0.409,0.709,0.308,0.06,0.21,0.301,0.161,0.287,-0.6,95,0.3
"ZiPS DC","27531","David Hamilton","BOS",21,82,91,19,13,3,1,2,12,9,8,0,23,0,0,0,7,1,0.227,0.296,0.356,0.652,0.288,0.09,0.25,0.339,0.129,0.29,0.7,81,0.3
"ZiPS DC","12976","Austin Hedges","CLE",49,170,192,31,24,4,0,3,14,15,11,0,55,3,3,6,2,0,0.182,0.239,0.251,0.49,0.221,0.06,0.29,0.197,0.069,0.248,0,41,0.3
"ZiPS DC","12158","Austin Barnes","LAD",34,118,134,25,19,4,0,2,12,10,12,0,30,2,1,2,2,0,0.211,0.292,0.283,0.575,0.262,0.09,0.22,0.41,0.072,0.268,0,68,0.3
"ZiPS DC","31396","Tyler Locklear","SEA",24,92,105,21,13,5,0,3,13,13,9,0,31,3,1,0,1,0,0.228,0.314,0.382,0.696,0.307,0.08,0.29,0.284,0.154,0.304,0,106,0.3
"ZiPS DC","25180","Daniel Schneemann","CLE",31,118,133,26,17,6,1,3,14,14,14,0,36,0,1,0,2,1,0.223,0.305,0.354,0.658,0.292,0.1,0.27,0.383,0.131,0.295,-0.1,90,0.3
"ZiPS DC","10950","Adam Duvall",NA,50,199,217,41,22,9,1,9,22,29,14,0,71,3,1,0,1,0,0.207,0.266,0.398,0.664,0.288,0.06,0.33,0.194,0.191,0.266,-0.2,84,0.3
"ZiPS DC","27504","Nick Yorke","PIT",34,134,147,33,24,6,0,3,18,14,11,0,34,1,1,0,3,1,0.246,0.307,0.357,0.665,0.293,0.08,0.23,0.331,0.111,0.308,-0.2,84,0.3
"ZiPS DC","19806","Jason Delay","PIT",21,76,83,18,13,4,0,1,8,7,5,0,17,1,0,1,0,0,0.235,0.293,0.324,0.616,0.275,0.06,0.21,0.298,0.088,0.295,-0.2,72,0.3
"ZiPS DC","19198","Yuli Gurriel",NA,32,126,140,33,22,8,0,2,14,14,12,0,21,1,1,0,2,0,0.261,0.326,0.385,0.711,0.311,0.08,0.15,0.548,0.124,0.294,0.1,101,0.3
"ZiPS DC","24488","Max Schuemann","ATH",41,150,175,33,24,6,1,3,22,16,17,0,45,4,1,1,6,1,0.221,0.317,0.321,0.638,0.289,0.1,0.26,0.38,0.1,0.295,0.3,91,0.3
"REZ","21730","Jair Camargo","MIN",18,60,65,13,8,3,0,2,7,8,4,0,23,1,0,0,0,0,0.213,0.266,0.365,0.631,0.274,0.06,0.35,0.164,0.152,0.299,-0.1,78,0.3
"REZ","sa3025129","Travis Bazzana","CLE",47,176,196,36,24,7,0,4,22,20,17,0,59,3,1,0,3,1,0.206,0.282,0.322,0.604,0.27,0.08,0.29,0.281,0.116,0.279,0,75,0.3
"REZ","21587","Cesar Salazar","HOU",16,52,60,12,10,2,0,0,6,7,5,0,12,2,1,0,0,0,0.23,0.324,0.261,0.585,0.273,8.7,19.4,0.5,0.031,0.292,-0.1,82,0.3
"REZ","14111","Eric Haase","MIL",42,141,153,27,17,2,0,7,15,20,11,0,56,1,1,0,1,0,0.189,0.248,0.368,0.616,0.268,6.9,36.3,0.2,0.179,0.244,-0.3,76,0.3
"REZ","19318","Matt Thaiss","CHW",40,128,148,26,20,3,0,4,14,13,18,0,39,1,1,0,1,0,0.205,0.305,0.315,0.62,0.281,11.9,26.2,0.5,0.11,0.261,-0.2,85,0.3
"REZ","31396","Tyler Locklear","SEA",37,138,156,28,16,4,0,8,16,18,13,0,49,4,1,0,2,0,0.205,0.29,0.413,0.703,0.306,8.2,31.5,0.3,0.208,0.247,-0.1,96,0.3
"REZ","sa3015407","Jeferson Quero","MIL",18,67,74,15,11,3,0,2,8,8,5,0,17,0,0,0,1,0,0.232,0.289,0.37,0.659,0.289,0.07,0.22,0.312,0.138,0.273,0,84,0.3
"REZ","26438","Dominic Canzone","SEA",32,112,122,26,13,7,0,5,13,15,9,0,31,1,1,0,1,0,0.23,0.286,0.434,0.72,0.308,7,25.2,0.3,0.204,0.268,-0.1,101,0.3
"REZ","29715","Hunter Goodman","COL",87,319,346,76,33,20,7,15,46,51,19,0,87,4,3,0,2,1,0.238,0.287,0.489,0.776,0.327,5.6,25.2,0.2,0.251,0.276,-0.5,90,0.3
"REZ","21797","Andres Chaparro","WSN",27,105,115,24,9,11,0,4,13,14,9,0,24,1,1,0,1,0,0.229,0.293,0.451,0.744,0.32,7.4,21.2,0.3,0.222,0.262,-0.2,95,0.3
"REZ","18819","Andy Ibanez","DET",60,208,226,47,33,9,1,4,23,23,15,0,45,2,1,0,2,1,0.225,0.282,0.335,0.617,0.273,6.6,20,0.3,0.11,0.268,-0.4,90,0.3
"REZ","12158","Austin Barnes","LAD",39,125,141,25,18,4,0,3,14,12,12,1,32,1,1,1,2,0,0.203,0.281,0.3,0.581,0.26,8.8,22.8,0.4,0.097,0.25,-0.1,73,0.3
"REZ","14128","Joey Gallo","CHW",59,192,227,32,15,6,0,10,26,27,32,1,86,2,1,0,2,0,0.167,0.291,0.362,0.653,0.287,14,37.7,0.4,0.195,0.223,-0.3,94,0.3
"REZ","27781","Pedro Leon","HOU",36,133,148,27,27,0,0,0,18,18,11,0,48,3,1,1,5,2,0.204,0.277,0.204,0.481,0.228,7.2,32.3,0.2,0,0.316,0,85,0.3
"REZ","22209","Sam Huff","SFG",20,69,74,16,10,3,0,3,7,8,5,0,24,0,0,0,0,0,0.24,0.292,0.427,0.719,0.309,6.3,33,0.2,0.187,0.322,-0.1,79,0.3
"REZ","21853","Will Benson","CIN",52,168,195,36,22,7,2,4,26,22,24,0,69,2,1,0,8,3,0.212,0.313,0.344,0.657,0.293,12.1,35.3,0.3,0.132,0.326,0.2,90,0.3
"REZ","18889","Danny Mendick",NA,37,111,120,25,18,4,0,3,13,12,8,0,27,1,0,0,3,1,0.227,0.283,0.344,0.627,0.277,6.2,22.7,0.3,0.117,0.278,-0.1,74,0.3
"REZ","sa3017114","Marcelo Mayer","BOS",19,73,80,18,11,5,0,2,10,9,5,0,19,0,0,0,2,0,0.243,0.3,0.384,0.683,0.297,0.07,0.24,0.298,0.141,0.304,0,87,0.2
"REZ","19292","Armando Alvarez","MIN",25,83,92,20,17,2,0,0,11,12,8,0,20,0,1,0,1,0,0.239,0.303,0.26,0.563,0.255,8.4,21.6,0.4,0.021,0.31,-0.1,88,0.2
"REZ","19806","Jason Delay","PIT",28,90,99,20,10,10,0,0,9,8,6,0,21,1,0,1,1,0,0.219,0.276,0.344,0.62,0.273,6.1,20.7,0.3,0.125,0.278,-0.2,67,0.2
"REZ","17620","Myles Straw","TOR",40,125,139,27,22,4,0,1,15,9,11,0,26,0,1,1,6,1,0.218,0.28,0.287,0.567,0.255,7.9,18.8,0.4,0.069,0.262,0.5,70,0.2
"REZ","19864","Riley Adams","WSN",37,123,138,28,16,7,1,3,13,16,11,0,39,3,1,0,0,0,0.225,0.301,0.374,0.675,0.295,7.7,28.3,0.3,0.149,0.3,-0.2,88,0.2
"REZ","22168","Akil Baddoo","DET",30,96,108,22,14,4,2,3,13,11,11,0,29,0,1,0,5,1,0.234,0.311,0.4,0.711,0.309,10,26.6,0.4,0.166,0.3,0.2,88,0.2
"REZ","20002","Bryce Johnson","PIT",30,85,96,19,16,2,0,1,12,9,9,0,23,2,1,1,4,1,0.223,0.306,0.279,0.585,0.269,9.1,23.4,0.4,0.056,0.291,0.3,73,0.2
"REZ","sa3017694","Brady House","WSN",47,181,193,41,28,8,1,5,20,22,9,0,54,3,1,0,2,1,0.23,0.274,0.364,0.639,0.279,0.05,0.28,0.161,0.134,0.298,-0.2,78,0.2
"REZ","17954","Sam Hilliard","COL",79,266,298,55,29,10,2,13,43,36,28,1,90,1,2,1,8,2,0.205,0.282,0.406,0.688,0.297,9.4,30.2,0.3,0.201,0.254,0.3,85,0.2
"REZ","27501","Justin Foscue","TEX",17,62,70,13,6,6,0,0,9,9,7,0,14,1,0,0,1,0,0.208,0.302,0.308,0.61,0.275,10.1,19.5,0.5,0.1,0.266,-0.2,94,0.2
"REZ","sa3005511","Jorbit Vivas","NYY",20,75,85,17,12,3,0,1,10,9,7,0,14,3,1,0,2,0,0.223,0.308,0.328,0.637,0.286,0.09,0.17,0.506,0.105,0.258,0,85,0.2
"REZ","sa3014711","Max Acosta","MIA",23,89,96,22,16,4,0,2,11,9,5,0,18,1,1,0,3,1,0.248,0.293,0.355,0.648,0.284,0.05,0.19,0.287,0.107,0.294,-0.1,78,0.2
"REZ","sa3015713","Moises Ballesteros","CHC",23,84,91,20,14,4,0,3,9,10,7,0,19,0,1,0,0,0,0.243,0.301,0.382,0.683,0.298,0.07,0.21,0.345,0.139,0.286,-0.2,92,0.2
"REZ","sa3017215","Quincy Hamilton","HOU",28,107,121,23,14,5,1,3,14,14,11,0,31,2,1,0,2,1,0.208,0.285,0.344,0.629,0.279,0.09,0.26,0.337,0.136,0.262,-0.3,81,0.2
"REZ","25822","Andre Lipcius","CHW",35,132,147,29,24,3,0,3,16,16,13,0,35,1,1,0,1,1,0.223,0.294,0.314,0.608,0.273,8.8,23.7,0.4,0.091,0.277,-0.2,86,0.2
"REZ","22411","Cal Stevenson","PHI",25,75,89,17,10,7,0,0,12,8,11,0,19,0,1,1,4,1,0.219,0.321,0.303,0.624,0.284,12.9,21.6,0.6,0.084,0.291,0.2,88,0.2
"REZ","16953","Chadwick Tromp","ATL",24,83,91,18,10,6,0,2,9,9,6,0,23,0,0,0,0,0,0.212,0.27,0.363,0.633,0.277,7.1,25.2,0.3,0.151,0.264,-0.2,75,0.2
"REZ","29617","Henry Davis","PIT",27,94,107,21,14,5,0,2,12,12,9,0,28,3,0,0,1,1,0.222,0.311,0.35,0.661,0.295,8.7,26.4,0.3,0.128,0.291,-0.2,92,0.2
"REZ","29606","JustynHenry Malloy","DET",39,137,159,27,17,5,1,5,17,17,19,0,46,2,1,0,1,0,0.199,0.305,0.361,0.666,0.296,12.2,28.9,0.4,0.162,0.253,-0.4,103,0.2
"REZ","31562","Zach Dezenzo","HOU",25,92,101,21,16,3,0,3,12,12,7,0,30,1,0,0,2,0,0.233,0.291,0.356,0.647,0.285,7,29.7,0.2,0.123,0.311,-0.1,98,0.2
"REZ","sa738605","JC Escarra","NYY",20,70,78,16,10,4,0,1,9,8,7,0,14,1,0,0,0,0,0.217,0.292,0.341,0.633,0.281,0.08,0.19,0.448,0.123,0.253,-0.1,81,0.2
"REZ","22505","Buddy Kennedy","PHI",20,71,82,16,11,3,1,2,10,9,8,0,18,1,1,0,1,0,0.228,0.31,0.365,0.675,0.298,9.6,21.8,0.4,0.137,0.275,-0.2,89,0.2
"REZ","25040","Vinny Capra","MIL",17,60,67,11,6,5,0,0,7,7,6,0,16,1,0,0,1,0,0.182,0.265,0.265,0.53,0.242,9.1,24.2,0.4,0.083,0.248,-0.1,80,0.2
"REZ","23818","Ji Hwan Bae","PIT",23,80,88,20,16,4,0,0,13,8,8,0,20,0,1,0,4,1,0.254,0.321,0.321,0.642,0.288,8.7,22.2,0.4,0.067,0.332,0.2,88,0.2
"REZ","5827","Wilmer Flores","SFG",95,339,380,83,52,18,0,12,39,44,31,1,57,5,3,0,0,0,0.245,0.314,0.409,0.723,0.314,8.2,15.2,0.5,0.164,0.26,-1,98,0.2
"REZ","21496","Brandon Lockridge","SDP",39,114,126,25,13,0,0,11,14,11,10,0,36,1,0,1,8,1,0.218,0.284,0.508,0.792,0.333,7.7,28.7,0.3,0.29,0.202,0.7,79,0.2
"REZ","25690","Grant McCray","SFG",46,173,189,38,23,5,2,8,22,19,13,0,64,2,1,0,6,1,0.218,0.28,0.403,0.683,0.295,7.1,33.8,0.2,0.185,0.294,0.4,80,0.2
"REZ","3473","Anthony Rizzo",NA,87,326,370,77,49,14,1,14,39,40,31,3,73,10,2,0,2,1,0.237,0.321,0.406,0.727,0.316,8.4,19.9,0.4,0.169,0.264,-1.1,94,0.2
"REZ","29576","Ben Rice","NYY",26,91,104,18,9,4,0,5,13,15,11,0,26,2,1,0,1,0,0.203,0.302,0.42,0.722,0.315,10.9,24.8,0.4,0.217,0.219,-0.1,111,0.2
"REZ","19600","Bryan De La Cruz","ATL",55,210,226,50,33,9,0,7,25,28,14,0,61,1,2,0,2,1,0.236,0.284,0.384,0.668,0.289,6.1,26.7,0.2,0.148,0.294,-0.4,92,0.2
"REZ","19262","Garrett Hampson","ARI",71,171,189,41,28,8,2,2,21,16,13,0,47,1,1,2,6,1,0.237,0.293,0.349,0.642,0.282,6.9,25,0.3,0.112,0.31,0.4,74,0.2
"REZ","25477","Isaac Collins","MIL",24,80,92,16,15,0,0,0,11,10,10,0,23,1,0,0,3,1,0.194,0.289,0.19,0.479,0.23,10.6,25.4,0.4,-0.004,0.272,0.1,86,0.2
"REZ","21871","Jerar Encarnacion","SFG",60,223,245,55,34,10,0,11,26,31,18,0,82,1,2,0,2,1,0.246,0.304,0.437,0.741,0.32,7.4,33.6,0.2,0.191,0.334,-0.3,98,0.2
"REZ","21682","Luis De Los Santos","NYM",26,86,94,19,12,7,0,0,9,10,7,0,26,1,1,0,1,0,0.226,0.292,0.308,0.6,0.267,7.4,27.7,0.3,0.082,0.322,-0.2,70,0.2
"REZ","20017","Miles Mastrobuoni","SEA",25,80,89,18,16,2,0,0,9,7,8,0,21,0,0,0,3,0,0.22,0.286,0.252,0.538,0.248,8.5,23.9,0.4,0.032,0.294,0.2,81,0.2
"REZ","22165","Ryan Vilade","STL",31,116,128,27,24,0,0,3,14,13,9,0,30,1,1,0,3,1,0.234,0.297,0.322,0.619,0.276,7.4,23.2,0.3,0.088,0.283,-0.2,77,0.2
"REZ","19384","Trenton Brooks","SDP",32,112,128,25,25,0,0,0,15,15,13,0,24,1,1,1,1,0,0.22,0.307,0.22,0.527,0.249,10.4,18.5,0.6,0,0.276,0,86,0.2
"REZ","31490","Wade Meckler","SFG",16,62,69,14,13,1,0,0,8,7,6,0,13,0,0,0,1,0,0.23,0.295,0.244,0.539,0.247,8.1,19.3,0.4,0.014,0.291,0,100,0.2
"REZ","19358","Weston Wilson","PHI",42,142,159,33,22,5,1,5,19,19,14,0,47,1,1,0,5,1,0.232,0.301,0.384,0.685,0.3,8.7,29.9,0.3,0.152,0.306,0.2,87,0.2
"ATC","20321","Stuart Fairchild","CIN",70,211,238,48,30,10,1,7,30,26,18,0,65,6,2,2,9,2,0.226,0.302,0.385,0.687,0.302,0.08,0.27,0.279,0.159,0.288,0.4,86,0.2
"ATC","27577","Casey Schmitt","SFG",23,76,82,18,12,3,0,3,9,9,4,0,19,1,0,0,1,0,0.236,0.281,0.384,0.665,0.289,0.05,0.23,0.225,0.148,0.281,-0.1,85,0.2
"ATC","24934","David Fry","CLE",55,175,197,42,26,9,1,6,22,24,17,1,45,4,1,0,2,0,0.242,0.321,0.409,0.73,0.318,0.09,0.23,0.382,0.168,0.29,-0.3,109,0.2
"ATC","22244","Jack Suwinski","PIT",41,135,154,29,16,6,0,6,17,18,16,1,46,2,2,0,4,1,0.214,0.303,0.397,0.699,0.305,0.1,0.3,0.353,0.183,0.271,0.1,92,0.2
"ATC","25967","Orelvis Martinez","TOR",47,162,178,35,20,8,0,7,19,22,12,1,48,2,1,0,1,0,0.216,0.278,0.393,0.672,0.29,0.07,0.27,0.254,0.177,0.26,-0.2,89,0.2
"ATC","27630","Nick Loftin","KCR",34,111,124,26,19,5,0,2,13,12,10,0,20,1,1,0,2,1,0.238,0.307,0.332,0.639,0.285,0.08,0.16,0.519,0.094,0.274,-0.1,83,0.2
"ATC","21562","Romy Gonzalez","BOS",44,138,149,34,22,6,1,4,18,18,8,0,43,1,1,0,6,2,0.244,0.29,0.397,0.687,0.297,0.06,0.29,0.192,0.154,0.318,0.3,87,0.2
"ATC","22277","Nick Allen","ATL",38,122,135,29,22,6,0,1,14,11,9,0,22,1,1,2,2,1,0.241,0.297,0.323,0.62,0.276,0.07,0.16,0.416,0.083,0.283,-0.1,74,0.2
"ATC","9627","Yan Gomes",NA,27,88,95,20,14,4,0,2,9,10,4,0,24,1,1,0,0,0,0.231,0.271,0.361,0.632,0.275,0.04,0.25,0.167,0.13,0.285,-0.2,76,0.2
"ATC","21009","Leo Rivas","SEA",23,64,76,14,10,2,0,1,8,5,9,0,19,1,1,1,3,1,0.213,0.313,0.292,0.605,0.277,0.12,0.26,0.459,0.079,0.287,0.1,85,0.2
"ATC","19864","Riley Adams","WSN",33,108,121,24,15,5,0,3,11,13,9,0,35,2,1,0,1,0,0.219,0.292,0.361,0.653,0.287,0.08,0.29,0.267,0.142,0.286,-0.2,83,0.2
"ATC","sa3017400","Liam Hicks","MIA",28,90,103,21,16,4,0,1,10,9,10,0,18,2,1,0,1,0,0.234,0.32,0.318,0.638,0.288,0.1,0.17,0.56,0.083,0.278,-0.2,81,0.2
"ATC","24770","James Outman","LAD",35,117,132,25,18,4,0,4,17,16,14,0,43,1,0,0,2,1,0.215,0.305,0.343,0.648,0.29,0.1,0.32,0.32,0.128,0.306,0.1,86,0.2
"ATC","17696","Kevin Newman","LAA",65,218,237,54,40,10,1,2,25,20,13,0,38,2,2,3,5,1,0.246,0.29,0.334,0.624,0.274,0.05,0.16,0.33,0.087,0.286,0.4,75,0.2
"ATC","18819","Andy Ibanez","DET",61,197,214,47,31,10,1,5,23,22,14,0,45,2,1,0,2,1,0.238,0.293,0.369,0.662,0.29,0.06,0.21,0.309,0.132,0.284,-0.3,89,0.2
"ATC","29576","Ben Rice","NYY",19,62,71,14,8,3,0,3,9,9,7,0,18,1,0,0,1,0,0.22,0.312,0.415,0.726,0.318,0.1,0.25,0.408,0.195,0.255,-0.1,105,0.2
"ATC","12160","Ben Gamel","HOU",59,182,209,42,28,9,1,4,24,19,24,1,55,1,1,0,2,1,0.229,0.32,0.357,0.677,0.3,0.11,0.27,0.428,0.128,0.302,-0.5,96,0.2
"ATC","14387","Harold Ramirez",NA,20,67,71,18,14,3,0,1,7,8,3,0,14,1,1,0,1,0,0.267,0.304,0.362,0.665,0.292,0.04,0.19,0.205,0.095,0.319,-0.1,86,0.2
"ATC","sa3020212","Alan Roden","TOR",11,41,46,10,7,2,0,1,5,5,4,0,8,1,0,0,1,0,0.252,0.332,0.374,0.706,0.313,0.09,0.17,0.522,0.122,0.292,0,105,0.2
"ATC","sa3022614","Luke Keaschall","MIN",14,49,55,12,8,3,0,1,7,6,5,0,12,1,0,0,1,0,0.246,0.328,0.38,0.708,0.313,0.09,0.22,0.399,0.134,0.301,0,105,0.2
"ATC","12158","Austin Barnes","LAD",41,128,144,28,21,5,0,2,14,12,12,0,32,1,1,1,2,0,0.218,0.293,0.305,0.598,0.269,0.09,0.22,0.386,0.087,0.273,-0.2,72,0.2
"ATC","19600","Bryan De La Cruz","ATL",64,243,262,60,40,12,0,8,29,31,15,0,67,1,2,0,2,1,0.247,0.293,0.4,0.693,0.3,0.06,0.26,0.226,0.152,0.306,-0.5,91,0.2
"ATC","21730","Jair Camargo","MIN",11,27,29,5,3,1,0,1,3,3,2,0,10,0,0,0,0,0,0.205,0.253,0.363,0.616,0.267,0.06,0.36,0.16,0.158,0.286,0,73,0.2
"ATC","sa3020713","Colby Thomas","ATH",43,156,168,35,20,9,1,5,18,19,8,0,48,2,1,0,3,1,0.226,0.274,0.398,0.673,0.291,0.05,0.28,0.178,0.173,0.286,0,87,0.2
"ATC","sa3011255","Jake Mangum","TBR",41,154,164,38,27,8,1,2,17,15,7,0,34,2,1,0,4,1,0.247,0.288,0.348,0.636,0.279,0.05,0.2,0.222,0.1,0.304,-0.1,78,0.2
"ATC","sa3014441","Gage Workman","CHC",29,106,117,23,15,5,1,2,13,12,9,0,40,1,1,0,4,1,0.216,0.281,0.349,0.629,0.276,0.08,0.34,0.229,0.132,0.316,0,77,0.2
"ATC","sa3015579","Jared Serna","MIA",27,96,105,22,15,5,0,2,11,10,7,0,21,1,1,0,2,1,0.235,0.291,0.353,0.644,0.283,0.06,0.2,0.317,0.119,0.278,-0.1,78,0.2
"ATC","19960","Taylor Trammell","HOU",79,186,212,38,23,8,1,6,25,23,22,0,69,2,1,1,5,2,0.205,0.293,0.358,0.651,0.288,0.1,0.32,0.314,0.154,0.281,0,88,0.2
"ATC","sa3017694","Brady House","WSN",47,179,192,41,27,8,1,5,19,20,9,0,53,2,1,0,1,1,0.228,0.273,0.362,0.635,0.277,0.05,0.28,0.167,0.135,0.294,-0.2,77,0.2
"ATC","25543","Korey Lee","CHW",63,209,222,44,29,9,0,6,21,21,11,0,66,1,1,0,3,1,0.21,0.253,0.34,0.592,0.259,0.05,0.3,0.168,0.129,0.277,0.1,65,0.2
"ATC","26467","Luis Matos","SFG",48,169,183,42,28,9,0,4,19,19,11,0,24,2,1,1,2,1,0.246,0.296,0.376,0.672,0.293,0.06,0.13,0.429,0.13,0.264,-0.2,88,0.2
"ATC","sa3020219","Chandler Simpson","TBR",16,58,64,16,13,3,0,0,8,5,4,0,8,0,0,1,6,1,0.272,0.32,0.33,0.65,0.288,0.06,0.12,0.526,0.058,0.31,0.5,85,0.2
"ATC","25475","Logan Driscoll","TBR",10,29,32,6,4,2,0,1,3,3,2,0,8,0,0,0,0,0,0.221,0.276,0.355,0.631,0.276,0.06,0.24,0.258,0.134,0.273,-0.1,77,0.2
"ATC","sa3014693","Emmanuel Rodriguez","MIN",11,34,40,7,4,1,0,1,5,4,6,0,14,0,0,0,1,0,0.212,0.336,0.39,0.726,0.322,0.15,0.34,0.432,0.178,0.312,0,111,0.2
"ATC","17484","Eloy Jimenez","TBR",64,237,258,61,41,11,0,9,26,31,18,1,53,2,1,0,1,0,0.256,0.31,0.413,0.723,0.314,0.07,0.2,0.336,0.157,0.294,-0.7,103,0.2
"ATC","sa3017114","Marcelo Mayer","BOS",13,46,50,11,7,3,0,1,6,5,4,0,12,0,0,0,1,0,0.244,0.3,0.387,0.687,0.299,0.07,0.24,0.306,0.143,0.303,0,89,0.2
"ATC","5827","Wilmer Flores","SFG",94,329,369,78,51,15,0,12,40,43,32,1,55,5,4,0,0,0,0.238,0.311,0.393,0.704,0.308,0.09,0.15,0.575,0.156,0.251,-1.3,99,0.2
"ATC","31765","Nacho Alvarez Jr","ATL",13,45,50,11,8,2,0,1,6,5,5,0,11,1,0,0,1,0,0.25,0.327,0.34,0.667,0.298,0.09,0.21,0.434,0.09,0.314,0,89,0.2
"ATC","26517","Noelvi Marte","CIN",53,191,207,46,32,9,0,5,23,22,12,0,52,2,1,0,7,2,0.241,0.291,0.375,0.666,0.291,0.06,0.25,0.235,0.134,0.302,0.3,79,0.2
"ATC","26438","Dominic Canzone","SEA",33,108,118,24,15,5,0,4,13,14,9,0,28,0,0,0,1,0,0.225,0.284,0.381,0.666,0.29,0.07,0.24,0.313,0.157,0.265,-0.2,94,0.2
"ATC","9847","Andrew McCutchen","PIT",107,395,456,91,60,17,1,14,52,48,53,0,110,5,3,0,5,2,0.231,0.326,0.382,0.709,0.314,0.12,0.24,0.48,0.152,0.282,-1.7,98,0.2
"ATC","20521","Nick Madrigal","NYM",28,89,97,23,18,4,0,0,10,8,5,0,11,2,0,1,2,0,0.258,0.312,0.321,0.633,0.283,0.05,0.11,0.456,0.063,0.291,-0.2,81,0.2
"ATC","19818","Joshua Palacios","PIT",52,169,187,41,28,8,1,4,20,20,14,0,40,2,1,1,4,1,0.243,0.307,0.379,0.686,0.301,0.07,0.21,0.339,0.135,0.293,-0.1,90,0.2
"ATC","24605","Michael Helman","STL",22,54,59,12,8,3,0,1,7,6,4,0,15,0,0,0,1,0,0.215,0.273,0.333,0.606,0.268,0.07,0.26,0.259,0.118,0.276,0,71,0.2
"Depth Charts","25180","Daniel Schneemann","CLE",31,117,133,26,17,6,1,3,14,13,14,0,36,1,1,0,2,1,0.221,0.303,0.348,0.651,0.29,0.1,0.27,0.379,0.127,0.292,-0.2,89,0.2
"Depth Charts","29715","Hunter Goodman","COL",81,313,340,75,39,18,1,16,41,50,20,0,90,4,3,1,2,1,0.238,0.29,0.458,0.748,0.32,0.06,0.26,0.223,0.22,0.278,-0.5,92,0.2
"Depth Charts","2136","David Peralta",NA,76,299,329,74,49,16,1,7,34,35,24,1,69,3,3,0,2,1,0.246,0.306,0.384,0.69,0.301,0.07,0.21,0.347,0.137,0.295,-1,94,0.2
"Depth Charts","sa3014441","Gage Workman","CHC",29,115,126,25,16,5,1,3,15,14,10,0,43,1,1,0,4,1,0.221,0.285,0.36,0.645,0.283,0.08,0.34,0.224,0.139,0.325,-0.1,82,0.2
"Depth Charts","18819","Andy Ibanez","DET",47,187,203,45,30,10,1,4,22,21,13,0,42,2,1,0,2,1,0.242,0.298,0.374,0.672,0.295,0.07,0.2,0.323,0.132,0.287,-0.4,92,0.2
"Depth Charts","14274","Mitch Haniger","SEA",96,371,413,81,53,14,0,14,45,47,35,0,120,4,2,0,1,0,0.219,0.292,0.375,0.667,0.293,0.09,0.29,0.293,0.156,0.28,-1.1,97,0.2
"Depth Charts","29630","Joey Loperfido","TOR",36,139,154,31,19,7,1,4,18,18,11,1,49,2,1,0,4,1,0.224,0.291,0.38,0.671,0.292,0.07,0.32,0.233,0.157,0.307,-0.1,91,0.2
"Depth Charts","14128","Joey Gallo","CHW",32,118,140,21,11,4,0,6,16,15,20,0,53,1,1,0,1,0,0.177,0.301,0.374,0.675,0.3,0.14,0.38,0.374,0.198,0.245,-0.2,94,0.2
"Depth Charts","14111","Eric Haase","MIL",32,117,128,25,16,4,0,5,14,17,9,0,43,1,1,0,1,0,0.217,0.272,0.378,0.65,0.283,0.07,0.34,0.198,0.161,0.294,-0.3,80,0.2
"Depth Charts","21009","Leo Rivas","SEA",16,59,70,13,10,2,0,1,8,5,9,0,18,1,1,1,3,1,0.216,0.322,0.294,0.616,0.283,0.13,0.25,0.502,0.077,0.294,0.1,89,0.2
"Depth Charts","23359","Nelson Velazquez","KCR",31,119,133,27,16,6,1,5,16,17,12,0,36,1,1,0,2,1,0.23,0.304,0.413,0.717,0.311,0.09,0.27,0.319,0.183,0.286,-0.1,98,0.2
"Depth Charts","13499","Tom Murphy","SFG",47,171,192,38,25,8,0,5,20,20,18,0,55,2,1,0,1,0,0.223,0.302,0.367,0.669,0.295,0.1,0.29,0.332,0.144,0.293,-0.5,90,0.2
"Depth Charts","21270","Sean Bouchard","COL",37,141,161,34,20,8,2,5,20,20,17,0,44,2,1,0,3,1,0.244,0.332,0.433,0.765,0.332,0.1,0.27,0.385,0.189,0.315,-0.1,100,0.2
"Depth Charts","31396","Tyler Locklear","SEA",24,93,105,21,13,4,0,3,12,12,9,0,30,3,1,0,1,0,0.223,0.308,0.377,0.685,0.301,0.09,0.29,0.293,0.153,0.296,-0.1,102,0.2
"Depth Charts","11680","Elias Diaz","SDP",78,283,307,64,43,13,0,8,29,33,20,1,70,2,2,0,0,0,0.226,0.28,0.355,0.635,0.278,0.06,0.23,0.282,0.128,0.273,-1.1,80,0.2
"Depth Charts","15679","Rowdy Tellez",NA,47,183,203,44,28,8,0,8,21,26,17,1,44,1,2,0,1,0,0.239,0.307,0.411,0.717,0.31,0.09,0.22,0.398,0.172,0.271,-0.6,100,0.2
"Depth Charts","20505","Drew Waters","KCR",19,75,84,18,11,4,1,2,11,9,7,0,25,1,1,0,3,1,0.237,0.31,0.394,0.705,0.308,0.09,0.29,0.299,0.157,0.323,0,96,0.2
"Depth Charts","21853","Will Benson","CIN",28,102,119,21,12,5,1,4,15,13,15,0,40,1,1,0,5,2,0.21,0.314,0.39,0.704,0.31,0.12,0.34,0.363,0.18,0.3,0.1,92,0.2
"Depth Charts","17696","Kevin Newman","LAA",50,200,217,49,36,10,1,3,22,19,12,1,36,2,2,2,5,1,0.245,0.289,0.338,0.628,0.275,0.05,0.17,0.324,0.094,0.284,0.4,76,0.2
"Depth Charts","16953","Chadwick Tromp","ATL",15,53,58,12,8,3,0,1,6,6,4,0,14,0,0,0,0,0,0.228,0.288,0.358,0.647,0.284,0.07,0.25,0.304,0.13,0.284,-0.1,80,0.2
"Depth Charts","29606","JustynHenry Malloy","DET",19,72,84,16,10,3,0,2,9,9,11,0,25,1,1,0,1,0,0.228,0.334,0.377,0.712,0.317,0.13,0.3,0.43,0.15,0.31,-0.2,108,0.2
"Depth Charts","31431","Jordan Beck","COL",92,361,399,88,57,19,2,11,45,44,34,1,111,2,2,1,9,2,0.244,0.31,0.395,0.705,0.308,0.08,0.28,0.303,0.151,0.321,0.3,84,0.2
"Depth Charts","22557","Michael Siani","STL",53,206,231,44,33,7,1,3,25,19,20,0,58,2,1,2,10,3,0.215,0.289,0.304,0.593,0.266,0.09,0.25,0.351,0.089,0.281,0.5,70,0.2
"Depth Charts","25805","Blake Sabol","BOS",15,51,58,12,8,2,0,1,6,7,5,0,16,1,0,0,1,0,0.238,0.311,0.38,0.691,0.303,0.09,0.29,0.302,0.143,0.317,0,91,0.2
"Depth Charts","sa3015579","Jared Serna","MIA",26,102,112,24,16,6,0,2,12,11,7,0,22,2,1,0,2,1,0.231,0.291,0.357,0.648,0.285,0.07,0.2,0.327,0.126,0.273,-0.2,79,0.2
"Depth Charts","25643","Drew Millas","WSN",11,40,45,10,7,2,0,1,5,5,4,0,9,0,0,0,1,0,0.242,0.31,0.362,0.672,0.296,0.08,0.2,0.432,0.12,0.287,0,89,0.2
"Depth Charts","29576","Ben Rice","NYY",11,41,47,9,5,2,0,2,6,6,5,0,12,1,0,0,1,0,0.226,0.318,0.429,0.747,0.326,0.11,0.25,0.427,0.203,0.258,-0.1,113,0.2
"Depth Charts","29573","Billy Cook","PIT",28,108,119,25,16,5,1,3,13,13,8,0,33,2,1,0,4,1,0.231,0.294,0.384,0.678,0.296,0.07,0.28,0.25,0.153,0.299,0.1,86,0.2
"Depth Charts","19318","Matt Thaiss","CHW",28,94,109,20,14,4,0,2,11,10,13,0,29,1,1,0,1,0,0.213,0.315,0.335,0.65,0.292,0.12,0.26,0.458,0.123,0.277,-0.2,89,0.2
"Depth Charts","26438","Dominic Canzone","SEA",13,51,56,12,8,2,0,2,7,7,4,0,13,0,0,0,1,0,0.241,0.301,0.415,0.716,0.31,0.07,0.23,0.325,0.174,0.281,-0.1,108,0.2
"Depth Charts","sa3015168","Deyvison De Los Santos","MIA",81,329,350,82,53,13,1,15,40,45,16,1,94,3,2,1,1,1,0.251,0.29,0.432,0.722,0.31,0.05,0.27,0.171,0.182,0.305,-0.6,96,0.2
"Depth Charts","29788","Brett Harris","ATH",11,43,49,10,7,2,0,1,5,5,5,0,11,1,0,0,1,0,0.226,0.31,0.346,0.656,0.293,0.09,0.22,0.431,0.121,0.272,-0.1,94,0.2
"Depth Charts","15223","Adam Frazier","PIT",57,221,245,54,39,11,1,3,26,22,18,0,40,3,1,1,4,1,0.244,0.307,0.346,0.653,0.29,0.07,0.16,0.445,0.102,0.282,-0.1,82,0.2
"Depth Charts","22244","Jack Suwinski","PIT",16,61,70,14,8,3,0,3,8,9,8,0,21,1,1,0,2,0,0.225,0.315,0.422,0.737,0.32,0.11,0.3,0.367,0.197,0.286,0.1,102,0.2
"Depth Charts","15172","Tim Anderson","LAA",28,113,119,29,23,4,0,1,13,9,5,0,29,1,1,0,3,1,0.259,0.294,0.34,0.633,0.279,0.04,0.24,0.17,0.08,0.335,0.1,78,0.2
"Depth Charts","25543","Korey Lee","CHW",47,174,186,38,25,7,0,6,19,19,10,0,55,1,1,0,3,1,0.221,0.266,0.366,0.632,0.275,0.05,0.3,0.178,0.145,0.288,0,77,0.2
"Depth Charts","19198","Yuli Gurriel",NA,32,126,140,32,22,7,0,3,14,14,11,0,23,1,1,0,2,0,0.257,0.32,0.382,0.702,0.308,0.08,0.17,0.483,0.125,0.294,-0.1,98,0.2
"OOPSY","26517","Noelvi Marte","CIN",36,141,154,33,22,7,0,4,15,16,10,0,38,1,1,0,5,1,0.237,0.293,0.38,0.673,0.294,0.07,0.25,0.272,0.142,0.293,0.4,81,0.2
"OOPSY","27781","Pedro Leon","HOU",19,75,84,18,10,4,0,3,9,11,6,0,27,2,1,0,3,1,0.234,0.304,0.42,0.724,0.314,0.07,0.32,0.223,0.186,0.313,0,106,0.2
"OOPSY","20321","Stuart Fairchild","CIN",58,223,252,50,32,10,1,8,28,27,20,0,67,6,2,1,9,3,0.226,0.304,0.381,0.685,0.302,0.08,0.26,0.299,0.155,0.285,0.1,86,0.2
"OOPSY","14111","Eric Haase","MIL",32,117,128,25,16,4,0,5,12,14,9,0,43,1,1,0,1,0,0.211,0.269,0.366,0.635,0.277,0.07,0.34,0.209,0.155,0.287,-0.4,76,0.2
"OOPSY","25807","Jared Triolo","PIT",57,217,245,51,37,10,1,3,26,19,24,0,62,2,2,0,5,1,0.236,0.315,0.335,0.65,0.291,0.1,0.25,0.384,0.099,0.313,-0.1,83,0.2
"OOPSY","11615","Brandon Drury","CHW",60,237,259,55,35,11,1,8,27,29,17,0,61,3,2,0,1,1,0.233,0.291,0.391,0.682,0.297,0.07,0.23,0.28,0.159,0.276,-1,92,0.2
"OOPSY","8623","Donovan Solano","SEA",83,323,357,78,57,15,0,5,34,28,25,0,80,7,2,0,1,0,0.24,0.306,0.335,0.64,0.285,0.07,0.22,0.311,0.094,0.303,-1.5,91,0.2
"OOPSY","16947","Derek Hill","MIA",76,304,329,73,50,13,3,7,39,30,18,0,92,3,2,2,9,3,0.24,0.285,0.374,0.659,0.287,0.05,0.28,0.192,0.135,0.316,0.2,80,0.2
"OOPSY","5827","Wilmer Flores","SFG",91,351,392,85,55,17,1,11,42,43,33,1,60,4,3,0,1,0,0.241,0.312,0.392,0.704,0.308,0.09,0.15,0.557,0.151,0.259,-1.5,99,0.2
"OOPSY","16219","JD Davis","LAA",31,118,133,26,17,5,0,4,14,14,12,0,42,2,1,0,0,0,0.224,0.303,0.377,0.68,0.299,0.09,0.32,0.283,0.153,0.305,-0.4,93,0.2
"OOPSY","22244","Jack Suwinski","PIT",16,61,70,14,8,3,0,3,8,9,7,0,21,1,1,0,1,0,0.227,0.311,0.426,0.738,0.32,0.1,0.3,0.347,0.2,0.287,0,102,0.2
"OOPSY","25845","Michael Toglia","COL",131,503,567,114,64,22,3,25,70,73,57,1,169,2,4,0,7,2,0.226,0.306,0.428,0.734,0.318,0.1,0.3,0.336,0.202,0.285,0.1,90,0.2
"OOPSY","20505","Drew Waters","KCR",19,75,84,18,11,4,1,2,11,9,7,0,24,1,1,0,3,1,0.243,0.314,0.402,0.717,0.312,0.09,0.29,0.301,0.159,0.326,0,99,0.2
"OOPSY","19818","Joshua Palacios","PIT",31,121,133,30,20,6,0,4,15,14,9,0,29,2,1,0,3,1,0.25,0.311,0.4,0.71,0.31,0.07,0.22,0.327,0.15,0.298,0,96,0.2
"OOPSY","27763","Drew Romo","COL",62,229,243,56,38,11,2,4,27,22,10,0,52,2,2,1,3,1,0.245,0.278,0.368,0.646,0.28,0.04,0.21,0.185,0.123,0.295,-0.1,65,0.2
"OOPSY","29554","Adrian Del Castillo","ARI",29,107,119,25,15,6,1,3,14,13,10,0,30,1,1,0,0,0,0.231,0.3,0.387,0.688,0.301,0.09,0.25,0.347,0.157,0.285,-0.3,90,0.2
"OOPSY","27630","Nick Loftin","KCR",29,112,126,27,20,5,0,2,13,11,11,0,21,1,1,0,2,1,0.242,0.312,0.35,0.662,0.294,0.08,0.17,0.502,0.108,0.279,-0.1,86,0.2
"OOPSY","27462","Austin Martin","MIN",29,108,126,25,18,5,0,1,13,8,13,0,24,3,1,0,5,1,0.227,0.326,0.303,0.629,0.288,0.1,0.19,0.553,0.076,0.281,0.4,87,0.2
"OOPSY","19358","Weston Wilson","PHI",29,113,126,25,15,5,0,5,14,15,11,0,37,0,1,0,4,1,0.221,0.29,0.404,0.695,0.302,0.09,0.3,0.297,0.184,0.276,0.2,92,0.2
"OOPSY","7802","Miguel Rojas","LAD",29,116,126,28,20,6,0,2,12,10,8,0,16,1,1,0,2,1,0.24,0.294,0.337,0.631,0.28,0.06,0.13,0.495,0.097,0.265,-0.2,80,0.2
"OOPSY","sa3025129","Travis Bazzana","CLE",36,136,154,28,19,6,0,3,15,14,14,0,46,2,1,0,2,1,0.206,0.289,0.325,0.613,0.275,0.09,0.3,0.303,0.119,0.281,0,78,0.2
"OOPSY","27789","Shay Whitcomb","HOU",21,84,91,19,12,3,0,4,9,11,5,0,26,1,1,0,3,1,0.225,0.277,0.397,0.674,0.292,0.06,0.29,0.204,0.172,0.28,0.1,91,0.2
"OOPSY","3473","Anthony Rizzo",NA,84,320,364,72,48,13,1,11,39,37,31,0,71,10,2,0,2,1,0.225,0.312,0.372,0.685,0.304,0.09,0.19,0.439,0.147,0.254,-1.5,95,0.2
"OOPSY","25805","Blake Sabol","BOS",15,52,58,12,8,2,0,1,6,6,5,0,16,1,0,0,1,0,0.24,0.309,0.383,0.692,0.303,0.08,0.28,0.297,0.142,0.317,0,91,0.2
"OOPSY","10950","Adam Duvall",NA,50,199,217,43,24,9,0,10,23,29,14,0,66,3,1,0,1,0,0.214,0.273,0.414,0.687,0.297,0.06,0.31,0.212,0.2,0.263,-0.6,91,0.2
"OOPSY","22054","Dane Myers","MIA",71,282,308,67,46,12,1,7,32,29,19,0,86,5,2,0,7,2,0.238,0.294,0.367,0.662,0.29,0.06,0.28,0.219,0.13,0.312,0,82,0.2
"OOPSY","14128","Joey Gallo","CHW",32,119,140,22,11,4,0,6,16,17,19,0,53,1,1,0,1,0,0.183,0.303,0.38,0.683,0.303,0.14,0.38,0.367,0.197,0.255,-0.2,96,0.2
"OOPSY","sa3025385","Nick Kurtz","ATH",15,55,63,13,8,3,0,2,7,7,7,0,16,0,0,0,1,0,0.236,0.322,0.398,0.72,0.316,0.11,0.25,0.43,0.162,0.291,-0.1,110,0.2
"OOPSY","21009","Leo Rivas","SEA",16,59,70,12,9,2,0,0,7,4,9,0,18,1,1,1,4,1,0.205,0.315,0.271,0.587,0.272,0.13,0.26,0.508,0.066,0.284,0.2,82,0.2
"OOPSY","29547","Ryan Bliss","SEA",23,88,98,18,12,4,0,2,10,9,8,0,27,1,1,0,7,2,0.206,0.275,0.327,0.602,0.267,0.08,0.28,0.285,0.121,0.268,0.4,78,0.2
"OOPSY","24934","David Fry","CLE",40,155,175,37,23,8,1,5,20,19,15,0,40,3,1,0,2,0,0.236,0.315,0.386,0.701,0.308,0.09,0.23,0.379,0.15,0.284,-0.2,102,0.2
"OOPSY","25643","Drew Millas","WSN",11,41,45,10,7,2,0,1,5,4,4,0,9,0,0,0,1,0,0.241,0.305,0.344,0.65,0.288,0.08,0.19,0.427,0.103,0.29,0,84,0.2
"Steamer","17696","Kevin Newman","LAA",44,162,175,40,29,8,1,2,17,15,10,0,30,2,1,1,4,1,0.245,0.292,0.339,0.632,0.278,0.06,0.17,0.327,0.095,0.287,0.4,77,0.2
"Steamer","21871","Jerar Encarnacion","SFG",53,197,220,46,29,8,0,9,25,26,19,0,74,2,2,1,2,0,0.233,0.304,0.41,0.714,0.311,0.09,0.33,0.263,0.177,0.32,-0.3,101,0.2
"Steamer","19818","Joshua Palacios","PIT",36,133,147,34,23,7,0,4,16,16,11,0,31,2,1,0,3,1,0.254,0.317,0.398,0.715,0.312,0.08,0.21,0.354,0.144,0.304,-0.1,97,0.2
"Steamer","sa3020713","Colby Thomas","ATH",26,97,105,23,13,5,0,4,12,12,6,0,29,1,1,0,2,0,0.236,0.286,0.417,0.703,0.304,0.05,0.28,0.193,0.18,0.295,0,101,0.2
"Steamer","26517","Noelvi Marte","CIN",36,129,141,31,21,6,0,4,15,15,9,0,35,1,1,0,4,1,0.24,0.295,0.38,0.675,0.295,0.06,0.25,0.26,0.14,0.297,0.2,82,0.2
"Steamer","19455","Andruw Monasterio","MIL",28,98,112,23,17,5,0,2,12,10,11,0,26,1,1,0,3,1,0.237,0.322,0.339,0.661,0.296,0.1,0.24,0.433,0.102,0.307,0,89,0.2
"Steamer","sa3017290","Max Muncy","ATH",24,89,99,20,13,4,0,2,10,9,7,0,28,1,1,0,1,0,0.223,0.285,0.347,0.633,0.279,0.07,0.28,0.241,0.124,0.297,-0.1,84,0.2
"Steamer","25180","Daniel Schneemann","CLE",31,110,125,24,16,5,0,3,13,12,13,0,34,1,1,0,2,1,0.218,0.301,0.343,0.644,0.287,0.1,0.27,0.374,0.124,0.289,-0.3,87,0.2
"Steamer","21562","Romy Gonzalez","BOS",23,86,94,22,14,4,1,3,11,11,5,0,26,1,1,0,4,1,0.25,0.299,0.415,0.714,0.309,0.06,0.28,0.206,0.165,0.325,0.1,95,0.2
"Steamer","20321","Stuart Fairchild","CIN",58,211,238,48,30,10,1,7,27,26,19,0,66,5,2,1,8,2,0.226,0.303,0.381,0.684,0.301,0.08,0.28,0.295,0.155,0.29,0.3,86,0.2
"Steamer","11615","Brandon Drury","CHW",62,236,258,55,35,11,1,9,27,30,17,0,60,3,2,0,1,0,0.234,0.291,0.394,0.686,0.299,0.06,0.23,0.276,0.161,0.276,-0.9,93,0.2
"Steamer","27465","Spencer Torkelson","DET",50,189,214,42,24,10,0,8,24,25,22,0,58,2,1,0,1,0,0.221,0.306,0.399,0.705,0.309,0.1,0.27,0.376,0.178,0.273,-0.4,102,0.2
"Steamer","sa3022614","Luke Keaschall","MIN",15,52,59,13,9,3,0,1,7,6,6,0,13,1,0,0,1,0,0.246,0.328,0.375,0.704,0.311,0.1,0.22,0.433,0.13,0.302,0,103,0.2
"Steamer","21009","Leo Rivas","SEA",16,55,64,12,9,2,0,1,6,5,8,0,17,1,0,0,3,1,0.212,0.321,0.295,0.616,0.283,0.13,0.26,0.495,0.083,0.291,0.1,89,0.2
"Steamer","10028","Christian Bethancourt","TOR",18,65,70,15,10,3,0,2,7,8,3,0,18,0,1,0,1,0,0.23,0.27,0.383,0.652,0.283,0.05,0.26,0.178,0.152,0.281,-0.1,84,0.2
"Steamer","sa3014693","Emmanuel Rodriguez","MIN",15,49,59,10,6,2,0,2,7,6,9,0,20,1,0,0,1,0,0.212,0.333,0.37,0.703,0.314,0.15,0.33,0.439,0.158,0.31,0,105,0.2
"Steamer","23395","Eric Wagaman","MIA",37,141,154,35,23,7,1,4,16,17,10,0,32,1,1,0,2,1,0.249,0.303,0.402,0.706,0.307,0.07,0.21,0.323,0.153,0.291,-0.2,94,0.2
"Steamer","2136","David Peralta",NA,83,304,335,76,51,17,1,8,35,35,24,1,70,3,2,1,3,1,0.251,0.31,0.387,0.697,0.304,0.07,0.21,0.343,0.136,0.3,-1.2,96,0.2
"Steamer","11489","Michael A Taylor","CHW",44,155,170,33,22,5,0,5,17,17,12,0,56,1,1,1,4,1,0.211,0.27,0.347,0.617,0.271,0.07,0.33,0.212,0.136,0.289,0.3,74,0.2
"Steamer","25616","Marco Luciano","SFG",28,98,111,21,14,4,0,2,11,10,11,0,33,1,1,0,1,0,0.217,0.301,0.34,0.64,0.285,0.1,0.3,0.341,0.123,0.299,-0.1,84,0.2
"Steamer","16953","Chadwick Tromp","ATL",14,48,53,11,7,2,0,1,6,5,4,0,13,0,0,0,0,0,0.225,0.287,0.356,0.644,0.283,0.08,0.25,0.307,0.131,0.28,-0.1,79,0.2
"Steamer","20521","Nick Madrigal","NYM",19,71,78,19,14,4,0,1,8,7,4,0,9,1,1,0,1,0,0.268,0.321,0.357,0.677,0.3,0.06,0.12,0.47,0.089,0.298,-0.2,95,0.2
"Steamer","19318","Matt Thaiss","CHW",27,94,110,20,14,4,0,3,11,10,13,0,30,1,1,0,1,0,0.215,0.316,0.345,0.662,0.296,0.12,0.27,0.448,0.13,0.279,-0.3,92,0.2
"Steamer","19806","Jason Delay","PIT",15,53,58,12,9,3,0,1,6,5,4,0,13,1,0,0,1,0,0.23,0.29,0.322,0.612,0.272,0.07,0.22,0.308,0.092,0.291,-0.1,70,0.2
"Steamer","14111","Eric Haase","MIL",30,110,120,24,15,4,0,4,12,14,8,0,39,1,1,0,1,0,0.215,0.271,0.37,0.641,0.28,0.07,0.32,0.204,0.155,0.288,-0.3,78,0.2
"Steamer","sa3017694","Brady House","WSN",53,202,217,46,30,9,1,6,21,22,10,0,59,3,2,1,2,1,0.226,0.271,0.361,0.632,0.276,0.05,0.27,0.174,0.135,0.288,-0.2,76,0.2
"Steamer","29715","Hunter Goodman","COL",79,289,314,68,36,16,1,15,38,43,18,0,81,3,2,1,2,1,0.237,0.288,0.458,0.746,0.319,0.06,0.26,0.228,0.221,0.273,-0.4,91,0.2
"Steamer","23359","Nelson Velazquez","KCR",31,114,127,26,15,5,0,5,15,16,11,0,35,1,1,0,2,1,0.228,0.301,0.414,0.714,0.31,0.09,0.28,0.313,0.186,0.281,0,97,0.2
"Steamer","22842","Alexander Canario","CHC",32,117,129,25,15,5,0,5,15,16,10,0,41,1,1,0,2,0,0.217,0.284,0.399,0.682,0.297,0.08,0.32,0.24,0.182,0.283,-0.2,92,0.2
"Steamer","15172","Tim Anderson","LAA",23,85,90,22,17,3,0,1,9,8,4,0,21,1,1,0,2,1,0.256,0.292,0.342,0.633,0.278,0.04,0.24,0.177,0.085,0.328,0.2,78,0.2
"Steamer","27789","Shay Whitcomb","HOU",21,78,85,18,11,3,0,3,9,10,6,0,24,1,1,0,2,1,0.226,0.283,0.386,0.669,0.291,0.07,0.28,0.238,0.16,0.282,0,90,0.2
"Steamer","29788","Brett Harris","ATH",11,39,44,9,6,2,0,1,5,4,4,0,10,1,0,0,1,0,0.231,0.313,0.363,0.677,0.3,0.09,0.22,0.422,0.132,0.279,0,99,0.2
"Steamer","13499","Tom Murphy","SFG",45,160,180,36,23,7,1,5,19,19,16,0,49,2,1,1,1,0,0.225,0.301,0.378,0.679,0.299,0.09,0.27,0.331,0.152,0.288,-0.4,93,0.2
"THE BAT","25807","Jared Triolo","PIT",48,164,183,39,27,8,1,3,19,17,16,0,48,2,1,0,3,1,0.238,0.309,0.352,0.66,0.293,0.09,0.26,0.331,0.114,0.314,-0.1,84,0.2
"THE BAT","19844","Abraham Toro","BOS",28,103,113,25,17,5,0,2,12,12,8,0,20,2,1,0,1,0,0.242,0.302,0.375,0.678,0.297,0.07,0.18,0.385,0.133,0.276,-0.1,87,0.2
"THE BAT","19392","Zach McKinstry","DET",68,219,242,49,33,10,2,4,26,20,19,0,53,2,2,1,7,2,0.222,0.287,0.34,0.627,0.277,0.08,0.22,0.352,0.118,0.274,0,80,0.2
"THE BAT","19806","Jason Delay","PIT",26,79,86,17,13,4,0,1,7,7,5,0,18,1,1,1,1,0,0.223,0.277,0.303,0.58,0.258,0.06,0.21,0.279,0.081,0.278,-0.1,61,0.2
"THE BAT","19318","Matt Thaiss","CHW",40,128,146,26,18,5,0,3,14,13,16,0,38,1,1,0,1,0,0.201,0.292,0.314,0.606,0.273,0.11,0.26,0.411,0.113,0.258,-0.2,75,0.2
"THE BAT","22244","Jack Suwinski","PIT",62,206,234,44,25,9,1,8,27,28,24,1,71,2,1,0,4,1,0.211,0.298,0.386,0.684,0.299,0.1,0.3,0.34,0.175,0.273,-0.1,88,0.2
"THE BAT","sa3015579","Jared Serna","MIA",29,106,115,26,17,6,0,2,12,12,7,0,23,1,1,0,2,1,0.243,0.295,0.37,0.665,0.291,0.06,0.2,0.303,0.127,0.285,0,83,0.2
"THE BAT","25180","Daniel Schneemann","CLE",45,144,161,31,21,6,1,3,17,14,14,0,43,1,1,1,3,1,0.216,0.29,0.336,0.626,0.278,0.09,0.27,0.334,0.12,0.283,-0.1,81,0.2
"THE BAT","10472","Enrique Hernandez","LAD",74,254,279,57,37,13,1,7,27,30,20,0,55,2,2,0,1,0,0.225,0.285,0.36,0.645,0.283,0.07,0.2,0.359,0.134,0.26,-0.4,81,0.2
"THE BAT","25643","Drew Millas","WSN",21,67,73,16,11,3,0,1,7,7,5,0,15,0,0,0,1,0,0.237,0.296,0.343,0.639,0.282,0.07,0.2,0.361,0.107,0.285,-0.1,80,0.2
"THE BAT","19293","Nick Senzel","CHW",38,128,143,29,20,5,0,4,16,14,12,0,31,1,1,0,3,1,0.228,0.299,0.361,0.661,0.291,0.09,0.22,0.386,0.133,0.273,-0.1,87,0.2
"THE BAT","15878","Miguel Andujar","ATH",72,278,298,72,52,13,1,6,31,29,16,1,40,2,2,0,3,1,0.258,0.3,0.374,0.674,0.293,0.05,0.14,0.385,0.116,0.281,-0.3,94,0.2
"THE BAT","sa3025129","Travis Bazzana","CLE",39,137,152,29,19,6,0,4,16,15,12,0,44,2,1,0,2,1,0.212,0.283,0.345,0.629,0.278,0.08,0.29,0.28,0.134,0.279,-0.1,80,0.2
"THE BAT","19252","Cavan Biggio","KCR",33,101,118,21,14,4,0,3,13,11,13,0,33,2,1,0,2,0,0.211,0.311,0.339,0.65,0.292,0.11,0.28,0.401,0.128,0.283,-0.1,85,0.2
"THE BAT","9241","Starling Marte","NYM",78,297,326,75,56,12,2,6,40,28,20,0,69,6,2,1,15,3,0.254,0.312,0.364,0.675,0.298,0.06,0.21,0.286,0.11,0.31,1,94,0.2
"THE BAT","sa3020219","Chandler Simpson","TBR",16,59,64,16,12,3,0,0,8,5,4,0,8,0,0,1,4,1,0.271,0.316,0.344,0.659,0.29,0.06,0.12,0.492,0.073,0.306,0.3,92,0.2
"THE BAT","10028","Christian Bethancourt","TOR",31,99,106,21,14,4,0,3,10,11,5,0,29,1,1,0,1,0,0.213,0.251,0.346,0.598,0.26,0.04,0.27,0.165,0.133,0.265,-0.1,68,0.2
"THE BAT","sa3023622","Payton Eeles","MIN",15,53,59,13,9,2,0,1,7,5,5,0,11,1,0,0,2,1,0.242,0.319,0.36,0.679,0.301,0.08,0.19,0.437,0.118,0.287,0,96,0.2
"THE BAT","14387","Harold Ramirez",NA,21,67,72,18,13,3,0,1,7,7,3,0,14,1,0,0,1,0,0.262,0.304,0.356,0.66,0.29,0.04,0.19,0.235,0.095,0.313,-0.1,85,0.2
"THE BAT","19802","Jhonny Pereda","ATH",31,87,95,19,15,3,0,1,8,8,7,0,21,1,1,0,0,0,0.222,0.282,0.306,0.588,0.262,0.07,0.22,0.326,0.083,0.278,-0.2,72,0.2
"THE BAT","26517","Noelvi Marte","CIN",64,230,249,55,37,11,1,6,27,26,15,1,62,2,1,0,7,2,0.239,0.291,0.371,0.661,0.289,0.06,0.25,0.243,0.132,0.299,0.2,77,0.2
"THE BAT","9627","Yan Gomes",NA,29,94,102,22,15,4,0,2,10,11,5,0,25,1,1,0,1,0,0.232,0.275,0.359,0.634,0.277,0.04,0.24,0.184,0.128,0.288,-0.1,77,0.2
"THE BAT","11489","Michael A Taylor","CHW",71,225,248,47,31,8,1,7,27,24,18,0,81,2,1,2,6,2,0.209,0.272,0.35,0.622,0.273,0.07,0.33,0.221,0.141,0.289,0.2,75,0.2
"THE BAT","12510","Curt Casali","ATL",21,61,70,13,9,2,0,1,7,6,6,0,17,1,0,1,0,0,0.213,0.297,0.319,0.616,0.277,0.09,0.24,0.378,0.106,0.271,-0.1,75,0.2
"THE BAT","12434","Kevin Pillar",NA,52,168,182,39,24,8,1,6,21,21,9,0,40,3,2,0,5,1,0.235,0.284,0.398,0.682,0.296,0.05,0.22,0.223,0.164,0.272,0.3,90,0.2
"THE BAT","31765","Nacho Alvarez Jr","ATL",13,46,52,12,9,2,0,1,6,5,4,0,10,1,0,0,1,0,0.256,0.326,0.358,0.684,0.303,0.08,0.19,0.429,0.102,0.309,0,93,0.2
"THE BAT","19262","Garrett Hampson","ARI",82,202,222,47,34,9,2,2,25,18,15,0,57,2,1,2,8,2,0.235,0.292,0.333,0.625,0.277,0.07,0.26,0.269,0.098,0.313,0.4,74,0.2
"THE BAT","19339","Nicky Lopez","CHC",62,209,236,50,40,8,1,1,25,14,19,0,37,2,1,4,7,2,0.239,0.307,0.297,0.604,0.273,0.08,0.16,0.513,0.058,0.286,0,74,0.2
"THE BAT","21853","Will Benson","CIN",63,197,227,40,22,9,1,8,29,24,25,0,80,2,1,1,9,2,0.201,0.297,0.38,0.677,0.298,0.11,0.35,0.316,0.179,0.286,0.6,83,0.2
"THE BAT","27465","Spencer Torkelson","DET",76,277,313,61,36,14,1,11,33,36,30,1,83,4,2,0,1,0,0.219,0.302,0.387,0.689,0.302,0.1,0.27,0.363,0.169,0.27,-0.5,97,0.2
"THE BAT","14128","Joey Gallo","CHW",70,222,260,40,19,7,1,13,31,35,34,1,99,3,1,0,2,0,0.18,0.295,0.391,0.686,0.302,0.13,0.38,0.343,0.211,0.244,-0.3,94,0.2
"THE BAT","21009","Leo Rivas","SEA",23,63,72,13,10,3,0,1,7,5,7,0,18,1,0,1,3,1,0.211,0.296,0.292,0.589,0.267,0.1,0.26,0.397,0.082,0.284,0.1,78,0.2
"THE BAT","21746","Jose Fermin","STL",21,57,64,14,10,3,0,1,7,5,5,0,8,1,0,1,2,1,0.242,0.313,0.348,0.66,0.293,0.08,0.13,0.611,0.106,0.266,0.1,88,0.2
"THE BAT","18123","Nathan Lukes","TOR",31,96,105,24,18,5,0,1,11,9,7,0,18,1,1,0,1,0,0.254,0.312,0.349,0.661,0.292,0.07,0.17,0.41,0.095,0.301,-0.1,91,0.2
"THE BAT","5827","Wilmer Flores","SFG",94,330,369,79,52,15,0,11,39,42,31,1,54,4,3,0,0,0,0.239,0.309,0.392,0.7,0.306,0.08,0.15,0.563,0.152,0.252,-0.7,98,0.2
"THE BAT","24934","David Fry","CLE",56,177,200,43,27,9,0,6,22,24,17,1,44,3,2,0,1,0,0.24,0.314,0.404,0.718,0.313,0.08,0.22,0.38,0.164,0.282,-0.2,105,0.2
"THE BAT","2396","Carlos Santana","CLE",133,488,550,106,66,21,1,17,57,62,54,1,97,3,3,1,3,1,0.216,0.296,0.369,0.665,0.293,0.1,0.18,0.557,0.153,0.233,-0.7,91,0.2
"THE BAT","21562","Romy Gonzalez","BOS",49,150,163,35,23,7,1,5,20,17,10,0,47,1,1,0,6,2,0.236,0.287,0.385,0.671,0.292,0.06,0.29,0.206,0.149,0.308,0.3,83,0.2
"THE BAT","sa3017290","Max Muncy","ATH",22,78,86,17,11,4,0,2,9,8,5,0,27,1,0,0,1,0,0.214,0.272,0.346,0.618,0.272,0.06,0.31,0.204,0.131,0.293,0,79,0.2
"THE BATX","sa3020219","Chandler Simpson","TBR",16,59,64,16,12,3,0,0,8,5,4,0,8,0,0,1,5,0,0.271,0.316,0.344,0.66,0.29,0.06,0.12,0.492,0.074,0.306,0.6,92,0.2
"THE BATX","13145","Josh Bell","WSN",132,487,549,117,79,22,1,17,57,66,52,1,110,4,4,0,0,0,0.241,0.317,0.39,0.707,0.31,0.09,0.2,0.469,0.149,0.276,-1,99,0.2
"THE BATX","27735","Brett Wisely","SFG",47,148,163,33,23,7,1,3,17,15,12,0,39,1,1,1,3,1,0.226,0.285,0.35,0.635,0.279,0.07,0.24,0.301,0.124,0.28,0,80,0.2
"THE BATX","22277","Nick Allen","ATL",39,127,139,31,24,5,1,1,15,10,8,0,22,1,1,2,3,1,0.245,0.294,0.329,0.623,0.275,0.06,0.16,0.377,0.084,0.286,0,74,0.2
"THE BATX","12158","Austin Barnes","LAD",41,127,144,27,20,5,0,2,14,12,12,0,33,1,1,1,2,1,0.213,0.284,0.301,0.585,0.263,0.08,0.23,0.35,0.089,0.268,-0.2,68,0.2
"THE BATX","sa3025129","Travis Bazzana","CLE",39,137,152,29,19,6,0,4,15,15,12,0,44,2,1,0,2,0,0.212,0.283,0.346,0.629,0.278,0.08,0.29,0.28,0.134,0.279,0,80,0.2
"THE BATX","19262","Garrett Hampson","ARI",82,202,222,47,34,9,2,3,25,18,15,0,57,2,1,2,8,1,0.235,0.292,0.338,0.63,0.278,0.07,0.26,0.268,0.103,0.312,0.6,75,0.2
"THE BATX","25643","Drew Millas","WSN",21,67,73,16,12,3,0,1,7,7,5,0,15,0,0,0,1,0,0.239,0.297,0.342,0.639,0.282,0.07,0.2,0.355,0.103,0.29,0,80,0.2
"THE BATX","9627","Yan Gomes",NA,29,94,102,22,15,4,0,3,10,11,4,0,25,1,1,0,1,0,0.234,0.276,0.369,0.645,0.281,0.04,0.24,0.177,0.135,0.288,-0.1,80,0.2
"THE BATX","19806","Jason Delay","PIT",26,79,86,17,13,3,0,1,7,7,5,0,18,1,1,1,1,0,0.219,0.273,0.301,0.574,0.256,0.06,0.21,0.27,0.082,0.273,-0.1,59,0.2
"THE BATX","sa3023622","Payton Eeles","MIN",15,53,59,13,9,2,0,1,7,5,5,0,11,1,0,0,2,0,0.242,0.319,0.361,0.68,0.301,0.08,0.19,0.437,0.119,0.287,0.2,96,0.2
"THE BATX","19818","Joshua Palacios","PIT",71,227,252,55,38,11,1,6,28,25,19,0,54,3,2,1,5,1,0.242,0.307,0.372,0.679,0.299,0.07,0.21,0.35,0.13,0.291,0,88,0.2
"THE BATX","24770","James Outman","LAD",39,128,145,27,16,5,1,4,18,15,14,0,46,2,1,0,3,1,0.208,0.295,0.362,0.657,0.29,0.1,0.31,0.303,0.153,0.283,0.1,87,0.2
"THE BATX","14111","Eric Haase","MIL",41,131,143,27,17,5,0,4,13,16,9,0,48,1,1,0,1,0,0.203,0.259,0.34,0.598,0.263,0.06,0.34,0.189,0.136,0.283,-0.2,66,0.2
"THE BATX","18015","Paul DeJong","WSN",80,277,304,56,34,11,0,11,31,36,19,0,97,5,2,0,3,1,0.203,0.262,0.363,0.625,0.273,0.06,0.32,0.191,0.16,0.264,-0.3,75,0.2
"THE BATX","21009","Leo Rivas","SEA",23,63,72,14,10,2,0,1,7,5,7,0,19,1,0,1,3,1,0.215,0.3,0.301,0.601,0.272,0.1,0.26,0.396,0.086,0.288,0.2,81,0.2
"THE BATX","4940","Jason Heyward","SDP",63,200,224,46,29,9,1,7,25,25,19,1,46,2,1,0,3,1,0.229,0.302,0.384,0.686,0.3,0.09,0.21,0.412,0.155,0.264,-0.2,93,0.2
"THE BATX","19802","Jhonny Pereda","ATH",31,87,95,19,15,3,0,1,8,8,7,0,21,1,1,0,0,0,0.223,0.282,0.306,0.588,0.263,0.07,0.22,0.326,0.084,0.278,-0.2,72,0.2
"THE BATX","27577","Casey Schmitt","SFG",25,78,85,19,12,4,0,2,9,9,5,0,20,1,1,0,1,0,0.238,0.285,0.385,0.669,0.291,0.05,0.23,0.229,0.147,0.286,-0.1,87,0.2
"THE BATX","21746","Jose Fermin","STL",21,57,64,14,10,3,0,1,7,5,5,0,8,1,0,1,2,1,0.246,0.317,0.353,0.67,0.297,0.08,0.13,0.603,0.107,0.272,0.1,91,0.2
"THE BATX","9847","Andrew McCutchen","PIT",107,399,458,92,59,18,1,14,52,52,50,0,110,4,3,0,4,2,0.231,0.321,0.389,0.71,0.313,0.11,0.24,0.457,0.158,0.28,-0.6,98,0.2
"THE BATX","31765","Nacho Alvarez Jr","ATL",13,46,52,12,9,2,0,1,6,5,4,0,10,1,0,0,1,0,0.256,0.326,0.359,0.685,0.304,0.08,0.19,0.429,0.103,0.309,0,93,0.2
"THE BATX","25543","Korey Lee","CHW",69,225,240,48,32,9,1,6,23,23,12,0,71,2,1,0,4,1,0.213,0.257,0.335,0.593,0.26,0.05,0.29,0.174,0.123,0.282,-0.1,66,0.2
"THE BATX","26438","Dominic Canzone","SEA",34,108,118,24,15,5,0,4,12,14,9,0,28,1,1,0,1,0,0.224,0.285,0.381,0.666,0.289,0.07,0.23,0.314,0.157,0.263,-0.1,94,0.2
"THE BATX","27630","Nick Loftin","KCR",35,113,124,27,20,5,1,2,13,11,9,0,21,1,1,1,2,1,0.241,0.3,0.343,0.643,0.284,0.07,0.17,0.426,0.102,0.278,-0.1,79,0.2
"THE BATX","18123","Nathan Lukes","TOR",31,96,105,24,18,5,0,1,11,10,7,0,18,1,1,0,1,0,0.255,0.312,0.354,0.666,0.294,0.07,0.17,0.402,0.1,0.299,-0.1,92,0.2
"THE BATX","12510","Curt Casali","ATL",21,61,70,13,9,2,0,1,7,6,7,0,17,1,0,1,0,0,0.21,0.296,0.314,0.61,0.275,0.09,0.24,0.382,0.104,0.269,-0.1,73,0.2
"THE BATX","14387","Harold Ramirez",NA,21,67,72,17,13,3,0,1,7,7,3,0,14,1,0,0,1,0,0.258,0.3,0.351,0.651,0.287,0.04,0.19,0.23,0.093,0.309,-0.1,83,0.2
"THE BATX","24703","Jonah Bride","MIA",109,378,432,91,63,18,1,9,45,41,42,0,84,7,3,1,2,1,0.24,0.325,0.362,0.686,0.305,0.1,0.19,0.498,0.122,0.284,-0.8,92,0.2
"THE BATX","21635","Nick Maton","CHW",21,59,67,13,8,3,0,2,7,7,6,0,17,1,0,0,0,0,0.214,0.291,0.359,0.65,0.287,0.09,0.25,0.368,0.145,0.26,-0.1,85,0.2
"THE BATX","27789","Shay Whitcomb","HOU",50,153,166,33,21,6,0,5,18,18,10,1,48,2,1,0,4,1,0.215,0.27,0.362,0.633,0.276,0.06,0.29,0.214,0.147,0.274,0.3,79,0.2
"THE BATX","sa3017290","Max Muncy","ATH",22,78,86,17,11,4,0,2,9,8,5,0,27,1,0,0,1,0,0.214,0.272,0.346,0.619,0.272,0.06,0.31,0.204,0.132,0.293,0.1,79,0.2
"THE BATX","16530","Mauricio Dubon","HOU",98,347,369,85,63,15,1,6,36,35,15,0,52,2,3,2,4,1,0.245,0.28,0.346,0.626,0.274,0.04,0.14,0.296,0.101,0.271,-0.4,78,0.2
"THE BATX","23818","Ji Hwan Bae","PIT",20,63,70,16,11,3,0,1,8,5,6,0,17,0,0,0,4,1,0.247,0.311,0.347,0.659,0.291,0.08,0.24,0.337,0.101,0.32,0.3,83,0.2
"THE BATX","sa3017114","Marcelo Mayer","BOS",11,38,42,9,6,2,0,1,5,5,3,0,10,0,0,0,1,0,0.244,0.305,0.389,0.694,0.302,0.07,0.24,0.311,0.145,0.307,0,90,0.2
"THE BATX","20505","Drew Waters","KCR",30,100,110,23,14,5,1,2,13,11,9,0,34,1,1,0,3,1,0.228,0.297,0.366,0.663,0.29,0.08,0.3,0.264,0.138,0.317,0.1,84,0.2
"ZiPS","22197","MJ Melendez","KCR",133,460,513,109,61,24,4,20,61,64,48,1,126,2,3,0,4,4,0.237,0.31,0.437,0.747,0.322,0.09,0.25,0.381,0.2,0.281,-1.7,106,0.2
"ZiPS","13499","Tom Murphy","SFG",46,132,149,29,19,6,0,4,15,15,15,0,45,1,1,0,0,0,0.22,0.302,0.356,0.658,0.292,0.1,0.3,0.333,0.136,0.298,-0.3,88,0.2
"ZiPS","17040","Jose Herrera","ARI",80,239,273,52,41,8,1,2,27,22,25,0,60,1,1,7,0,1,0.218,0.293,0.285,0.578,0.262,0.09,0.22,0.417,0.067,0.281,-0.9,65,0.2
"ZiPS","31431","Jordan Beck","COL",108,410,451,101,66,22,2,11,51,50,38,1,128,1,2,0,10,2,0.246,0.31,0.39,0.701,0.306,0.08,0.28,0.297,0.144,0.33,0.4,83,0.2
"ZiPS","sa3020188","Tim Elko","CHW",130,517,549,126,87,21,2,16,56,67,26,1,192,4,2,0,1,1,0.244,0.284,0.385,0.669,0.29,0.05,0.35,0.135,0.141,0.354,-1.1,88,0.2
"ZiPS","19788","Zach Remillard",NA,98,321,359,68,52,11,1,4,40,30,26,0,95,6,2,4,7,3,0.212,0.282,0.29,0.571,0.258,0.07,0.26,0.274,0.078,0.286,-0.5,65,0.2
"ZiPS","12147","Nick Ahmed","TEX",82,251,270,52,37,11,1,3,23,22,15,0,64,1,1,2,3,1,0.207,0.254,0.295,0.549,0.243,0.06,0.24,0.234,0.088,0.265,-0.2,57,0.2
"ZiPS","sa3022499","Brock Wilken","MIL",105,405,458,75,48,14,1,12,47,48,47,0,163,5,1,0,1,0,0.185,0.277,0.314,0.591,0.267,0.1,0.36,0.288,0.128,0.273,-0.6,69,0.2
"ZiPS","19698","Edward Olivares",NA,95,319,353,77,53,13,1,10,45,44,25,0,68,6,3,0,8,5,0.241,0.306,0.382,0.688,0.302,0.07,0.19,0.368,0.141,0.275,-1.1,97,0.2
"ZiPS","sa1169598","Matthew Lugo","LAA",96,370,402,85,54,18,3,10,47,46,23,1,109,6,2,1,9,3,0.23,0.284,0.376,0.66,0.287,0.06,0.27,0.211,0.146,0.296,-0.1,84,0.2
"ZiPS","10441","Jon Singleton","HOU",110,366,426,75,46,15,1,13,45,47,56,1,122,0,4,0,1,0,0.205,0.308,0.358,0.665,0.295,0.13,0.29,0.459,0.153,0.264,-0.6,93,0.2
"ZiPS","21497","Luken Baker","STL",119,425,480,90,52,17,0,21,46,66,47,1,132,3,5,0,1,0,0.212,0.292,0.4,0.692,0.301,0.1,0.28,0.356,0.188,0.249,-0.6,94,0.2
"ZiPS","sa3009845","Kenedy Corona","HOU",107,408,449,86,59,17,2,8,48,47,31,1,134,7,2,1,16,6,0.211,0.277,0.321,0.598,0.265,0.07,0.3,0.231,0.11,0.291,0,72,0.2
"ZiPS","15161","Mitch Garver","SEA",94,308,358,61,35,14,0,12,35,40,43,0,107,5,2,0,0,0,0.198,0.304,0.36,0.665,0.297,0.12,0.3,0.402,0.162,0.257,-0.7,99,0.2
"ZiPS","25575","Kyle McCann","ATH",88,302,336,59,38,11,0,10,33,37,29,1,130,4,1,0,1,0,0.195,0.274,0.331,0.605,0.269,0.09,0.39,0.223,0.136,0.301,-0.4,77,0.2
"ZiPS DC","29554","Adrian Del Castillo","ARI",29,108,119,26,16,6,0,3,13,15,10,0,30,1,0,0,0,0,0.238,0.308,0.396,0.704,0.307,0.09,0.25,0.339,0.158,0.297,-0.3,95,0.2
"ZiPS DC","14813","Kyle Farmer","COL",55,216,238,53,36,10,1,6,26,27,14,1,46,6,2,0,2,3,0.248,0.31,0.386,0.697,0.305,0.06,0.2,0.301,0.139,0.288,-1.1,82,0.2
"ZiPS DC","20505","Drew Waters","KCR",19,75,84,18,10,5,1,2,12,9,8,0,25,1,1,0,3,1,0.238,0.313,0.409,0.722,0.315,0.09,0.29,0.307,0.171,0.325,0,101,0.2
"ZiPS DC","25967","Orelvis Martinez","TOR",49,190,210,40,22,9,0,9,23,30,15,1,58,3,2,0,0,0,0.21,0.275,0.402,0.678,0.292,0.07,0.28,0.25,0.193,0.248,-0.2,91,0.2
"ZiPS DC","2136","David Peralta",NA,76,299,329,72,47,16,2,7,33,35,24,1,70,3,3,0,2,1,0.242,0.302,0.381,0.683,0.298,0.07,0.21,0.351,0.139,0.289,-0.6,92,0.2
"ZiPS DC","sa3015579","Jared Serna","MIA",26,103,112,24,16,6,0,3,13,12,7,0,22,2,1,0,2,1,0.233,0.292,0.365,0.658,0.289,0.06,0.2,0.316,0.133,0.273,-0.4,82,0.2
"ZiPS DC","21853","Will Benson","CIN",28,103,119,22,11,5,1,4,16,14,15,0,41,1,1,0,5,2,0.21,0.313,0.395,0.708,0.311,0.12,0.35,0.351,0.185,0.304,0.1,92,0.2
"ZiPS DC","21009","Leo Rivas","SEA",16,59,70,13,10,2,0,1,9,5,9,0,17,1,1,1,3,1,0.22,0.324,0.292,0.616,0.282,0.12,0.24,0.511,0.071,0.297,0.1,89,0.2
"ZiPS DC","29606","JustynHenry Malloy","DET",19,72,84,17,11,3,0,2,9,9,11,0,25,1,1,0,0,0,0.232,0.338,0.384,0.722,0.321,0.13,0.29,0.435,0.152,0.314,-0.2,111,0.2
"ZiPS DC","23359","Nelson Velazquez","KCR",31,119,133,28,16,6,1,5,16,17,12,0,36,1,1,0,2,1,0.232,0.307,0.412,0.72,0.313,0.09,0.27,0.326,0.18,0.29,-0.2,99,0.2
"ZiPS DC","5254","Robbie Grossman",NA,41,148,175,33,22,7,0,3,19,16,23,0,42,1,2,0,2,0,0.225,0.332,0.347,0.68,0.306,0.13,0.24,0.557,0.122,0.286,-0.1,97,0.2
"ZiPS DC","17954","Sam Hilliard","COL",73,280,315,65,38,12,2,12,44,40,30,1,100,1,2,2,8,2,0.231,0.305,0.422,0.727,0.315,0.1,0.32,0.302,0.192,0.307,0.4,88,0.2
"ZiPS DC","17620","Myles Straw","TOR",19,76,84,18,13,3,1,0,10,6,7,0,16,0,1,1,4,1,0.233,0.296,0.307,0.603,0.269,0.08,0.19,0.423,0.073,0.29,0.3,74,0.2
"ZiPS DC","25643","Drew Millas","WSN",11,41,45,10,7,2,0,1,4,5,4,0,8,0,0,0,1,0,0.243,0.307,0.359,0.666,0.293,0.08,0.19,0.429,0.115,0.287,0.1,87,0.2
"ZiPS DC","27462","Austin Martin","MIN",29,107,126,26,19,5,1,1,16,12,13,0,22,4,1,1,4,1,0.24,0.344,0.329,0.673,0.305,0.11,0.18,0.6,0.089,0.293,0,99,0.2
"ZiPS DC","24496","DaShawn Keirsey Jr","MIN",11,45,49,11,8,2,1,1,5,5,3,0,13,1,0,0,2,0,0.251,0.309,0.379,0.688,0.301,0.07,0.27,0.256,0.129,0.332,0.1,97,0.2
"ZiPS DC","15223","Adam Frazier","PIT",57,221,245,54,39,11,1,3,29,21,18,0,39,4,1,2,4,1,0.243,0.308,0.342,0.65,0.289,0.07,0.16,0.455,0.099,0.282,-0.2,82,0.2
"ZiPS DC","13499","Tom Murphy","SFG",47,170,192,37,25,8,0,5,19,19,19,0,58,1,1,0,0,0,0.22,0.302,0.356,0.658,0.292,0.1,0.3,0.333,0.136,0.298,-0.4,88,0.2
"ZiPS DC","19318","Matt Thaiss","CHW",28,94,109,20,14,4,0,2,11,10,13,0,29,1,1,0,1,0,0.211,0.314,0.326,0.639,0.288,0.12,0.26,0.468,0.115,0.275,0,86,0.2
"ZiPS DC","25805","Blake Sabol","BOS",15,51,58,12,8,2,0,1,6,7,5,0,16,1,0,0,1,0,0.242,0.316,0.385,0.702,0.308,0.09,0.28,0.309,0.143,0.324,0,95,0.2
"ZiPS DC","25845","Michael Toglia","COL",131,504,567,114,65,20,3,25,70,76,57,1,171,3,3,0,7,2,0.226,0.307,0.428,0.735,0.319,0.1,0.3,0.335,0.202,0.286,-0.4,91,0.2
"ZiPS DC","19864","Riley Adams","WSN",29,102,115,22,13,6,0,3,10,14,9,0,33,3,1,0,0,0,0.219,0.301,0.375,0.676,0.297,0.08,0.29,0.277,0.156,0.287,-0.1,90,0.2
"ZiPS DC","31431","Jordan Beck","COL",92,363,399,89,58,19,2,10,45,44,34,1,113,1,2,0,9,2,0.246,0.31,0.39,0.701,0.306,0.08,0.28,0.297,0.144,0.33,0.3,83,0.2
"ZiPS DC","26438","Dominic Canzone","SEA",13,51,56,12,8,2,0,2,7,7,4,0,13,0,0,0,1,0,0.242,0.299,0.416,0.714,0.309,0.07,0.23,0.312,0.174,0.281,0,107,0.2
"ZiPS DC","25425","Austin Shenton","SEA",11,43,49,10,6,2,0,2,6,6,5,0,16,0,0,0,0,0,0.221,0.308,0.387,0.695,0.306,0.1,0.33,0.317,0.167,0.309,-0.1,105,0.2
"ZiPS DC","22244","Jack Suwinski","PIT",16,61,70,14,8,3,0,3,8,9,8,0,21,1,1,0,2,0,0.231,0.323,0.442,0.765,0.33,0.11,0.3,0.377,0.211,0.293,0.1,109,0.2
"ZiPS DC","15676","Jose Abreu",NA,39,151,168,38,25,7,0,5,19,21,12,0,37,3,1,0,0,0,0.248,0.314,0.398,0.712,0.311,0.07,0.22,0.323,0.15,0.294,-0.3,101,0.2
"ZiPS DC","27763","Drew Romo","COL",62,226,243,56,39,10,2,5,25,29,11,0,51,3,2,1,2,2,0.246,0.286,0.373,0.659,0.287,0.04,0.21,0.211,0.128,0.293,-0.8,70,0.2
"ZiPS DC","25475","Logan Driscoll","TBR",8,29,32,7,5,2,0,1,4,4,2,0,8,1,0,0,0,0,0.238,0.298,0.356,0.653,0.287,0.06,0.25,0.256,0.117,0.305,-0.1,90,0.2
"ZiPS DC","26374","Kameron Misner","TBR",13,49,56,10,6,3,0,1,7,6,6,0,19,0,0,0,2,0,0.21,0.302,0.35,0.652,0.29,0.11,0.34,0.324,0.141,0.309,0.1,92,0.2
"ZiPS DC","27845","Matt Mervis","MIA",63,245,273,58,35,13,1,9,28,33,22,1,76,4,2,0,1,1,0.235,0.306,0.398,0.704,0.308,0.08,0.28,0.292,0.164,0.3,-0.5,94,0.2
"ZiPS DC","29788","Brett Harris","ATH",11,43,49,9,7,2,0,1,6,5,4,0,10,1,0,0,1,0,0.22,0.306,0.329,0.636,0.286,0.09,0.21,0.441,0.109,0.264,-0.1,89,0.2
"ZiPS DC","18819","Andy Ibanez","DET",47,188,203,45,30,10,1,5,22,22,13,0,41,2,1,0,1,1,0.239,0.294,0.37,0.664,0.291,0.06,0.2,0.319,0.131,0.282,-0.6,90,0.2
"ZiPS DC","16953","Chadwick Tromp","ATL",15,53,58,12,8,3,0,1,6,6,4,0,14,0,0,0,0,0,0.232,0.29,0.36,0.65,0.286,0.07,0.25,0.301,0.129,0.289,-0.1,81,0.2
"ZiPS DC","sa3010700","Victor Mesa Jr","MIA",24,97,105,22,15,4,0,2,11,11,6,0,24,1,1,0,1,0,0.232,0.282,0.356,0.638,0.28,0.06,0.23,0.264,0.124,0.285,-0.1,75,0.2
"ZiPS DC","15679","Rowdy Tellez",NA,47,183,203,44,29,8,0,7,18,25,18,1,42,1,2,0,0,0,0.241,0.308,0.404,0.712,0.308,0.09,0.21,0.415,0.163,0.273,-0.3,99,0.2
"ZiPS DC","sa3015168","Deyvison De Los Santos","MIA",81,331,350,84,56,12,1,15,41,45,15,1,97,3,1,0,1,1,0.253,0.289,0.429,0.718,0.308,0.04,0.28,0.15,0.176,0.313,-0.7,95,0.2
"ZiPS DC","27781","Pedro Leon","HOU",19,75,84,16,10,4,0,3,11,11,6,0,27,2,0,0,3,1,0.216,0.292,0.376,0.668,0.293,0.07,0.32,0.232,0.16,0.297,-0.1,92,0.2
"REZ","sa3014834","Matt Koperniak","STL",22,85,93,21,16,3,0,2,9,10,6,0,19,1,0,0,1,1,0.246,0.299,0.363,0.663,0.291,0.06,0.21,0.31,0.117,0.294,-0.3,87,0.2
"REZ","13324","Ildemaro Vargas","ARI",59,183,199,43,30,8,2,3,19,17,12,0,22,1,2,2,3,1,0.235,0.282,0.357,0.639,0.279,5.8,11.1,0.5,0.122,0.249,-0.1,73,0.2
"REZ","22232","Mason McCoy","SDP",21,74,82,16,13,3,0,0,8,7,6,0,27,0,0,1,2,1,0.218,0.276,0.264,0.54,0.246,7.1,32.3,0.2,0.046,0.334,0.1,60,0.2
"REZ","sa3014465","Owen Caissie","CHC",28,106,119,25,17,5,0,3,12,13,11,0,39,1,1,0,2,1,0.233,0.309,0.37,0.679,0.299,0.09,0.33,0.284,0.138,0.335,-0.2,93,0.2
"REZ","22842","Alexander Canario","CHC",45,158,173,32,18,6,4,5,18,22,13,0,58,1,1,0,2,1,0.204,0.269,0.396,0.665,0.289,7.6,33.6,0.2,0.192,0.282,-0.1,85,0.2
"REZ","19346","Eli White","ATL",19,58,65,12,9,1,0,1,9,7,6,0,19,1,0,0,3,1,0.209,0.286,0.294,0.58,0.263,8.6,30,0.3,0.085,0.294,0.2,82,0.2
"REZ","22707","Gustavo Campero","LAA",19,68,77,14,11,0,1,1,10,10,5,0,16,3,0,0,3,1,0.207,0.287,0.309,0.596,0.269,6.8,21.3,0.3,0.102,0.251,0.1,97,0.2
"REZ","24605","Michael Helman","STL",25,80,87,18,6,11,0,0,10,10,6,0,21,1,0,0,2,0,0.228,0.288,0.359,0.647,0.279,7,23.6,0.3,0.131,0.305,0.1,78,0.2
"REZ","sa3005478","Carlos D Rodriguez","ATL",19,73,81,19,15,3,1,0,9,7,7,0,11,0,0,0,2,1,0.259,0.321,0.344,0.665,0.295,0.08,0.14,0.573,0.086,0.299,-0.1,87,0.2
"REZ","22766","Steward Berroa","TOR",18,55,63,13,11,2,0,0,9,6,6,0,18,0,0,1,5,1,0.231,0.31,0.265,0.575,0.266,9.5,28.9,0.3,0.034,0.342,0.3,81,0.2
"REZ","20054","Bligh Madris","DET",29,100,112,21,15,5,0,1,11,12,10,0,29,1,1,0,2,1,0.213,0.286,0.287,0.573,0.259,9,26.3,0.3,0.074,0.291,-0.1,79,0.2
"REZ","25425","Austin Shenton","SEA",26,92,104,19,6,11,0,2,10,12,10,0,37,1,0,0,0,0,0.209,0.292,0.407,0.699,0.306,9.8,35.4,0.3,0.198,0.317,-0.2,95,0.2
"REZ","17696","Kevin Newman","LAA",63,222,241,56,42,10,1,2,25,20,13,1,40,2,2,2,5,1,0.25,0.294,0.329,0.623,0.272,5.5,16.4,0.3,0.079,0.292,0.2,73,0.2
"REZ","27784","Tyler Gentry","KCR",25,86,98,20,13,5,0,2,11,11,9,0,29,2,0,0,1,0,0.227,0.303,0.355,0.657,0.292,0.09,0.3,0.293,0.128,0.311,-0.1,85,0.2
"REZ","14366","Joey Meneses","NYM",33,127,139,29,20,5,0,3,13,19,10,1,31,1,2,0,0,0,0.228,0.285,0.339,0.624,0.273,7,22.5,0.3,0.111,0.276,-0.2,89,0.2
"REZ","23359","Nelson Velazquez","KCR",47,167,186,36,19,7,1,9,23,23,16,0,47,2,1,0,3,1,0.217,0.289,0.434,0.723,0.311,8.5,25.5,0.3,0.217,0.243,-0.1,97,0.2
"REZ","17837","Jakson Reetz","NYM",13,45,51,11,0,8,0,3,5,7,4,0,15,1,0,0,0,0,0.241,0.329,0.632,0.961,0.399,8.7,28.7,0.3,0.391,0.277,-0.1,82,0.2
"REZ","20557","CJ Alexander","ATH",17,62,66,11,11,0,0,0,8,8,4,0,18,0,0,0,1,0,0.177,0.229,0.177,0.406,0.189,5.7,26.6,0.2,0,0.247,-0.1,83,0.2
"REZ","21716","Enmanuel Valdez","PIT",31,105,116,25,15,6,0,4,13,13,10,0,27,1,1,0,1,0,0.235,0.302,0.404,0.706,0.307,8.5,22.9,0.4,0.169,0.273,-0.2,88,0.2
"REZ","27690","Joey Wiemer","KCR",45,150,168,31,24,4,0,2,19,16,15,0,45,2,1,0,4,1,0.205,0.284,0.278,0.562,0.256,9,26.5,0.3,0.073,0.272,0,79,0.2
"REZ","23968","Jorge Barrosa","ARI",22,79,89,20,7,13,0,0,10,9,7,0,17,1,0,1,2,1,0.252,0.318,0.413,0.731,0.316,8,19.6,0.4,0.161,0.32,-0.1,80,0.2
"REZ","24273","Liover Peguero","PIT",25,96,104,22,16,4,0,1,11,11,6,0,25,1,0,0,3,1,0.224,0.272,0.309,0.581,0.259,5.8,24.5,0.2,0.085,0.291,0,73,0.2
"REZ","21635","Nick Maton","CHW",22,69,79,14,9,2,0,2,9,8,8,0,19,1,1,0,0,0,0.197,0.29,0.339,0.629,0.28,10.6,24.5,0.4,0.142,0.236,-0.1,90,0.2
"REZ","19339","Nicky Lopez","CHC",35,113,128,27,21,5,1,0,13,8,11,0,20,1,0,2,3,1,0.24,0.31,0.307,0.617,0.277,8.3,15.8,0.5,0.067,0.287,-0.1,77,0.2
"REZ","15679","Rowdy Tellez",NA,69,244,271,53,31,11,0,10,27,34,23,2,58,2,2,0,1,0,0.217,0.287,0.39,0.677,0.291,8.6,21.5,0.4,0.173,0.24,-0.6,98,0.2
"REZ","21270","Sean Bouchard","COL",46,160,182,40,22,12,0,7,27,22,18,0,47,2,1,0,4,1,0.251,0.331,0.457,0.788,0.341,9.7,25.6,0.4,0.206,0.306,-0.1,95,0.2
"REZ","17975","Scott Kingery","LAA",27,98,106,21,14,3,1,3,12,10,7,0,35,0,0,1,3,0,0.209,0.263,0.345,0.607,0.266,0.06,0.33,0.196,0.136,0.29,0.3,69,0.2
"REZ","sa3022864","Jonathon Long","CHC",30,109,123,25,17,4,0,4,16,15,12,0,31,2,1,0,0,0,0.235,0.313,0.381,0.694,0.304,0.09,0.25,0.365,0.146,0.29,-0.2,97,0.2
"REZ","19562","Zack Short","HOU",24,67,79,14,9,3,0,2,9,9,10,0,23,1,1,1,1,0,0.21,0.315,0.359,0.674,0.301,12.6,29.5,0.4,0.149,0.281,-0.1,79,0.2
"REZ","20450","Brewer Hicklen","MIL",19,65,74,13,8,3,0,3,10,11,7,0,27,2,0,0,4,0,0.203,0.289,0.367,0.655,0.288,0.09,0.35,0.245,0.164,0.292,0.4,83,0.2
"REZ","19458","Cooper Hummel","HOU",17,57,67,10,5,4,0,1,8,8,8,0,17,1,0,0,2,0,0.168,0.284,0.277,0.561,0.259,12.5,25.7,0.5,0.109,0.229,0,93,0.2
"REZ","26517","Noelvi Marte","CIN",54,202,219,50,36,10,0,4,25,23,14,0,55,2,1,0,7,2,0.245,0.297,0.356,0.653,0.288,6.2,25.2,0.2,0.111,0.315,0.2,80,0.2
"REZ","15223","Adam Frazier","PIT",70,243,269,52,36,10,1,4,30,23,20,1,42,4,1,2,4,1,0.213,0.281,0.318,0.599,0.266,7.4,15.6,0.5,0.105,0.239,-0.2,79,0.1
"REZ","18217","Brett Sullivan","SDP",18,64,70,13,9,1,0,2,7,7,5,0,12,0,1,0,0,0,0.198,0.258,0.327,0.585,0.257,7.1,16.7,0.4,0.129,0.202,-0.1,74,0.1
"REZ","16219","JD Davis","LAA",37,126,142,28,19,5,0,4,15,14,13,0,47,2,1,0,0,0,0.22,0.301,0.351,0.652,0.289,9.1,33,0.3,0.131,0.314,-0.3,91,0.1
"REZ","16451","Luis Guillorme","HOU",34,96,109,22,16,5,0,1,10,8,12,0,21,0,0,1,1,0,0.229,0.314,0.3,0.614,0.276,10.7,18.8,0.6,0.071,0.284,-0.2,84,0.1
"REZ","25483","Nick Sogard","BOS",21,75,84,18,14,3,0,0,11,8,8,0,18,1,1,0,2,1,0.24,0.317,0.283,0.6,0.273,9.6,21.6,0.4,0.043,0.314,-0.1,81,0.1
"REZ","23372","Hunter Feduccia","LAD",17,62,70,15,14,0,0,0,7,7,7,0,18,0,0,0,0,0,0.236,0.316,0.232,0.548,0.256,10.3,25.1,0.4,-0.004,0.327,-0.1,81,0.1
"REZ","23296","Jacob Amaya","CHW",20,73,80,14,14,1,0,0,9,8,6,0,20,0,1,0,1,0,0.199,0.265,0.205,0.47,0.219,8.1,24.9,0.3,0.006,0.271,0,70,0.1
"REZ","20311","Corey Julks","CHW",41,135,149,31,23,6,0,3,19,15,12,0,35,1,1,0,4,1,0.233,0.298,0.336,0.634,0.282,7.9,23.7,0.3,0.103,0.294,0.2,88,0.1
"REZ","29487","Blake Dunn","CIN",19,64,73,15,8,4,0,4,10,8,6,0,22,2,0,1,3,0,0.237,0.32,0.479,0.799,0.344,8.1,29.8,0.3,0.242,0.292,0.3,79,0.1
"REZ","25621","Bryan Ramos","CHW",39,145,159,35,23,7,0,6,16,17,10,0,37,2,1,0,1,1,0.242,0.301,0.404,0.705,0.307,6.5,23.4,0.3,0.162,0.286,-0.3,84,0.1
"REZ","19252","Cavan Biggio","KCR",27,81,95,17,11,4,0,2,11,9,12,0,24,2,0,0,1,0,0.213,0.325,0.344,0.669,0.301,12.7,25.3,0.5,0.131,0.275,-0.1,87,0.1
"REZ","12434","Kevin Pillar",NA,50,170,185,36,18,12,1,4,22,21,9,0,42,4,2,0,5,1,0.209,0.262,0.362,0.624,0.27,5,22.6,0.2,0.153,0.248,0,86,0.1
"REZ","13355","Luke Maile","KCR",30,87,98,19,13,5,0,1,9,9,8,0,27,2,1,0,1,0,0.223,0.298,0.337,0.635,0.285,8.2,27.7,0.3,0.114,0.304,-0.1,72,0.1
"REZ","14274","Mitch Haniger","SEA",91,337,376,69,41,14,1,13,37,43,32,1,116,4,2,0,1,0,0.206,0.281,0.372,0.653,0.285,8.5,30.8,0.3,0.166,0.267,-0.8,95,0.1
"REZ","13755","Tomas Nido","DET",19,58,62,12,9,2,0,1,6,5,3,0,15,0,0,1,0,0,0.21,0.247,0.31,0.557,0.243,4.3,24.2,0.2,0.1,0.261,-0.1,69,0.1
"REZ","9627","Yan Gomes",NA,29,97,105,18,12,4,0,3,10,11,5,0,25,1,1,0,0,0,0.186,0.231,0.305,0.536,0.234,4.3,24.2,0.2,0.119,0.221,-0.2,74,0.1
"REZ","23985","Osleivis Basabe","SFG",18,71,77,16,11,4,0,1,8,7,4,0,13,1,0,0,1,1,0.225,0.27,0.318,0.588,0.262,5.1,16.8,0.3,0.093,0.264,-0.1,80,0.1
"REZ","20233","Gilberto Celestino","NYM",23,76,84,18,13,3,0,1,8,7,7,0,18,1,0,0,1,0,0.235,0.303,0.322,0.625,0.279,0.08,0.22,0.37,0.087,0.297,0,78,0.1
"REZ","sa3010700","Victor Mesa Jr","MIA",27,105,113,24,16,5,0,2,12,12,7,0,27,1,1,0,1,0,0.228,0.277,0.349,0.626,0.274,0.06,0.24,0.253,0.121,0.281,-0.1,72,0.1
"REZ","sa3016966","Cooper Bowman","CIN",20,76,86,17,11,3,0,2,10,9,7,0,23,1,1,1,4,1,0.217,0.286,0.34,0.627,0.278,0.08,0.26,0.299,0.123,0.28,0.4,70,0.1
"REZ","sa3019868","Jakob Marsee","MIA",28,100,117,21,14,4,1,2,15,10,13,0,28,2,0,1,5,1,0.206,0.308,0.315,0.623,0.283,0.11,0.24,0.464,0.109,0.266,0.4,77,0.1
"REZ","11615","Brandon Drury","CHW",69,256,280,56,37,12,0,7,29,31,18,0,66,4,2,0,1,1,0.217,0.277,0.345,0.622,0.274,6.6,23.7,0.3,0.128,0.264,-0.7,88,0.1
"REZ","12510","Curt Casali","ATL",18,50,58,10,7,2,0,1,6,5,6,0,15,1,0,0,0,0,0.206,0.302,0.323,0.625,0.28,10.7,25.4,0.4,0.117,0.261,-0.1,78,0.1
"REZ","23395","Eric Wagaman","MIA",45,172,187,43,26,13,0,4,20,20,12,0,39,1,1,0,2,1,0.248,0.299,0.396,0.695,0.303,6.4,20.8,0.3,0.148,0.296,-0.2,87,0.1
"REZ","21746","Jose Fermin","STL",21,61,70,16,14,1,1,0,9,7,6,0,8,1,0,1,2,1,0.268,0.345,0.31,0.655,0.296,8.8,12.1,0.7,0.042,0.308,0,90,0.1
"REZ","20572","Kody Clemens","PHI",23,77,84,17,9,5,0,4,11,12,5,0,21,1,1,0,1,0,0.225,0.277,0.464,0.741,0.318,6.3,25.1,0.2,0.239,0.251,-0.1,86,0.1
"REZ","22557","Michael Siani","STL",69,230,258,52,49,3,1,1,27,19,21,0,62,2,1,3,12,3,0.228,0.296,0.261,0.557,0.257,8.1,24.2,0.3,0.033,0.307,0.7,66,0.1
"REZ","25867","Ryan Kreidler","DET",16,52,59,10,9,0,0,1,6,6,5,0,18,1,0,0,2,0,0.198,0.279,0.248,0.527,0.244,9,30.5,0.3,0.05,0.283,0,69,0.1
"REZ","14894","Tony Kemp",NA,29,89,101,22,15,4,1,2,11,10,9,0,12,2,1,1,2,1,0.248,0.328,0.365,0.693,0.307,9.3,12.2,0.8,0.117,0.27,0,78,0.1
"REZ","23250","David Banuelos","BAL",10,33,36,7,5,1,0,1,4,4,3,0,13,0,0,0,0,0,0.202,0.273,0.337,0.61,0.27,0.08,0.36,0.217,0.134,0.298,0,77,0.1
"REZ","24597","Jonathan Ornelas","TEX",20,75,82,19,16,2,0,0,9,7,6,0,22,1,0,0,1,0,0.248,0.308,0.278,0.586,0.267,6.9,26.8,0.3,0.03,0.35,-0.1,68,0.1
"REZ","sa3025385","Nick Kurtz","ATH",26,107,117,26,18,5,0,3,14,11,9,0,28,1,0,0,1,0,0.234,0.3,0.37,0.67,0.295,0.08,0.25,0.319,0.136,0.293,-0.3,94,0.1
"REZ","29573","Billy Cook","PIT",54,194,213,43,24,8,0,11,23,23,14,0,59,3,1,0,7,1,0.223,0.284,0.44,0.724,0.311,6.6,27.7,0.2,0.217,0.255,0.4,81,0.1
"REZ","25705","Dustin Harris","TEX",25,91,102,22,0,12,0,11,12,11,9,0,25,1,1,0,4,1,0.241,0.314,0.736,1.05,0.43,8.4,24.4,0.3,0.495,0.198,0.2,86,0.1
"REZ","23695","Everson Pereira","NYY",17,68,74,14,10,4,0,0,9,10,5,0,25,1,0,0,2,0,0.203,0.268,0.263,0.531,0.241,7.2,33.9,0.2,0.06,0.321,-0.1,93,0.1
"REZ","19931","Luke Williams","ATL",25,73,80,16,13,3,0,0,9,8,6,0,23,0,1,0,4,1,0.217,0.279,0.268,0.547,0.247,7.5,29,0.3,0.051,0.311,0.2,72,0.1
"REZ","23789","Blaze Alexander","ARI",46,164,182,40,31,7,0,3,19,19,13,0,56,4,1,0,3,1,0.245,0.312,0.34,0.652,0.291,7.1,30.8,0.2,0.095,0.352,-0.2,80,0.1
"REZ","25111","David Hensley","DET",33,104,117,22,16,3,1,2,15,10,12,0,33,0,0,0,3,1,0.209,0.294,0.31,0.604,0.273,10.6,28.2,0.4,0.101,0.285,0.1,73,0.1
"REZ","25616","Marco Luciano","SFG",33,118,133,27,18,9,1,0,14,12,13,0,39,1,1,0,1,0,0.229,0.305,0.318,0.623,0.28,9.5,29.8,0.3,0.089,0.341,-0.2,84,0.1
"REZ","20970","Oscar Gonzalez","SDP",24,91,96,19,13,4,0,2,10,12,4,0,23,1,1,0,1,0,0.207,0.241,0.31,0.551,0.238,3.8,23.9,0.2,0.103,0.255,-0.1,90,0.1
"REZ","23312","Ryan Noda","LAA",22,74,87,16,10,4,0,2,10,10,12,0,32,2,0,0,1,0,0.217,0.333,0.361,0.694,0.311,13.2,36.5,0.4,0.144,0.342,-0.1,92,0.1
"REZ","15172","Tim Anderson","LAA",33,128,135,29,22,5,0,2,15,10,6,0,33,1,1,0,3,1,0.228,0.266,0.325,0.591,0.259,4.4,24.6,0.2,0.097,0.288,0,74,0.1
"REZ","20536","Vidal Brujan","CHC",32,105,116,22,18,3,0,1,13,10,9,0,24,1,0,0,4,2,0.213,0.286,0.275,0.561,0.256,8.1,20.3,0.4,0.062,0.266,-0.2,77,0.1
"ATC","25867","Ryan Kreidler","DET",8,21,23,4,3,0,0,0,2,2,2,0,7,0,0,0,1,0,0.183,0.253,0.254,0.507,0.231,0.08,0.32,0.251,0.07,0.264,0,48,0.1
"ATC","29788","Brett Harris","ATH",17,55,62,12,8,2,0,1,6,6,6,0,14,1,0,0,1,0,0.213,0.3,0.328,0.628,0.282,0.09,0.22,0.416,0.114,0.26,-0.1,81,0.1
"ATC","21797","Andres Chaparro","WSN",27,98,107,23,15,5,0,3,11,13,8,0,23,1,0,0,0,0,0.238,0.298,0.394,0.693,0.302,0.07,0.22,0.339,0.156,0.279,-0.2,93,0.1
"ATC","16219","JD Davis","LAA",36,124,139,28,19,5,0,4,15,14,12,0,42,2,1,0,0,0,0.226,0.303,0.37,0.673,0.298,0.09,0.31,0.286,0.144,0.304,-0.4,91,0.1
"ATC","22209","Sam Huff","SFG",11,28,30,6,4,1,0,1,3,3,2,0,11,0,0,0,0,0,0.214,0.267,0.366,0.633,0.276,0.06,0.36,0.179,0.153,0.308,0,76,0.1
"ATC","23818","Ji Hwan Bae","PIT",22,70,77,17,12,4,0,1,10,6,7,0,19,0,0,0,5,1,0.246,0.313,0.335,0.648,0.288,0.09,0.24,0.355,0.09,0.325,0.2,81,0.1
"ATC","19252","Cavan Biggio","KCR",31,95,110,20,14,4,0,2,12,10,13,0,31,1,0,0,1,0,0.212,0.314,0.32,0.635,0.288,0.12,0.28,0.42,0.108,0.293,-0.1,85,0.1
"ATC","sa3025129","Travis Bazzana","CLE",39,136,152,28,19,5,0,3,16,14,13,0,43,2,1,0,3,1,0.205,0.28,0.323,0.603,0.269,0.08,0.28,0.291,0.118,0.271,0,74,0.1
"ATC","20505","Drew Waters","KCR",29,96,107,22,14,5,1,2,13,10,9,0,32,1,1,0,3,1,0.23,0.301,0.375,0.676,0.296,0.08,0.3,0.274,0.145,0.318,0.1,91,0.1
"ATC","12976","Austin Hedges","CLE",60,172,191,31,23,5,0,3,16,16,11,0,55,3,2,3,2,0,0.181,0.239,0.265,0.504,0.226,0.06,0.29,0.195,0.084,0.243,-0.3,44,0.1
"ATC","25979","Nasim Nunez","WSN",16,39,45,9,7,1,0,0,5,3,5,0,10,0,0,1,3,0,0.224,0.308,0.276,0.584,0.268,0.1,0.22,0.473,0.052,0.296,0.1,70,0.1
"ATC","16953","Chadwick Tromp","ATL",19,62,67,14,9,3,0,1,7,7,5,0,17,0,0,0,0,0,0.221,0.277,0.334,0.611,0.27,0.07,0.25,0.277,0.113,0.282,-0.1,70,0.1
"ATC","16451","Luis Guillorme","HOU",31,91,103,21,17,4,0,0,9,7,11,0,19,0,0,1,1,0,0.234,0.317,0.291,0.608,0.276,0.11,0.18,0.575,0.057,0.291,-0.2,79,0.1
"ATC","19806","Jason Delay","PIT",27,81,90,18,13,4,0,1,8,7,6,0,18,1,0,2,1,0,0.226,0.285,0.309,0.593,0.265,0.06,0.2,0.324,0.083,0.278,-0.2,66,0.1
"ATC","25805","Blake Sabol","BOS",17,52,57,12,8,2,0,1,6,6,5,0,17,1,0,0,1,0,0.23,0.303,0.359,0.662,0.292,0.08,0.3,0.281,0.129,0.313,0,88,0.1
"ATC","21716","Enmanuel Valdez","PIT",36,111,122,25,15,6,0,4,12,14,10,0,29,0,1,0,1,0,0.222,0.287,0.379,0.666,0.291,0.08,0.24,0.336,0.156,0.266,-0.2,83,0.1
"ATC","19293","Nick Senzel","CHW",35,117,131,26,18,5,0,3,14,12,11,0,29,1,1,0,2,1,0.225,0.298,0.346,0.644,0.286,0.09,0.22,0.394,0.12,0.272,-0.1,83,0.1
"ATC","23359","Nelson Velazquez","KCR",42,146,162,33,18,7,1,6,19,20,13,0,45,1,1,0,2,1,0.223,0.293,0.413,0.706,0.305,0.08,0.28,0.3,0.19,0.273,-0.1,97,0.1
"ATC","21587","Cesar Salazar","HOU",7,19,22,4,3,1,0,0,2,2,2,0,4,1,0,0,0,0,0.212,0.293,0.295,0.589,0.266,0.07,0.2,0.372,0.084,0.261,0,73,0.1
"ATC","24496","DaShawn Keirsey Jr","MIN",22,70,77,16,11,3,0,1,8,7,5,0,19,1,0,0,3,1,0.231,0.293,0.346,0.639,0.283,0.06,0.25,0.256,0.114,0.298,0.1,83,0.1
"ATC","19262","Garrett Hampson","ARI",75,171,189,40,30,8,1,1,19,15,13,0,48,1,1,2,6,1,0.236,0.292,0.322,0.615,0.273,0.07,0.26,0.268,0.086,0.317,0.5,71,0.1
"ATC","sa3016966","Cooper Bowman","CIN",10,35,38,8,5,2,0,1,4,4,3,0,10,0,0,0,2,0,0.217,0.283,0.318,0.601,0.268,0.08,0.26,0.304,0.101,0.287,0.1,64,0.1
"ATC","sa3015407","Jeferson Quero","MIL",8,27,29,6,4,1,0,1,3,3,2,0,6,0,0,0,0,0,0.232,0.288,0.374,0.662,0.29,0.07,0.22,0.313,0.142,0.274,0,84,0.1
"ATC","sa3017290","Max Muncy","ATH",24,86,95,19,12,4,0,2,9,9,6,0,28,1,1,1,1,0,0.218,0.278,0.339,0.617,0.272,0.06,0.3,0.215,0.121,0.296,-0.1,74,0.1
"ATC","25621","Bryan Ramos","CHW",33,114,125,26,17,5,0,4,13,13,8,0,28,2,1,0,1,1,0.227,0.288,0.37,0.658,0.289,0.07,0.23,0.295,0.143,0.268,-0.1,85,0.1
"ATC","19358","Weston Wilson","PHI",33,101,113,23,14,4,0,4,13,13,10,0,34,1,1,0,4,1,0.225,0.299,0.39,0.689,0.301,0.09,0.3,0.303,0.165,0.292,0,91,0.1
"ATC","31490","Wade Meckler","SFG",9,29,32,8,6,2,0,0,4,3,3,0,6,0,0,0,0,0,0.264,0.327,0.364,0.69,0.306,0.08,0.2,0.411,0.1,0.326,0,97,0.1
"ATC","sa3014461","Petey Halpin","CLE",7,24,26,5,3,1,0,1,3,3,2,0,7,0,0,0,0,0,0.221,0.279,0.354,0.633,0.278,0.07,0.27,0.273,0.133,0.281,0,81,0.1
"ATC","15674","Reese McGuire","CHC",9,31,33,7,5,2,0,0,3,3,2,0,9,0,0,0,0,0,0.216,0.271,0.296,0.567,0.253,0.07,0.26,0.256,0.08,0.29,-0.1,61,0.1
"ATC","25477","Isaac Collins","MIL",19,50,57,11,7,3,0,1,6,5,6,0,15,0,0,0,2,0,0.218,0.304,0.327,0.631,0.282,0.1,0.27,0.389,0.109,0.294,0,79,0.1
"ATC","14128","Joey Gallo","CHW",61,193,226,34,17,6,0,10,26,27,31,0,87,2,1,0,2,0,0.175,0.293,0.37,0.663,0.294,0.14,0.39,0.35,0.195,0.245,-0.3,89,0.1
"ATC","15223","Adam Frazier","PIT",70,235,260,55,39,11,1,3,28,23,19,0,43,4,1,2,4,1,0.235,0.3,0.337,0.637,0.283,0.07,0.17,0.429,0.101,0.274,-0.1,77,0.1
"ATC","sa3016970","Tim Tawa","ARI",13,48,52,11,7,2,0,1,6,6,3,0,13,0,0,0,1,0,0.225,0.279,0.361,0.64,0.281,0.07,0.25,0.264,0.137,0.277,-0.1,77,0.1
"ATC","18067","Garrett Stubbs","PHI",31,98,109,20,15,4,0,1,11,9,10,0,28,1,0,0,2,0,0.206,0.284,0.286,0.57,0.259,0.09,0.26,0.344,0.08,0.279,0,63,0.1
"ATC","12434","Kevin Pillar",NA,49,161,174,37,24,8,1,5,20,20,9,0,39,3,2,0,5,1,0.232,0.281,0.385,0.666,0.289,0.05,0.22,0.218,0.153,0.273,-0.1,86,0.1
"ATC","15271","Austin Wynns","CIN",9,27,29,6,5,1,0,0,3,3,2,0,8,0,0,0,0,0,0.227,0.283,0.308,0.591,0.264,0.07,0.26,0.257,0.081,0.298,-0.1,61,0.1
"ATC","17040","Jose Herrera","ARI",27,82,92,18,13,3,0,1,9,7,8,0,21,0,0,2,0,0,0.216,0.286,0.29,0.577,0.26,0.09,0.23,0.373,0.074,0.28,-0.2,63,0.1
"ATC","22557","Michael Siani","STL",65,196,219,42,32,7,1,2,24,15,18,0,56,2,1,3,11,2,0.213,0.282,0.291,0.573,0.258,0.08,0.26,0.315,0.078,0.286,0.6,64,0.1
"ATC","22411","Cal Stevenson","PHI",18,48,55,11,8,2,0,1,7,5,7,0,12,0,0,0,2,0,0.226,0.321,0.333,0.654,0.294,0.12,0.22,0.56,0.107,0.281,0.1,87,0.1
"ATC","19683","Mike Brosseau","SDP",8,29,32,6,5,1,0,1,3,4,2,0,8,0,0,0,0,0,0.218,0.284,0.324,0.608,0.271,0.07,0.27,0.265,0.106,0.281,-0.1,73,0.1
"ATC","23698","Ronny Mauricio","NYM",24,90,95,22,15,4,0,3,11,10,5,0,22,0,0,0,3,1,0.242,0.282,0.382,0.664,0.288,0.05,0.23,0.218,0.14,0.29,0,85,0.1
"ATC","27789","Shay Whitcomb","HOU",26,82,90,18,12,4,0,3,10,10,6,0,24,1,1,0,2,1,0.219,0.278,0.368,0.646,0.282,0.07,0.27,0.253,0.149,0.27,0,84,0.1
"ATC","21746","Jose Fermin","STL",17,47,53,11,7,3,0,1,6,4,5,0,7,1,0,0,1,0,0.233,0.313,0.339,0.652,0.292,0.09,0.13,0.706,0.106,0.26,0,87,0.1
"ATC","sa738605","JC Escarra","NYY",9,28,31,6,4,2,0,0,3,3,3,0,6,0,0,0,0,0,0.214,0.285,0.326,0.611,0.272,0.09,0.19,0.449,0.112,0.255,-0.1,74,0.1
"ATC","20536","Vidal Brujan","CHC",32,100,111,22,16,4,0,1,12,9,9,0,23,1,0,0,4,2,0.221,0.294,0.311,0.606,0.271,0.08,0.2,0.397,0.09,0.273,0,73,0.1
"ATC","26599","Jonatan Clase","TOR",12,38,41,8,6,2,0,1,5,4,3,0,12,0,0,0,3,1,0.22,0.284,0.331,0.615,0.273,0.08,0.29,0.268,0.111,0.302,0.2,77,0.1
"ATC","10059","Max Stassi","SFG",11,27,31,5,4,1,0,1,3,3,3,0,9,0,0,0,0,0,0.202,0.284,0.326,0.609,0.273,0.09,0.29,0.311,0.124,0.268,-0.1,74,0.1
"ATC","19339","Nicky Lopez","CHC",19,66,74,16,14,2,0,0,7,5,6,0,11,0,0,1,1,0,0.24,0.307,0.279,0.587,0.267,0.08,0.15,0.535,0.039,0.288,0.1,70,0.1
"ATC","25690","Grant McCray","SFG",38,133,146,29,18,6,1,4,17,13,10,0,51,1,1,0,5,1,0.216,0.276,0.36,0.636,0.278,0.07,0.35,0.2,0.143,0.318,0.2,78,0.1
"ATC","23395","Eric Wagaman","MIA",35,131,142,32,21,7,1,3,15,15,9,0,30,1,1,0,2,1,0.243,0.294,0.384,0.678,0.295,0.06,0.21,0.312,0.142,0.286,-0.2,86,0.1
"ATC","21635","Nick Maton","CHW",16,45,51,9,6,2,0,1,6,5,5,0,13,0,0,0,0,0,0.207,0.294,0.34,0.635,0.283,0.11,0.26,0.403,0.134,0.266,-0.1,81,0.1
"ATC","3473","Anthony Rizzo",NA,83,308,348,69,47,13,0,10,37,37,29,1,69,9,2,0,1,1,0.226,0.31,0.365,0.675,0.299,0.08,0.2,0.422,0.139,0.258,-1.2,92,0.1
"ATC","24759","Mickey Gasper","MIN",17,27,30,6,4,1,0,1,3,3,3,0,6,1,0,0,0,0,0.24,0.329,0.365,0.694,0.309,0.1,0.2,0.482,0.125,0.291,0,102,0.1
"Depth Charts","25475","Logan Driscoll","TBR",8,29,32,7,5,2,0,1,3,3,2,0,8,0,0,0,0,0,0.231,0.291,0.351,0.643,0.283,0.07,0.26,0.257,0.121,0.297,-0.1,87,0.1
"Depth Charts","13723","Jacob Stallings","COL",75,260,294,60,40,13,0,6,28,31,27,0,68,5,2,1,1,0,0.229,0.311,0.356,0.667,0.297,0.09,0.23,0.392,0.127,0.285,-1.4,76,0.1
"Depth Charts","16451","Luis Guillorme","HOU",13,49,56,12,9,2,0,0,5,4,6,0,10,0,0,0,1,0,0.243,0.329,0.326,0.655,0.294,0.11,0.18,0.598,0.083,0.299,-0.1,92,0.1
"Depth Charts","10950","Adam Duvall",NA,50,199,217,42,23,9,1,9,23,28,14,0,68,3,1,0,1,0,0.209,0.269,0.396,0.665,0.288,0.06,0.32,0.202,0.187,0.265,-0.4,85,0.1
"Depth Charts","16219","JD Davis","LAA",31,119,133,27,17,5,0,4,14,14,12,0,44,2,1,0,0,0,0.223,0.3,0.373,0.673,0.297,0.09,0.33,0.266,0.149,0.314,-0.3,91,0.1
"Depth Charts","24496","DaShawn Keirsey Jr","MIN",11,45,49,11,8,2,0,1,5,5,3,0,13,1,0,0,2,0,0.244,0.302,0.369,0.671,0.294,0.07,0.27,0.255,0.125,0.321,0.1,91,0.1
"Depth Charts","17620","Myles Straw","TOR",19,76,84,17,13,3,1,0,9,6,7,0,16,0,1,0,3,1,0.228,0.294,0.299,0.593,0.265,0.08,0.2,0.429,0.071,0.284,0.4,72,0.1
"Depth Charts","22842","Alexander Canario","CHC",36,140,154,30,17,6,0,6,17,19,12,0,51,1,1,0,2,1,0.212,0.278,0.389,0.666,0.29,0.08,0.33,0.23,0.177,0.282,-0.1,88,0.1
"Depth Charts","19358","Weston Wilson","PHI",29,112,126,25,15,5,0,5,15,15,12,0,37,1,1,0,3,1,0.22,0.297,0.394,0.69,0.301,0.1,0.29,0.325,0.174,0.278,0.1,92,0.1
"Depth Charts","11615","Brandon Drury","CHW",60,236,259,54,35,11,1,8,27,29,17,0,61,3,2,0,1,0,0.23,0.289,0.383,0.671,0.293,0.07,0.24,0.277,0.153,0.274,-0.8,90,0.1
"Depth Charts","25690","Grant McCray","SFG",26,102,112,23,14,5,1,3,13,12,8,0,37,1,1,0,3,1,0.223,0.287,0.366,0.653,0.287,0.07,0.33,0.221,0.143,0.321,0.2,84,0.1
"Depth Charts","23395","Eric Wagaman","MIA",37,148,161,37,24,8,1,4,17,18,11,0,33,1,1,0,2,1,0.248,0.302,0.397,0.699,0.305,0.07,0.2,0.33,0.15,0.291,-0.2,92,0.1
"Depth Charts","25425","Austin Shenton","SEA",11,43,49,9,5,2,0,2,5,5,5,0,16,0,0,0,0,0,0.215,0.303,0.375,0.678,0.3,0.1,0.33,0.317,0.16,0.302,-0.1,101,0.1
"Depth Charts","26517","Noelvi Marte","CIN",36,142,154,34,24,6,0,4,17,16,9,0,39,1,1,0,5,2,0.242,0.295,0.372,0.666,0.292,0.06,0.25,0.246,0.13,0.304,0.1,80,0.1
"Depth Charts","5254","Robbie Grossman",NA,41,150,175,33,22,7,0,4,19,16,22,0,44,2,2,0,2,0,0.221,0.325,0.346,0.67,0.301,0.13,0.25,0.509,0.125,0.284,-0.3,94,0.1
"Depth Charts","20126","Dylan Carlson","BAL",8,31,35,7,5,2,0,1,4,4,3,0,8,1,0,0,0,0,0.238,0.321,0.37,0.691,0.306,0.09,0.23,0.403,0.132,0.296,0,102,0.1
"Depth Charts","sa3010700","Victor Mesa Jr","MIA",24,97,105,22,15,4,0,2,11,11,6,0,25,1,1,0,1,0,0.23,0.281,0.356,0.637,0.279,0.06,0.23,0.261,0.126,0.282,-0.1,75,0.1
"Depth Charts","26123","Brett Baty","NYM",6,25,28,6,4,1,0,1,3,3,3,0,7,0,0,0,0,0,0.239,0.313,0.394,0.707,0.31,0.09,0.25,0.354,0.155,0.293,0,102,0.1
"Depth Charts","sa3017114","Marcelo Mayer","BOS",8,32,35,8,5,2,0,1,4,4,2,0,8,0,0,0,1,0,0.244,0.299,0.38,0.679,0.296,0.07,0.23,0.292,0.136,0.303,0,86,0.1
"Depth Charts","31562","Zach Dezenzo","HOU",10,38,42,9,6,2,0,1,5,5,3,0,12,0,0,0,1,0,0.245,0.305,0.401,0.707,0.308,0.07,0.29,0.248,0.156,0.325,0,102,0.1
"Depth Charts","15730","Tyler Wade","SDP",28,107,119,24,18,4,0,1,14,9,10,0,28,1,0,1,6,2,0.225,0.294,0.298,0.592,0.267,0.08,0.23,0.342,0.073,0.294,0.5,73,0.1
"Depth Charts","26374","Kameron Misner","TBR",13,49,56,10,6,2,0,1,6,6,6,0,20,0,0,0,2,0,0.201,0.296,0.336,0.632,0.282,0.11,0.35,0.318,0.135,0.303,0.1,86,0.1
"Depth Charts","sa3015407","Jeferson Quero","MIL",6,23,26,5,4,1,0,1,3,3,2,0,6,0,0,0,0,0,0.229,0.292,0.37,0.661,0.29,0.07,0.22,0.334,0.14,0.27,0,85,0.1
"Depth Charts","27781","Pedro Leon","HOU",19,75,84,16,10,3,0,2,10,10,6,0,27,2,0,0,3,1,0.214,0.289,0.367,0.656,0.289,0.08,0.32,0.236,0.152,0.296,-0.1,88,0.1
"Depth Charts","sa3019841","Jimmy Crooks","STL",5,17,19,4,3,1,0,0,2,2,2,0,5,0,0,0,0,0,0.242,0.312,0.364,0.676,0.298,0.08,0.24,0.335,0.121,0.308,0,92,0.1
"Depth Charts","sa3014711","Max Acosta","MIA",11,45,49,11,8,2,0,1,5,5,3,0,9,0,0,0,2,1,0.25,0.297,0.357,0.654,0.287,0.06,0.18,0.312,0.108,0.293,0,80,0.1
"Depth Charts","21496","Brandon Lockridge","SDP",11,44,49,10,8,2,0,1,5,4,4,0,14,0,0,0,3,1,0.236,0.306,0.331,0.637,0.285,0.08,0.28,0.296,0.095,0.328,0.2,85,0.1
"Depth Charts","18400","Juan Yepez","WSN",21,82,91,20,13,4,0,3,10,11,7,0,18,1,1,0,0,0,0.248,0.309,0.42,0.729,0.316,0.08,0.19,0.399,0.172,0.276,-0.3,103,0.1
"Depth Charts","sa3017694","Brady House","WSN",16,65,70,15,10,3,0,2,7,8,3,0,19,1,0,0,1,0,0.23,0.274,0.367,0.642,0.28,0.05,0.28,0.167,0.138,0.294,-0.1,79,0.1
"Depth Charts","21626","Griffin Conine","MIA",79,307,343,68,42,12,1,12,36,41,30,1,120,3,2,0,0,0,0.221,0.295,0.387,0.682,0.298,0.09,0.35,0.252,0.166,0.314,-0.7,88,0.1
"Depth Charts","23698","Ronny Mauricio","NYM",6,26,28,6,4,1,0,1,3,3,1,0,6,0,0,0,1,0,0.242,0.286,0.397,0.683,0.295,0.05,0.22,0.229,0.155,0.285,0,92,0.1
"Depth Charts","12434","Kevin Pillar",NA,37,148,161,34,22,7,1,5,19,19,8,0,37,3,1,0,4,1,0.229,0.281,0.38,0.661,0.288,0.05,0.23,0.218,0.151,0.27,0,85,0.1
"Depth Charts","21587","Cesar Salazar","HOU",5,17,19,4,2,1,0,0,2,2,2,0,4,1,0,0,0,0,0.216,0.306,0.337,0.643,0.288,0.09,0.2,0.431,0.121,0.255,0,88,0.1
"Depth Charts","17040","Jose Herrera","ARI",19,68,77,15,11,3,0,1,8,6,7,0,17,0,0,1,0,0,0.222,0.299,0.304,0.603,0.272,0.09,0.22,0.421,0.082,0.284,-0.2,71,0.1
"Depth Charts","20017","Miles Mastrobuoni","SEA",8,31,35,7,5,1,0,0,4,3,3,0,8,0,0,0,1,0,0.234,0.307,0.325,0.631,0.282,0.09,0.22,0.422,0.09,0.297,0.1,88,0.1
"Depth Charts","15676","Jose Abreu",NA,39,152,168,37,25,7,0,5,18,20,12,0,37,3,1,0,0,0,0.245,0.308,0.39,0.697,0.305,0.07,0.22,0.321,0.145,0.291,-0.5,96,0.1
"Depth Charts","27784","Tyler Gentry","KCR",10,37,42,9,6,2,0,1,5,5,4,0,12,1,0,0,1,0,0.234,0.313,0.371,0.684,0.303,0.09,0.29,0.316,0.137,0.319,0,92,0.1
"Depth Charts","13768","Travis Jankowski",NA,37,142,161,33,26,6,1,1,17,12,16,0,32,2,1,1,7,1,0.232,0.316,0.303,0.62,0.281,0.1,0.2,0.496,0.071,0.291,0.5,80,0.1
"Depth Charts","27690","Joey Wiemer","KCR",32,125,140,27,18,6,0,3,15,13,13,0,40,1,1,0,3,1,0.218,0.297,0.343,0.64,0.284,0.09,0.28,0.326,0.125,0.294,0,79,0.1
"Depth Charts","22411","Cal Stevenson","PHI",8,30,35,7,5,1,0,1,4,3,5,0,8,0,0,0,1,0,0.226,0.331,0.344,0.675,0.302,0.13,0.22,0.598,0.118,0.283,0.1,93,0.1
"Depth Charts","25621","Bryan Ramos","CHW",28,109,119,24,16,4,0,4,12,13,8,0,28,2,1,0,1,1,0.226,0.287,0.368,0.655,0.287,0.07,0.24,0.286,0.142,0.27,-0.2,85,0.1
"Depth Charts","23986","Curtis Mead","TBR",6,25,28,6,4,1,0,1,3,3,2,0,5,1,0,0,0,0,0.255,0.317,0.4,0.716,0.313,0.07,0.19,0.351,0.144,0.297,0,108,0.1
"Depth Charts","sa3025385","Nick Kurtz","ATH",15,58,63,15,11,3,0,1,8,6,4,0,14,0,0,0,0,0,0.253,0.307,0.375,0.682,0.3,0.07,0.22,0.303,0.122,0.311,-0.2,99,0.1
"Depth Charts","26599","Jonatan Clase","TOR",8,31,35,7,4,1,0,1,4,4,3,0,10,0,0,0,2,1,0.22,0.291,0.359,0.65,0.286,0.09,0.29,0.289,0.139,0.297,0.1,86,0.1
"Depth Charts","19600","Bryan De La Cruz","ATL",26,104,112,26,17,5,0,4,12,14,7,0,30,1,1,0,1,0,0.247,0.293,0.399,0.691,0.3,0.06,0.26,0.22,0.152,0.309,-0.2,90,0.1
"Depth Charts","30162","Oscar Colas","CHW",39,153,168,36,25,7,1,4,18,18,12,1,44,2,1,0,2,1,0.237,0.297,0.37,0.668,0.291,0.07,0.26,0.278,0.134,0.301,-0.3,88,0.1
"Depth Charts","sa3014465","Owen Caissie","CHC",11,43,49,10,7,2,0,1,5,5,5,0,16,0,0,0,1,0,0.238,0.317,0.384,0.701,0.308,0.1,0.32,0.295,0.146,0.341,-0.1,99,0.1
"Depth Charts","21730","Jair Camargo","MIN",5,18,19,4,2,1,0,1,2,2,1,0,7,0,0,0,0,0,0.216,0.271,0.367,0.638,0.277,0.06,0.34,0.172,0.152,0.303,0,80,0.1
"Depth Charts","31765","Nacho Alvarez Jr","ATL",5,19,21,5,3,1,0,0,2,2,2,0,4,0,0,0,0,0,0.246,0.328,0.342,0.67,0.3,0.09,0.21,0.45,0.096,0.304,0,90,0.1
"Depth Charts","22707","Gustavo Campero","LAA",6,25,28,6,4,1,0,1,3,3,2,0,6,1,0,0,1,0,0.242,0.316,0.395,0.711,0.312,0.07,0.21,0.33,0.153,0.286,0,101,0.1
"Depth Charts","19864","Riley Adams","WSN",29,103,115,23,14,5,0,3,11,13,9,0,33,2,1,0,1,0,0.221,0.299,0.378,0.677,0.297,0.08,0.29,0.277,0.157,0.29,-0.2,90,0.1
"Depth Charts","22209","Sam Huff","SFG",5,18,19,4,2,1,0,1,2,2,1,0,6,0,0,0,0,0,0.222,0.28,0.366,0.646,0.283,0.07,0.33,0.213,0.144,0.308,0,82,0.1
"Depth Charts","20536","Vidal Brujan","CHC",13,50,56,11,8,2,0,1,6,5,5,0,11,1,0,0,2,1,0.227,0.3,0.339,0.64,0.283,0.08,0.2,0.423,0.113,0.272,-0.1,82,0.1
"Depth Charts","sa3025129","Travis Bazzana","CLE",36,139,154,28,19,5,0,3,16,15,12,0,46,2,1,0,2,1,0.2,0.274,0.302,0.576,0.259,0.08,0.3,0.266,0.102,0.274,0,68,0.1
"Depth Charts","25477","Isaac Collins","MIL",5,18,21,4,3,1,0,0,2,2,2,0,5,0,0,0,1,0,0.222,0.318,0.348,0.667,0.297,0.11,0.24,0.465,0.126,0.284,0,90,0.1
"Depth Charts","23372","Hunter Feduccia","LAD",6,23,26,5,3,1,0,1,3,3,3,0,7,0,0,0,0,0,0.218,0.304,0.337,0.641,0.286,0.11,0.26,0.412,0.12,0.282,-0.1,84,0.1
"Depth Charts","sa3005511","Jorbit Vivas","NYY",5,18,21,4,3,1,0,0,2,2,2,0,4,1,0,0,0,0,0.222,0.311,0.331,0.642,0.289,0.09,0.17,0.533,0.109,0.255,0,87,0.1
"Depth Charts","13755","Tomas Nido","DET",5,18,19,4,3,1,0,0,2,2,1,0,5,0,0,0,0,0,0.235,0.27,0.348,0.618,0.27,0.04,0.24,0.171,0.113,0.294,-0.1,75,0.1
"Depth Charts","sa3014834","Matt Koperniak","STL",6,26,28,6,5,1,0,1,3,3,2,0,6,0,0,0,0,0,0.251,0.307,0.375,0.682,0.3,0.07,0.2,0.334,0.124,0.298,-0.1,93,0.1
"Depth Charts","10441","Jon Singleton","HOU",19,72,84,15,9,3,0,3,9,9,11,0,24,0,1,0,0,0,0.211,0.313,0.37,0.682,0.302,0.13,0.28,0.455,0.159,0.27,-0.3,98,0.1
"OOPSY","27577","Casey Schmitt","SFG",21,84,91,20,13,4,0,2,9,9,5,0,22,1,1,0,1,0,0.234,0.281,0.373,0.653,0.285,0.05,0.24,0.224,0.138,0.285,-0.2,83,0.1
"OOPSY","20521","Nick Madrigal","NYM",19,76,84,20,15,4,0,1,9,6,5,0,9,2,1,1,2,1,0.26,0.319,0.342,0.661,0.294,0.06,0.11,0.555,0.082,0.287,-0.3,91,0.1
"OOPSY","27845","Matt Mervis","MIA",63,245,273,56,32,13,0,11,30,35,22,0,78,3,2,0,1,0,0.229,0.298,0.417,0.715,0.31,0.08,0.28,0.28,0.188,0.285,-0.6,96,0.1
"OOPSY","22277","Nick Allen","ATL",26,100,112,24,18,5,0,1,11,8,9,0,19,1,1,1,3,1,0.239,0.302,0.323,0.625,0.279,0.08,0.17,0.458,0.084,0.284,-0.1,76,0.1
"OOPSY","21497","Luken Baker","STL",15,56,63,13,7,3,0,3,7,9,6,0,16,0,1,0,0,0,0.229,0.306,0.444,0.75,0.323,0.1,0.26,0.377,0.215,0.262,-0.2,109,0.1
"OOPSY","22557","Michael Siani","STL",53,205,231,44,32,8,1,2,24,15,21,0,57,1,2,2,11,2,0.212,0.287,0.299,0.586,0.264,0.09,0.25,0.364,0.087,0.279,0.8,69,0.1
"OOPSY","21853","Will Benson","CIN",28,102,119,21,12,5,1,4,16,13,15,0,40,1,1,0,5,2,0.209,0.313,0.39,0.703,0.31,0.12,0.34,0.367,0.182,0.295,-0.1,92,0.1
"OOPSY","16953","Chadwick Tromp","ATL",15,53,58,12,8,3,0,2,5,6,4,0,14,0,0,0,0,0,0.224,0.278,0.36,0.638,0.279,0.07,0.25,0.281,0.136,0.276,-0.1,76,0.1
"OOPSY","26438","Dominic Canzone","SEA",13,51,56,12,7,2,0,2,6,7,4,0,13,0,0,0,1,0,0.236,0.293,0.41,0.703,0.304,0.07,0.23,0.313,0.174,0.273,-0.1,104,0.1
"OOPSY","sa3017290","Max Muncy","ATH",24,95,105,20,13,5,0,2,10,10,7,0,33,2,1,0,2,0,0.209,0.272,0.331,0.603,0.267,0.07,0.32,0.21,0.122,0.292,0,76,0.1
"OOPSY","25180","Daniel Schneemann","CLE",31,118,133,25,17,5,0,2,13,11,13,0,35,0,1,0,3,1,0.214,0.293,0.327,0.619,0.277,0.1,0.27,0.375,0.113,0.282,-0.2,80,0.1
"OOPSY","18819","Andy Ibanez","DET",47,186,203,44,30,9,1,4,21,19,14,0,42,2,1,0,2,1,0.235,0.292,0.359,0.651,0.286,0.07,0.21,0.329,0.124,0.28,-0.2,86,0.1
"OOPSY","25690","Grant McCray","SFG",26,102,112,22,13,4,1,3,13,11,9,0,38,1,1,0,4,1,0.212,0.278,0.357,0.634,0.278,0.08,0.34,0.224,0.145,0.308,0.3,79,0.1
"OOPSY","15172","Tim Anderson","LAA",28,112,119,28,21,4,0,2,11,9,6,0,28,1,1,0,3,1,0.247,0.286,0.335,0.62,0.273,0.05,0.24,0.196,0.087,0.315,0.1,74,0.1
"OOPSY","12164","Miguel Sano",NA,21,81,91,18,10,4,0,4,10,12,8,0,32,1,1,0,0,0,0.221,0.298,0.426,0.723,0.313,0.09,0.35,0.257,0.205,0.3,-0.2,102,0.1
"OOPSY","31562","Zach Dezenzo","HOU",10,38,42,9,6,2,0,1,5,5,3,0,12,0,0,0,1,0,0.244,0.303,0.416,0.719,0.311,0.07,0.29,0.245,0.172,0.318,0,104,0.1
"OOPSY","12158","Austin Barnes","LAD",34,119,134,26,19,5,0,2,13,10,12,0,30,1,1,1,2,0,0.219,0.296,0.316,0.612,0.275,0.09,0.22,0.403,0.097,0.273,-0.3,77,0.1
"OOPSY","9627","Yan Gomes",NA,16,60,64,13,9,2,0,1,6,6,3,0,15,1,0,0,0,0,0.224,0.268,0.345,0.613,0.268,0.04,0.24,0.187,0.121,0.273,-0.2,71,0.1
"OOPSY","sa3017114","Marcelo Mayer","BOS",8,32,35,8,5,2,0,1,4,4,3,0,9,0,0,0,1,0,0.238,0.298,0.386,0.684,0.298,0.08,0.26,0.308,0.147,0.301,0,88,0.1
"OOPSY","26123","Brett Baty","NYM",6,25,28,6,4,1,0,1,3,3,3,0,7,0,0,0,0,0,0.239,0.312,0.401,0.713,0.311,0.09,0.26,0.352,0.162,0.293,0,103,0.1
"OOPSY","10441","Jon Singleton","HOU",19,73,84,16,10,3,0,3,10,9,11,0,23,0,1,0,0,0,0.22,0.318,0.39,0.708,0.312,0.13,0.28,0.462,0.17,0.276,-0.4,105,0.1
"OOPSY","17620","Myles Straw","TOR",19,76,84,18,14,3,0,0,8,5,7,0,16,0,1,0,4,1,0.232,0.296,0.295,0.59,0.266,0.08,0.19,0.428,0.063,0.289,0.5,72,0.1
"OOPSY","19600","Bryan De La Cruz","ATL",26,104,112,26,17,5,0,4,11,13,7,0,29,0,1,0,1,0,0.249,0.294,0.414,0.708,0.306,0.06,0.26,0.228,0.166,0.303,-0.2,94,0.1
"OOPSY","29606","JustynHenry Malloy","DET",19,71,84,16,10,3,0,2,9,8,11,0,25,1,1,0,1,0,0.218,0.327,0.354,0.68,0.305,0.13,0.3,0.439,0.135,0.299,-0.2,99,0.1
"OOPSY","19455","Andruw Monasterio","MIL",28,105,119,23,17,5,0,2,12,9,12,0,29,1,1,0,4,1,0.223,0.307,0.317,0.624,0.281,0.1,0.25,0.407,0.094,0.292,0,78,0.1
"OOPSY","21626","Griffin Conine","MIA",79,307,343,68,40,13,1,14,39,41,30,0,121,3,3,0,0,0,0.22,0.293,0.402,0.695,0.303,0.09,0.35,0.249,0.182,0.307,-0.8,91,0.1
"OOPSY","21270","Sean Bouchard","COL",37,142,161,34,20,8,2,5,23,18,16,0,43,2,1,0,3,1,0.241,0.325,0.421,0.746,0.325,0.1,0.27,0.378,0.18,0.309,-0.2,95,0.1
"OOPSY","16451","Luis Guillorme","HOU",13,49,56,11,8,2,0,0,6,4,6,0,10,0,0,0,1,0,0.233,0.32,0.315,0.635,0.287,0.11,0.19,0.59,0.082,0.285,-0.2,87,0.1
"OOPSY","20126","Dylan Carlson","BAL",8,31,35,7,5,2,0,1,4,3,3,0,8,1,0,0,0,0,0.235,0.318,0.365,0.683,0.303,0.1,0.23,0.42,0.131,0.29,0,99,0.1
"OOPSY","29788","Brett Harris","ATH",11,43,49,9,7,2,0,1,5,4,4,0,11,1,0,0,1,0,0.218,0.3,0.326,0.625,0.281,0.09,0.22,0.395,0.108,0.268,0,85,0.1
"OOPSY","sa3020713","Colby Thomas","ATH",26,104,112,23,13,6,1,4,12,14,5,0,34,2,1,0,2,1,0.218,0.263,0.391,0.654,0.283,0.04,0.3,0.139,0.173,0.28,0,87,0.1
"OOPSY","15676","Jose Abreu",NA,39,152,168,37,24,7,0,5,17,19,12,0,37,3,1,0,0,0,0.24,0.305,0.393,0.699,0.306,0.07,0.22,0.324,0.153,0.283,-0.6,97,0.1
"OOPSY","23789","Blaze Alexander","ARI",32,126,140,29,19,6,1,3,16,13,10,0,42,3,1,0,2,1,0.23,0.299,0.365,0.664,0.293,0.07,0.3,0.237,0.135,0.317,-0.2,85,0.1
"OOPSY","17696","Kevin Newman","LAA",50,200,217,48,35,10,1,2,20,16,13,0,34,1,2,2,4,1,0.239,0.286,0.324,0.61,0.27,0.06,0.15,0.375,0.086,0.275,0.3,72,0.1
"OOPSY","sa3019841","Jimmy Crooks","STL",5,17,19,4,3,1,0,0,2,2,2,0,5,0,0,0,0,0,0.239,0.311,0.366,0.677,0.299,0.08,0.25,0.332,0.127,0.306,0,92,0.1
"OOPSY","31396","Tyler Locklear","SEA",24,93,105,19,12,4,0,3,11,11,9,0,32,3,1,0,1,0,0.209,0.296,0.356,0.651,0.289,0.08,0.3,0.278,0.146,0.279,-0.1,93,0.1
"OOPSY","sa3014441","Gage Workman","CHC",29,115,126,24,15,5,1,3,15,12,10,0,44,0,1,0,4,1,0.209,0.272,0.349,0.621,0.273,0.08,0.35,0.227,0.14,0.306,0.2,76,0.1
"OOPSY","sa3015407","Jeferson Quero","MIL",6,24,26,5,4,1,0,1,3,3,2,0,6,0,0,0,0,0,0.232,0.283,0.372,0.655,0.286,0.06,0.22,0.291,0.14,0.272,0,82,0.1
"OOPSY","25475","Logan Driscoll","TBR",8,29,32,6,4,1,0,1,3,3,2,0,8,0,0,0,0,0,0.22,0.274,0.331,0.605,0.267,0.06,0.26,0.222,0.111,0.284,-0.1,76,0.1
"OOPSY","11281","Whit Merrifield",NA,60,236,259,55,41,11,1,3,25,20,19,0,45,2,2,1,10,3,0.235,0.294,0.327,0.621,0.276,0.07,0.17,0.423,0.092,0.275,0.3,77,0.1
"OOPSY","sa3015579","Jared Serna","MIA",26,103,112,23,15,6,0,2,10,11,6,0,25,1,1,0,2,1,0.225,0.276,0.352,0.628,0.276,0.06,0.22,0.258,0.127,0.27,0,73,0.1
"OOPSY","21730","Jair Camargo","MIN",5,18,19,4,2,1,0,1,2,2,1,0,7,0,0,0,0,0,0.222,0.265,0.407,0.672,0.289,0.05,0.35,0.138,0.185,0.299,0,88,0.1
"OOPSY","23372","Hunter Feduccia","LAD",6,23,26,5,3,1,0,0,3,2,3,0,6,0,0,0,0,0,0.214,0.3,0.327,0.627,0.281,0.11,0.25,0.427,0.114,0.275,-0.1,80,0.1
"OOPSY","25616","Marco Luciano","SFG",15,56,63,12,8,2,0,2,7,6,7,0,19,0,0,0,0,0,0.219,0.301,0.36,0.661,0.292,0.1,0.31,0.336,0.141,0.299,-0.1,88,0.1
"OOPSY","22411","Cal Stevenson","PHI",8,30,35,7,5,1,0,1,4,3,5,0,8,0,0,0,2,0,0.225,0.328,0.335,0.663,0.299,0.13,0.22,0.591,0.11,0.284,0,90,0.1
"OOPSY","18123","Nathan Lukes","TOR",26,102,112,25,18,5,0,1,11,9,8,0,22,1,1,0,1,0,0.246,0.303,0.345,0.649,0.287,0.07,0.19,0.358,0.099,0.298,-0.1,87,0.1
"OOPSY","29630","Joey Loperfido","TOR",36,139,154,30,18,7,1,5,17,17,11,0,50,2,1,0,4,1,0.214,0.282,0.374,0.656,0.287,0.07,0.33,0.226,0.16,0.294,-0.1,87,0.1
"OOPSY","19293","Nick Senzel","CHW",23,88,98,19,13,4,0,2,9,9,8,0,21,1,1,0,1,1,0.22,0.292,0.334,0.626,0.279,0.09,0.22,0.402,0.114,0.266,-0.1,79,0.1
"OOPSY","23986","Curtis Mead","TBR",6,26,28,6,4,2,0,1,3,3,2,0,6,0,0,0,0,0,0.254,0.31,0.403,0.713,0.31,0.06,0.2,0.309,0.15,0.296,0,106,0.1
"OOPSY","17040","Jose Herrera","ARI",19,68,77,15,11,3,0,1,8,5,7,0,17,0,1,1,0,0,0.222,0.296,0.302,0.598,0.269,0.09,0.22,0.414,0.08,0.284,-0.2,69,0.1
"OOPSY","20003","Keston Hiura","COL",5,19,21,5,3,1,0,1,3,3,1,0,6,0,0,0,0,0,0.258,0.324,0.478,0.802,0.344,0.07,0.3,0.221,0.22,0.329,0,108,0.1
"OOPSY","5254","Robbie Grossman",NA,41,150,175,34,23,7,1,3,19,15,22,0,40,2,1,0,2,1,0.223,0.324,0.342,0.666,0.299,0.12,0.23,0.532,0.119,0.281,-0.4,93,0.1
"OOPSY","24770","James Outman","LAD",3,12,14,3,2,1,0,1,2,2,1,0,4,0,0,0,0,0,0.226,0.317,0.415,0.733,0.32,0.1,0.31,0.323,0.189,0.301,0,107,0.1
"OOPSY","26374","Kameron Misner","TBR",13,49,56,10,6,2,0,1,6,5,6,0,19,0,0,0,2,0,0.197,0.292,0.333,0.625,0.28,0.11,0.35,0.33,0.136,0.291,0.1,85,0.1
"OOPSY","sa3017694","Brady House","WSN",16,66,70,15,11,3,0,2,7,7,3,0,20,1,1,0,0,0,0.234,0.272,0.366,0.638,0.278,0.04,0.28,0.135,0.132,0.302,-0.1,77,0.1
"OOPSY","15730","Tyler Wade","SDP",28,106,119,23,18,4,0,1,11,8,10,0,27,1,1,1,7,2,0.221,0.292,0.294,0.586,0.265,0.08,0.23,0.358,0.073,0.287,0.5,72,0.1
"OOPSY","29617","Henry Davis","PIT",6,23,27,5,3,1,0,1,3,3,2,0,7,1,0,0,0,0,0.23,0.318,0.38,0.699,0.309,0.09,0.27,0.334,0.151,0.295,0,95,0.1
"OOPSY","22707","Gustavo Campero","LAA",6,25,28,6,4,1,0,1,3,3,2,0,6,1,0,0,1,0,0.232,0.308,0.383,0.691,0.304,0.07,0.22,0.305,0.151,0.277,0.1,96,0.1
"OOPSY","23698","Ronny Mauricio","NYM",6,26,28,6,4,1,0,1,3,3,1,0,7,0,0,0,1,0,0.235,0.269,0.388,0.657,0.283,0.04,0.24,0.17,0.153,0.279,0,84,0.1
"OOPSY","21716","Enmanuel Valdez","PIT",5,19,21,4,3,1,0,1,2,2,2,0,5,0,0,0,0,0,0.23,0.299,0.398,0.697,0.304,0.09,0.24,0.364,0.169,0.273,0,91,0.1
"Steamer","25643","Drew Millas","WSN",11,37,42,9,6,2,0,1,4,4,4,0,8,0,0,0,1,0,0.24,0.312,0.365,0.677,0.298,0.09,0.2,0.436,0.125,0.287,0,91,0.1
"Steamer","26438","Dominic Canzone","SEA",13,47,52,11,7,2,0,2,6,6,4,0,12,0,0,0,0,0,0.24,0.303,0.415,0.718,0.311,0.08,0.23,0.339,0.175,0.28,-0.1,109,0.1
"Steamer","25690","Grant McCray","SFG",31,110,122,24,15,5,1,3,13,12,9,0,39,1,1,0,3,1,0.22,0.284,0.363,0.647,0.284,0.07,0.32,0.232,0.143,0.309,0.1,83,0.1
"Steamer","22244","Jack Suwinski","PIT",16,59,67,13,7,3,0,3,8,8,7,0,20,1,0,0,1,0,0.219,0.307,0.403,0.71,0.309,0.11,0.3,0.356,0.184,0.279,0,95,0.1
"Steamer","25621","Bryan Ramos","CHW",28,102,113,24,15,4,0,4,12,12,8,0,26,1,1,0,1,0,0.231,0.292,0.386,0.679,0.297,0.07,0.23,0.298,0.156,0.272,-0.1,92,0.1
"Steamer","sa3014441","Gage Workman","CHC",29,107,118,24,15,5,1,3,12,12,9,0,38,1,1,0,3,1,0.22,0.284,0.356,0.64,0.28,0.08,0.32,0.235,0.135,0.314,0,81,0.1
"Steamer","25805","Blake Sabol","BOS",11,38,42,9,6,2,0,1,5,4,4,0,12,0,0,0,1,0,0.233,0.305,0.376,0.681,0.299,0.09,0.29,0.295,0.142,0.311,0,88,0.1
"Steamer","29606","JustynHenry Malloy","DET",19,70,82,16,10,3,0,2,9,8,10,0,25,1,1,0,1,0,0.223,0.33,0.37,0.701,0.312,0.13,0.3,0.426,0.148,0.306,-0.2,105,0.1
"Steamer","sa3015579","Jared Serna","MIA",26,96,105,22,15,5,0,2,10,10,7,0,21,1,1,0,2,1,0.23,0.29,0.348,0.638,0.282,0.07,0.2,0.339,0.119,0.273,0,77,0.1
"Steamer","sa3017114","Marcelo Mayer","BOS",10,36,39,9,6,2,0,1,4,4,3,0,9,0,0,0,1,0,0.246,0.304,0.382,0.685,0.299,0.07,0.23,0.311,0.136,0.304,0,88,0.1
"Steamer","16451","Luis Guillorme","HOU",13,45,51,11,8,2,0,0,5,4,5,0,10,0,0,0,1,0,0.244,0.329,0.332,0.661,0.296,0.11,0.19,0.574,0.088,0.299,-0.1,93,0.1
"Steamer","21853","Will Benson","CIN",28,94,110,20,11,4,1,4,14,12,14,0,37,1,1,0,5,1,0.21,0.316,0.385,0.7,0.309,0.12,0.33,0.375,0.175,0.296,0.1,91,0.1
"Steamer","15223","Adam Frazier","PIT",50,185,204,45,32,9,1,3,20,19,15,0,34,2,1,1,3,1,0.244,0.306,0.35,0.655,0.29,0.07,0.16,0.435,0.106,0.282,0,82,0.1
"Steamer","20505","Drew Waters","KCR",19,69,77,16,10,4,1,2,8,8,7,0,23,1,1,0,2,1,0.236,0.308,0.38,0.687,0.302,0.09,0.29,0.292,0.144,0.322,0,92,0.1
"Steamer","25475","Logan Driscoll","TBR",8,27,30,6,4,1,0,1,3,3,2,0,8,0,0,0,0,0,0.224,0.285,0.347,0.632,0.278,0.07,0.26,0.259,0.124,0.289,0,84,0.1
"Steamer","19358","Weston Wilson","PHI",29,104,117,23,14,4,0,4,13,13,11,0,34,1,1,0,3,1,0.218,0.298,0.383,0.681,0.298,0.1,0.29,0.332,0.165,0.279,0,90,0.1
"Steamer","sa3004048","Tirso Ornelas","SDP",75,253,280,61,41,13,1,7,31,29,22,1,58,2,2,1,3,1,0.242,0.304,0.378,0.683,0.299,0.08,0.21,0.375,0.137,0.285,-0.2,94,0.1
"Steamer","sa738605","JC Escarra","NYY",8,27,31,6,4,1,0,1,3,3,3,0,6,0,0,0,0,0,0.222,0.298,0.35,0.648,0.287,0.09,0.19,0.46,0.128,0.256,-0.1,86,0.1
"Steamer","17040","Jose Herrera","ARI",18,62,70,14,10,3,0,1,7,6,7,0,16,0,1,0,1,0,0.226,0.305,0.323,0.627,0.281,0.1,0.23,0.425,0.096,0.286,-0.2,77,0.1
"Steamer","19293","Nick Senzel","CHW",26,95,106,21,14,4,0,3,11,10,9,0,24,1,1,0,2,1,0.221,0.294,0.346,0.64,0.283,0.09,0.22,0.391,0.125,0.266,0,82,0.1
"Steamer","31396","Tyler Locklear","SEA",24,87,98,19,12,4,0,3,10,10,9,0,28,2,1,0,1,0,0.219,0.301,0.372,0.673,0.296,0.09,0.29,0.302,0.153,0.288,-0.1,98,0.1
"Steamer","20536","Vidal Brujan","CHC",13,46,51,11,7,2,0,1,5,5,5,0,10,1,0,0,2,1,0.231,0.307,0.35,0.657,0.29,0.09,0.2,0.435,0.118,0.279,0.1,87,0.1
"Steamer","14130","Daniel Vogelbach",NA,19,68,79,16,10,3,0,3,9,9,10,0,20,1,1,0,0,0,0.233,0.337,0.403,0.74,0.326,0.13,0.25,0.532,0.17,0.283,-0.4,111,0.1
"Steamer","23698","Ronny Mauricio","NYM",6,25,27,6,4,1,0,1,3,3,2,0,5,0,0,0,1,0,0.251,0.298,0.41,0.708,0.306,0.06,0.2,0.277,0.16,0.287,0,99,0.1
"Steamer","22411","Cal Stevenson","PHI",11,38,45,9,6,2,0,1,5,4,6,0,10,0,0,0,2,0,0.226,0.333,0.344,0.677,0.304,0.13,0.23,0.576,0.118,0.287,0,94,0.1
"Steamer","26123","Brett Baty","NYM",6,23,26,6,4,1,0,1,3,3,2,0,6,0,0,0,0,0,0.238,0.311,0.393,0.704,0.308,0.09,0.25,0.362,0.155,0.289,0,101,0.1
"Steamer","sa3015407","Jeferson Quero","MIL",6,22,24,5,3,1,0,1,3,3,2,0,5,0,0,0,0,0,0.23,0.293,0.376,0.67,0.294,0.07,0.22,0.334,0.146,0.271,0,87,0.1
"Steamer","13355","Luke Maile","KCR",30,103,116,22,15,5,0,2,12,10,10,0,33,2,1,0,2,0,0.211,0.288,0.325,0.613,0.274,0.08,0.28,0.295,0.113,0.284,-0.3,75,0.1
"Steamer","27690","Joey Wiemer","KCR",32,113,127,24,16,6,0,3,13,12,12,0,36,1,1,0,3,1,0.216,0.293,0.345,0.639,0.284,0.09,0.28,0.322,0.129,0.288,0,79,0.1
"Steamer","20126","Dylan Carlson","BAL",8,29,33,7,5,1,0,1,4,3,3,0,8,1,0,0,0,0,0.238,0.319,0.372,0.69,0.306,0.09,0.23,0.395,0.134,0.295,0,101,0.1
"Steamer","12434","Kevin Pillar",NA,40,156,169,36,23,7,1,5,18,19,9,0,39,3,1,0,4,1,0.232,0.282,0.381,0.662,0.289,0.05,0.23,0.227,0.149,0.275,-0.1,85,0.1
"Steamer","31431","Jordan Beck","COL",92,325,361,79,50,17,2,10,41,39,30,1,98,3,3,1,9,2,0.243,0.31,0.4,0.71,0.309,0.08,0.27,0.309,0.157,0.313,0.2,85,0.1
"Steamer","18400","Juan Yepez","WSN",21,81,89,20,12,4,0,3,10,11,7,0,18,1,1,0,1,0,0.245,0.31,0.42,0.73,0.317,0.08,0.2,0.401,0.174,0.276,-0.3,104,0.1
"Steamer","sa3020212","Alan Roden","TOR",6,23,26,6,4,1,0,1,3,3,3,0,5,0,0,0,0,0,0.254,0.337,0.386,0.723,0.319,0.1,0.18,0.539,0.133,0.295,0,109,0.1
"Steamer","31562","Zach Dezenzo","HOU",10,35,39,8,5,2,0,1,4,4,3,0,11,0,0,0,1,0,0.24,0.3,0.397,0.697,0.304,0.07,0.29,0.253,0.157,0.312,0,99,0.1
"Steamer","sa3019841","Jimmy Crooks","STL",5,16,18,4,3,1,0,0,2,2,2,0,4,0,0,0,0,0,0.24,0.311,0.365,0.676,0.298,0.08,0.24,0.35,0.126,0.3,0,92,0.1
"Steamer","31567","Trey Lipscomb","WSN",19,71,76,17,13,3,0,1,7,7,4,0,15,1,1,0,2,1,0.245,0.292,0.347,0.639,0.281,0.06,0.2,0.283,0.102,0.294,0,79,0.1
"Steamer","13768","Travis Jankowski",NA,42,150,171,36,27,7,0,2,17,14,17,0,34,2,1,0,7,2,0.238,0.319,0.32,0.64,0.288,0.1,0.2,0.483,0.083,0.295,0,85,0.1
"Steamer","20017","Miles Mastrobuoni","SEA",8,28,32,7,5,1,0,0,3,3,3,0,7,0,0,0,1,0,0.233,0.308,0.327,0.635,0.284,0.1,0.22,0.433,0.094,0.293,0.1,90,0.1
"Steamer","24496","DaShawn Keirsey Jr","MIN",11,42,46,10,7,2,0,1,5,4,3,0,12,0,0,0,2,0,0.237,0.295,0.359,0.654,0.287,0.07,0.26,0.254,0.122,0.31,0.1,86,0.1
"Steamer","23372","Hunter Feduccia","LAD",6,21,24,4,3,1,0,0,3,2,3,0,7,0,0,0,0,0,0.211,0.299,0.329,0.628,0.281,0.11,0.27,0.397,0.119,0.276,0,80,0.1
"Steamer","25979","Nasim Nunez","WSN",6,23,27,5,4,1,0,0,3,2,3,0,6,0,0,0,1,0,0.228,0.321,0.304,0.625,0.285,0.12,0.21,0.537,0.076,0.29,0.1,82,0.1
"Steamer","21587","Cesar Salazar","HOU",5,16,18,3,2,1,0,0,2,2,2,0,4,0,0,0,0,0,0.21,0.296,0.329,0.625,0.279,0.09,0.22,0.4,0.118,0.255,0,82,0.1
"Steamer","sa3014711","Max Acosta","MIA",11,42,46,10,7,2,0,1,4,4,3,0,8,0,0,0,1,0,0.245,0.296,0.352,0.648,0.285,0.06,0.18,0.329,0.107,0.288,0,79,0.1
"Steamer","23986","Curtis Mead","TBR",6,24,27,6,4,1,0,1,3,3,2,0,5,0,0,0,0,0,0.253,0.316,0.403,0.718,0.313,0.07,0.2,0.35,0.15,0.297,0,108,0.1
"Steamer","6184","JD Martinez",NA,99,379,423,89,54,20,1,14,47,51,37,0,122,4,3,0,1,0,0.235,0.308,0.407,0.714,0.311,0.09,0.29,0.306,0.172,0.304,-2.3,101,0.1
"Steamer","17620","Myles Straw","TOR",19,68,75,15,12,3,0,0,7,6,6,0,15,0,1,0,3,1,0.222,0.292,0.291,0.583,0.262,0.09,0.2,0.434,0.069,0.277,0.3,69,0.1
"Steamer","12164","Miguel Sano",NA,21,78,88,17,10,3,0,4,10,11,8,0,30,1,1,0,0,0,0.218,0.297,0.411,0.708,0.308,0.09,0.34,0.261,0.193,0.295,-0.2,99,0.1
"Steamer","21270","Sean Bouchard","COL",37,130,149,31,19,7,1,5,18,17,16,0,41,2,1,0,3,1,0.241,0.33,0.422,0.752,0.328,0.11,0.27,0.39,0.18,0.312,-0.1,97,0.1
"Steamer","13723","Jacob Stallings","COL",69,235,266,55,37,12,1,6,28,26,23,1,62,4,2,1,2,0,0.235,0.314,0.367,0.681,0.301,0.09,0.23,0.38,0.132,0.292,-1.5,79,0.1
"Steamer","21716","Enmanuel Valdez","PIT",6,23,26,5,3,1,0,1,3,3,2,0,6,0,0,0,0,0,0.234,0.304,0.397,0.701,0.306,0.09,0.24,0.362,0.163,0.281,0,93,0.1
"Steamer","27577","Casey Schmitt","SFG",6,24,26,6,4,1,0,1,3,3,1,0,6,0,0,0,0,0,0.239,0.288,0.38,0.668,0.291,0.06,0.23,0.245,0.141,0.29,0,88,0.1
"Steamer","sa3019868","Jakob Marsee","MIA",11,40,46,8,6,2,0,1,5,4,5,0,11,1,0,0,2,0,0.207,0.31,0.313,0.623,0.283,0.12,0.25,0.47,0.106,0.269,0.1,78,0.1
"Steamer","15730","Tyler Wade","SDP",28,100,111,22,17,4,0,1,11,9,9,0,27,1,1,0,5,1,0.221,0.288,0.302,0.59,0.265,0.08,0.24,0.325,0.081,0.287,0.4,72,0.1
"Steamer","21497","Luken Baker","STL",15,54,61,12,7,2,0,3,7,8,6,0,16,0,0,0,0,0,0.218,0.302,0.409,0.711,0.309,0.1,0.27,0.373,0.191,0.261,-0.2,99,0.1
"Steamer","29576","Ben Rice","NYY",5,18,20,4,2,1,0,1,3,3,2,0,5,0,0,0,0,0,0.226,0.316,0.427,0.743,0.324,0.1,0.26,0.412,0.201,0.262,0,112,0.1
"Steamer","25483","Nick Sogard","BOS",6,23,26,5,4,1,0,0,3,2,3,0,6,0,0,0,0,0,0.237,0.322,0.34,0.662,0.296,0.1,0.23,0.457,0.103,0.303,0,86,0.1
"Steamer","25543","Korey Lee","CHW",44,155,167,33,21,7,0,5,17,17,9,0,49,1,1,1,3,1,0.216,0.262,0.361,0.623,0.271,0.05,0.29,0.181,0.146,0.278,0.2,74,0.1
"Steamer","sa3015168","Deyvison De Los Santos","MIA",81,306,328,76,48,13,1,14,37,42,16,1,85,3,2,1,1,0,0.248,0.291,0.436,0.727,0.311,0.05,0.26,0.193,0.187,0.297,-0.4,97,0.1
"Steamer","9847","Andrew McCutchen","PIT",104,393,454,90,59,17,1,14,52,51,53,1,113,5,3,1,5,2,0.23,0.327,0.385,0.711,0.314,0.12,0.25,0.466,0.155,0.284,-1.9,99,0.1
"Steamer","10441","Jon Singleton","HOU",19,68,79,15,9,3,0,3,9,9,10,0,22,0,1,0,0,0,0.217,0.318,0.382,0.699,0.309,0.13,0.28,0.451,0.165,0.276,-0.3,103,0.1
"THE BAT","sa3017114","Marcelo Mayer","BOS",11,38,42,9,6,2,0,1,5,5,3,0,10,0,0,0,1,0,0.244,0.305,0.389,0.694,0.301,0.07,0.24,0.311,0.145,0.307,0,90,0.1
"THE BAT","19455","Andruw Monasterio","MIL",44,138,154,31,22,6,1,2,15,14,13,0,38,1,1,0,4,1,0.223,0.295,0.323,0.618,0.276,0.09,0.25,0.347,0.101,0.288,0,75,0.1
"THE BAT","27735","Brett Wisely","SFG",47,148,163,33,23,7,1,3,17,14,12,0,39,1,1,1,3,1,0.224,0.283,0.333,0.617,0.272,0.07,0.24,0.303,0.109,0.282,0,75,0.1
"THE BAT","27630","Nick Loftin","KCR",35,112,124,27,19,5,0,2,13,11,9,0,21,1,1,1,2,1,0.236,0.299,0.333,0.631,0.28,0.07,0.17,0.444,0.097,0.274,-0.1,76,0.1
"THE BAT","27577","Casey Schmitt","SFG",25,78,85,18,12,4,0,2,9,9,5,0,20,1,1,0,1,0,0.233,0.281,0.369,0.649,0.283,0.05,0.23,0.232,0.135,0.282,-0.1,82,0.1
"THE BAT","31490","Wade Meckler","SFG",9,29,32,8,6,2,0,0,4,3,2,0,6,0,0,0,0,0,0.268,0.328,0.373,0.7,0.308,0.08,0.19,0.399,0.104,0.325,0,99,0.1
"THE BAT","31562","Zach Dezenzo","HOU",29,104,113,24,16,5,0,3,12,12,7,0,34,1,1,0,2,0,0.23,0.286,0.37,0.656,0.287,0.06,0.3,0.219,0.14,0.306,-0.1,87,0.1
"THE BAT","15223","Adam Frazier","PIT",74,242,268,58,42,11,1,3,27,22,19,0,44,3,2,2,5,2,0.238,0.302,0.336,0.637,0.283,0.07,0.16,0.441,0.097,0.278,-0.3,77,0.1
"THE BAT","27789","Shay Whitcomb","HOU",50,153,166,33,21,6,0,5,18,18,10,1,48,2,1,0,4,1,0.215,0.27,0.362,0.632,0.275,0.06,0.29,0.214,0.147,0.274,0.1,79,0.1
"THE BAT","21635","Nick Maton","CHW",21,59,67,12,8,3,0,2,6,7,6,0,16,1,0,0,0,0,0.209,0.288,0.345,0.633,0.28,0.09,0.25,0.372,0.136,0.258,-0.1,80,0.1
"THE BAT","25575","Kyle McCann","ATH",20,63,69,12,7,2,0,2,6,7,5,0,26,1,0,0,0,0,0.188,0.26,0.326,0.586,0.26,0.08,0.37,0.211,0.139,0.275,-0.1,70,0.1
"THE BAT","4940","Jason Heyward","SDP",63,200,224,45,29,9,1,7,25,24,19,1,46,2,1,0,3,1,0.226,0.298,0.378,0.677,0.296,0.08,0.21,0.407,0.152,0.26,-0.2,90,0.1
"THE BAT","20505","Drew Waters","KCR",30,100,110,23,14,5,1,2,13,10,8,0,34,1,1,0,3,1,0.228,0.293,0.361,0.654,0.288,0.08,0.31,0.248,0.133,0.32,0.1,82,0.1
"THE BAT","sa3011255","Jake Mangum","TBR",42,156,165,38,27,8,1,1,16,14,7,0,34,2,1,0,4,1,0.242,0.28,0.331,0.611,0.268,0.04,0.2,0.195,0.089,0.298,0,77,0.1
"THE BAT","sa3017694","Brady House","WSN",49,184,197,42,29,8,0,5,18,21,9,0,56,2,1,0,1,1,0.228,0.273,0.355,0.628,0.275,0.05,0.29,0.163,0.127,0.3,-0.3,75,0.1
"THE BAT","18067","Garrett Stubbs","PHI",41,130,145,26,19,5,1,2,14,10,12,0,37,2,1,1,3,1,0.202,0.277,0.288,0.565,0.255,0.08,0.26,0.328,0.087,0.267,0,61,0.1
"THE BAT","16451","Luis Guillorme","HOU",46,133,150,31,24,5,0,1,14,11,15,1,28,1,1,1,2,1,0.231,0.31,0.293,0.603,0.272,0.1,0.19,0.528,0.062,0.286,-0.2,74,0.1
"THE BAT","13338","Omar Narvaez","CHW",18,54,61,11,8,2,0,1,5,5,5,0,12,1,0,0,0,0,0.209,0.28,0.301,0.581,0.26,0.08,0.2,0.4,0.092,0.251,-0.1,66,0.1
"THE BAT","19892","Pavin Smith","ARI",85,272,308,64,41,13,1,9,35,38,31,1,63,2,2,0,1,0,0.236,0.316,0.393,0.709,0.31,0.1,0.21,0.492,0.157,0.272,-0.5,97,0.1
"THE BAT","20521","Nick Madrigal","NYM",27,82,89,21,17,3,0,0,9,6,4,0,10,2,1,1,2,1,0.253,0.301,0.314,0.616,0.274,0.05,0.12,0.413,0.061,0.285,-0.1,77,0.1
"THE BAT","16953","Chadwick Tromp","ATL",20,63,68,14,9,3,0,1,6,7,4,0,16,0,0,0,0,0,0.217,0.268,0.326,0.594,0.262,0.06,0.24,0.254,0.11,0.268,-0.1,65,0.1
"THE BAT","22842","Alexander Canario","CHC",40,118,128,24,15,5,0,4,13,15,9,0,42,1,1,0,2,1,0.207,0.267,0.359,0.625,0.274,0.07,0.33,0.208,0.152,0.282,0,76,0.1
"THE BAT","sa3019868","Jakob Marsee","MIA",25,85,97,18,12,4,0,2,10,8,10,0,23,1,1,0,3,1,0.209,0.3,0.327,0.627,0.281,0.1,0.24,0.421,0.118,0.264,0.2,76,0.1
"THE BAT","22209","Sam Huff","SFG",11,28,30,6,4,1,0,1,3,3,2,0,10,0,0,0,0,0,0.213,0.268,0.342,0.61,0.267,0.06,0.34,0.187,0.129,0.302,0,72,0.1
"THE BAT","23818","Ji Hwan Bae","PIT",20,63,70,15,11,3,0,1,8,5,6,0,17,0,0,0,3,1,0.244,0.308,0.336,0.644,0.285,0.08,0.24,0.334,0.093,0.318,0.2,79,0.1
"THE BAT","sa3019841","Jimmy Crooks","STL",4,12,14,3,2,1,0,0,1,1,1,0,3,0,0,0,0,0,0.24,0.304,0.358,0.662,0.292,0.07,0.25,0.296,0.118,0.308,0,87,0.1
"THE BAT","23968","Jorge Barrosa","ARI",23,71,79,17,11,4,0,1,9,7,6,0,16,1,0,1,2,1,0.233,0.294,0.346,0.64,0.282,0.07,0.2,0.35,0.113,0.282,0.1,78,0.1
"THE BAT","19296","Alex Call","WSN",64,214,245,46,31,10,1,5,26,23,24,0,49,3,2,1,6,2,0.215,0.303,0.342,0.645,0.288,0.1,0.2,0.495,0.126,0.253,-0.2,84,0.1
"THE BAT","29617","Henry Davis","PIT",31,101,114,23,15,5,0,3,12,12,9,1,31,2,1,0,2,1,0.224,0.303,0.362,0.665,0.293,0.08,0.27,0.306,0.139,0.288,-0.1,84,0.1
"THE BAT","26599","Jonatan Clase","TOR",12,37,41,8,5,2,0,1,5,4,3,0,12,0,0,0,2,0,0.219,0.282,0.352,0.635,0.279,0.07,0.3,0.25,0.133,0.299,0.2,81,0.1
"THE BAT","sa3015407","Jeferson Quero","MIL",8,27,29,6,4,1,0,1,3,3,2,0,6,0,0,0,0,0,0.239,0.287,0.373,0.659,0.287,0.06,0.21,0.28,0.134,0.28,0,83,0.1
"THE BAT","sa3019892","Dalton Rushing","LAD",5,18,20,4,2,1,0,1,2,2,2,0,5,0,0,0,0,0,0.227,0.31,0.391,0.702,0.308,0.09,0.25,0.359,0.164,0.278,0,98,0.1
"THE BAT","25475","Logan Driscoll","TBR",10,30,33,7,4,1,0,1,3,3,2,0,8,0,0,0,0,0,0.216,0.271,0.331,0.601,0.265,0.06,0.25,0.24,0.115,0.272,0,74,0.1
"THE BAT","12160","Ben Gamel","HOU",43,130,148,29,20,6,1,3,15,14,16,1,39,1,1,0,1,1,0.224,0.311,0.343,0.654,0.291,0.11,0.26,0.407,0.119,0.295,-0.2,87,0.1
"THE BAT","12147","Nick Ahmed","TEX",33,106,116,24,17,5,0,2,11,10,6,0,27,1,1,1,1,0,0.223,0.27,0.327,0.597,0.263,0.06,0.23,0.236,0.103,0.281,-0.1,67,0.1
"THE BAT","17620","Myles Straw","TOR",38,85,94,19,15,3,0,0,9,6,7,0,18,0,1,1,4,1,0.228,0.289,0.284,0.574,0.258,0.08,0.2,0.396,0.057,0.286,0.2,66,0.1
"THE BAT","26438","Dominic Canzone","SEA",34,108,118,24,15,5,0,3,11,14,8,0,28,1,1,0,1,0,0.219,0.279,0.365,0.643,0.28,0.07,0.23,0.304,0.145,0.26,-0.1,87,0.1
"THE BAT","18819","Andy Ibanez","DET",61,196,214,45,31,9,1,5,21,21,14,0,44,2,1,0,2,1,0.231,0.288,0.357,0.644,0.283,0.07,0.21,0.326,0.126,0.272,-0.3,84,0.1
"THE BAT","10059","Max Stassi","SFG",11,27,30,6,4,1,0,1,3,3,3,0,9,0,0,0,0,0,0.211,0.292,0.339,0.631,0.281,0.09,0.28,0.318,0.128,0.278,0,81,0.1
"THE BAT","24257","Jhonkensy Noel","CLE",98,337,368,76,46,15,1,14,39,46,22,1,101,6,2,0,1,0,0.224,0.282,0.396,0.678,0.294,0.06,0.28,0.218,0.172,0.275,-0.5,92,0.1
"THE BAT","sa738605","JC Escarra","NYY",11,34,38,7,5,2,0,1,3,3,3,0,7,1,0,0,0,0,0.209,0.28,0.321,0.601,0.267,0.08,0.19,0.404,0.112,0.243,-0.1,72,0.1
"THE BAT","19683","Mike Brosseau","SDP",18,59,65,13,9,2,0,2,6,7,4,0,17,1,0,0,0,0,0.218,0.283,0.347,0.63,0.279,0.07,0.26,0.259,0.129,0.273,-0.1,81,0.1
"THE BAT","29788","Brett Harris","ATH",16,55,61,12,9,2,0,1,6,5,5,0,13,1,0,0,1,0,0.219,0.289,0.327,0.616,0.275,0.08,0.22,0.351,0.108,0.266,-0.1,81,0.1
"THE BAT","21587","Cesar Salazar","HOU",7,20,22,4,3,1,0,0,2,2,2,0,4,1,0,0,0,0,0.209,0.281,0.313,0.594,0.265,0.07,0.19,0.353,0.104,0.247,0,72,0.1
"THE BAT","15937","Aledmys Diaz",NA,31,103,112,24,16,5,0,2,11,11,6,0,22,2,1,0,1,0,0.233,0.283,0.351,0.634,0.278,0.05,0.2,0.266,0.117,0.276,-0.1,78,0.1
"THE BAT","21730","Jair Camargo","MIN",12,27,30,6,4,1,0,1,3,3,2,0,10,0,0,0,0,0,0.203,0.256,0.333,0.589,0.258,0.06,0.34,0.166,0.13,0.285,0,66,0.1
"THE BAT","6887","Martin Maldonado","SDP",20,62,71,11,7,2,0,2,7,7,5,0,24,1,0,1,0,0,0.185,0.252,0.33,0.582,0.257,0.07,0.34,0.208,0.145,0.253,-0.1,66,0.1
"THE BAT","25979","Nasim Nunez","WSN",16,40,45,9,7,1,0,0,5,3,4,0,10,0,0,0,2,1,0.225,0.298,0.287,0.586,0.265,0.09,0.22,0.407,0.062,0.292,0.2,68,0.1
"THE BAT","18887","Seby Zavala","BOS",16,45,50,8,5,2,0,1,5,5,4,0,18,1,0,0,0,0,0.189,0.259,0.322,0.581,0.258,0.07,0.37,0.202,0.133,0.28,-0.1,59,0.1
"THE BAT","sa3020212","Alan Roden","TOR",8,31,34,8,5,2,0,1,4,3,3,0,6,1,0,0,1,0,0.252,0.325,0.365,0.69,0.305,0.08,0.16,0.496,0.113,0.291,0,100,0.1
"THE BAT","20311","Corey Julks","CHW",30,95,104,22,15,5,0,2,11,10,8,0,24,1,1,0,3,1,0.232,0.294,0.358,0.652,0.287,0.07,0.23,0.323,0.126,0.286,0.2,85,0.1
"THE BAT","21646","Rafael Marchan","PHI",9,28,31,6,4,1,0,0,3,3,2,0,5,0,0,0,0,0,0.227,0.289,0.332,0.621,0.275,0.07,0.17,0.398,0.105,0.262,0,74,0.1
"THE BAT","20017","Miles Mastrobuoni","SEA",19,51,56,11,8,2,0,0,5,4,4,0,12,0,0,0,2,1,0.22,0.282,0.296,0.578,0.258,0.08,0.22,0.356,0.076,0.279,0,72,0.1
"THE BAT","sa3014693","Emmanuel Rodriguez","MIN",6,20,23,4,3,1,0,1,3,2,3,0,8,0,0,0,1,0,0.213,0.319,0.373,0.693,0.307,0.13,0.34,0.379,0.16,0.31,0,100,0.1
"THE BAT","24605","Michael Helman","STL",37,89,96,19,12,4,0,2,10,9,6,0,23,1,1,0,2,1,0.21,0.263,0.331,0.594,0.261,0.06,0.24,0.246,0.122,0.259,0.1,67,0.1
"THE BAT","15679","Rowdy Tellez",NA,77,262,292,60,37,11,0,11,31,37,25,2,65,2,2,0,1,0,0.228,0.299,0.401,0.701,0.303,0.09,0.22,0.391,0.173,0.258,-0.4,95,0.1
"THE BAT","27962","Adael Amador","COL",12,41,46,10,7,2,0,1,5,4,4,0,8,0,0,0,1,0,0.248,0.314,0.376,0.69,0.303,0.08,0.17,0.473,0.127,0.283,0,81,0.1
"THE BAT","17696","Kevin Newman","LAA",71,237,257,57,43,10,1,2,25,20,14,1,42,2,2,2,5,2,0.239,0.283,0.321,0.604,0.266,0.05,0.16,0.321,0.082,0.28,-0.1,69,0.1
"THE BAT","18217","Brett Sullivan","SDP",14,45,49,9,6,2,0,1,4,4,3,0,8,0,0,0,0,0,0.21,0.262,0.319,0.581,0.256,0.06,0.17,0.358,0.109,0.239,0,65,0.1
"THE BAT","sa3014711","Max Acosta","MIA",11,36,39,9,6,2,0,1,4,4,2,0,7,0,0,0,1,0,0.248,0.293,0.358,0.651,0.285,0.05,0.19,0.27,0.11,0.295,0.1,79,0.1
"THE BAT","20536","Vidal Brujan","CHC",33,103,113,23,16,5,1,1,12,9,8,0,23,1,1,0,5,1,0.222,0.284,0.317,0.601,0.267,0.07,0.2,0.353,0.095,0.272,0.3,72,0.1
"THE BAT","15674","Reese McGuire","CHC",12,39,43,8,6,1,0,1,4,3,3,0,11,0,0,1,0,0,0.21,0.27,0.296,0.566,0.253,0.07,0.26,0.253,0.087,0.279,0,62,0.1
"THE BAT","17766","DJ Stewart","PIT",21,61,71,13,8,3,0,2,8,8,8,0,19,1,0,0,0,0,0.213,0.314,0.374,0.688,0.305,0.11,0.26,0.423,0.161,0.263,-0.1,92,0.1
"THE BAT","23372","Hunter Feduccia","LAD",5,14,16,3,2,1,0,0,2,2,1,0,4,0,0,0,0,0,0.216,0.288,0.33,0.618,0.274,0.09,0.25,0.354,0.114,0.275,0,76,0.1
"THE BAT","13853","Joey Wendle",NA,28,87,94,21,15,5,1,1,10,8,4,0,19,1,1,0,3,1,0.238,0.28,0.332,0.612,0.268,0.05,0.21,0.223,0.094,0.294,0.1,71,0.1
"THE BAT","25353","Michael Stefanic","TOR",14,37,42,9,8,1,0,0,4,3,3,0,5,1,0,0,0,0,0.249,0.313,0.307,0.62,0.279,0.07,0.13,0.558,0.058,0.283,-0.1,81,0.1
"THE BAT","22707","Gustavo Campero","LAA",8,27,30,6,4,1,0,1,4,3,2,0,6,1,0,0,1,0,0.236,0.3,0.375,0.675,0.295,0.06,0.21,0.313,0.139,0.277,0,90,0.1
"THE BAT","29606","JustynHenry Malloy","DET",36,121,138,27,17,5,0,4,15,14,14,0,41,2,1,0,1,0,0.221,0.309,0.365,0.674,0.299,0.1,0.3,0.353,0.145,0.295,-0.2,95,0.1
"THE BAT","13755","Tomas Nido","DET",19,58,63,12,9,2,0,1,5,5,3,0,16,0,0,1,0,0,0.212,0.255,0.307,0.562,0.247,0.05,0.25,0.193,0.095,0.27,-0.1,59,0.1
"THE BAT","22411","Cal Stevenson","PHI",18,49,56,11,8,2,0,1,6,4,6,0,12,0,0,1,2,1,0.223,0.307,0.322,0.629,0.282,0.1,0.22,0.47,0.099,0.282,0.1,79,0.1
"THE BATX","sa3011255","Jake Mangum","TBR",42,156,165,38,27,8,1,1,16,14,7,0,34,2,1,0,4,1,0.242,0.28,0.332,0.611,0.269,0.04,0.2,0.195,0.09,0.298,0.2,77,0.1
"THE BATX","15878","Miguel Andujar","ATH",72,278,298,71,51,12,1,6,31,29,15,1,40,2,2,0,3,1,0.254,0.295,0.373,0.668,0.291,0.05,0.14,0.376,0.119,0.276,-0.4,92,0.1
"THE BATX","31562","Zach Dezenzo","HOU",29,104,113,24,16,5,0,3,12,12,7,0,34,1,1,0,2,0,0.231,0.286,0.373,0.659,0.289,0.06,0.3,0.213,0.142,0.309,0,88,0.1
"THE BATX","29715","Hunter Goodman","COL",87,299,324,72,41,16,1,13,37,43,18,0,89,4,2,0,2,1,0.239,0.289,0.437,0.726,0.312,0.06,0.28,0.205,0.197,0.292,-0.4,87,0.1
"THE BATX","24257","Jhonkensy Noel","CLE",98,338,368,77,46,16,1,14,39,47,21,1,102,6,2,0,1,0,0.227,0.283,0.4,0.683,0.296,0.06,0.28,0.211,0.173,0.279,-0.5,93,0.1
"THE BATX","31490","Wade Meckler","SFG",9,29,32,8,6,2,0,0,4,3,2,0,6,0,0,0,1,0,0.27,0.328,0.378,0.706,0.311,0.07,0.19,0.393,0.109,0.326,0,101,0.1
"THE BATX","19339","Nicky Lopez","CHC",62,210,236,50,40,8,1,0,24,14,19,0,37,2,1,4,7,2,0.238,0.306,0.295,0.6,0.271,0.08,0.16,0.514,0.057,0.285,0,73,0.1
"THE BATX","13338","Omar Narvaez","CHW",18,54,61,11,8,2,0,1,5,5,5,0,12,1,0,0,0,0,0.209,0.282,0.309,0.591,0.264,0.08,0.21,0.403,0.099,0.25,-0.1,69,0.1
"THE BATX","14128","Joey Gallo","CHW",70,222,260,40,20,8,1,12,31,35,35,1,99,3,1,0,2,1,0.181,0.298,0.384,0.682,0.3,0.13,0.38,0.351,0.203,0.25,-0.3,93,0.1
"THE BATX","sa3017694","Brady House","WSN",49,184,197,42,29,8,0,5,18,22,9,0,56,2,1,0,2,0,0.228,0.273,0.356,0.629,0.275,0.05,0.29,0.163,0.127,0.3,-0.2,75,0.1
"THE BATX","9241","Starling Marte","NYM",78,297,326,76,55,13,1,6,40,28,19,0,69,6,2,1,13,5,0.254,0.311,0.365,0.676,0.298,0.06,0.21,0.277,0.111,0.31,0.1,94,0.1
"THE BATX","sa3019868","Jakob Marsee","MIA",25,85,97,18,12,4,0,2,10,8,10,0,23,1,1,0,4,0,0.209,0.3,0.328,0.628,0.282,0.1,0.24,0.421,0.119,0.264,0.4,77,0.1
"THE BATX","23359","Nelson Velazquez","KCR",42,147,162,34,20,7,0,6,19,20,13,1,45,1,1,0,3,1,0.229,0.296,0.41,0.706,0.306,0.08,0.28,0.289,0.181,0.284,-0.1,94,0.1
"THE BATX","25575","Kyle McCann","ATH",20,63,69,12,7,2,0,2,6,7,5,0,26,1,0,0,0,0,0.187,0.26,0.327,0.586,0.26,0.08,0.37,0.212,0.14,0.275,-0.1,71,0.1
"THE BATX","12434","Kevin Pillar",NA,52,168,182,40,25,8,1,5,21,20,9,0,40,3,2,0,5,1,0.236,0.285,0.39,0.675,0.293,0.05,0.22,0.225,0.154,0.277,0.1,88,0.1
"THE BATX","22842","Alexander Canario","CHC",40,118,128,24,15,5,0,4,13,15,9,0,42,1,1,0,2,0,0.207,0.267,0.359,0.626,0.274,0.07,0.33,0.208,0.152,0.282,0.1,77,0.1
"THE BATX","16953","Chadwick Tromp","ATL",20,63,68,14,10,3,0,1,6,7,4,0,16,0,0,0,0,0,0.218,0.269,0.328,0.597,0.263,0.06,0.24,0.253,0.11,0.27,-0.1,66,0.1
"THE BATX","17620","Myles Straw","TOR",38,85,94,20,15,3,0,0,10,6,7,0,18,0,1,1,4,1,0.231,0.289,0.296,0.585,0.262,0.07,0.19,0.377,0.065,0.287,0.2,69,0.1
"THE BATX","23968","Jorge Barrosa","ARI",23,71,79,17,11,4,0,1,9,7,6,0,16,1,0,1,2,0,0.233,0.294,0.346,0.641,0.283,0.07,0.2,0.35,0.114,0.282,0.2,78,0.1
"THE BATX","12160","Ben Gamel","HOU",43,130,148,29,20,6,1,3,16,14,16,1,39,1,1,0,1,0,0.226,0.312,0.346,0.658,0.292,0.11,0.26,0.404,0.121,0.297,-0.2,88,0.1
"THE BATX","19890","Emmanuel Rivera","BAL",37,108,119,26,18,5,0,3,13,13,8,0,26,1,1,0,0,0,0.242,0.301,0.382,0.683,0.299,0.07,0.22,0.322,0.14,0.287,-0.2,97,0.1
"THE BATX","20521","Nick Madrigal","NYM",27,82,89,21,17,3,0,0,9,6,4,0,10,2,1,1,2,1,0.255,0.301,0.315,0.616,0.274,0.04,0.12,0.386,0.059,0.288,-0.1,77,0.1
"THE BATX","12147","Nick Ahmed","TEX",33,106,116,24,17,5,0,2,11,10,6,0,27,1,1,1,1,0,0.226,0.271,0.332,0.603,0.265,0.05,0.23,0.231,0.106,0.283,-0.1,69,0.1
"THE BATX","11615","Brandon Drury","CHW",62,228,249,52,34,10,0,8,26,29,16,0,59,3,2,0,1,0,0.23,0.287,0.378,0.665,0.291,0.06,0.24,0.274,0.148,0.275,-0.4,87,0.1
"THE BATX","sa3019841","Jimmy Crooks","STL",4,12,14,3,2,1,0,0,1,1,1,0,3,0,0,0,0,0,0.24,0.304,0.358,0.663,0.292,0.07,0.25,0.296,0.118,0.308,0,88,0.1
"THE BATX","26599","Jonatan Clase","TOR",12,38,41,8,5,2,0,1,5,3,3,0,12,0,0,0,2,0,0.222,0.284,0.352,0.636,0.28,0.07,0.3,0.246,0.13,0.304,0.3,82,0.1
"THE BATX","22209","Sam Huff","SFG",11,28,30,6,4,1,0,1,3,3,2,0,10,0,0,0,0,0,0.212,0.267,0.339,0.606,0.266,0.06,0.34,0.187,0.127,0.302,0,71,0.1
"THE BATX","29788","Brett Harris","ATH",16,55,61,12,9,2,0,1,6,5,5,0,13,1,0,0,1,0,0.222,0.291,0.338,0.629,0.28,0.07,0.22,0.345,0.116,0.268,-0.1,84,0.1
"THE BATX","sa3015407","Jeferson Quero","MIL",8,27,29,6,4,1,0,1,3,3,2,0,6,0,0,0,0,0,0.239,0.287,0.373,0.66,0.288,0.06,0.2,0.28,0.134,0.28,0,83,0.1
"THE BATX","24934","David Fry","CLE",56,178,200,43,27,9,0,6,22,23,16,0,44,3,2,0,1,0,0.24,0.312,0.397,0.71,0.31,0.08,0.22,0.372,0.158,0.282,-0.3,103,0.1
"THE BATX","sa3019892","Dalton Rushing","LAD",5,18,20,4,2,1,0,1,2,2,2,0,5,0,0,0,0,0,0.227,0.31,0.392,0.702,0.308,0.09,0.25,0.359,0.164,0.278,0,99,0.1
"THE BATX","25475","Logan Driscoll","TBR",10,30,33,7,4,1,0,1,3,3,2,0,8,0,0,0,0,0,0.216,0.271,0.331,0.602,0.265,0.06,0.25,0.24,0.115,0.272,0,74,0.1
"THE BATX","25979","Nasim Nunez","WSN",16,40,45,9,7,1,0,0,5,3,4,0,10,0,0,0,2,0,0.228,0.302,0.291,0.593,0.268,0.09,0.22,0.411,0.063,0.295,0.2,71,0.1
"THE BATX","20017","Miles Mastrobuoni","SEA",19,51,56,11,8,2,0,1,5,4,4,0,12,0,0,0,2,0,0.222,0.284,0.305,0.589,0.263,0.08,0.22,0.358,0.083,0.28,0.1,75,0.1
"THE BATX","29617","Henry Davis","PIT",31,101,114,22,15,5,0,3,12,12,9,0,31,2,1,0,2,1,0.222,0.301,0.361,0.662,0.292,0.08,0.27,0.3,0.139,0.286,-0.1,83,0.1
"THE BATX","18217","Brett Sullivan","SDP",14,45,49,10,6,2,0,1,5,5,3,0,8,0,0,0,0,0,0.215,0.267,0.331,0.598,0.262,0.06,0.17,0.357,0.116,0.244,0,70,0.1
"THE BATX","13755","Tomas Nido","DET",19,58,63,13,9,2,0,1,5,6,3,0,16,0,0,1,0,0,0.217,0.258,0.323,0.581,0.255,0.05,0.25,0.189,0.106,0.272,-0.1,64,0.1
"THE BATX","18353","Daz Cameron","BAL",23,76,84,17,11,4,0,2,10,8,6,0,22,1,1,0,2,1,0.228,0.29,0.366,0.656,0.288,0.07,0.27,0.269,0.138,0.292,0.1,89,0.1
"THE BATX","20311","Corey Julks","CHW",30,95,104,22,15,5,0,2,12,10,8,0,24,1,1,0,3,1,0.234,0.295,0.364,0.659,0.289,0.07,0.23,0.314,0.13,0.288,0.1,87,0.1
"THE BATX","31431","Jordan Beck","COL",90,314,344,76,48,17,2,9,39,37,26,0,101,2,2,0,7,2,0.242,0.302,0.395,0.697,0.304,0.07,0.29,0.255,0.154,0.323,0.1,81,0.1
"THE BATX","10059","Max Stassi","SFG",11,27,30,6,4,1,0,1,3,3,3,0,9,0,0,0,0,0,0.212,0.292,0.34,0.632,0.282,0.09,0.28,0.314,0.128,0.278,-0.1,81,0.1
"THE BATX","sa738605","JC Escarra","NYY",11,34,38,7,5,2,0,1,3,3,3,0,7,1,0,0,0,0,0.209,0.28,0.322,0.602,0.267,0.08,0.19,0.404,0.113,0.243,0,72,0.1
"THE BATX","21587","Cesar Salazar","HOU",7,20,22,4,3,1,0,0,2,2,2,0,4,1,0,0,0,0,0.212,0.284,0.317,0.601,0.268,0.07,0.19,0.354,0.105,0.25,0,74,0.1
"THE BATX","19683","Mike Brosseau","SDP",18,59,65,13,9,2,0,2,6,7,4,0,17,1,0,0,0,0,0.221,0.284,0.346,0.631,0.279,0.07,0.26,0.255,0.126,0.278,-0.1,81,0.1
"THE BATX","21646","Rafael Marchan","PHI",9,28,31,6,5,1,0,1,3,3,2,0,5,0,0,0,0,0,0.231,0.291,0.342,0.633,0.28,0.07,0.17,0.389,0.111,0.266,0,77,0.1
"THE BATX","29606","JustynHenry Malloy","DET",36,121,138,27,17,5,0,4,15,15,14,0,41,2,1,0,1,0,0.222,0.309,0.374,0.682,0.302,0.1,0.3,0.344,0.152,0.295,-0.2,97,0.1
"THE BATX","15937","Aledmys Diaz",NA,31,103,112,24,16,5,0,2,11,12,5,0,22,2,1,0,1,0,0.233,0.28,0.356,0.636,0.279,0.05,0.2,0.246,0.123,0.272,-0.2,78,0.1
"THE BATX","24605","Michael Helman","STL",37,89,96,19,12,4,0,2,10,9,6,0,23,1,1,0,3,0,0.21,0.263,0.332,0.594,0.261,0.06,0.24,0.246,0.122,0.259,0.2,67,0.1
"THE BATX","21716","Enmanuel Valdez","PIT",36,112,123,25,15,6,0,4,13,14,10,0,30,1,1,0,1,0,0.222,0.287,0.376,0.663,0.289,0.08,0.24,0.32,0.154,0.266,-0.1,82,0.1
"THE BATX","21730","Jair Camargo","MIN",12,27,30,6,4,1,0,1,3,3,2,0,10,0,0,0,0,0,0.203,0.256,0.334,0.59,0.258,0.06,0.34,0.166,0.131,0.285,0,66,0.1
"THE BATX","sa3020212","Alan Roden","TOR",8,31,34,8,5,2,0,1,4,3,3,0,6,1,0,0,1,0,0.252,0.325,0.366,0.691,0.305,0.08,0.16,0.496,0.113,0.291,0,100,0.1
"THE BATX","27962","Adael Amador","COL",12,41,46,10,7,2,0,1,5,4,4,0,8,0,0,0,2,0,0.248,0.314,0.376,0.691,0.303,0.08,0.17,0.473,0.128,0.283,0.1,81,0.1
"THE BATX","22411","Cal Stevenson","PHI",18,49,56,11,8,2,0,1,6,4,6,0,12,0,0,1,2,1,0.227,0.311,0.331,0.642,0.287,0.1,0.22,0.47,0.104,0.285,0.1,82,0.1
"THE BATX","sa3014711","Max Acosta","MIA",11,36,39,9,6,2,0,1,4,4,2,0,7,0,0,0,1,0,0.248,0.293,0.359,0.652,0.285,0.05,0.19,0.27,0.11,0.295,0.1,79,0.1
"THE BATX","5254","Robbie Grossman",NA,56,181,209,40,27,8,1,5,23,20,24,0,49,2,2,0,2,1,0.223,0.32,0.358,0.678,0.302,0.12,0.23,0.498,0.134,0.277,-0.2,94,0.1
"THE BATX","sa3014693","Emmanuel Rodriguez","MIN",6,20,23,4,3,1,0,1,3,2,3,0,8,0,0,0,1,0,0.213,0.319,0.374,0.693,0.307,0.13,0.34,0.379,0.16,0.31,0,101,0.1
"THE BATX","27690","Joey Wiemer","KCR",36,101,112,22,14,5,0,3,12,11,9,0,32,1,1,0,2,1,0.215,0.288,0.355,0.642,0.284,0.08,0.28,0.295,0.139,0.283,0,79,0.1
"THE BATX","17766","DJ Stewart","PIT",21,61,71,13,8,3,0,2,8,8,8,0,19,1,0,0,0,0,0.213,0.315,0.377,0.692,0.307,0.11,0.26,0.422,0.164,0.265,-0.1,94,0.1
"THE BATX","sa3019988","Jacob Melton","HOU",45,163,176,33,22,6,1,4,19,16,10,0,49,1,1,0,7,1,0.206,0.257,0.335,0.592,0.259,0.06,0.28,0.214,0.13,0.262,0.8,68,0.1
"THE BATX","22707","Gustavo Campero","LAA",8,27,30,6,4,1,0,1,4,3,2,0,6,1,0,0,1,0,0.236,0.3,0.376,0.675,0.295,0.06,0.21,0.313,0.14,0.277,0.1,90,0.1
"THE BATX","19859","Rene Pinto","ARI",8,20,22,4,3,1,0,1,2,3,1,0,7,0,0,0,0,0,0.211,0.26,0.365,0.625,0.272,0.05,0.34,0.157,0.154,0.291,0,71,0.1
"THE BATX","25621","Bryan Ramos","CHW",24,84,91,20,13,4,0,2,9,10,5,0,21,1,1,0,1,0,0.235,0.289,0.377,0.666,0.291,0.06,0.23,0.264,0.142,0.282,-0.1,88,0.1
"THE BATX","18887","Seby Zavala","BOS",16,45,50,8,5,2,0,1,4,5,4,0,18,1,0,0,0,0,0.188,0.259,0.313,0.572,0.255,0.08,0.37,0.205,0.126,0.281,-0.1,57,0.1
"THE BATX","23372","Hunter Feduccia","LAD",5,14,16,3,2,1,0,0,2,2,1,0,4,0,0,0,0,0,0.216,0.288,0.331,0.618,0.274,0.09,0.25,0.354,0.114,0.275,0,76,0.1
"THE BATX","16451","Luis Guillorme","HOU",46,133,150,30,24,5,0,1,14,11,15,1,28,1,1,1,2,1,0.226,0.304,0.289,0.592,0.267,0.1,0.19,0.516,0.063,0.278,-0.3,70,0.1
"THE BATX","18067","Garrett Stubbs","PHI",41,130,145,26,19,4,1,2,14,10,12,0,37,2,1,1,3,1,0.198,0.272,0.279,0.551,0.249,0.08,0.26,0.321,0.081,0.263,0.1,57,0.1
"THE BATX","25353","Michael Stefanic","TOR",14,37,42,9,8,1,0,0,4,3,3,0,5,1,0,0,0,0,0.248,0.312,0.304,0.616,0.277,0.07,0.13,0.548,0.056,0.283,-0.1,80,0.1
"THE BATX","26420","Kyren Paris","LAA",28,65,73,13,9,3,0,1,8,6,6,0,24,1,0,0,2,1,0.205,0.281,0.325,0.606,0.27,0.09,0.33,0.258,0.12,0.298,0.1,72,0.1
"THE BATX","25483","Nick Sogard","BOS",15,50,56,11,8,2,0,1,6,5,5,0,13,0,0,0,1,0,0.23,0.299,0.331,0.63,0.28,0.08,0.23,0.364,0.101,0.292,0,75,0.1
"THE BATX","15194","Jake Bauers","MIL",42,131,150,27,15,6,0,6,17,19,16,0,48,1,1,0,3,1,0.208,0.3,0.392,0.691,0.302,0.11,0.32,0.341,0.184,0.272,0,93,0.1
"ZiPS","25845","Michael Toglia","COL",135,500,563,113,65,20,3,25,70,75,57,1,170,3,3,0,7,2,0.226,0.307,0.428,0.735,0.319,0.1,0.3,0.335,0.202,0.286,-0.4,91,0.1
"ZiPS","15194","Jake Bauers","MIL",111,304,347,63,36,12,1,14,40,41,39,1,114,3,1,0,10,2,0.207,0.303,0.391,0.694,0.305,0.11,0.33,0.342,0.184,0.277,0.6,94,0.1
"ZiPS","sa3004153","Blake Hunt","SEA",74,269,291,53,34,12,1,6,28,28,15,0,87,5,2,0,1,0,0.197,0.251,0.316,0.567,0.25,0.05,0.3,0.172,0.119,0.264,-0.2,66,0.1
"ZiPS","27493","Rece Hinds","CIN",114,424,460,91,50,20,3,18,52,61,28,1,184,5,3,0,13,4,0.215,0.27,0.403,0.673,0.29,0.06,0.4,0.152,0.189,0.324,0.3,78,0.1
"ZiPS","8623","Donovan Solano","SEA",99,305,337,77,58,14,0,5,29,29,23,1,77,7,2,0,1,0,0.252,0.318,0.348,0.665,0.295,0.07,0.23,0.299,0.095,0.32,-0.5,98,0.1
"ZiPS","15279","Garrett Cooper","ATL",92,305,340,73,48,15,1,9,29,43,27,0,100,5,3,0,0,0,0.239,0.309,0.384,0.692,0.304,0.08,0.29,0.27,0.144,0.322,-0.6,93,0.1
"ZiPS","29576","Ben Rice","NYY",114,407,469,92,53,17,0,22,63,71,50,0,113,8,4,0,5,2,0.226,0.32,0.43,0.75,0.327,0.11,0.24,0.442,0.204,0.254,-0.7,114,0.1
"ZiPS","13355","Luke Maile","KCR",70,173,196,36,24,9,0,3,15,17,17,0,59,4,1,1,2,0,0.208,0.292,0.312,0.604,0.273,0.09,0.3,0.288,0.104,0.295,0,67,0.1
"ZiPS","27962","Adael Amador","COL",106,427,478,103,76,14,2,11,55,51,44,0,90,4,2,1,18,7,0.241,0.317,0.361,0.677,0.301,0.09,0.19,0.489,0.119,0.28,-0.2,79,0.1
"ZiPS","15055","Dom Nunez","CLE",71,233,270,41,26,9,2,4,27,21,32,1,91,1,1,3,1,0,0.176,0.277,0.283,0.56,0.254,0.12,0.34,0.352,0.107,0.266,-0.3,64,0.1
"ZiPS","18067","Garrett Stubbs","PHI",53,144,164,30,23,4,1,2,18,13,16,0,42,2,1,1,3,0,0.208,0.294,0.292,0.586,0.267,0.1,0.26,0.381,0.083,0.277,0.3,69,0.1
"ZiPS","15679","Rowdy Tellez",NA,128,406,451,98,64,18,0,16,40,56,39,3,94,2,4,0,1,0,0.241,0.308,0.404,0.712,0.308,0.09,0.21,0.415,0.163,0.273,-0.6,94,0.1
"ZiPS DC","16451","Luis Guillorme","HOU",13,49,56,12,9,2,0,0,5,4,6,0,10,0,0,0,1,0,0.242,0.329,0.32,0.649,0.292,0.11,0.18,0.622,0.078,0.299,-0.1,91,0.1
"ZiPS DC","21496","Brandon Lockridge","SDP",11,44,49,11,8,2,0,0,6,5,4,0,14,0,0,0,3,0,0.242,0.313,0.333,0.647,0.289,0.08,0.28,0.301,0.091,0.34,0.3,88,0.1
"ZiPS DC","29715","Hunter Goodman","COL",81,313,340,75,38,19,1,16,41,54,20,0,92,4,3,0,1,1,0.239,0.291,0.459,0.75,0.321,0.06,0.27,0.218,0.22,0.284,-0.5,93,0.1
"ZiPS DC","15730","Tyler Wade","SDP",28,106,119,24,19,4,0,1,17,9,10,0,27,1,0,2,7,2,0.229,0.3,0.294,0.594,0.269,0.08,0.23,0.36,0.065,0.301,0.5,75,0.1
"ZiPS DC","24257","Jhonkensy Noel","CLE",78,306,336,65,37,14,1,14,39,49,21,0,93,7,1,0,1,1,0.213,0.28,0.4,0.68,0.296,0.06,0.28,0.227,0.187,0.258,-0.6,93,0.1
"ZiPS DC","5827","Wilmer Flores","SFG",91,349,392,82,53,18,0,11,40,46,34,1,59,5,4,0,0,0,0.234,0.308,0.38,0.688,0.302,0.09,0.15,0.576,0.146,0.25,-0.7,95,0.1
"ZiPS DC","sa3017694","Brady House","WSN",16,66,70,15,10,3,0,2,8,9,3,0,20,1,0,0,1,0,0.233,0.278,0.373,0.652,0.284,0.04,0.28,0.161,0.141,0.301,-0.1,82,0.1
"ZiPS DC","20126","Dylan Carlson","BAL",8,31,35,7,5,2,0,1,4,4,3,0,8,1,0,0,0,0,0.239,0.323,0.369,0.692,0.307,0.09,0.23,0.411,0.13,0.296,-0.1,102,0.1
"ZiPS DC","31562","Zach Dezenzo","HOU",10,38,42,10,6,2,0,1,5,5,3,0,13,0,0,0,1,0,0.251,0.31,0.406,0.716,0.312,0.07,0.3,0.242,0.155,0.337,-0.1,105,0.1
"ZiPS DC","15172","Tim Anderson","LAA",28,113,119,30,24,4,0,1,14,9,5,0,29,1,0,0,3,1,0.263,0.295,0.338,0.633,0.279,0.04,0.24,0.163,0.075,0.342,-0.1,78,0.1
"ZiPS DC","27784","Tyler Gentry","KCR",10,37,42,9,6,2,0,1,5,5,4,0,12,1,0,0,1,0,0.238,0.319,0.376,0.694,0.307,0.09,0.29,0.32,0.138,0.328,0,95,0.1
"ZiPS DC","17696","Kevin Newman","LAA",50,200,217,49,36,10,1,2,24,18,11,1,35,1,2,2,4,1,0.245,0.286,0.337,0.624,0.273,0.05,0.16,0.321,0.093,0.282,0.2,74,0.1
"ZiPS DC","26123","Brett Baty","NYM",6,25,28,6,4,1,0,1,3,4,3,0,7,0,0,0,0,0,0.24,0.315,0.395,0.711,0.312,0.09,0.26,0.347,0.156,0.297,-0.1,103,0.1
"ZiPS DC","29576","Ben Rice","NYY",11,40,47,9,5,2,0,2,6,7,5,0,11,1,0,0,0,0,0.226,0.32,0.43,0.75,0.327,0.11,0.24,0.442,0.204,0.254,-0.1,114,0.1
"ZiPS DC","sa3014711","Max Acosta","MIA",11,45,49,12,8,2,0,1,6,5,3,0,9,0,0,0,2,1,0.254,0.298,0.363,0.661,0.289,0.05,0.18,0.294,0.109,0.299,-0.1,82,0.1
"ZiPS DC","sa3017114","Marcelo Mayer","BOS",8,32,35,8,5,2,0,1,4,4,2,0,8,0,0,0,1,0,0.242,0.293,0.379,0.672,0.292,0.06,0.23,0.274,0.136,0.302,0,83,0.1
"ZiPS DC","19358","Weston Wilson","PHI",29,112,126,25,15,5,0,5,16,16,12,0,37,1,1,0,4,1,0.221,0.295,0.405,0.7,0.304,0.09,0.29,0.318,0.183,0.276,0.2,94,0.1
"ZiPS DC","sa3019841","Jimmy Crooks","STL",5,17,19,4,3,1,0,0,2,2,2,0,5,0,0,0,0,0,0.245,0.314,0.362,0.676,0.298,0.08,0.24,0.32,0.117,0.316,0,92,0.1
"ZiPS DC","sa3015407","Jeferson Quero","MIL",6,23,26,5,4,1,0,1,3,3,2,0,6,0,0,0,0,0,0.228,0.29,0.363,0.653,0.287,0.07,0.22,0.333,0.135,0.268,0,83,0.1
"ZiPS DC","25690","Grant McCray","SFG",26,102,112,23,15,5,1,2,14,12,8,0,38,1,0,0,4,1,0.227,0.29,0.37,0.66,0.289,0.07,0.34,0.211,0.143,0.334,0.2,86,0.1
"ZiPS DC","21587","Cesar Salazar","HOU",5,17,19,4,2,1,0,0,2,2,2,0,4,1,0,0,0,0,0.221,0.316,0.346,0.662,0.296,0.09,0.18,0.468,0.125,0.254,0,93,0.1
"ZiPS DC","19600","Bryan De La Cruz","ATL",26,104,112,26,18,5,0,4,12,15,7,0,30,0,1,0,1,0,0.25,0.294,0.399,0.693,0.3,0.06,0.27,0.217,0.149,0.315,-0.2,90,0.1
"ZiPS DC","21730","Jair Camargo","MIN",5,18,19,4,3,1,0,1,2,2,1,0,7,0,0,0,0,0,0.227,0.282,0.385,0.667,0.29,0.06,0.36,0.164,0.158,0.328,0,88,0.1
"ZiPS DC","26599","Jonatan Clase","TOR",8,31,35,7,4,1,0,1,5,4,3,0,11,0,0,0,2,1,0.221,0.291,0.365,0.656,0.288,0.09,0.3,0.28,0.144,0.304,0.1,88,0.1
"ZiPS DC","17975","Scott Kingery","LAA",8,32,35,7,5,1,0,1,4,4,2,0,12,0,0,0,1,0,0.221,0.274,0.37,0.643,0.281,0.07,0.34,0.193,0.149,0.314,0.1,79,0.1
"ZiPS DC","19931","Luke Williams","ATL",8,32,35,7,5,2,0,1,4,4,3,0,10,0,0,0,2,1,0.231,0.29,0.354,0.644,0.283,0.07,0.28,0.26,0.123,0.308,0.1,79,0.1
"ZiPS DC","20017","Miles Mastrobuoni","SEA",8,32,35,7,6,1,0,0,4,3,3,0,8,0,0,0,1,0,0.236,0.305,0.322,0.627,0.28,0.09,0.22,0.411,0.087,0.301,0.1,87,0.1
"ZiPS DC","25477","Isaac Collins","MIL",5,18,21,4,3,1,0,0,3,2,2,0,5,0,0,0,1,0,0.225,0.318,0.358,0.676,0.301,0.1,0.24,0.442,0.133,0.287,0,92,0.1
"ZiPS DC","31765","Nacho Alvarez Jr","ATL",5,19,21,5,4,1,0,0,2,2,2,0,4,0,0,0,1,0,0.249,0.331,0.341,0.672,0.302,0.09,0.21,0.446,0.091,0.309,0,92,0.1
"ZiPS DC","22209","Sam Huff","SFG",5,18,19,4,3,1,0,1,2,2,1,0,6,0,0,0,0,0,0.228,0.286,0.371,0.656,0.287,0.07,0.33,0.207,0.142,0.321,0,85,0.1
"ZiPS DC","18400","Juan Yepez","WSN",21,83,91,21,13,4,0,3,10,11,7,0,17,1,1,0,0,0,0.25,0.308,0.419,0.728,0.316,0.07,0.19,0.398,0.169,0.277,-0.2,102,0.1
"ZiPS DC","sa3025385","Nick Kurtz","ATH",15,58,63,15,11,3,0,1,8,6,4,0,14,0,0,0,0,0,0.253,0.307,0.375,0.682,0.3,0.07,0.22,0.303,0.122,0.311,-0.2,99,0.1
"ZiPS DC","23986","Curtis Mead","TBR",6,25,28,7,4,1,0,1,3,3,2,0,5,1,0,0,0,0,0.258,0.318,0.396,0.714,0.312,0.06,0.18,0.352,0.139,0.298,0,107,0.1
"ZiPS DC","12434","Kevin Pillar",NA,37,147,161,33,21,7,1,5,20,19,8,0,37,4,2,1,4,1,0.226,0.279,0.38,0.659,0.287,0.05,0.23,0.209,0.154,0.264,0.1,84,0.1
"ZiPS DC","23698","Ronny Mauricio","NYM",6,26,28,6,4,1,0,1,3,3,1,0,7,0,0,0,1,0,0.234,0.274,0.384,0.658,0.285,0.05,0.24,0.189,0.15,0.282,0,85,0.1
"ZiPS DC","sa3014465","Owen Caissie","CHC",11,44,49,11,7,2,0,1,5,6,5,0,16,0,0,0,1,0,0.242,0.32,0.383,0.703,0.309,0.1,0.33,0.287,0.141,0.354,-0.1,100,0.1
"ZiPS DC","17040","Jose Herrera","ARI",19,67,77,15,12,2,0,1,8,6,7,0,17,0,0,2,0,0,0.218,0.293,0.285,0.578,0.262,0.09,0.22,0.417,0.067,0.281,-0.3,65,0.1
"ZiPS DC","9627","Yan Gomes",NA,16,60,64,13,9,2,0,1,6,7,3,0,15,1,1,0,0,0,0.225,0.264,0.341,0.606,0.263,0.04,0.24,0.164,0.116,0.277,-0.1,68,0.1
"ZiPS DC","22411","Cal Stevenson","PHI",8,29,35,7,4,2,0,1,5,3,5,0,7,0,0,1,2,0,0.227,0.328,0.344,0.673,0.301,0.13,0.21,0.622,0.118,0.279,0.1,91,0.1
"ZiPS DC","22842","Alexander Canario","CHC",36,140,154,29,17,6,0,6,17,20,12,0,53,1,1,0,2,1,0.206,0.272,0.379,0.65,0.284,0.08,0.34,0.221,0.173,0.281,-0.1,83,0.1
"ZiPS DC","22707","Gustavo Campero","LAA",6,25,28,6,4,1,0,1,4,4,2,0,6,1,0,0,1,0,0.244,0.322,0.399,0.721,0.317,0.07,0.2,0.333,0.155,0.288,0,105,0.1
"ZiPS DC","30162","Oscar Colas","CHW",39,153,168,36,25,7,1,4,19,18,12,1,43,2,1,0,2,2,0.238,0.299,0.369,0.668,0.291,0.07,0.26,0.277,0.131,0.304,-0.6,88,0.1
"ZiPS DC","sa3014834","Matt Koperniak","STL",6,26,28,6,5,1,0,1,3,3,2,0,6,0,0,0,0,0,0.253,0.308,0.373,0.681,0.299,0.07,0.2,0.324,0.12,0.301,-0.1,93,0.1
"ZiPS DC","19346","Eli White","ATL",5,19,21,4,3,1,0,1,3,2,2,0,6,0,0,0,1,0,0.234,0.311,0.361,0.673,0.299,0.09,0.29,0.296,0.127,0.32,0.1,90,0.1
"ZiPS DC","sa3005511","Jorbit Vivas","NYY",5,18,21,4,3,1,0,0,3,2,2,0,3,1,0,0,0,0,0.224,0.312,0.33,0.642,0.289,0.09,0.16,0.523,0.106,0.257,0,87,0.1
"ZiPS DC","16219","JD Davis","LAA",31,119,133,26,17,5,0,4,13,13,12,0,46,2,1,0,0,0,0.221,0.3,0.367,0.667,0.295,0.09,0.34,0.26,0.145,0.32,-0.2,90,0.1
"ZiPS DC","29617","Henry Davis","PIT",6,23,27,5,3,1,0,1,3,3,2,0,7,1,0,0,0,0,0.233,0.326,0.399,0.725,0.318,0.09,0.27,0.339,0.166,0.297,-0.1,101,0.1
"ZiPS DC","24273","Liover Peguero","PIT",6,26,28,6,4,1,0,1,3,3,2,0,7,0,0,0,1,0,0.239,0.286,0.365,0.651,0.284,0.06,0.25,0.234,0.126,0.303,0,79,0.1
"ZiPS DC","13755","Tomas Nido","DET",5,18,19,4,3,1,0,0,2,2,1,0,5,0,0,0,0,0,0.236,0.268,0.345,0.614,0.268,0.04,0.25,0.155,0.109,0.297,0,74,0.1
"ZiPS DC","13768","Travis Jankowski",NA,37,142,161,32,26,5,1,1,19,11,16,1,32,2,1,1,8,1,0.227,0.313,0.286,0.6,0.273,0.1,0.2,0.51,0.059,0.287,0.9,74,0.1
"ZiPS DC","sa3017374","Joe Mack","MIA",3,12,13,3,2,1,0,0,1,1,1,0,3,0,0,0,0,0,0.225,0.287,0.363,0.65,0.286,0.07,0.27,0.266,0.138,0.287,0,79,0.1
"ZiPS DC","12510","Curt Casali","ATL",5,16,19,4,3,1,0,0,2,2,2,0,5,0,0,0,0,0,0.218,0.324,0.314,0.638,0.292,0.11,0.24,0.467,0.096,0.284,0,85,0.1
"ZiPS DC","29487","Blake Dunn","CIN",3,12,14,3,2,0,0,0,2,2,1,0,4,0,0,0,1,0,0.235,0.319,0.361,0.681,0.304,0.08,0.3,0.27,0.126,0.326,0.1,88,0.1
"REZ","sa3016970","Tim Tawa","ARI",25,96,105,22,14,4,0,3,11,11,7,0,27,1,1,0,1,1,0.224,0.28,0.357,0.637,0.28,0.07,0.25,0.266,0.133,0.28,-0.2,76,0.1
"REZ","10950","Adam Duvall",NA,62,224,245,46,23,10,1,12,26,32,16,0,76,3,1,0,1,0,0.204,0.264,0.417,0.681,0.293,6.4,31.3,0.2,0.213,0.244,-0.4,84,0.1
"REZ","29912","Darren Baker","WSN",21,80,87,19,13,5,0,0,9,6,5,0,16,0,0,1,3,1,0.234,0.282,0.298,0.58,0.258,6.2,18,0.3,0.064,0.289,0.2,71,0.1
"REZ","20003","Keston Hiura","COL",18,64,71,12,8,2,0,2,10,11,5,0,20,2,0,0,0,0,0.191,0.267,0.326,0.593,0.263,7.1,28.6,0.2,0.135,0.244,-0.1,100,0.1
"REZ","25979","Nasim Nunez","WSN",25,78,89,19,17,1,0,0,10,5,9,0,19,0,0,1,5,1,0.242,0.323,0.257,0.58,0.269,10.3,21.3,0.5,0.015,0.318,0.3,70,0.1
"REZ","15730","Tyler Wade","SDP",52,146,163,30,23,5,1,2,19,11,13,0,38,1,0,2,9,2,0.205,0.274,0.285,0.559,0.254,7.8,23.3,0.3,0.08,0.264,0.7,69,0.1
"REZ","17040","Jose Herrera","ARI",26,83,95,17,13,3,0,0,9,7,8,0,21,0,0,2,0,0,0.202,0.277,0.252,0.529,0.243,8.9,21.9,0.4,0.05,0.264,-0.3,60,0.1
"REZ","10059","Max Stassi","SFG",8,20,23,4,3,1,0,1,2,2,2,0,7,0,0,0,0,0,0.208,0.287,0.335,0.622,0.277,0.09,0.29,0.31,0.128,0.274,0,78,0.1
"REZ","29782","Niko Kavadas","LAA",22,74,87,15,10,2,0,4,10,10,11,0,36,2,0,0,0,0,0.208,0.318,0.384,0.702,0.312,12.2,41,0.3,0.176,0.33,-0.2,92,0.1
"REZ","13338","Omar Narvaez","CHW",19,57,64,12,9,2,0,1,6,5,6,0,13,0,1,0,0,0,0.218,0.294,0.319,0.613,0.274,9.2,20,0.5,0.101,0.259,-0.1,72,0.1
"REZ","18887","Seby Zavala","BOS",17,51,58,9,6,2,0,1,6,6,4,0,22,1,0,0,0,0,0.179,0.252,0.288,0.54,0.243,7.8,38,0.2,0.109,0.277,-0.2,64,0.1
"REZ","sa3014461","Petey Halpin","CLE",19,75,83,17,11,3,0,2,9,8,6,0,23,0,0,0,1,1,0.222,0.281,0.342,0.623,0.275,0.07,0.27,0.272,0.121,0.289,-0.1,78,0.1
"REZ","5297","Aaron Hicks",NA,24,72,83,15,10,2,0,2,10,7,10,0,23,0,0,0,1,0,0.205,0.304,0.335,0.639,0.286,12.3,27.3,0.4,0.13,0.264,-0.1,88,0.1
"REZ","15653","Dominic Smith","NYY",33,105,116,22,13,7,0,3,12,12,9,0,27,2,1,0,1,0,0.215,0.291,0.369,0.66,0.289,8.2,22.9,0.4,0.154,0.258,-0.2,89,0.1
"REZ","27599","Jacob Hurtubise","CIN",16,51,60,12,9,1,1,0,9,6,6,0,13,2,0,1,3,0,0.235,0.336,0.318,0.654,0.299,9.6,21.4,0.5,0.083,0.312,0.2,83,0.1
"REZ","25845","Michael Toglia","COL",131,488,550,103,56,24,4,19,75,71,56,1,158,3,3,0,7,2,0.21,0.293,0.392,0.685,0.299,10.1,28.7,0.4,0.182,0.266,-0.2,90,0.1
"REZ","sa1169610","Tyler Callihan","CIN",16,60,67,14,10,2,0,1,6,7,4,0,19,0,0,1,2,0,0.223,0.28,0.344,0.625,0.275,0.07,0.29,0.237,0.121,0.299,0.1,69,0.1
"REZ","2136","David Peralta",NA,83,292,321,66,43,14,1,7,33,33,23,1,67,3,2,0,2,1,0.226,0.287,0.36,0.647,0.282,7.2,21,0.3,0.134,0.267,-0.8,90,0.1
"REZ","31363","Graham Pauley","MIA",45,162,179,35,18,0,0,16,20,19,14,0,43,2,1,0,2,1,0.218,0.288,0.516,0.804,0.337,7.8,24.3,0.3,0.298,0.183,-0.2,80,0.1
"REZ","15674","Reese McGuire","CHC",16,46,51,10,7,2,0,1,4,4,3,0,13,0,0,0,0,0,0.218,0.275,0.342,0.617,0.271,6.7,26.5,0.3,0.124,0.277,0,64,0.1
"REZ","5254","Robbie Grossman",NA,54,181,212,38,24,9,1,4,23,20,26,1,51,2,2,0,2,1,0.207,0.312,0.332,0.644,0.289,12.5,24.1,0.5,0.125,0.261,-0.3,94,0.1
"REZ","19273","Stone Garrett","WSN",21,72,79,19,8,6,0,4,9,9,6,0,24,1,1,0,1,0,0.261,0.318,0.526,0.844,0.357,7.2,29.8,0.2,0.265,0.323,-0.1,85,0.1
"REZ","16337","Nick Gordon","BAL",52,144,155,31,20,7,1,3,17,17,6,0,35,2,1,1,3,2,0.216,0.256,0.346,0.602,0.261,4.1,22.5,0.2,0.13,0.258,-0.3,82,0.1
"REZ","19422","Brian Serven","DET",21,61,68,12,8,3,0,1,5,5,5,0,20,1,0,0,0,0,0.198,0.268,0.284,0.552,0.249,7.6,29.3,0.3,0.086,0.281,-0.1,57,0.1
"REZ","20543","Elehuris Montero",NA,31,112,123,25,15,7,0,3,14,17,9,0,33,1,1,0,0,0,0.228,0.293,0.383,0.676,0.294,7.5,26.3,0.3,0.155,0.287,-0.2,87,0.1
"REZ","27604","Alika Williams","PIT",32,104,114,23,16,5,1,0,12,9,7,0,24,1,1,1,1,1,0.218,0.274,0.297,0.571,0.255,6.4,21,0.3,0.079,0.281,-0.2,70,0.1
"REZ","sa3009845","Kenedy Corona","HOU",29,109,120,23,16,5,1,2,13,12,8,0,36,2,1,0,4,2,0.21,0.274,0.325,0.598,0.264,0.07,0.29,0.238,0.114,0.282,0,71,0
"REZ","25524","Aaron Schunk","COL",26,94,101,24,18,3,0,2,12,10,5,1,23,1,1,0,2,1,0.255,0.295,0.361,0.656,0.282,5,23.4,0.2,0.106,0.316,-0.2,66,0
"REZ","9847","Andrew McCutchen","PIT",106,394,454,82,52,17,1,12,50,48,52,1,109,4,3,0,5,2,0.207,0.305,0.347,0.652,0.291,11.5,23.9,0.5,0.14,0.251,-1.3,96,0
"REZ","15271","Austin Wynns","CIN",13,37,41,8,5,2,0,1,4,4,3,0,11,0,0,0,0,0,0.207,0.269,0.301,0.57,0.255,6.7,26.7,0.3,0.094,0.273,-0.1,68,0
"REZ","26149","Dominic Fletcher","CHW",36,129,141,33,25,6,0,2,14,13,9,1,32,2,1,1,1,1,0.252,0.307,0.339,0.646,0.284,6.2,22.8,0.3,0.087,0.322,-0.4,75,0
"REZ","18067","Garrett Stubbs","PHI",23,71,80,16,12,3,0,1,8,6,7,0,21,1,0,0,1,0,0.222,0.3,0.3,0.6,0.271,9.1,26,0.4,0.078,0.302,0.1,67,0
"REZ","25813","Grae Kessinger","ARI",22,68,76,15,9,4,0,2,9,7,6,0,19,1,0,0,1,0,0.219,0.287,0.358,0.645,0.284,8.1,25.2,0.3,0.139,0.276,-0.1,68,0
"REZ","31431","Jordan Beck","COL",93,345,380,85,60,17,0,8,49,41,31,3,101,2,2,0,8,2,0.246,0.309,0.365,0.674,0.294,8,26.7,0.3,0.119,0.323,0.2,81,0
"REZ","25575","Kyle McCann","ATH",19,64,71,13,9,2,0,2,7,7,6,0,26,1,0,0,0,0,0.204,0.279,0.325,0.604,0.268,8.5,37.3,0.2,0.121,0.308,-0.1,75,0
"REZ","12147","Nick Ahmed","TEX",21,67,73,14,9,3,0,2,7,6,4,0,17,0,0,0,1,0,0.216,0.261,0.345,0.606,0.263,5.4,24.2,0.2,0.129,0.264,-0.1,62,0
"REZ","19293","Nick Senzel","CHW",38,130,145,30,20,7,0,3,16,14,13,0,32,1,1,0,2,1,0.233,0.305,0.365,0.67,0.296,8.7,21.7,0.4,0.132,0.282,-0.3,82,0
"REZ","19859","Rene Pinto","ARI",14,47,50,11,7,2,0,2,5,6,2,0,17,0,0,0,0,0,0.23,0.271,0.398,0.669,0.288,4.6,33.8,0.1,0.168,0.314,-0.1,71,0
"REZ","27471","Zach DeLoach","CHW",32,116,129,26,15,9,0,2,15,13,11,0,38,1,1,0,2,0,0.221,0.295,0.348,0.643,0.285,8.7,29.1,0.3,0.127,0.308,0,83,0
"REZ","sa3004048","Tirso Ornelas","SDP",93,350,383,82,56,17,1,8,39,40,28,1,82,2,2,1,3,1,0.236,0.295,0.363,0.658,0.288,0.07,0.21,0.342,0.128,0.282,-0.5,87,0
"REZ","25817","Braden Shewmake","NYY",16,58,62,12,7,3,0,2,7,6,3,0,13,0,0,0,2,0,0.206,0.247,0.352,0.599,0.26,4.5,21.1,0.2,0.146,0.235,0.2,66,0
"REZ","19824","Chuckie Robinson","LAA",15,49,52,10,8,1,0,1,5,5,3,0,14,1,0,0,0,0,0.214,0.263,0.314,0.577,0.254,5.1,27.7,0.2,0.1,0.276,-0.2,61,0
"REZ","19698","Edward Olivares",NA,25,79,88,19,13,3,0,3,11,11,6,0,17,1,1,0,2,1,0.241,0.304,0.393,0.697,0.305,6.9,19,0.4,0.152,0.268,-0.2,94,0
"REZ","14387","Harold Ramirez",NA,34,114,121,29,23,4,0,2,12,14,5,0,24,2,1,0,2,1,0.257,0.297,0.345,0.642,0.282,4.3,19.6,0.2,0.088,0.309,-0.2,87,0
"REZ","27962","Adael Amador","COL",20,78,87,18,15,3,0,0,11,9,8,0,15,1,0,0,3,1,0.237,0.312,0.277,0.589,0.269,9.2,17.7,0.5,0.04,0.293,0,80,0
"REZ","sa1169598","Matthew Lugo","LAA",17,64,69,15,9,3,0,2,8,8,4,0,19,1,0,0,1,0,0.229,0.282,0.377,0.659,0.287,0.06,0.27,0.216,0.148,0.291,0,84,0
"REZ","19683","Mike Brosseau","SDP",20,64,71,13,8,2,0,3,7,8,5,0,19,1,0,0,0,0,0.209,0.28,0.383,0.663,0.29,7,27.4,0.3,0.174,0.25,-0.2,82,0
"REZ","18400","Juan Yepez","WSN",39,146,160,35,23,6,0,6,17,19,12,0,30,1,1,0,1,0,0.242,0.302,0.4,0.702,0.305,7.4,18.7,0.4,0.158,0.266,-0.4,96,0
"REZ","31567","Trey Lipscomb","WSN",30,111,119,27,23,2,0,1,11,10,6,0,23,1,0,0,3,1,0.24,0.283,0.277,0.56,0.251,5.2,19.7,0.3,0.037,0.296,-0.1,70,0
"REZ","15676","Jose Abreu",NA,52,197,217,44,27,9,0,7,23,25,15,1,48,4,2,0,0,0,0.225,0.289,0.383,0.672,0.292,6.7,22,0.3,0.158,0.259,-0.5,92,0
"REZ","19198","Yuli Gurriel",NA,43,156,172,37,25,9,0,3,17,17,13,0,28,1,1,0,2,0,0.238,0.298,0.359,0.657,0.288,7.4,16.4,0.5,0.121,0.27,-0.1,87,0
"REZ","15055","Dom Nunez","CLE",12,41,48,7,4,1,0,1,5,4,5,0,16,0,0,0,0,0,0.178,0.272,0.29,0.562,0.254,0.11,0.32,0.332,0.112,0.257,0,64,0
"REZ","sa3004153","Blake Hunt","SEA",13,45,49,9,6,2,0,1,5,5,2,0,15,1,0,0,0,0,0.198,0.25,0.317,0.567,0.25,0.05,0.29,0.184,0.12,0.259,0,66,0
"REZ","13853","Joey Wendle",NA,30,99,105,20,14,4,1,1,11,10,5,0,22,1,0,0,2,1,0.205,0.25,0.29,0.54,0.238,4.5,20.9,0.2,0.085,0.252,0,72,0
"REZ","21497","Luken Baker","STL",32,110,124,28,16,4,2,6,13,17,12,0,32,1,1,0,0,0,0.25,0.324,0.477,0.801,0.342,9.7,25.7,0.4,0.227,0.294,-0.2,96,0
"REZ","12164","Miguel Sano",NA,28,98,111,19,10,4,0,5,12,14,11,0,39,1,0,0,0,0,0.192,0.279,0.378,0.657,0.288,9.7,35.7,0.3,0.186,0.257,-0.2,96,0
"REZ","19966","Bobby Dalbec","CHW",23,74,83,15,9,2,0,3,10,9,7,0,33,1,0,0,1,0,0.202,0.276,0.368,0.644,0.283,8.4,39.6,0.2,0.166,0.304,0,78,0
"REZ","sa3022499","Brock Wilken","MIL",32,119,133,22,14,4,0,3,13,14,13,0,46,1,0,0,0,0,0.19,0.275,0.323,0.598,0.268,0.1,0.34,0.285,0.133,0.269,-0.2,70,0
"REZ","sa917302","Yonathan Perlaza","SDP",3,12,14,3,2,1,0,0,2,2,1,0,4,0,0,0,0,0,0.226,0.302,0.383,0.684,0.3,0.09,0.26,0.352,0.158,0.282,0,96,0
"REZ","19717","Darick Hall","PIT",20,77,85,16,10,3,0,3,8,9,7,0,20,1,0,0,0,0,0.203,0.271,0.347,0.618,0.273,8,23.8,0.3,0.144,0.238,-0.2,79,0
"REZ","15279","Garrett Cooper","ATL",17,56,63,13,9,3,0,2,6,8,5,0,19,1,0,0,0,0,0.233,0.304,0.364,0.668,0.294,8.2,29.8,0.3,0.131,0.317,-0.1,90,0
"REZ","15194","Jake Bauers","MIL",33,102,116,21,13,5,0,4,13,14,13,0,40,1,0,0,3,1,0.209,0.305,0.371,0.676,0.298,11.4,34.4,0.3,0.162,0.3,0.1,90,0
"REZ","10441","Jon Singleton","HOU",37,128,148,27,18,5,0,4,16,16,19,0,43,0,1,0,0,0,0.211,0.311,0.348,0.659,0.295,12.7,28.8,0.4,0.137,0.278,-0.3,94,0
"REZ","26420","Kyren Paris","LAA",36,112,127,24,18,4,0,2,14,11,12,0,45,1,1,1,5,1,0.215,0.298,0.304,0.602,0.272,9.6,35.7,0.3,0.089,0.338,0.4,68,0
"REZ","30162","Oscar Colas","CHW",52,189,207,43,37,4,0,2,22,21,15,1,53,2,1,0,3,2,0.229,0.29,0.284,0.574,0.258,7.1,25.8,0.3,0.055,0.305,-0.4,83,0
"REZ","15149","Trey Mancini","ARI",3,13,14,3,2,1,0,0,1,1,1,0,4,0,0,0,0,0,0.227,0.284,0.371,0.655,0.285,7.2,27.4,0.3,0.144,0.292,0,84,0
"REZ","19788","Zach Remillard",NA,28,84,94,19,14,3,2,0,10,7,7,0,25,1,1,1,2,1,0.222,0.288,0.322,0.61,0.273,7,26.4,0.3,0.1,0.309,-0.1,61,0
"ATC","25353","Michael Stefanic","TOR",14,37,41,9,7,1,0,0,4,3,3,0,6,1,0,0,0,0,0.243,0.315,0.295,0.609,0.276,0.08,0.14,0.564,0.052,0.284,-0.1,80,0
"ATC","sa3014711","Max Acosta","MIA",9,31,33,8,6,2,0,1,3,3,2,0,6,0,0,0,1,0,0.247,0.291,0.353,0.643,0.282,0.06,0.19,0.293,0.106,0.292,0,77,0
"ATC","sa3005511","Jorbit Vivas","NYY",6,21,24,5,3,1,0,0,2,2,2,0,4,1,0,0,0,0,0.224,0.314,0.317,0.631,0.286,0.09,0.17,0.505,0.093,0.264,0,83,0
"ATC","17620","Myles Straw","TOR",36,85,93,19,15,3,1,0,10,6,7,0,17,0,1,0,6,1,0.224,0.284,0.291,0.574,0.257,0.08,0.18,0.413,0.066,0.277,0.4,66,0
"ATC","18353","Daz Cameron","BAL",29,83,91,18,12,4,0,2,10,9,7,0,25,1,1,0,3,1,0.221,0.283,0.358,0.64,0.281,0.07,0.27,0.266,0.137,0.282,0.1,84,0
"ATC","27690","Joey Wiemer","KCR",42,121,135,25,17,6,0,3,14,12,12,0,39,1,1,0,3,1,0.21,0.288,0.33,0.617,0.275,0.09,0.29,0.316,0.12,0.283,0,76,0
"ATC","12510","Curt Casali","ATL",20,58,67,12,9,3,0,1,7,6,7,0,16,1,0,1,0,0,0.207,0.297,0.295,0.592,0.269,0.11,0.23,0.449,0.087,0.269,-0.2,70,0
"ATC","20311","Corey Julks","CHW",34,94,103,22,15,5,0,2,11,9,8,0,25,1,1,0,3,1,0.232,0.293,0.355,0.648,0.286,0.07,0.24,0.309,0.123,0.291,0.1,83,0
"ATC","sa3023622","Payton Eeles","MIN",11,37,41,9,6,2,0,1,5,4,3,0,8,1,0,0,1,0,0.24,0.313,0.353,0.666,0.295,0.08,0.19,0.411,0.114,0.285,0.1,92,0
"ATC","13338","Omar Narvaez","CHW",18,53,59,11,8,2,0,1,5,5,5,0,12,0,0,0,0,0,0.208,0.281,0.294,0.575,0.259,0.09,0.2,0.429,0.086,0.254,-0.1,65,0
"ATC","23968","Jorge Barrosa","ARI",15,42,47,10,8,2,0,1,6,5,4,0,9,0,0,1,1,0,0.231,0.298,0.312,0.61,0.273,0.08,0.2,0.413,0.081,0.283,0,72,0
"ATC","17975","Scott Kingery","LAA",22,77,84,16,11,3,0,2,9,7,5,0,27,0,0,0,2,0,0.206,0.259,0.332,0.591,0.26,0.06,0.33,0.197,0.126,0.285,0.1,65,0
"ATC","5254","Robbie Grossman",NA,52,167,195,37,24,8,1,4,21,18,24,0,48,2,2,0,2,0,0.22,0.322,0.348,0.67,0.3,0.12,0.24,0.506,0.127,0.279,-0.4,93,0
"ATC","19698","Edward Olivares",NA,9,23,26,6,4,1,0,1,3,3,2,0,5,0,0,0,1,0,0.25,0.304,0.386,0.691,0.301,0.06,0.18,0.337,0.137,0.285,0,90,0
"ATC","31567","Trey Lipscomb","WSN",25,88,94,20,16,4,0,1,9,8,5,0,19,1,0,0,3,1,0.231,0.279,0.307,0.586,0.261,0.06,0.2,0.273,0.076,0.284,0,66,0
"ATC","sa3019868","Jakob Marsee","MIA",18,58,67,12,8,3,0,1,7,6,8,0,17,1,0,0,3,0,0.207,0.304,0.304,0.607,0.276,0.11,0.25,0.459,0.097,0.271,0.2,73,0
"ATC","23789","Blaze Alexander","ARI",43,143,159,33,23,7,1,3,17,16,12,0,48,3,1,0,2,1,0.232,0.302,0.35,0.652,0.289,0.07,0.3,0.243,0.118,0.326,-0.2,83,0
"ATC","29630","Joey Loperfido","TOR",36,123,135,27,17,6,1,3,15,14,9,1,44,2,1,0,3,1,0.219,0.282,0.354,0.636,0.278,0.07,0.33,0.208,0.135,0.313,-0.1,81,0
"ATC","25705","Dustin Harris","TEX",10,33,37,7,5,2,0,1,4,3,3,0,10,0,0,0,1,0,0.224,0.298,0.356,0.653,0.288,0.08,0.26,0.319,0.132,0.287,0.1,87,0
"ATC","22168","Akil Baddoo","DET",11,28,31,6,4,1,0,1,4,3,3,0,9,0,0,0,1,0,0.207,0.29,0.353,0.642,0.283,0.1,0.28,0.359,0.145,0.272,0.1,84,0
"ATC","22842","Alexander Canario","CHC",44,129,142,27,16,5,0,5,16,17,11,0,48,1,1,0,2,1,0.209,0.274,0.374,0.648,0.283,0.07,0.34,0.22,0.165,0.285,-0.1,82,0
"ATC","21871","Jerar Encarnacion","SFG",56,200,219,47,30,8,1,8,25,28,16,0,72,1,2,0,3,1,0.233,0.292,0.395,0.688,0.299,0.07,0.33,0.228,0.162,0.318,-0.3,92,0
"ATC","19890","Emmanuel Rivera","BAL",23,62,68,15,10,3,0,2,7,7,5,0,15,0,1,0,0,0,0.237,0.294,0.369,0.662,0.29,0.07,0.22,0.322,0.132,0.281,-0.1,90,0
"ATC","18217","Brett Sullivan","SDP",9,26,28,6,4,1,0,0,3,3,2,0,5,0,0,0,0,0,0.216,0.271,0.296,0.567,0.253,0.07,0.18,0.379,0.079,0.254,0,61,0
"ATC","10950","Adam Duvall",NA,63,221,242,45,25,9,1,10,25,30,15,0,74,3,2,0,1,0,0.205,0.265,0.396,0.661,0.286,0.06,0.31,0.205,0.191,0.254,-0.5,84,0
"ATC","21496","Brandon Lockridge","SDP",44,101,111,23,16,5,0,2,13,9,9,0,32,1,0,0,8,1,0.225,0.293,0.322,0.615,0.275,0.08,0.28,0.273,0.097,0.311,0.5,76,0
"ATC","19859","Rene Pinto","ARI",7,20,21,4,3,1,0,1,3,3,1,0,7,0,0,0,0,0,0.215,0.257,0.33,0.588,0.258,0.05,0.34,0.145,0.116,0.305,0,62,0
"ATC","sa3022864","Jonathon Long","CHC",12,38,43,9,6,2,0,1,5,5,4,0,11,0,0,0,0,0,0.235,0.31,0.381,0.691,0.303,0.09,0.25,0.357,0.146,0.29,-0.1,95,0
"ATC","13853","Joey Wendle",NA,22,70,74,16,12,4,0,1,7,6,3,0,15,1,0,0,2,0,0.236,0.278,0.331,0.609,0.268,0.04,0.21,0.208,0.095,0.292,0,71,0
"ATC","11615","Brandon Drury","CHW",69,252,276,58,37,12,1,8,29,30,18,0,65,3,2,0,1,0,0.228,0.286,0.378,0.664,0.29,0.06,0.23,0.275,0.15,0.272,-0.9,86,0
"ATC","15679","Rowdy Tellez",NA,68,232,258,53,33,10,0,10,26,33,22,1,56,2,2,0,1,0,0.229,0.298,0.401,0.699,0.302,0.09,0.22,0.397,0.172,0.257,-0.8,95,0
"ATC","sa3010700","Victor Mesa Jr","MIA",13,44,48,10,7,2,0,1,5,5,3,0,11,0,0,0,1,0,0.226,0.277,0.338,0.615,0.27,0.06,0.23,0.258,0.112,0.278,0,69,0
"ATC","29573","Billy Cook","PIT",53,180,198,40,25,8,1,5,21,21,14,0,57,3,1,0,6,1,0.221,0.284,0.366,0.651,0.285,0.07,0.29,0.243,0.145,0.29,0.3,79,0
"ATC","2136","David Peralta",NA,80,268,294,66,45,14,1,6,31,31,21,1,61,2,2,0,2,1,0.246,0.304,0.374,0.678,0.296,0.07,0.21,0.346,0.128,0.294,-0.9,90,0
"ATC","31562","Zach Dezenzo","HOU",21,75,82,18,12,4,0,2,9,9,6,0,25,0,0,0,1,0,0.235,0.292,0.38,0.672,0.294,0.07,0.3,0.236,0.145,0.316,-0.1,92,0
"ATC","sa3022499","Brock Wilken","MIL",17,60,67,11,7,2,0,2,6,7,6,0,22,1,0,0,0,0,0.192,0.275,0.323,0.598,0.267,0.1,0.33,0.287,0.131,0.27,-0.1,69,0
"ATC","19273","Stone Garrett","WSN",14,46,50,11,7,2,0,2,6,6,4,0,14,0,0,0,1,0,0.232,0.293,0.39,0.683,0.298,0.08,0.28,0.268,0.158,0.297,0,91,0
"ATC","25425","Austin Shenton","SEA",18,55,62,11,7,3,0,2,6,7,6,0,21,0,0,0,0,0,0.208,0.288,0.358,0.647,0.286,0.1,0.34,0.292,0.151,0.292,-0.1,91,0
"ATC","24273","Liover Peguero","PIT",13,48,52,11,8,2,0,1,5,5,3,0,14,0,0,0,1,0,0.228,0.274,0.343,0.617,0.271,0.06,0.27,0.216,0.116,0.295,0,70,0
"ATC","25483","Nick Sogard","BOS",8,23,26,5,4,1,0,0,3,3,3,0,6,0,0,0,0,0,0.232,0.307,0.304,0.611,0.276,0.1,0.24,0.398,0.072,0.303,0,72,0
"ATC","27784","Tyler Gentry","KCR",12,34,38,7,5,2,0,1,4,4,3,0,11,1,0,0,1,0,0.22,0.299,0.341,0.64,0.286,0.09,0.3,0.283,0.121,0.306,0,83,0
"ATC","19346","Eli White","ATL",10,26,28,6,4,1,0,1,4,3,2,0,8,0,0,0,1,0,0.224,0.293,0.337,0.63,0.28,0.08,0.29,0.277,0.113,0.308,0.1,77,0
"ATC","23986","Curtis Mead","TBR",13,46,51,11,8,2,0,1,5,5,3,0,10,1,0,0,0,0,0.246,0.31,0.371,0.68,0.3,0.06,0.2,0.306,0.124,0.293,-0.1,93,0
"ATC","26374","Kameron Misner","TBR",20,58,65,11,7,3,0,1,7,6,7,0,25,0,0,0,2,0,0.195,0.279,0.311,0.59,0.265,0.1,0.38,0.261,0.117,0.311,0.1,69,0
"ATC","20970","Oscar Gonzalez","SDP",11,41,43,10,7,2,0,1,5,5,2,0,10,0,0,0,0,0,0.248,0.279,0.388,0.667,0.289,0.04,0.24,0.17,0.14,0.3,0,85,0
"ATC","12147","Nick Ahmed","TEX",15,48,52,11,8,2,0,1,6,5,3,0,12,0,0,0,0,0,0.221,0.264,0.294,0.559,0.248,0.05,0.23,0.228,0.074,0.281,-0.1,58,0
"ATC","27599","Jacob Hurtubise","CIN",8,22,26,5,4,1,0,0,3,2,3,0,6,1,0,0,1,0,0.236,0.33,0.287,0.617,0.284,0.1,0.22,0.435,0.05,0.312,0,74,0
"ATC","20017","Miles Mastrobuoni","SEA",18,50,55,11,9,2,0,0,6,4,5,0,12,0,0,0,2,0,0.222,0.289,0.285,0.575,0.259,0.09,0.21,0.404,0.063,0.282,0.1,73,0
"ATC","sa3015713","Moises Ballesteros","CHC",12,38,41,9,6,2,0,1,4,5,3,0,9,0,0,0,0,0,0.244,0.299,0.393,0.693,0.302,0.07,0.21,0.345,0.149,0.283,-0.1,94,0
"ATC","29487","Blake Dunn","CIN",11,28,30,6,5,1,0,0,4,3,2,0,10,0,0,0,2,0,0.224,0.294,0.307,0.6,0.27,0.08,0.32,0.249,0.083,0.326,0.1,65,0
"ATC","26420","Kyren Paris","LAA",17,39,44,8,5,2,0,1,4,3,4,0,15,0,0,0,2,0,0.2,0.276,0.299,0.576,0.259,0.09,0.34,0.249,0.099,0.304,0.1,64,0
"ATC","25524","Aaron Schunk","COL",20,62,65,15,10,3,0,1,6,6,3,0,17,0,0,0,1,0,0.241,0.28,0.357,0.637,0.278,0.05,0.26,0.189,0.116,0.312,-0.1,63,0
"ATC","18887","Seby Zavala","BOS",14,42,47,8,5,2,0,1,4,4,4,0,17,0,0,0,0,0,0.193,0.263,0.321,0.584,0.259,0.08,0.37,0.22,0.128,0.294,-0.1,60,0
"ATC","19931","Luke Williams","ATL",20,49,53,10,7,2,0,1,6,5,4,0,15,0,0,0,3,1,0.212,0.271,0.325,0.596,0.264,0.07,0.28,0.244,0.112,0.286,0.1,66,0
"ATC","22707","Gustavo Campero","LAA",7,24,26,6,4,1,0,1,3,3,2,0,5,1,0,0,1,0,0.237,0.306,0.372,0.678,0.299,0.07,0.2,0.333,0.136,0.278,0,92,0
"ATC","29912","Darren Baker","WSN",9,31,33,8,6,1,0,0,3,2,2,0,7,0,0,0,1,0,0.246,0.294,0.298,0.591,0.264,0.06,0.2,0.3,0.052,0.312,0,68,0
"ATC","sa3014465","Owen Caissie","CHC",16,57,63,13,9,3,0,1,7,6,6,0,21,0,0,0,1,0,0.229,0.303,0.354,0.657,0.291,0.09,0.32,0.282,0.126,0.331,-0.1,87,0
"ATC","19422","Brian Serven","DET",11,25,28,5,3,1,0,0,2,2,2,0,8,0,0,0,0,0,0.183,0.248,0.276,0.524,0.236,0.07,0.3,0.223,0.094,0.251,0,51,0
"ATC","21682","Luis De Los Santos","NYM",10,28,31,6,4,1,0,1,3,3,2,0,9,0,0,0,0,0,0.203,0.268,0.31,0.578,0.258,0.07,0.28,0.266,0.107,0.268,0,64,0
"ATC","20572","Kody Clemens","PHI",18,54,58,12,7,3,0,2,7,7,4,0,15,0,0,0,0,0,0.217,0.268,0.391,0.66,0.286,0.06,0.26,0.245,0.174,0.257,-0.1,81,0
"ATC","13836","Matt Duffy",NA,32,97,107,23,18,4,0,1,10,8,7,0,22,2,1,0,1,0,0.237,0.303,0.311,0.614,0.276,0.07,0.2,0.339,0.074,0.294,-0.2,77,0
"ATC","13755","Tomas Nido","DET",17,54,57,12,8,2,0,1,5,5,3,0,14,0,0,1,0,0,0.219,0.255,0.316,0.571,0.25,0.04,0.25,0.178,0.096,0.28,-0.2,61,0
"ATC","29782","Niko Kavadas","LAA",9,31,35,6,3,1,0,2,4,4,4,0,14,0,0,0,0,0,0.191,0.294,0.371,0.665,0.295,0.12,0.39,0.299,0.181,0.278,-0.1,89,0
"ATC","25575","Kyle McCann","ATH",12,37,41,7,5,1,0,1,4,4,4,0,15,0,0,0,0,0,0.201,0.274,0.31,0.584,0.261,0.09,0.38,0.231,0.109,0.311,-0.1,67,0
"ATC","19788","Zach Remillard",NA,12,29,32,6,5,1,0,0,3,2,2,0,9,0,0,1,1,0,0.217,0.276,0.29,0.566,0.253,0.06,0.27,0.24,0.073,0.298,0,61,0
"ATC","18889","Danny Mendick",NA,25,65,70,14,10,3,0,2,7,6,4,0,17,1,0,0,2,1,0.214,0.263,0.327,0.59,0.26,0.05,0.24,0.223,0.113,0.264,0,66,0
"ATC","20543","Elehuris Montero",NA,9,31,34,7,5,2,0,1,4,4,2,0,9,0,0,0,0,0,0.24,0.296,0.41,0.706,0.306,0.07,0.27,0.247,0.17,0.298,-0.1,82,0
"ATC","27962","Adael Amador","COL",12,40,44,10,7,2,0,1,5,4,4,0,8,0,0,0,2,0,0.241,0.311,0.351,0.662,0.294,0.09,0.18,0.486,0.11,0.284,0,74,0
"ATC","sa3017426","Denzel Clarke","ATH",21,46,50,10,6,2,1,1,5,4,4,0,17,1,0,0,3,1,0.216,0.282,0.34,0.622,0.275,0.07,0.34,0.21,0.124,0.328,0,76,0
"ATC","15730","Tyler Wade","SDP",50,132,147,29,23,5,0,1,18,9,11,0,33,1,0,2,8,2,0.218,0.283,0.279,0.563,0.254,0.07,0.22,0.328,0.061,0.283,0.6,62,0
"ATC","sa3014516","Zac Veen","COL",13,45,49,11,7,2,0,1,6,4,4,0,13,0,0,0,2,0,0.236,0.299,0.367,0.666,0.293,0.08,0.26,0.305,0.131,0.303,0.1,74,0
"ATC","29606","JustynHenry Malloy","DET",35,119,138,26,17,5,0,4,14,14,16,0,43,2,1,0,1,0,0.222,0.318,0.367,0.685,0.304,0.12,0.31,0.369,0.145,0.306,-0.3,99,0
"ATC","27781","Pedro Leon","HOU",25,83,92,17,11,3,0,2,10,9,6,0,31,2,0,0,4,1,0.207,0.276,0.336,0.612,0.272,0.07,0.34,0.201,0.129,0.297,0,77,0
"ATC","13324","Ildemaro Vargas","ARI",59,172,187,41,31,8,1,1,17,16,11,0,20,1,2,2,3,1,0.238,0.284,0.309,0.593,0.263,0.06,0.11,0.529,0.071,0.263,-0.1,67,0
"ATC","24782","David Villar","SFG",9,25,28,5,3,1,0,1,3,3,2,0,9,0,0,0,0,0,0.211,0.28,0.354,0.634,0.279,0.08,0.31,0.242,0.144,0.285,0,79,0
"ATC","12164","Miguel Sano",NA,19,65,73,14,8,3,0,3,8,9,7,0,26,1,0,0,0,0,0.21,0.294,0.385,0.679,0.299,0.1,0.35,0.274,0.175,0.294,-0.1,92,0
"ATC","20557","CJ Alexander","ATH",6,19,20,4,3,1,0,0,2,2,1,0,6,0,0,0,0,0,0.212,0.254,0.34,0.594,0.259,0.05,0.28,0.179,0.128,0.278,0,65,0
"ATC","26151","Kyle Stowers","MIA",106,354,394,76,45,17,2,12,40,46,31,0,124,5,3,0,1,1,0.216,0.286,0.376,0.662,0.29,0.08,0.32,0.249,0.16,0.291,-0.7,82,0
"ATC","17954","Sam Hilliard","COL",73,223,250,50,29,9,2,9,31,29,22,1,82,1,2,2,7,2,0.224,0.295,0.407,0.702,0.304,0.09,0.33,0.273,0.183,0.303,0.2,81,0
"ATC","10200","Tucker Barnhart","TEX",8,21,23,4,3,0,0,0,3,1,2,0,7,0,0,0,0,0,0.198,0.273,0.244,0.517,0.238,0.09,0.28,0.323,0.046,0.28,0,51,0
"ATC","26149","Dominic Fletcher","CHW",32,108,118,24,18,5,0,1,11,10,7,0,27,2,0,1,0,0,0.226,0.283,0.318,0.601,0.267,0.06,0.23,0.264,0.092,0.288,-0.3,70,0
"ATC","20054","Bligh Madris","DET",9,28,31,6,4,1,0,1,3,3,3,0,9,0,0,0,0,0,0.211,0.28,0.33,0.61,0.27,0.08,0.28,0.3,0.119,0.279,0,75,0
"ATC","16337","Nick Gordon","BAL",47,128,137,29,20,6,1,3,15,13,6,0,31,1,1,1,3,1,0.229,0.269,0.355,0.624,0.271,0.04,0.23,0.19,0.126,0.279,0.1,77,0
"Depth Charts","23695","Everson Pereira","NYY",6,26,28,6,4,1,0,1,3,4,2,0,9,0,0,0,1,0,0.234,0.296,0.406,0.702,0.305,0.07,0.32,0.212,0.172,0.321,0,99,0
"Depth Charts","24770","James Outman","LAD",3,12,14,3,2,0,0,0,2,2,1,0,4,0,0,0,0,0,0.22,0.315,0.39,0.705,0.311,0.11,0.31,0.337,0.169,0.297,0,100,0
"Depth Charts","31490","Wade Meckler","SFG",3,13,14,3,2,1,0,0,2,1,1,0,3,0,0,0,0,0,0.266,0.333,0.376,0.709,0.313,0.09,0.2,0.428,0.11,0.327,0,102,0
"Depth Charts","24273","Liover Peguero","PIT",6,26,28,6,4,1,0,1,3,3,2,0,7,0,0,0,1,0,0.235,0.284,0.361,0.645,0.282,0.06,0.24,0.243,0.125,0.297,0,77,0
"Depth Charts","21497","Luken Baker","STL",15,56,63,12,7,2,0,3,7,8,6,0,17,0,1,0,0,0,0.215,0.297,0.405,0.701,0.305,0.1,0.27,0.364,0.189,0.255,-0.1,96,0
"Depth Charts","27845","Matt Mervis","MIA",63,244,273,55,34,12,1,9,29,32,23,1,76,4,2,0,1,1,0.227,0.302,0.393,0.695,0.304,0.09,0.28,0.304,0.166,0.289,-0.6,92,0
"Depth Charts","29617","Henry Davis","PIT",6,23,27,5,3,1,0,1,3,3,2,0,7,1,0,0,0,0,0.228,0.319,0.384,0.703,0.309,0.09,0.27,0.348,0.155,0.292,0,95,0
"Depth Charts","sa738605","JC Escarra","NYY",3,11,13,3,2,1,0,0,1,1,1,0,2,0,0,0,0,0,0.223,0.3,0.355,0.655,0.29,0.09,0.18,0.47,0.132,0.258,0,88,0
"Depth Charts","23818","Ji Hwan Bae","PIT",3,13,14,3,2,1,0,0,2,1,1,0,3,0,0,0,1,0,0.257,0.327,0.367,0.694,0.306,0.09,0.23,0.392,0.11,0.329,0,93,0
"Depth Charts","sa3016970","Tim Tawa","ARI",6,26,28,6,4,1,0,1,3,3,2,0,7,0,0,0,0,0,0.227,0.286,0.363,0.648,0.285,0.07,0.25,0.28,0.136,0.282,0,80,0
"Depth Charts","21716","Enmanuel Valdez","PIT",5,19,21,4,3,1,0,1,2,2,2,0,5,0,0,0,0,0,0.233,0.302,0.396,0.698,0.304,0.09,0.24,0.363,0.163,0.278,0,92,0
"Depth Charts","20003","Keston Hiura","COL",5,19,21,5,3,1,0,1,3,3,2,0,6,0,0,0,0,0,0.252,0.322,0.458,0.779,0.336,0.07,0.3,0.243,0.206,0.323,0,103,0
"Depth Charts","sa3017374","Joe Mack","MIA",3,12,13,3,2,1,0,0,1,1,1,0,3,0,0,0,0,0,0.219,0.284,0.354,0.638,0.281,0.07,0.27,0.276,0.135,0.279,0,76,0
"Depth Charts","sa917302","Yonathan Perlaza","SDP",3,12,14,3,2,1,0,0,2,2,1,0,4,0,0,0,0,0,0.233,0.313,0.406,0.718,0.314,0.1,0.26,0.372,0.173,0.291,0,105,0
"Depth Charts","19931","Luke Williams","ATL",8,32,35,7,5,2,0,1,4,4,3,0,10,0,0,0,2,0,0.226,0.287,0.34,0.628,0.277,0.07,0.28,0.265,0.114,0.303,0.1,75,0
"Depth Charts","22505","Buddy Kennedy","PHI",3,12,14,3,2,1,0,0,2,1,1,0,3,0,0,0,0,0,0.235,0.323,0.361,0.684,0.304,0.1,0.22,0.469,0.126,0.29,0,93,0
"Depth Charts","31567","Trey Lipscomb","WSN",10,39,42,9,7,2,0,1,4,4,2,0,8,0,0,0,1,0,0.242,0.288,0.336,0.625,0.276,0.06,0.2,0.276,0.094,0.293,0,76,0
"Depth Charts","17975","Scott Kingery","LAA",8,32,35,7,5,1,0,1,4,3,2,0,11,0,0,0,1,0,0.215,0.272,0.354,0.625,0.274,0.07,0.33,0.211,0.139,0.3,0.1,75,0
"Depth Charts","25979","Nasim Nunez","WSN",5,18,21,4,3,1,0,0,2,1,2,0,5,0,0,0,1,0,0.219,0.31,0.28,0.59,0.271,0.11,0.22,0.504,0.06,0.285,0.1,72,0
"Depth Charts","12510","Curt Casali","ATL",5,17,19,4,3,1,0,0,2,2,2,0,5,0,0,0,0,0,0.217,0.314,0.319,0.632,0.287,0.11,0.25,0.433,0.102,0.281,-0.1,81,0
"Depth Charts","19252","Cavan Biggio","KCR",5,18,21,4,3,1,0,0,2,2,3,0,6,0,0,0,0,0,0.211,0.321,0.329,0.65,0.295,0.12,0.27,0.449,0.118,0.283,0,87,0
"Depth Charts","13853","Joey Wendle",NA,15,59,63,14,10,3,0,1,6,6,3,0,13,1,0,0,1,0,0.241,0.28,0.351,0.631,0.275,0.04,0.21,0.202,0.11,0.295,0,76,0
"Depth Charts","sa3014461","Petey Halpin","CLE",6,25,28,6,4,1,0,1,3,3,2,0,8,0,0,0,0,0,0.221,0.283,0.341,0.624,0.275,0.07,0.27,0.279,0.119,0.29,0,79,0
"Depth Charts","21746","Jose Fermin","STL",3,12,14,3,2,1,0,0,2,1,1,0,2,0,0,0,0,0,0.237,0.323,0.348,0.671,0.3,0.1,0.13,0.728,0.111,0.259,0,93,0
"Depth Charts","23985","Osleivis Basabe","SFG",5,19,21,5,4,1,0,0,2,2,1,0,4,0,0,0,0,0,0.249,0.297,0.343,0.64,0.282,0.06,0.17,0.33,0.094,0.294,0,82,0
"Depth Charts","21635","Nick Maton","CHW",3,12,14,3,2,1,0,0,2,1,2,0,3,0,0,0,0,0,0.219,0.312,0.364,0.677,0.3,0.11,0.25,0.438,0.145,0.272,0,94,0
"Depth Charts","19346","Eli White","ATL",5,19,21,4,3,1,0,0,3,2,2,0,6,0,0,0,1,0,0.228,0.303,0.349,0.653,0.29,0.09,0.3,0.289,0.121,0.312,0.1,84,0
"Depth Charts","20572","Kody Clemens","PHI",5,19,21,4,3,1,0,1,3,3,1,0,5,0,0,0,0,0,0.228,0.283,0.413,0.695,0.3,0.07,0.25,0.265,0.185,0.267,0,91,0
"Depth Charts","19339","Nicky Lopez","CHC",3,13,14,3,2,0,0,0,1,1,1,0,2,0,0,0,0,0,0.244,0.313,0.307,0.62,0.28,0.08,0.15,0.532,0.063,0.289,0,80,0
"Depth Charts","20970","Oscar Gonzalez","SDP",5,20,21,5,3,1,0,1,2,3,1,0,5,0,0,0,0,0,0.252,0.285,0.413,0.698,0.3,0.04,0.23,0.166,0.161,0.302,0,95,0
"Depth Charts","26149","Dominic Fletcher","CHW",15,57,63,14,10,3,0,1,6,6,4,0,15,1,0,0,0,0,0.236,0.294,0.344,0.638,0.281,0.06,0.23,0.282,0.108,0.297,-0.2,81,0
"Depth Charts","9847","Andrew McCutchen","PIT",105,393,455,90,58,17,0,14,52,48,54,1,113,5,3,0,5,2,0.228,0.325,0.378,0.703,0.311,0.12,0.25,0.476,0.151,0.281,-1.7,97,0
"Depth Charts","sa3016966","Cooper Bowman","CIN",5,19,21,4,3,1,0,0,2,2,2,0,5,0,0,0,1,0,0.221,0.293,0.347,0.64,0.284,0.08,0.26,0.312,0.126,0.285,0.1,74,0
"Depth Charts","18887","Seby Zavala","BOS",3,11,13,2,1,1,0,0,1,1,1,0,5,0,0,0,0,0,0.199,0.275,0.331,0.605,0.269,0.08,0.36,0.228,0.132,0.298,0,67,0
"Depth Charts","26031","Vaughn Grissom","BOS",2,6,7,2,1,0,0,0,1,1,1,0,1,0,0,0,0,0,0.262,0.337,0.376,0.714,0.316,0.09,0.18,0.464,0.114,0.313,0,100,0
"Depth Charts","sa3019868","Jakob Marsee","MIA",5,18,21,4,3,1,0,0,2,2,2,0,5,0,0,0,1,0,0.205,0.31,0.311,0.621,0.283,0.12,0.24,0.477,0.106,0.264,0.1,77,0
"Depth Charts","29487","Blake Dunn","CIN",3,12,14,3,2,0,0,0,2,1,1,0,4,0,0,0,1,0,0.229,0.309,0.353,0.663,0.295,0.08,0.3,0.268,0.124,0.317,0,82,0
"Depth Charts","15674","Reese McGuire","CHC",3,12,13,3,2,1,0,0,1,1,1,0,3,0,0,0,0,0,0.218,0.274,0.309,0.582,0.259,0.06,0.26,0.247,0.091,0.286,0,67,0
"Depth Charts","25867","Ryan Kreidler","DET",3,12,14,2,2,0,0,0,1,1,1,0,4,0,0,0,0,0,0.197,0.283,0.318,0.601,0.27,0.09,0.31,0.303,0.12,0.271,0,75,0
"Depth Charts","20557","CJ Alexander","ATH",3,13,14,3,2,1,0,0,2,2,1,0,4,0,0,0,0,0,0.227,0.274,0.398,0.672,0.291,0.06,0.27,0.204,0.171,0.281,0,92,0
"Depth Charts","13338","Omar Narvaez","CHW",5,17,19,4,3,1,0,0,2,2,2,0,4,0,0,0,0,0,0.217,0.292,0.32,0.613,0.273,0.09,0.2,0.442,0.103,0.26,0,76,0
"Depth Charts","21797","Andres Chaparro","WSN",6,25,28,6,4,1,0,1,3,3,2,0,6,0,0,0,0,0,0.242,0.308,0.41,0.718,0.312,0.08,0.22,0.355,0.168,0.281,-0.1,100,0
"Depth Charts","25705","Dustin Harris","TEX",10,37,42,9,6,2,0,1,5,4,4,0,11,1,0,0,2,0,0.233,0.306,0.36,0.667,0.293,0.09,0.25,0.344,0.128,0.296,0.1,90,0
"Depth Charts","17837","Jakson Reetz","NYM",2,6,6,1,1,0,0,0,1,1,1,0,2,0,0,0,0,0,0.202,0.286,0.359,0.645,0.285,0.08,0.29,0.28,0.156,0.261,0,85,0
"Depth Charts","27599","Jacob Hurtubise","CIN",3,12,14,3,2,0,0,0,2,1,1,0,3,0,0,0,1,0,0.24,0.343,0.328,0.67,0.304,0.1,0.22,0.484,0.087,0.308,0,88,0
"Depth Charts","sa3015713","Moises Ballesteros","CHC",5,19,20,5,3,1,0,1,2,2,2,0,4,0,0,0,0,0,0.243,0.302,0.379,0.681,0.298,0.07,0.21,0.349,0.136,0.287,0,92,0
"Depth Charts","23296","Jacob Amaya","CHW",3,13,14,3,2,0,0,0,1,1,1,0,3,0,0,0,0,0,0.216,0.286,0.322,0.608,0.271,0.09,0.25,0.345,0.106,0.276,0,74,0
"Depth Charts","25524","Aaron Schunk","COL",10,39,42,10,7,2,0,1,4,4,2,0,10,0,0,0,1,0,0.246,0.289,0.372,0.661,0.287,0.05,0.24,0.214,0.126,0.311,-0.1,70,0
"Depth Charts","29912","Darren Baker","WSN",6,26,28,7,5,1,0,0,3,2,2,0,6,0,0,0,1,0,0.255,0.304,0.316,0.619,0.275,0.06,0.2,0.324,0.061,0.319,0,75,0
"Depth Charts","9627","Yan Gomes",NA,16,60,64,14,9,2,0,1,6,7,3,0,15,1,1,0,0,0,0.229,0.27,0.352,0.622,0.271,0.04,0.24,0.173,0.124,0.281,-0.1,73,0
"Depth Charts","27962","Adael Amador","COL",5,19,21,5,3,1,0,0,2,2,2,0,4,0,0,0,1,0,0.242,0.318,0.367,0.685,0.304,0.09,0.19,0.485,0.125,0.282,0,81,0
"Depth Charts","19683","Mike Brosseau","SDP",3,13,14,3,2,0,0,0,1,2,1,0,4,0,0,0,0,0,0.217,0.289,0.351,0.64,0.284,0.07,0.27,0.268,0.134,0.273,0,84,0
"Depth Charts","sa3022757","Bryce Eldridge","SFG",24,95,105,23,14,5,0,3,11,12,8,0,31,1,1,0,1,0,0.238,0.301,0.394,0.695,0.301,0.08,0.3,0.261,0.156,0.315,-0.1,94,0
"Depth Charts","24605","Michael Helman","STL",3,13,14,3,2,1,0,0,2,2,1,0,3,0,0,0,0,0,0.225,0.289,0.365,0.653,0.287,0.07,0.25,0.295,0.139,0.28,0,84,0
"Depth Charts","23250","David Banuelos","BAL",2,6,6,1,1,0,0,0,1,1,0,0,2,0,0,0,0,0,0.201,0.271,0.332,0.603,0.268,0.08,0.36,0.214,0.132,0.297,0,75,0
"Depth Charts","22232","Mason McCoy","SDP",3,13,14,3,2,1,0,0,1,1,1,0,4,0,0,0,0,0,0.202,0.264,0.309,0.573,0.255,0.07,0.32,0.233,0.107,0.288,0,65,0
"Depth Charts","31363","Graham Pauley","MIA",29,113,126,25,16,5,0,3,14,14,10,0,30,2,1,0,2,1,0.224,0.295,0.369,0.664,0.291,0.08,0.24,0.334,0.146,0.273,-0.2,83,0
"Depth Charts","sa3022499","Brock Wilken","MIL",11,43,49,8,5,2,0,1,5,5,5,0,17,0,0,0,0,0,0.191,0.278,0.323,0.601,0.269,0.1,0.34,0.293,0.132,0.27,-0.1,71,0
"Depth Charts","23968","Jorge Barrosa","ARI",2,6,7,1,1,0,0,0,1,1,1,0,1,0,0,0,0,0,0.233,0.305,0.35,0.655,0.29,0.09,0.2,0.417,0.117,0.283,0,84,0
"Depth Charts","25040","Vinny Capra","MIL",2,6,7,1,1,0,0,0,1,1,1,0,2,0,0,0,0,0,0.239,0.314,0.344,0.658,0.293,0.09,0.22,0.399,0.105,0.302,0,86,0
"Depth Charts","24597","Jonathan Ornelas","TEX",3,13,14,3,2,0,0,0,1,1,1,0,4,0,0,0,0,0,0.226,0.288,0.313,0.6,0.267,0.07,0.26,0.259,0.086,0.304,0,72,0
"Depth Charts","18067","Garrett Stubbs","PHI",5,17,19,4,3,1,0,0,2,2,2,0,5,0,0,0,0,0,0.21,0.295,0.303,0.597,0.27,0.1,0.26,0.376,0.093,0.276,0,71,0
"Depth Charts","29782","Niko Kavadas","LAA",3,12,14,2,1,0,0,1,2,2,2,0,5,0,0,0,0,0,0.196,0.31,0.367,0.677,0.302,0.12,0.39,0.319,0.171,0.304,0,94,0
"Depth Charts","25616","Marco Luciano","SFG",15,56,63,12,8,2,0,1,7,6,6,0,19,0,0,0,1,0,0.22,0.304,0.343,0.647,0.288,0.1,0.3,0.349,0.123,0.302,-0.1,85,0
"Depth Charts","15271","Austin Wynns","CIN",2,6,6,1,1,0,0,0,1,1,0,0,2,0,0,0,0,0,0.23,0.295,0.347,0.642,0.284,0.07,0.26,0.275,0.118,0.299,0,75,0
"Depth Charts","13355","Luke Maile","KCR",5,17,19,4,2,1,0,0,2,2,2,0,6,0,0,0,0,0,0.21,0.29,0.318,0.609,0.273,0.09,0.29,0.291,0.109,0.289,0,72,0
"Depth Charts","19458","Cooper Hummel","HOU",2,6,7,1,1,0,0,0,1,1,1,0,2,0,0,0,0,0,0.215,0.324,0.343,0.667,0.299,0.12,0.27,0.462,0.127,0.291,0,96,0
"Depth Charts","sa1169598","Matthew Lugo","LAA",3,13,14,3,2,1,0,0,2,2,1,0,4,0,0,0,0,0,0.231,0.286,0.385,0.671,0.292,0.06,0.27,0.224,0.154,0.293,0,87,0
"Depth Charts","18217","Brett Sullivan","SDP",2,6,6,1,1,0,0,0,1,1,0,0,1,0,0,0,0,0,0.224,0.287,0.354,0.642,0.281,0.08,0.17,0.446,0.131,0.251,0,83,0
"Depth Charts","25483","Nick Sogard","BOS",2,6,7,1,1,0,0,0,1,1,1,0,2,0,0,0,0,0,0.241,0.322,0.345,0.667,0.297,0.1,0.22,0.455,0.104,0.305,0,87,0
"Depth Charts","27501","Justin Foscue","TEX",2,6,7,1,1,0,0,0,1,1,1,0,1,0,0,0,0,0,0.224,0.314,0.38,0.694,0.307,0.1,0.21,0.481,0.156,0.26,0,100,0
"Depth Charts","19824","Chuckie Robinson","LAA",2,6,6,1,1,0,0,0,1,1,0,0,2,0,0,0,0,0,0.217,0.269,0.32,0.59,0.261,0.06,0.26,0.213,0.104,0.279,0,65,0
"Depth Charts","15055","Dom Nunez","CLE",3,11,13,2,1,0,0,0,1,1,1,0,4,0,0,0,0,0,0.178,0.277,0.285,0.562,0.255,0.11,0.33,0.346,0.107,0.262,0,65,0
"Depth Charts","23312","Ryan Noda","LAA",2,6,7,1,1,0,0,0,1,1,1,0,2,0,0,0,0,0,0.197,0.321,0.363,0.683,0.306,0.14,0.35,0.393,0.166,0.286,0,97,0
"Depth Charts","19562","Zack Short","HOU",2,6,7,1,1,0,0,0,1,1,1,0,2,0,0,0,0,0,0.192,0.299,0.312,0.611,0.276,0.12,0.29,0.425,0.12,0.262,0,80,0
"Depth Charts","25575","Kyle McCann","ATH",3,11,13,2,1,0,0,0,1,1,1,0,5,0,0,0,0,0,0.196,0.273,0.336,0.609,0.269,0.09,0.38,0.227,0.14,0.293,0,77,0
"Depth Charts","25817","Braden Shewmake","NYY",2,7,7,1,1,0,0,0,1,1,0,0,1,0,0,0,0,0,0.219,0.263,0.355,0.618,0.269,0.05,0.21,0.235,0.135,0.255,0,73,0
"Depth Charts","sa3005478","Carlos D Rodriguez","ATL",2,6,7,2,1,0,0,0,1,1,1,0,1,0,0,0,0,0,0.26,0.328,0.351,0.68,0.302,0.09,0.14,0.635,0.091,0.298,0,92,0
"Depth Charts","sa3004153","Blake Hunt","SEA",2,6,6,1,1,0,0,0,1,1,0,0,2,0,0,0,0,0,0.199,0.254,0.321,0.574,0.253,0.05,0.28,0.19,0.122,0.26,0,68,0
"Depth Charts","20450","Brewer Hicklen","MIL",2,6,7,1,1,0,0,0,1,1,1,0,3,0,0,0,0,0,0.204,0.294,0.372,0.666,0.292,0.09,0.36,0.255,0.169,0.295,0,86,0
"Depth Charts","22766","Steward Berroa","TOR",2,6,7,1,1,0,0,0,1,1,1,0,2,0,0,0,0,0,0.22,0.299,0.342,0.641,0.285,0.09,0.29,0.326,0.121,0.302,0,86,0
"Depth Charts","19859","Rene Pinto","ARI",2,6,6,1,1,0,0,0,1,1,0,0,2,0,0,0,0,0,0.215,0.26,0.369,0.629,0.273,0.05,0.34,0.146,0.154,0.299,0,72,0
"Depth Charts","25813","Grae Kessinger","ARI",6,25,28,5,4,1,0,0,3,3,2,0,7,0,0,0,0,0,0.215,0.288,0.316,0.604,0.27,0.09,0.26,0.334,0.101,0.281,0,70,0
"Depth Charts","sa1169610","Tyler Callihan","CIN",2,6,7,1,1,0,0,0,1,1,0,0,2,0,0,0,0,0,0.226,0.285,0.344,0.629,0.278,0.07,0.28,0.245,0.118,0.303,0,70,0
"Depth Charts","19293","Nick Senzel","CHW",23,88,98,19,14,4,0,2,11,9,9,0,21,1,0,0,1,1,0.22,0.294,0.336,0.63,0.28,0.09,0.22,0.404,0.116,0.265,-0.2,79,0
"Depth Charts","17766","DJ Stewart","PIT",2,6,7,1,1,0,0,0,1,1,1,0,2,0,0,0,0,0,0.214,0.316,0.365,0.681,0.304,0.11,0.27,0.412,0.151,0.272,0,91,0
"Depth Charts","12147","Nick Ahmed","TEX",2,7,7,1,1,0,0,0,1,1,0,0,2,0,0,0,0,0,0.214,0.261,0.309,0.57,0.252,0.06,0.24,0.23,0.095,0.273,0,61,0
"Depth Charts","23789","Blaze Alexander","ARI",32,126,140,29,20,6,1,3,14,15,10,0,44,3,1,0,2,1,0.228,0.298,0.342,0.64,0.284,0.07,0.31,0.234,0.115,0.325,-0.2,80,0
"Depth Charts","15194","Jake Bauers","MIL",8,31,35,6,4,1,0,1,4,4,4,0,12,0,0,0,1,0,0.202,0.296,0.375,0.672,0.296,0.11,0.33,0.331,0.173,0.274,0,89,0
"Depth Charts","10200","Tucker Barnhart","TEX",2,6,6,1,1,0,0,0,1,0,1,0,2,0,0,0,0,0,0.2,0.273,0.272,0.545,0.248,0.09,0.28,0.301,0.072,0.28,0,58,0
"Depth Charts","15279","Garrett Cooper","ATL",2,6,7,1,1,0,0,0,1,1,1,0,2,0,0,0,0,0,0.236,0.303,0.379,0.682,0.299,0.08,0.29,0.262,0.143,0.315,0,90,0
"Depth Charts","27471","Zach DeLoach","CHW",2,6,7,1,1,0,0,0,1,1,1,0,2,0,0,0,0,0,0.23,0.304,0.355,0.659,0.292,0.09,0.3,0.3,0.125,0.317,0,89,0
"Depth Charts","19717","Darick Hall","PIT",8,32,35,7,5,1,0,1,3,4,3,0,9,0,0,0,0,0,0.224,0.292,0.378,0.669,0.292,0.08,0.25,0.322,0.153,0.272,-0.1,83,0
"Depth Charts","sa3014516","Zac Veen","COL",10,38,42,9,6,2,0,1,5,4,3,0,11,0,0,0,2,0,0.235,0.302,0.374,0.676,0.297,0.08,0.25,0.321,0.139,0.297,0.1,76,0
"Depth Charts","19966","Bobby Dalbec","CHW",2,6,7,1,1,0,0,0,1,1,1,0,3,0,0,0,0,0,0.204,0.277,0.368,0.645,0.283,0.08,0.39,0.211,0.164,0.307,0,83,0
"Depth Charts","19273","Stone Garrett","WSN",6,25,28,6,4,1,0,1,3,3,2,0,9,0,0,0,0,0,0.225,0.287,0.37,0.657,0.288,0.07,0.31,0.232,0.145,0.304,0,84,0
"Depth Charts","22117","Nick Pratto","KCR",13,49,56,11,7,2,0,2,6,6,5,0,19,1,0,0,1,0,0.22,0.303,0.379,0.682,0.299,0.1,0.33,0.291,0.158,0.314,0,90,0
"Depth Charts","19901","Gavin Sheets","SDP",15,57,63,13,9,3,0,2,6,7,5,0,14,0,0,0,0,0,0.234,0.3,0.38,0.68,0.297,0.08,0.22,0.372,0.145,0.275,-0.2,93,0
"Depth Charts","15149","Trey Mancini","ARI",3,13,14,3,2,1,0,0,1,1,1,0,4,0,0,0,0,0,0.231,0.299,0.368,0.667,0.293,0.08,0.26,0.296,0.137,0.295,-0.1,85,0
"Depth Charts","sa3020188","Tim Elko","CHW",6,26,28,6,4,1,0,1,3,3,1,0,9,0,0,0,0,0,0.239,0.281,0.381,0.662,0.288,0.05,0.34,0.146,0.141,0.337,0,86,0
"Depth Charts","12164","Miguel Sano",NA,21,81,91,17,10,3,0,4,10,11,9,0,32,1,0,0,0,0,0.21,0.293,0.397,0.69,0.301,0.1,0.36,0.268,0.187,0.29,-0.2,94,0
"Depth Charts","25448","Greg Jones","COL",18,70,77,16,11,3,0,2,10,9,5,0,29,1,0,0,5,1,0.234,0.294,0.376,0.67,0.294,0.07,0.37,0.18,0.142,0.36,0.5,74,0
"Depth Charts","sa3014701","Robert Hassell III","WSN",8,32,35,7,5,1,0,0,3,3,3,0,9,0,0,0,1,0,0.22,0.286,0.313,0.599,0.267,0.08,0.26,0.301,0.093,0.292,0,70,0
"OOPSY","26599","Jonatan Clase","TOR",8,31,35,7,4,1,0,1,4,3,3,0,11,0,0,0,3,1,0.21,0.282,0.349,0.631,0.278,0.09,0.3,0.292,0.139,0.285,0.3,81,0
"OOPSY","sa3019868","Jakob Marsee","MIA",5,18,21,4,3,1,0,0,2,2,3,0,5,0,0,0,1,0,0.208,0.321,0.321,0.642,0.292,0.12,0.26,0.493,0.113,0.273,0.1,84,0
"OOPSY","23695","Everson Pereira","NYY",6,26,28,6,4,1,0,1,3,3,2,0,9,0,0,0,1,0,0.225,0.286,0.399,0.685,0.298,0.07,0.33,0.216,0.175,0.302,0,93,0
"OOPSY","20536","Vidal Brujan","CHC",13,50,56,11,8,2,0,1,6,4,5,0,11,1,0,0,2,1,0.221,0.293,0.327,0.62,0.276,0.08,0.2,0.418,0.106,0.268,0,78,0
"OOPSY","13355","Luke Maile","KCR",5,17,19,4,2,1,0,0,2,2,2,0,6,0,0,0,0,0,0.211,0.291,0.326,0.617,0.276,0.09,0.29,0.293,0.116,0.286,-0.1,74,0
"OOPSY","2967","Tommy Pham","PIT",113,443,490,105,70,21,2,12,52,48,41,0,116,3,3,0,10,4,0.236,0.303,0.369,0.672,0.296,0.08,0.24,0.352,0.133,0.292,-0.6,86,0
"OOPSY","19252","Cavan Biggio","KCR",5,18,21,4,3,1,0,0,2,2,3,0,5,0,0,0,0,0,0.218,0.33,0.337,0.667,0.302,0.13,0.26,0.493,0.118,0.287,0,92,0
"OOPSY","21587","Cesar Salazar","HOU",5,17,19,3,2,1,0,0,2,2,2,0,4,1,0,0,0,0,0.206,0.294,0.307,0.602,0.273,0.08,0.21,0.383,0.101,0.25,0,77,0
"OOPSY","22209","Sam Huff","SFG",5,18,19,4,2,1,0,1,2,2,1,0,7,0,0,0,0,0,0.217,0.27,0.368,0.638,0.279,0.06,0.34,0.19,0.152,0.301,0,79,0
"OOPSY","31765","Nacho Alvarez Jr","ATL",5,18,21,4,3,1,0,0,2,1,2,0,5,0,0,0,0,0,0.235,0.323,0.323,0.646,0.292,0.1,0.22,0.468,0.088,0.296,0,85,0
"OOPSY","25477","Isaac Collins","MIL",5,18,21,4,3,1,0,0,3,2,2,0,5,0,0,0,1,0,0.218,0.316,0.345,0.661,0.296,0.12,0.24,0.483,0.126,0.277,0,88,0
"OOPSY","25979","Nasim Nunez","WSN",5,18,21,4,3,1,0,0,2,1,2,0,5,0,0,0,2,0,0.222,0.314,0.274,0.588,0.27,0.12,0.22,0.543,0.052,0.29,0.1,72,0
"OOPSY","25575","Kyle McCann","ATH",3,12,13,2,1,0,0,0,1,1,1,0,5,0,0,0,0,0,0.206,0.278,0.362,0.64,0.282,0.08,0.37,0.225,0.156,0.299,0,86,0
"OOPSY","23818","Ji Hwan Bae","PIT",3,13,14,3,2,1,0,0,2,1,1,0,3,0,0,0,1,0,0.249,0.319,0.35,0.67,0.297,0.09,0.23,0.39,0.101,0.321,0,87,0
"OOPSY","sa738605","JC Escarra","NYY",3,11,13,2,2,1,0,0,1,1,1,0,3,0,0,0,0,0,0.212,0.291,0.331,0.622,0.278,0.09,0.2,0.433,0.118,0.251,0,79,0
"OOPSY","15194","Jake Bauers","MIL",8,31,35,6,4,1,0,1,4,4,4,0,11,0,0,0,1,0,0.211,0.303,0.395,0.698,0.306,0.11,0.32,0.348,0.184,0.276,0,95,0
"OOPSY","25425","Austin Shenton","SEA",11,43,49,9,5,2,0,1,5,5,5,0,16,0,0,0,0,0,0.205,0.293,0.356,0.649,0.287,0.1,0.33,0.32,0.152,0.284,-0.1,92,0
"OOPSY","31490","Wade Meckler","SFG",3,13,14,3,2,1,0,0,2,1,1,0,3,0,0,0,0,0,0.251,0.315,0.349,0.664,0.294,0.09,0.22,0.38,0.098,0.318,0,90,0
"OOPSY","25705","Dustin Harris","TEX",10,38,42,9,6,2,0,1,4,4,4,0,11,0,0,0,2,0,0.226,0.299,0.347,0.646,0.286,0.09,0.25,0.337,0.121,0.289,0.1,85,0
"OOPSY","sa3005511","Jorbit Vivas","NYY",5,18,21,4,3,1,0,0,2,2,2,0,4,1,0,0,1,0,0.215,0.305,0.315,0.619,0.28,0.09,0.18,0.499,0.1,0.251,0,81,0
"OOPSY","12510","Curt Casali","ATL",5,17,19,4,3,1,0,0,2,1,2,0,5,0,0,0,0,0,0.217,0.31,0.315,0.625,0.283,0.1,0.24,0.428,0.097,0.281,-0.1,79,0
"OOPSY","27962","Adael Amador","COL",5,18,21,4,3,1,0,0,2,2,2,0,4,0,0,0,1,0,0.235,0.317,0.366,0.682,0.302,0.1,0.2,0.512,0.13,0.276,0,80,0
"OOPSY","19339","Nicky Lopez","CHC",3,12,14,3,2,1,0,0,2,1,1,0,2,0,0,0,0,0,0.244,0.315,0.314,0.629,0.283,0.08,0.16,0.538,0.07,0.29,0,83,0
"OOPSY","18067","Garrett Stubbs","PHI",5,17,19,4,3,1,0,0,2,1,2,0,5,0,0,0,0,0,0.213,0.294,0.304,0.598,0.27,0.09,0.25,0.37,0.091,0.28,0,71,0
"OOPSY","21746","Jose Fermin","STL",3,12,14,3,2,1,0,0,1,1,1,0,2,0,0,0,0,0,0.233,0.319,0.337,0.655,0.294,0.1,0.14,0.697,0.104,0.258,0,89,0
"OOPSY","21635","Nick Maton","CHW",3,12,14,3,2,1,0,0,2,1,2,0,3,0,0,0,0,0,0.218,0.31,0.356,0.666,0.296,0.11,0.25,0.44,0.138,0.272,0,92,0
"OOPSY","12434","Kevin Pillar",NA,37,148,161,34,22,7,1,4,17,17,8,0,36,3,1,0,5,2,0.226,0.279,0.37,0.648,0.283,0.05,0.23,0.233,0.143,0.268,-0.2,82,0
"OOPSY","25621","Bryan Ramos","CHW",28,109,119,24,16,5,0,3,12,12,8,0,28,2,1,0,1,0,0.222,0.282,0.361,0.643,0.282,0.06,0.24,0.266,0.139,0.268,-0.1,82,0
"OOPSY","26031","Vaughn Grissom","BOS",2,6,7,2,1,0,0,0,1,1,1,0,1,0,0,0,0,0,0.259,0.33,0.368,0.698,0.309,0.08,0.19,0.415,0.109,0.312,0,95,0
"OOPSY","sa3014465","Owen Caissie","CHC",11,43,49,10,6,2,0,1,5,5,5,0,16,0,0,0,1,0,0.228,0.308,0.368,0.676,0.298,0.1,0.32,0.313,0.14,0.322,-0.1,93,0
"OOPSY","13755","Tomas Nido","DET",5,18,19,4,3,1,0,0,2,2,1,0,5,0,0,0,0,0,0.23,0.265,0.343,0.608,0.265,0.04,0.24,0.179,0.113,0.285,-0.1,72,0
"OOPSY","20557","CJ Alexander","ATH",3,13,14,3,2,1,0,1,2,2,1,0,4,0,0,0,0,0,0.225,0.262,0.405,0.666,0.286,0.04,0.28,0.164,0.18,0.274,0,89,0
"OOPSY","sa3017374","Joe Mack","MIA",3,12,13,2,2,1,0,0,1,1,1,0,4,0,0,0,0,0,0.211,0.279,0.341,0.619,0.274,0.08,0.29,0.275,0.129,0.279,0,72,0
"OOPSY","15674","Reese McGuire","CHC",3,12,13,3,2,1,0,0,1,1,1,0,3,0,0,0,0,0,0.22,0.28,0.315,0.596,0.265,0.07,0.26,0.275,0.096,0.289,0,71,0
"OOPSY","20017","Miles Mastrobuoni","SEA",8,32,35,7,5,1,0,0,3,2,3,0,8,0,0,0,1,0,0.216,0.285,0.297,0.582,0.262,0.09,0.23,0.395,0.081,0.277,0.1,74,0
"OOPSY","24273","Liover Peguero","PIT",6,26,28,6,4,1,0,1,3,3,2,0,7,0,0,0,1,0,0.23,0.274,0.348,0.621,0.272,0.06,0.26,0.215,0.118,0.296,0,70,0
"OOPSY","24496","DaShawn Keirsey Jr","MIN",11,45,49,10,7,2,0,1,5,4,3,0,14,0,0,0,2,0,0.225,0.275,0.333,0.608,0.268,0.06,0.28,0.21,0.108,0.299,0.2,73,0
"OOPSY","sa3015713","Moises Ballesteros","CHC",5,19,20,4,3,1,0,1,2,2,2,0,5,0,0,0,0,0,0.238,0.295,0.379,0.675,0.294,0.08,0.22,0.342,0.142,0.281,0,90,0
"OOPSY","17837","Jakson Reetz","NYM",2,6,6,1,1,0,0,0,1,1,0,0,2,0,0,0,0,0,0.198,0.278,0.353,0.63,0.279,0.07,0.29,0.254,0.155,0.251,0,81,0
"OOPSY","22505","Buddy Kennedy","PHI",3,12,14,3,2,1,0,0,2,1,1,0,3,0,0,0,0,0,0.224,0.311,0.331,0.643,0.288,0.1,0.22,0.457,0.107,0.281,0,83,0
"OOPSY","sa3022499","Brock Wilken","MIL",11,43,49,8,5,2,0,1,5,5,5,0,16,0,0,0,0,0,0.189,0.282,0.329,0.611,0.274,0.11,0.33,0.326,0.14,0.261,-0.1,74,0
"OOPSY","23985","Osleivis Basabe","SFG",5,20,21,5,3,1,0,0,2,1,1,0,4,0,0,0,0,0,0.241,0.28,0.329,0.608,0.267,0.05,0.19,0.244,0.088,0.293,0,71,0
"OOPSY","sa917302","Yonathan Perlaza","SDP",3,13,14,3,2,1,0,0,2,2,1,0,4,0,0,0,0,0,0.22,0.295,0.378,0.673,0.295,0.09,0.26,0.365,0.158,0.272,0,92,0
"OOPSY","23250","David Banuelos","BAL",2,6,6,1,1,0,0,0,1,1,1,0,2,0,0,0,0,0,0.203,0.273,0.344,0.617,0.273,0.08,0.35,0.228,0.141,0.29,0,78,0
"OOPSY","30162","Oscar Colas","CHW",39,154,168,36,24,7,1,4,18,17,11,0,44,1,1,0,3,1,0.235,0.289,0.371,0.66,0.289,0.07,0.26,0.255,0.136,0.297,-0.1,86,0
"OOPSY","sa3014834","Matt Koperniak","STL",6,26,28,6,5,1,0,1,3,3,2,0,6,0,0,0,0,0,0.248,0.298,0.367,0.665,0.292,0.06,0.2,0.295,0.118,0.296,0,87,0
"OOPSY","25867","Ryan Kreidler","DET",3,12,14,2,2,0,0,0,1,1,1,0,4,0,0,0,0,0,0.195,0.281,0.315,0.596,0.268,0.09,0.31,0.302,0.12,0.269,0,73,0
"OOPSY","19683","Mike Brosseau","SDP",3,13,14,3,2,0,0,0,1,1,1,0,4,0,0,0,0,0,0.22,0.29,0.356,0.646,0.286,0.07,0.26,0.266,0.136,0.274,0,86,0
"OOPSY","20572","Kody Clemens","PHI",5,19,21,4,3,1,0,1,3,3,1,0,5,0,0,0,0,0,0.223,0.273,0.41,0.684,0.294,0.06,0.26,0.24,0.187,0.262,0,87,0
"OOPSY","sa3014711","Max Acosta","MIA",11,46,49,11,8,2,0,1,5,4,2,0,10,0,0,0,2,1,0.235,0.277,0.336,0.613,0.269,0.05,0.21,0.231,0.1,0.288,0.1,68,0
"OOPSY","27784","Tyler Gentry","KCR",10,37,42,9,6,2,0,1,4,4,4,0,12,1,0,0,1,0,0.228,0.304,0.358,0.662,0.293,0.09,0.28,0.309,0.129,0.306,0,86,0
"OOPSY","29487","Blake Dunn","CIN",3,12,14,3,2,0,0,0,2,1,1,0,4,0,0,0,1,0,0.225,0.309,0.353,0.662,0.295,0.08,0.29,0.274,0.128,0.307,0.1,82,0
"OOPSY","sa3014516","Zac Veen","COL",10,37,42,9,6,2,0,1,5,4,4,0,11,0,0,0,3,1,0.237,0.308,0.37,0.678,0.298,0.09,0.26,0.344,0.133,0.307,0.2,77,0
"OOPSY","19859","Rene Pinto","ARI",2,6,6,1,1,0,0,0,1,1,0,0,2,0,0,0,0,0,0.225,0.266,0.409,0.675,0.29,0.05,0.34,0.138,0.184,0.303,0,84,0
"OOPSY","15223","Adam Frazier","PIT",57,221,245,53,38,11,1,3,25,19,18,0,39,3,1,1,4,2,0.238,0.304,0.336,0.64,0.285,0.07,0.16,0.463,0.098,0.276,-0.2,79,0
"OOPSY","29782","Niko Kavadas","LAA",3,12,14,2,1,0,0,1,2,2,2,0,5,0,0,0,0,0,0.192,0.315,0.367,0.682,0.304,0.14,0.38,0.358,0.175,0.288,0,96,0
"OOPSY","17766","DJ Stewart","PIT",2,6,7,1,1,0,0,0,1,1,1,0,2,0,0,0,0,0,0.219,0.33,0.39,0.72,0.319,0.12,0.27,0.452,0.171,0.274,0,102,0
"OOPSY","13338","Omar Narvaez","CHW",5,17,19,4,3,1,0,0,2,1,2,0,4,0,0,0,0,0,0.217,0.294,0.308,0.602,0.271,0.09,0.21,0.441,0.091,0.265,-0.1,74,0
"OOPSY","19901","Gavin Sheets","SDP",15,57,63,13,9,3,0,2,7,7,5,0,13,0,0,0,0,0,0.236,0.302,0.385,0.687,0.3,0.08,0.21,0.399,0.149,0.273,-0.2,95,0
"OOPSY","sa3014461","Petey Halpin","CLE",6,26,28,6,4,1,0,0,3,2,2,0,7,0,0,0,1,0,0.217,0.274,0.326,0.6,0.265,0.07,0.27,0.273,0.109,0.286,0,71,0
"OOPSY","sa3016970","Tim Tawa","ARI",6,26,28,6,4,1,0,1,3,3,2,0,7,0,0,0,0,0,0.216,0.273,0.353,0.626,0.274,0.07,0.26,0.273,0.137,0.267,0,73,0
"OOPSY","23312","Ryan Noda","LAA",2,6,7,1,1,0,0,0,1,1,1,0,2,0,0,0,0,0,0.194,0.322,0.366,0.688,0.308,0.14,0.34,0.412,0.172,0.275,0,99,0
"OOPSY","19458","Cooper Hummel","HOU",2,6,7,1,1,0,0,0,1,1,1,0,2,0,0,0,0,0,0.215,0.326,0.339,0.665,0.3,0.13,0.26,0.488,0.124,0.287,0,96,0
"OOPSY","15271","Austin Wynns","CIN",2,6,6,1,1,0,0,0,1,1,0,0,2,0,0,0,0,0,0.221,0.286,0.33,0.616,0.274,0.07,0.26,0.282,0.109,0.287,0,68,0
"OOPSY","23968","Jorge Barrosa","ARI",2,6,7,1,1,0,0,0,1,1,1,0,1,0,0,0,0,0,0.228,0.298,0.341,0.639,0.284,0.08,0.21,0.408,0.113,0.278,0,79,0
"OOPSY","10200","Tucker Barnhart","TEX",2,6,6,1,1,0,0,0,1,0,1,0,2,0,0,0,0,0,0.208,0.28,0.289,0.568,0.257,0.08,0.27,0.315,0.081,0.282,0,64,0
"OOPSY","sa3016966","Cooper Bowman","CIN",5,19,21,4,3,1,0,0,2,2,2,0,6,0,0,0,1,0,0.207,0.282,0.332,0.614,0.273,0.08,0.27,0.307,0.124,0.271,0.1,67,0
"OOPSY","15055","Dom Nunez","CLE",3,11,13,2,1,0,0,0,1,1,1,0,4,0,0,0,0,0,0.18,0.272,0.281,0.553,0.252,0.11,0.32,0.342,0.101,0.259,0,62,0
"OOPSY","19562","Zack Short","HOU",2,6,7,1,1,0,0,0,1,1,1,0,2,0,0,0,0,0,0.192,0.298,0.306,0.604,0.275,0.12,0.28,0.438,0.114,0.26,0,79,0
"OOPSY","27501","Justin Foscue","TEX",2,6,7,1,1,0,0,0,1,1,1,0,1,0,0,0,0,0,0.217,0.308,0.361,0.669,0.297,0.1,0.21,0.468,0.144,0.255,0,93,0
"OOPSY","19824","Chuckie Robinson","LAA",2,6,6,1,1,0,0,0,1,1,0,0,2,0,0,0,0,0,0.215,0.26,0.321,0.582,0.256,0.05,0.26,0.184,0.106,0.276,0,62,0
"OOPSY","25483","Nick Sogard","BOS",2,6,7,1,1,0,0,0,1,1,1,0,2,0,0,0,0,0,0.233,0.312,0.324,0.636,0.286,0.1,0.22,0.444,0.091,0.298,0,79,0
"OOPSY","21797","Andres Chaparro","WSN",6,25,28,6,4,1,0,1,3,3,2,0,6,0,0,0,0,0,0.237,0.299,0.405,0.703,0.306,0.07,0.22,0.322,0.168,0.276,-0.1,96,0
"OOPSY","20450","Brewer Hicklen","MIL",2,6,7,1,1,0,0,0,1,1,1,0,2,0,0,0,0,0,0.198,0.285,0.365,0.65,0.287,0.09,0.34,0.254,0.167,0.274,0,83,0
"OOPSY","18217","Brett Sullivan","SDP",2,6,6,1,1,0,0,0,1,1,0,0,1,0,0,0,0,0,0.21,0.266,0.317,0.583,0.258,0.07,0.18,0.368,0.107,0.244,0,67,0
"OOPSY","18887","Seby Zavala","BOS",3,11,13,2,1,0,0,0,1,1,1,0,5,0,0,0,0,0,0.193,0.27,0.323,0.593,0.265,0.09,0.37,0.231,0.131,0.289,0,64,0
"OOPSY","15279","Garrett Cooper","ATL",2,6,7,2,1,0,0,0,1,1,1,0,2,0,0,0,0,0,0.24,0.305,0.398,0.703,0.307,0.08,0.28,0.267,0.158,0.311,0,95,0
"OOPSY","24605","Michael Helman","STL",3,13,14,3,2,1,0,0,1,1,1,0,3,0,0,0,0,0,0.221,0.278,0.353,0.632,0.278,0.07,0.24,0.278,0.133,0.27,0,78,0
"OOPSY","19346","Eli White","ATL",5,19,21,4,3,1,0,0,2,2,2,0,6,0,0,0,1,0,0.222,0.295,0.345,0.64,0.284,0.08,0.29,0.284,0.123,0.299,0.1,80,0
"OOPSY","sa3004153","Blake Hunt","SEA",2,6,6,1,1,0,0,0,1,1,0,0,2,0,0,0,0,0,0.189,0.236,0.299,0.536,0.236,0.05,0.29,0.156,0.111,0.25,0,57,0
"OOPSY","22766","Steward Berroa","TOR",2,6,7,1,1,0,0,0,1,1,1,0,2,0,0,0,1,0,0.207,0.288,0.316,0.604,0.27,0.1,0.29,0.339,0.109,0.287,0.1,75,0
"OOPSY","20970","Oscar Gonzalez","SDP",5,20,21,5,3,1,0,1,2,2,1,0,5,0,0,0,0,0,0.243,0.271,0.392,0.663,0.285,0.03,0.24,0.141,0.149,0.292,0,85,0
"OOPSY","sa3011255","Jake Mangum","TBR",41,166,175,40,30,8,1,1,18,12,5,0,38,2,1,0,5,2,0.241,0.272,0.32,0.592,0.26,0.03,0.22,0.145,0.078,0.306,-0.1,71,0
"OOPSY","27599","Jacob Hurtubise","CIN",3,12,14,3,2,0,0,0,2,1,1,0,3,0,0,0,1,0,0.227,0.331,0.294,0.625,0.288,0.1,0.22,0.465,0.067,0.298,0.1,77,0
"OOPSY","23296","Jacob Amaya","CHW",3,13,14,3,2,0,0,0,1,1,1,0,4,0,0,0,0,0,0.204,0.274,0.295,0.569,0.255,0.09,0.26,0.336,0.092,0.265,0,63,0
"OOPSY","12147","Nick Ahmed","TEX",2,6,7,1,1,0,0,0,1,1,0,0,2,0,0,0,0,0,0.214,0.264,0.309,0.572,0.253,0.06,0.24,0.258,0.095,0.271,0,62,0
"OOPSY","15149","Trey Mancini","ARI",3,13,14,3,2,1,0,0,1,1,1,0,4,0,0,0,0,0,0.237,0.306,0.382,0.688,0.302,0.08,0.26,0.315,0.145,0.299,-0.1,91,0
"OOPSY","21496","Brandon Lockridge","SDP",11,44,49,10,7,2,0,0,5,3,4,0,14,0,0,0,4,1,0.222,0.29,0.302,0.592,0.266,0.08,0.28,0.289,0.08,0.308,0.3,72,0
"OOPSY","19966","Bobby Dalbec","CHW",2,6,7,1,1,0,0,0,1,1,1,0,3,0,0,0,0,0,0.208,0.28,0.385,0.665,0.291,0.08,0.38,0.212,0.178,0.304,0,88,0
"OOPSY","sa1169598","Matthew Lugo","LAA",3,13,14,3,2,1,0,0,2,1,1,0,4,0,0,0,0,0,0.22,0.27,0.364,0.634,0.276,0.06,0.27,0.201,0.144,0.281,0,76,0
"OOPSY","sa3005478","Carlos D Rodriguez","ATL",2,6,7,2,1,0,0,0,1,0,1,0,1,0,0,0,0,0,0.248,0.306,0.317,0.623,0.278,0.08,0.17,0.472,0.07,0.297,0,76,0
"OOPSY","19931","Luke Williams","ATL",8,32,35,7,5,1,0,1,3,3,3,0,10,0,0,0,2,1,0.219,0.278,0.331,0.609,0.269,0.07,0.28,0.261,0.111,0.291,0.1,70,0
"OOPSY","25040","Vinny Capra","MIL",2,6,7,1,1,0,0,0,1,1,1,0,2,0,0,0,0,0,0.219,0.291,0.307,0.597,0.268,0.08,0.23,0.363,0.087,0.281,0,70,0
"OOPSY","19273","Stone Garrett","WSN",6,26,28,6,4,1,0,1,3,3,2,0,8,0,0,0,0,0,0.228,0.285,0.386,0.671,0.292,0.07,0.3,0.23,0.158,0.297,0,87,0
"OOPSY","19806","Jason Delay","PIT",21,76,83,17,12,4,0,1,8,6,5,0,18,1,1,1,0,0,0.227,0.284,0.307,0.591,0.264,0.07,0.22,0.299,0.08,0.289,-0.2,65,0
"OOPSY","sa1169610","Tyler Callihan","CIN",2,6,7,1,1,0,0,0,1,1,0,0,2,0,0,0,0,0,0.211,0.268,0.327,0.594,0.262,0.07,0.29,0.232,0.115,0.285,0,60,0
"OOPSY","25817","Braden Shewmake","NYY",2,7,7,1,1,0,0,0,1,1,0,0,2,0,0,0,0,0,0.203,0.242,0.325,0.567,0.247,0.04,0.22,0.197,0.122,0.241,0,58,0
"OOPSY","24597","Jonathan Ornelas","TEX",3,13,14,3,2,0,0,0,1,1,1,0,4,0,0,0,0,0,0.218,0.274,0.295,0.569,0.255,0.06,0.27,0.235,0.078,0.296,0,63,0
"OOPSY","31363","Graham Pauley","MIA",29,113,126,25,16,5,0,3,13,13,10,0,32,1,1,0,2,1,0.219,0.29,0.367,0.657,0.289,0.08,0.25,0.328,0.147,0.27,-0.1,82,0
"OOPSY","27471","Zach DeLoach","CHW",2,6,7,1,1,0,0,0,1,1,1,0,2,0,0,0,0,0,0.224,0.3,0.332,0.632,0.282,0.09,0.29,0.316,0.109,0.309,0,82,0
"OOPSY","29912","Darren Baker","WSN",6,26,28,7,5,1,0,0,2,1,2,0,6,0,0,0,1,0,0.253,0.294,0.302,0.596,0.265,0.06,0.2,0.283,0.05,0.32,0.1,69,0
"OOPSY","29573","Billy Cook","PIT",28,108,119,24,15,5,1,3,13,12,8,0,34,2,1,0,4,1,0.222,0.283,0.371,0.653,0.286,0.07,0.29,0.23,0.149,0.289,0.3,79,0
"OOPSY","25813","Grae Kessinger","ARI",6,25,28,5,4,1,0,0,3,2,2,0,7,0,0,0,0,0,0.211,0.283,0.315,0.599,0.268,0.09,0.26,0.325,0.104,0.276,0,68,0
"OOPSY","18400","Juan Yepez","WSN",21,83,91,20,13,4,0,3,9,10,7,0,18,1,1,0,1,0,0.239,0.299,0.392,0.692,0.301,0.07,0.2,0.383,0.154,0.27,-0.3,93,0
"OOPSY","6887","Martin Maldonado","SDP",8,29,32,5,3,1,0,1,3,3,2,0,11,0,0,0,0,0,0.182,0.251,0.317,0.568,0.252,0.07,0.34,0.22,0.135,0.249,-0.2,63,0
"OOPSY","sa3014701","Robert Hassell III","WSN",8,32,35,7,5,1,0,0,3,3,3,0,9,0,0,0,1,0,0.226,0.292,0.319,0.612,0.273,0.08,0.26,0.325,0.093,0.298,0,74,0
"OOPSY","22232","Mason McCoy","SDP",3,13,14,2,2,1,0,0,1,1,1,0,4,0,0,0,0,0,0.19,0.247,0.284,0.531,0.237,0.07,0.32,0.216,0.094,0.271,0,53,0
"OOPSY","19717","Darick Hall","PIT",8,32,35,7,5,1,0,1,3,4,3,0,9,0,0,0,0,0,0.225,0.287,0.378,0.665,0.291,0.07,0.25,0.296,0.152,0.273,-0.1,83,0
"OOPSY","23395","Eric Wagaman","MIA",37,149,161,35,22,8,1,4,17,17,10,0,36,0,1,0,2,0,0.233,0.283,0.373,0.657,0.286,0.06,0.22,0.29,0.14,0.279,-0.1,80,0
"OOPSY","17975","Scott Kingery","LAA",8,32,35,7,4,1,0,1,4,3,2,0,11,0,0,0,1,0,0.205,0.255,0.342,0.597,0.261,0.06,0.33,0.189,0.137,0.282,0.1,66,0
"OOPSY","22117","Nick Pratto","KCR",13,49,56,11,7,2,0,2,7,6,5,0,18,1,1,0,1,0,0.218,0.299,0.374,0.672,0.296,0.1,0.32,0.3,0.156,0.302,-0.1,87,0
"OOPSY","15937","Aledmys Diaz",NA,21,84,91,19,13,4,0,2,9,8,5,0,18,1,1,0,0,0,0.224,0.278,0.339,0.617,0.272,0.06,0.2,0.291,0.115,0.264,-0.3,74,0
"OOPSY","31567","Trey Lipscomb","WSN",10,39,42,9,7,2,0,1,4,3,2,0,9,0,0,0,1,0,0.231,0.27,0.319,0.59,0.26,0.05,0.21,0.225,0.088,0.284,0,65,0
"OOPSY","13853","Joey Wendle",NA,15,59,63,13,9,3,0,1,6,5,3,0,13,1,0,0,1,1,0.222,0.267,0.317,0.584,0.258,0.05,0.21,0.222,0.094,0.273,-0.1,64,0
"OOPSY","sa3010700","Victor Mesa Jr","MIA",24,98,105,22,15,5,1,2,10,9,6,0,26,0,1,0,1,0,0.225,0.266,0.341,0.608,0.265,0.05,0.25,0.214,0.117,0.282,0,66,0
"Steamer","18887","Seby Zavala","BOS",5,16,18,3,2,1,0,0,2,2,1,0,6,0,0,0,0,0,0.198,0.274,0.332,0.606,0.269,0.08,0.35,0.239,0.134,0.29,0,67,0
"Steamer","sa3016970","Tim Tawa","ARI",6,24,26,6,4,1,0,1,3,3,2,0,6,0,0,0,0,0,0.232,0.291,0.375,0.666,0.292,0.07,0.25,0.289,0.143,0.285,0,84,0
"Steamer","31490","Wade Meckler","SFG",3,12,13,3,2,1,0,0,1,1,1,0,3,0,0,0,0,0,0.258,0.326,0.372,0.699,0.309,0.09,0.21,0.411,0.115,0.318,0,99,0
"Steamer","25425","Austin Shenton","SEA",11,41,47,9,5,2,0,1,5,5,5,0,16,0,0,0,0,0,0.209,0.299,0.363,0.662,0.293,0.11,0.34,0.316,0.154,0.296,-0.1,96,0
"Steamer","31765","Nacho Alvarez Jr","ATL",5,17,20,4,3,1,0,0,2,2,2,0,4,0,0,0,0,0,0.242,0.324,0.343,0.667,0.298,0.1,0.21,0.454,0.101,0.3,0,89,0
"Steamer","13755","Tomas Nido","DET",5,16,17,4,3,1,0,0,2,2,1,0,4,0,0,0,0,0,0.234,0.272,0.35,0.621,0.271,0.04,0.24,0.187,0.116,0.291,-0.1,76,0
"Steamer","23695","Everson Pereira","NYY",6,23,26,5,3,1,0,1,3,3,2,0,8,0,0,0,0,0,0.233,0.293,0.398,0.692,0.301,0.07,0.31,0.223,0.166,0.31,0,96,0
"Steamer","sa3005511","Jorbit Vivas","NYY",5,17,20,4,3,1,0,0,2,2,2,0,4,0,0,0,0,0,0.22,0.31,0.332,0.642,0.289,0.1,0.18,0.542,0.112,0.254,0,87,0
"Steamer","21746","Jose Fermin","STL",3,11,13,3,2,1,0,0,1,1,1,0,2,0,0,0,0,0,0.244,0.331,0.365,0.696,0.31,0.1,0.14,0.715,0.121,0.269,0,100,0
"Steamer","26599","Jonatan Clase","TOR",8,29,32,6,4,1,0,1,4,3,3,0,9,0,0,0,2,1,0.22,0.29,0.353,0.644,0.284,0.08,0.28,0.299,0.134,0.29,0.1,85,0
"Steamer","31363","Graham Pauley","MIA",29,105,117,24,15,5,0,3,12,12,10,0,28,1,1,0,1,0,0.227,0.299,0.378,0.677,0.296,0.08,0.24,0.346,0.151,0.275,-0.1,86,0
"Steamer","24770","James Outman","LAD",3,11,13,2,2,0,0,0,1,1,1,0,4,0,0,0,0,0,0.22,0.312,0.387,0.698,0.307,0.1,0.32,0.327,0.167,0.299,0,98,0
"Steamer","22209","Sam Huff","SFG",5,17,18,4,2,1,0,1,2,2,1,0,6,0,0,0,0,0,0.215,0.275,0.361,0.636,0.278,0.07,0.32,0.218,0.146,0.295,0,79,0
"Steamer","19864","Riley Adams","WSN",27,97,108,22,13,5,0,3,11,12,9,0,31,2,1,0,1,0,0.224,0.296,0.381,0.677,0.296,0.08,0.29,0.277,0.157,0.293,-0.2,89,0
"Steamer","sa3014465","Owen Caissie","CHC",11,41,46,10,6,2,0,1,5,5,4,0,15,0,0,0,1,0,0.234,0.314,0.385,0.699,0.306,0.1,0.32,0.303,0.151,0.329,0,98,0
"Steamer","23818","Ji Hwan Bae","PIT",3,12,13,3,2,1,0,0,1,1,1,0,3,0,0,0,1,0,0.253,0.325,0.36,0.686,0.303,0.09,0.23,0.399,0.107,0.325,0,91,0
"Steamer","24273","Liover Peguero","PIT",6,24,26,6,4,1,0,1,3,3,2,0,6,0,0,0,1,0,0.232,0.282,0.356,0.639,0.28,0.06,0.24,0.253,0.124,0.29,0,75,0
"Steamer","21730","Jair Camargo","MIN",5,17,18,3,2,1,0,1,2,2,1,0,6,0,0,0,0,0,0.204,0.259,0.349,0.608,0.265,0.06,0.33,0.18,0.146,0.279,0,71,0
"Steamer","20003","Keston Hiura","COL",5,18,20,4,3,1,0,1,2,3,1,0,6,0,0,0,0,0,0.248,0.316,0.454,0.77,0.332,0.07,0.3,0.249,0.206,0.314,0,100,0
"Steamer","19844","Abraham Toro","BOS",3,13,14,3,2,1,0,0,2,1,1,0,3,0,0,0,0,0,0.246,0.31,0.389,0.699,0.305,0.08,0.19,0.414,0.143,0.283,0,93,0
"Steamer","sa917302","Yonathan Perlaza","SDP",3,12,13,3,2,1,0,0,2,1,1,0,3,0,0,0,0,0,0.233,0.313,0.406,0.718,0.314,0.1,0.26,0.372,0.173,0.291,0,105,0
"Steamer","15674","Reese McGuire","CHC",3,11,12,2,2,0,0,0,1,1,1,0,3,0,0,0,0,0,0.226,0.282,0.324,0.607,0.269,0.06,0.26,0.249,0.099,0.297,0,73,0
"Steamer","27962","Adael Amador","COL",5,17,19,4,3,1,0,0,2,2,2,0,4,0,0,0,1,0,0.242,0.319,0.374,0.693,0.306,0.09,0.19,0.481,0.131,0.283,0,83,0
"Steamer","29617","Henry Davis","PIT",8,27,31,6,4,1,0,1,3,3,3,0,8,1,0,0,0,0,0.224,0.311,0.369,0.68,0.3,0.1,0.27,0.356,0.145,0.287,0,89,0
"Steamer","19339","Nicky Lopez","CHC",3,12,13,3,2,0,0,0,1,1,1,0,2,0,0,0,0,0,0.249,0.316,0.322,0.638,0.286,0.08,0.16,0.509,0.073,0.295,0,85,0
"Steamer","25477","Isaac Collins","MIL",5,17,20,4,3,1,0,0,2,2,2,0,5,0,0,0,1,0,0.219,0.319,0.339,0.657,0.294,0.12,0.24,0.487,0.119,0.282,0,87,0
"Steamer","21797","Andres Chaparro","WSN",8,31,34,8,5,2,0,1,4,4,3,0,8,0,0,0,0,0,0.243,0.309,0.413,0.722,0.313,0.08,0.22,0.356,0.171,0.282,-0.1,101,0
"Steamer","sa3014834","Matt Koperniak","STL",6,24,26,6,4,1,0,1,3,3,2,0,5,0,0,0,0,0,0.249,0.307,0.377,0.684,0.3,0.07,0.21,0.345,0.128,0.295,0,93,0
"Steamer","sa3014461","Petey Halpin","CLE",6,24,26,5,4,1,0,0,3,2,2,0,7,0,0,0,0,0,0.22,0.282,0.337,0.619,0.274,0.07,0.26,0.286,0.117,0.285,0,78,0
"Steamer","19600","Bryan De La Cruz","ATL",26,104,112,25,17,5,0,4,13,13,7,0,29,1,1,0,1,0,0.244,0.291,0.399,0.69,0.299,0.06,0.26,0.223,0.154,0.302,-0.2,90,0
"Steamer","23985","Osleivis Basabe","SFG",3,12,13,3,2,1,0,0,1,1,1,0,2,0,0,0,0,0,0.249,0.298,0.348,0.646,0.285,0.06,0.17,0.331,0.099,0.294,0,83,0
"Steamer","25705","Dustin Harris","TEX",10,35,39,8,5,2,0,1,4,4,3,0,10,0,0,0,1,0,0.229,0.305,0.356,0.661,0.291,0.09,0.26,0.346,0.127,0.295,0,88,0
"Steamer","21496","Brandon Lockridge","SDP",15,54,60,12,9,2,0,1,6,5,5,0,17,1,0,0,3,1,0.23,0.299,0.329,0.628,0.28,0.08,0.28,0.291,0.1,0.317,0.2,82,0
"Steamer","21635","Nick Maton","CHW",3,12,13,3,2,1,0,0,1,1,1,0,3,0,0,0,0,0,0.216,0.311,0.357,0.669,0.297,0.11,0.25,0.442,0.141,0.27,0,92,0
"Steamer","22505","Buddy Kennedy","PHI",3,12,13,3,2,1,0,0,1,1,1,0,3,0,0,0,0,0,0.229,0.318,0.349,0.667,0.297,0.1,0.23,0.458,0.12,0.287,0,89,0
"Steamer","19252","Cavan Biggio","KCR",5,17,19,4,2,1,0,0,2,2,2,0,5,0,0,0,0,0,0.212,0.317,0.331,0.647,0.293,0.12,0.28,0.422,0.119,0.285,0,85,0
"Steamer","sa3017374","Joe Mack","MIA",3,11,12,2,2,0,0,0,1,1,1,0,3,0,0,0,0,0,0.214,0.28,0.345,0.626,0.276,0.08,0.27,0.287,0.131,0.272,0,73,0
"Steamer","20970","Oscar Gonzalez","SDP",6,25,27,6,4,1,0,1,3,3,1,0,6,0,0,0,0,0,0.248,0.284,0.409,0.693,0.298,0.04,0.23,0.175,0.161,0.296,0,94,0
"Steamer","22707","Gustavo Campero","LAA",3,11,13,3,2,1,0,0,1,1,1,0,3,0,0,0,0,0,0.24,0.31,0.392,0.701,0.307,0.07,0.22,0.327,0.151,0.285,0,98,0
"Steamer","27784","Tyler Gentry","KCR",10,35,39,8,5,2,0,1,4,4,4,0,11,0,0,0,0,0,0.23,0.308,0.366,0.674,0.298,0.09,0.29,0.312,0.135,0.311,0,89,0
"Steamer","19198","Yuli Gurriel",NA,34,129,142,32,22,7,0,3,15,15,11,0,26,1,1,0,2,0,0.252,0.315,0.379,0.694,0.304,0.08,0.18,0.429,0.126,0.293,-0.3,96,0
"Steamer","29573","Billy Cook","PIT",26,92,101,21,13,4,0,3,11,11,7,0,28,1,1,0,3,1,0.229,0.292,0.382,0.674,0.294,0.07,0.28,0.25,0.153,0.297,0.1,85,0
"Steamer","23296","Jacob Amaya","CHW",3,11,13,2,2,0,0,0,1,1,1,0,3,0,0,0,0,0,0.215,0.29,0.326,0.616,0.275,0.09,0.25,0.362,0.112,0.273,0,77,0
"Steamer","13853","Joey Wendle",NA,15,54,58,13,9,3,0,1,5,5,2,0,12,1,0,0,1,0,0.236,0.274,0.341,0.615,0.269,0.04,0.2,0.206,0.106,0.286,0,72,0
"Steamer","26374","Kameron Misner","TBR",13,46,53,9,5,2,0,1,5,5,6,0,19,0,0,0,1,0,0.192,0.289,0.322,0.611,0.275,0.11,0.36,0.312,0.13,0.297,0,81,0
"Steamer","sa3015713","Moises Ballesteros","CHC",5,17,19,4,3,1,0,0,2,2,1,0,4,0,0,0,0,0,0.242,0.303,0.379,0.682,0.298,0.08,0.21,0.355,0.137,0.287,0,93,0
"Steamer","27781","Pedro Leon","HOU",19,69,77,15,9,3,0,2,8,8,6,0,25,1,1,0,3,1,0.213,0.286,0.358,0.644,0.284,0.08,0.32,0.24,0.145,0.296,0,85,0
"Steamer","sa3022864","Jonathon Long","CHC",5,17,20,4,3,1,0,1,2,2,2,0,5,0,0,0,0,0,0.235,0.314,0.384,0.698,0.307,0.09,0.25,0.375,0.149,0.292,0,99,0
"Steamer","25867","Ryan Kreidler","DET",3,11,13,2,1,0,0,0,1,1,1,0,4,0,0,0,0,0,0.197,0.283,0.32,0.603,0.27,0.09,0.3,0.309,0.123,0.268,0,75,0
"Steamer","30162","Oscar Colas","CHW",42,152,167,36,24,6,1,4,17,17,12,1,43,2,1,1,3,1,0.236,0.296,0.372,0.668,0.291,0.07,0.26,0.278,0.136,0.298,0,88,0
"Steamer","15937","Aledmys Diaz",NA,21,80,87,19,13,4,0,2,9,9,5,0,17,1,1,0,1,0,0.232,0.281,0.358,0.639,0.279,0.05,0.2,0.275,0.125,0.271,-0.3,79,0
"Steamer","20572","Kody Clemens","PHI",5,18,19,4,2,1,0,1,2,2,1,0,5,0,0,0,0,0,0.226,0.284,0.404,0.688,0.298,0.07,0.25,0.273,0.178,0.268,0,90,0
"Steamer","17837","Jakson Reetz","NYM",2,5,6,1,1,0,0,0,1,1,0,0,2,0,0,0,0,0,0.199,0.277,0.349,0.626,0.276,0.08,0.3,0.268,0.151,0.259,0,79,0
"Steamer","20557","CJ Alexander","ATH",3,12,13,3,2,1,0,0,1,1,1,0,3,0,0,0,0,0,0.223,0.269,0.386,0.655,0.284,0.05,0.27,0.203,0.163,0.274,0,87,0
"Steamer","sa3017394","Luca Tresh","KCR",2,6,6,1,1,0,0,0,1,1,0,0,2,0,0,0,0,0,0.222,0.287,0.355,0.642,0.283,0.08,0.25,0.311,0.132,0.276,0,78,0
"Steamer","sa3010700","Victor Mesa Jr","MIA",6,24,26,6,4,1,0,1,3,3,2,0,6,0,0,0,0,0,0.227,0.279,0.356,0.636,0.279,0.06,0.24,0.259,0.129,0.278,0,75,0
"Steamer","sa3016966","Cooper Bowman","CIN",5,18,20,4,3,1,0,0,2,2,2,0,5,0,0,0,1,0,0.224,0.294,0.345,0.639,0.283,0.08,0.25,0.322,0.121,0.287,0,74,0
"Steamer","13338","Omar Narvaez","CHW",5,16,18,3,2,1,0,0,2,2,2,0,4,0,0,0,0,0,0.221,0.295,0.328,0.623,0.278,0.09,0.21,0.416,0.106,0.267,0,79,0
"Steamer","19901","Gavin Sheets","SDP",15,55,61,13,8,3,0,2,7,7,5,0,14,0,0,0,0,0,0.235,0.301,0.387,0.689,0.3,0.08,0.22,0.362,0.152,0.277,-0.2,95,0
"Steamer","15271","Austin Wynns","CIN",2,5,6,1,1,0,0,0,1,1,0,0,2,0,0,0,0,0,0.229,0.294,0.354,0.648,0.286,0.07,0.26,0.281,0.125,0.295,0,76,0
"Steamer","sa3022499","Brock Wilken","MIL",11,41,46,8,5,2,0,1,5,4,4,0,15,0,0,0,0,0,0.197,0.279,0.333,0.612,0.272,0.1,0.32,0.297,0.136,0.268,-0.1,72,0
"Steamer","12510","Curt Casali","ATL",5,15,18,3,2,1,0,0,2,2,2,0,4,0,0,0,0,0,0.216,0.303,0.323,0.626,0.282,0.1,0.25,0.399,0.107,0.277,-0.1,78,0
"Steamer","18067","Garrett Stubbs","PHI",5,16,18,3,2,1,0,0,2,2,2,0,4,0,0,0,0,0,0.211,0.295,0.314,0.608,0.274,0.09,0.25,0.371,0.102,0.275,0,73,0
"Steamer","9627","Yan Gomes",NA,18,66,71,15,10,3,0,2,7,7,3,0,17,1,1,0,0,0,0.232,0.275,0.363,0.639,0.278,0.04,0.24,0.182,0.131,0.285,-0.2,78,0
"Steamer","15055","Dom Nunez","CLE",3,11,12,2,1,0,0,0,1,1,1,0,4,0,0,0,0,0,0.18,0.276,0.287,0.563,0.257,0.11,0.32,0.34,0.107,0.259,0,65,0
"Steamer","23968","Jorge Barrosa","ARI",2,6,7,1,1,0,0,0,1,1,1,0,1,0,0,0,0,0,0.234,0.308,0.356,0.665,0.294,0.09,0.21,0.442,0.122,0.283,0,86,0
"Steamer","19683","Mike Brosseau","SDP",3,12,14,3,2,0,0,0,1,1,1,0,4,0,0,0,0,0,0.217,0.285,0.359,0.643,0.284,0.07,0.27,0.269,0.142,0.27,0,84,0
"Steamer","19824","Chuckie Robinson","LAA",2,5,6,1,1,0,0,0,1,1,0,0,2,0,0,0,0,0,0.216,0.27,0.329,0.599,0.264,0.06,0.26,0.235,0.112,0.273,0,68,0
"Steamer","sa3004153","Blake Hunt","SEA",2,6,6,1,1,0,0,0,1,1,0,0,2,0,0,0,0,0,0.201,0.256,0.326,0.582,0.257,0.06,0.27,0.209,0.125,0.256,0,71,0
"Steamer","24597","Jonathan Ornelas","TEX",3,12,13,3,2,0,0,0,1,1,1,0,4,0,0,0,0,0,0.227,0.287,0.323,0.61,0.27,0.07,0.27,0.261,0.096,0.303,0,74,0
"Steamer","23250","David Banuelos","BAL",2,6,6,1,1,0,0,0,1,1,0,0,2,0,0,0,0,0,0.194,0.263,0.322,0.585,0.26,0.07,0.35,0.214,0.127,0.281,0,69,0
"Steamer","25575","Kyle McCann","ATH",3,11,12,2,1,0,0,0,1,1,1,0,4,0,0,0,0,0,0.197,0.271,0.342,0.613,0.27,0.08,0.36,0.231,0.145,0.286,0,78,0
"Steamer","16219","JD Davis","LAA",3,12,14,3,2,1,0,0,1,2,1,0,4,0,0,0,0,0,0.226,0.3,0.378,0.679,0.299,0.09,0.32,0.272,0.153,0.308,0,92,0
"Steamer","29912","Darren Baker","WSN",6,24,27,6,5,1,0,0,2,2,2,0,5,0,0,0,1,0,0.251,0.302,0.319,0.621,0.276,0.06,0.2,0.319,0.069,0.314,0,76,0
"Steamer","17766","DJ Stewart","PIT",2,6,7,1,1,0,0,0,1,1,1,0,2,0,0,0,0,0,0.218,0.325,0.384,0.709,0.315,0.12,0.27,0.438,0.166,0.274,0,99,0
"Steamer","27599","Jacob Hurtubise","CIN",3,12,13,3,2,0,0,0,1,1,2,0,3,0,0,0,0,0,0.234,0.337,0.328,0.665,0.301,0.11,0.23,0.494,0.094,0.302,0,86,0
"Steamer","19562","Zack Short","HOU",2,6,6,1,1,0,0,0,1,1,1,0,2,0,0,0,0,0,0.195,0.301,0.313,0.614,0.277,0.12,0.29,0.428,0.117,0.266,0,80,0
"Steamer","25817","Braden Shewmake","NYY",2,6,6,1,1,0,0,0,1,1,0,0,1,0,0,0,0,0,0.221,0.268,0.36,0.628,0.274,0.05,0.21,0.253,0.138,0.256,0,77,0
"Steamer","19859","Rene Pinto","ARI",2,5,6,1,1,0,0,0,1,1,0,0,2,0,0,0,0,0,0.215,0.261,0.371,0.632,0.275,0.05,0.34,0.154,0.157,0.294,0,73,0
"Steamer","sa3005478","Carlos D Rodriguez","ATL",2,6,7,2,1,0,0,0,1,1,1,0,1,0,0,0,0,0,0.258,0.326,0.354,0.68,0.302,0.09,0.15,0.585,0.096,0.296,0,92,0
"Steamer","sa1169598","Matthew Lugo","LAA",2,6,7,1,1,0,0,0,1,1,0,0,2,0,0,0,0,0,0.232,0.288,0.394,0.682,0.296,0.06,0.27,0.236,0.162,0.29,0,90,0
"Steamer","27501","Justin Foscue","TEX",2,6,6,1,1,0,0,0,1,1,1,0,1,0,0,0,0,0,0.221,0.31,0.373,0.682,0.302,0.1,0.22,0.459,0.152,0.261,0,96,0
"Steamer","10200","Tucker Barnhart","TEX",2,5,6,1,1,0,0,0,1,0,0,0,2,0,0,0,0,0,0.209,0.279,0.295,0.574,0.258,0.08,0.28,0.295,0.086,0.288,0,65,0
"Steamer","24605","Michael Helman","STL",3,12,13,3,2,1,0,0,1,1,1,0,3,0,0,0,0,0,0.223,0.286,0.356,0.641,0.282,0.07,0.24,0.293,0.132,0.275,0,81,0
"Steamer","26149","Dominic Fletcher","CHW",21,77,84,18,13,4,0,1,8,8,6,0,20,1,1,0,1,0,0.234,0.294,0.348,0.642,0.283,0.07,0.23,0.294,0.114,0.293,-0.2,82,0
"Steamer","18217","Brett Sullivan","SDP",2,5,6,1,1,0,0,0,1,1,0,0,1,0,0,0,0,0,0.222,0.288,0.35,0.638,0.281,0.08,0.18,0.437,0.127,0.254,0,82,0
"Steamer","sa3019892","Dalton Rushing","LAD",0,1,1,0,0,0,0,0,0,0,0,0,0,0,0,0,0,0,0.224,0.318,0.397,0.714,0.314,0.1,0.25,0.413,0.173,0.271,0,103,0
"Steamer","sa3023622","Payton Eeles","MIN",0,1,1,0,0,0,0,0,0,0,0,0,0,0,0,0,0,0,0.251,0.337,0.382,0.72,0.318,0.1,0.2,0.485,0.132,0.302,0,108,0
"Steamer","25040","Vinny Capra","MIL",2,6,7,1,1,0,0,0,1,1,1,0,1,0,0,0,0,0,0.232,0.308,0.331,0.639,0.286,0.09,0.22,0.414,0.099,0.291,0,82,0
"Steamer","24759","Mickey Gasper","MIN",0,1,1,0,0,0,0,0,0,0,0,0,0,0,0,0,0,0,0.247,0.343,0.374,0.717,0.32,0.11,0.19,0.58,0.126,0.296,0,109,0
"Steamer","25353","Michael Stefanic","TOR",0,1,1,0,0,0,0,0,0,0,0,0,0,0,0,0,0,0,0.271,0.353,0.359,0.713,0.319,0.1,0.13,0.752,0.089,0.306,0,109,0
"Steamer","sa3017627","Harry Ford","SEA",0,1,1,0,0,0,0,0,0,0,0,0,0,0,0,0,0,0,0.206,0.308,0.313,0.621,0.282,0.11,0.27,0.427,0.108,0.275,0,89,0
"Steamer","19458","Cooper Hummel","HOU",2,6,7,1,1,0,0,0,1,1,1,0,2,0,0,0,0,0,0.209,0.318,0.334,0.652,0.293,0.13,0.29,0.437,0.125,0.291,0,92,0
"Steamer","sa3017795","Carson Williams","TBR",0,1,1,0,0,0,0,0,0,0,0,0,0,0,0,0,0,0,0.214,0.286,0.364,0.651,0.286,0.08,0.32,0.256,0.15,0.296,0,89,0
"Steamer","19890","Emmanuel Rivera","BAL",0,1,1,0,0,0,0,0,0,0,0,0,0,0,0,0,0,0,0.244,0.308,0.389,0.696,0.305,0.08,0.23,0.337,0.144,0.296,0,101,0
"Steamer","19906","Diego A Castillo",NA,0,1,1,0,0,0,0,0,0,0,0,0,0,0,0,0,0,0,0.229,0.312,0.342,0.654,0.292,0.1,0.21,0.495,0.113,0.278,0,88,0
"Steamer","12147","Nick Ahmed","TEX",2,6,6,1,1,0,0,0,1,1,0,0,2,0,0,0,0,0,0.221,0.268,0.323,0.591,0.26,0.05,0.24,0.226,0.102,0.281,0,67,0
"Steamer","21547","Coco Montes","TBR",0,1,1,0,0,0,0,0,0,0,0,0,0,0,0,0,0,0,0.228,0.297,0.366,0.663,0.292,0.08,0.29,0.287,0.138,0.305,0,93,0
"Steamer","25822","Andre Lipcius","CHW",0,1,1,0,0,0,0,0,0,0,0,0,0,0,0,0,0,0,0.229,0.306,0.364,0.67,0.296,0.09,0.24,0.398,0.134,0.282,0,92,0
"Steamer","sa3017426","Denzel Clarke","ATH",0,1,1,0,0,0,0,0,0,0,0,0,0,0,0,0,0,0,0.218,0.283,0.358,0.641,0.282,0.07,0.33,0.222,0.14,0.309,0,86,0
"Steamer","10059","Max Stassi","SFG",0,1,1,0,0,0,0,0,0,0,0,0,0,0,0,0,0,0,0.205,0.281,0.335,0.616,0.274,0.09,0.29,0.299,0.13,0.271,0,76,0
"Steamer","13324","Ildemaro Vargas","ARI",0,1,1,0,0,0,0,0,0,0,0,0,0,0,0,0,0,0,0.262,0.311,0.369,0.68,0.299,0.06,0.12,0.526,0.107,0.287,0,89,0
"Steamer","23442","Luis Vazquez","BAL",0,1,1,0,0,0,0,0,0,0,0,0,0,0,0,0,0,0,0.226,0.289,0.345,0.633,0.28,0.07,0.24,0.28,0.119,0.283,0,83,0
"Steamer","10642","Carlos Perez","CHC",0,1,1,0,0,0,0,0,0,0,0,0,0,0,0,0,0,0,0.212,0.282,0.373,0.654,0.287,0.08,0.23,0.343,0.161,0.242,0,85,0
"Steamer","14894","Tony Kemp",NA,0,1,1,0,0,0,0,0,0,0,0,0,0,0,0,0,0,0,0.238,0.315,0.343,0.658,0.294,0.09,0.13,0.681,0.105,0.262,0,89,0
"Steamer","19292","Armando Alvarez","MIN",0,1,1,0,0,0,0,0,0,0,0,0,0,0,0,0,0,0,0.23,0.294,0.38,0.674,0.295,0.08,0.24,0.331,0.151,0.277,0,92,0
"Steamer","18353","Daz Cameron","BAL",0,1,1,0,0,0,0,0,0,0,0,0,0,0,0,0,0,0,0.233,0.303,0.381,0.685,0.3,0.08,0.27,0.309,0.148,0.298,0,98,0
"Steamer","19698","Edward Olivares",NA,0,1,1,0,0,0,0,0,0,0,0,0,0,0,0,0,0,0,0.251,0.312,0.405,0.717,0.313,0.07,0.2,0.347,0.154,0.289,0,102,0
"Steamer","22766","Steward Berroa","TOR",2,6,7,1,1,0,0,0,1,1,1,0,2,0,0,0,0,0,0.214,0.294,0.33,0.624,0.279,0.1,0.29,0.328,0.116,0.292,0,81,0
"Steamer","22168","Akil Baddoo","DET",0,1,1,0,0,0,0,0,0,0,0,0,0,0,0,0,0,0,0.22,0.303,0.366,0.669,0.295,0.1,0.28,0.367,0.146,0.29,0,92,0
"Steamer","14593","David Bote","LAD",0,1,1,0,0,0,0,0,0,0,0,0,0,0,0,0,0,0,0.228,0.295,0.374,0.669,0.294,0.07,0.26,0.291,0.146,0.285,0,89,0
"Steamer","20233","Gilberto Celestino","NYM",0,1,1,0,0,0,0,0,0,0,0,0,0,0,0,0,0,0,0.233,0.311,0.34,0.651,0.291,0.09,0.23,0.41,0.107,0.294,0,87,0
"Steamer","10950","Adam Duvall",NA,53,200,219,42,24,8,0,9,24,27,14,0,67,3,2,0,1,0,0.211,0.271,0.395,0.666,0.289,0.06,0.3,0.21,0.183,0.264,-0.5,85,0
"Steamer","sa916969","Jesus Bastidas","HOU",0,1,1,0,0,0,0,0,0,0,0,0,0,0,0,0,0,0,0.215,0.282,0.352,0.634,0.279,0.07,0.27,0.251,0.137,0.273,0,82,0
"Steamer","18889","Danny Mendick",NA,0,1,1,0,0,0,0,0,0,0,0,0,0,0,0,0,0,0,0.232,0.292,0.35,0.642,0.283,0.07,0.22,0.313,0.118,0.281,0,82,0
"Steamer","20805","Carlos Perez",NA,0,1,1,0,0,0,0,0,0,0,0,0,0,0,0,0,0,0,0.226,0.274,0.354,0.629,0.275,0.05,0.14,0.379,0.128,0.242,0,76,0
"Steamer","27604","Alika Williams","PIT",0,1,1,0,0,0,0,0,0,0,0,0,0,0,0,0,0,0,0.238,0.297,0.342,0.639,0.283,0.07,0.22,0.32,0.104,0.298,0,77,0
"Steamer","5297","Aaron Hicks",NA,0,1,1,0,0,0,0,0,0,0,0,0,0,0,0,0,0,0,0.221,0.315,0.347,0.662,0.295,0.11,0.26,0.436,0.126,0.285,0,90,0
"Steamer","sa3010704","Sammy Siani","PIT",0,1,1,0,0,0,0,0,0,0,0,0,0,0,0,0,0,0,0.228,0.295,0.344,0.639,0.283,0.08,0.25,0.326,0.117,0.291,0,78,0
"Steamer","20404","Jared Young","NYM",0,1,1,0,0,0,0,0,0,0,0,0,0,0,0,0,0,0,0.225,0.311,0.379,0.69,0.304,0.1,0.27,0.362,0.155,0.284,0,98,0
"Steamer","sa3009845","Kenedy Corona","HOU",0,1,1,0,0,0,0,0,0,0,0,0,0,0,0,0,0,0,0.211,0.277,0.333,0.611,0.269,0.07,0.28,0.262,0.123,0.278,0,75,0
"Steamer","26420","Kyren Paris","LAA",0,1,1,0,0,0,0,0,0,0,0,0,0,0,0,0,0,0,0.198,0.283,0.317,0.6,0.269,0.1,0.33,0.298,0.118,0.285,0,71,0
"Steamer","19384","Trenton Brooks","SDP",0,1,1,0,0,0,0,0,0,0,0,0,0,0,0,0,0,0,0.227,0.317,0.362,0.678,0.302,0.11,0.22,0.504,0.135,0.272,0,96,0
"Steamer","21682","Luis De Los Santos","NYM",0,1,1,0,0,0,0,0,0,0,0,0,0,0,0,0,0,0,0.213,0.28,0.34,0.62,0.274,0.08,0.28,0.275,0.127,0.277,0,78,0
"Steamer","24782","David Villar","SFG",0,1,1,0,0,0,0,0,0,0,0,0,0,0,0,0,0,0,0.214,0.297,0.376,0.673,0.297,0.09,0.31,0.303,0.162,0.284,0,91,0
"Steamer","20311","Corey Julks","CHW",0,1,1,0,0,0,0,0,0,0,0,0,0,0,0,0,0,0,0.229,0.298,0.37,0.668,0.294,0.08,0.25,0.335,0.141,0.284,0,90,0
"Steamer","15653","Dominic Smith","NYY",0,1,1,0,0,0,0,0,0,0,0,0,0,0,0,0,0,0,0.239,0.309,0.376,0.685,0.302,0.08,0.22,0.364,0.137,0.287,0,96,0
"Steamer","19422","Brian Serven","DET",0,1,1,0,0,0,0,0,0,0,0,0,0,0,0,0,0,0,0.191,0.261,0.302,0.563,0.252,0.08,0.3,0.255,0.111,0.258,0,62,0
"Steamer","25971","Kevin Alcantara","CHC",0,1,1,0,0,0,0,0,0,0,0,0,0,0,0,0,0,0,0.237,0.294,0.369,0.664,0.291,0.07,0.28,0.249,0.133,0.31,0,88,0
"Steamer","23312","Ryan Noda","LAA",0,1,1,0,0,0,0,0,0,0,0,0,0,0,0,0,0,0,0.193,0.315,0.352,0.667,0.3,0.14,0.35,0.392,0.159,0.28,0,93,0
"Steamer","20543","Elehuris Montero",NA,0,1,1,0,0,0,0,0,0,0,0,0,0,0,0,0,0,0,0.231,0.297,0.398,0.695,0.302,0.08,0.29,0.265,0.167,0.296,0,94,0
"Steamer","sa3017215","Quincy Hamilton","HOU",0,1,1,0,0,0,0,0,0,0,0,0,0,0,0,0,0,0,0.209,0.293,0.35,0.643,0.286,0.1,0.27,0.361,0.141,0.268,0,86,0
"Steamer","16337","Nick Gordon","BAL",0,1,1,0,0,0,0,0,0,0,0,0,0,0,0,0,0,0,0.236,0.279,0.375,0.653,0.284,0.04,0.24,0.188,0.138,0.287,0,86,0
"Steamer","14366","Joey Meneses","NYM",0,1,1,0,0,0,0,0,0,0,0,0,0,0,0,0,0,0,0.248,0.3,0.384,0.685,0.299,0.06,0.22,0.285,0.136,0.298,0,94,0
"Steamer","19262","Garrett Hampson","ARI",0,1,1,0,0,0,0,0,0,0,0,0,0,0,0,0,0,0,0.237,0.298,0.33,0.628,0.279,0.07,0.26,0.289,0.093,0.316,0,76,0
"Steamer","29487","Blake Dunn","CIN",3,11,13,3,2,0,0,0,1,1,1,0,4,0,0,0,0,0,0.223,0.299,0.346,0.645,0.286,0.08,0.3,0.266,0.123,0.308,0,76,0
"Steamer","20002","Bryce Johnson","PIT",0,1,1,0,0,0,0,0,0,0,0,0,0,0,0,0,0,0,0.233,0.312,0.337,0.648,0.29,0.09,0.26,0.348,0.104,0.311,0,82,0
"Steamer","sa1169610","Tyler Callihan","CIN",2,6,7,1,1,0,0,0,1,1,0,0,2,0,0,0,0,0,0.223,0.282,0.342,0.624,0.275,0.07,0.27,0.257,0.119,0.293,0,68,0
"Steamer","17838","Willie Calhoun",NA,0,1,1,0,0,0,0,0,0,0,0,0,0,0,0,0,0,0,0.25,0.319,0.385,0.704,0.309,0.09,0.16,0.551,0.135,0.277,0,99,0
"Steamer","14387","Harold Ramirez",NA,0,1,1,0,0,0,0,0,0,0,0,0,0,0,0,0,0,0,0.268,0.309,0.379,0.688,0.301,0.04,0.2,0.225,0.111,0.322,0,94,0
"Steamer","19788","Zach Remillard",NA,0,1,1,0,0,0,0,0,0,0,0,0,0,0,0,0,0,0,0.214,0.285,0.307,0.591,0.265,0.08,0.26,0.309,0.093,0.283,0,69,0
"Steamer","22165","Ryan Vilade","STL",0,1,1,0,0,0,0,0,0,0,0,0,0,0,0,0,0,0,0.23,0.299,0.338,0.638,0.283,0.08,0.26,0.313,0.108,0.303,0,81,0
"Steamer","sa3015648","Yanquiel Fernandez","COL",0,1,1,0,0,0,0,0,0,0,0,0,0,0,0,0,0,0,0.254,0.299,0.404,0.703,0.303,0.06,0.22,0.253,0.15,0.301,0,81,0
"Steamer","13663","Jack Lopez","SEA",0,1,1,0,0,0,0,0,0,0,0,0,0,0,0,0,0,0,0.207,0.25,0.314,0.564,0.247,0.05,0.32,0.148,0.107,0.289,0,64,0
"Steamer","27493","Rece Hinds","CIN",0,1,1,0,0,0,0,0,0,0,0,0,0,0,0,0,0,0,0.215,0.27,0.398,0.669,0.289,0.06,0.37,0.173,0.184,0.304,0,78,0
"Steamer","25111","David Hensley","DET",0,1,1,0,0,0,0,0,0,0,0,0,0,0,0,0,0,0,0.209,0.302,0.319,0.621,0.28,0.11,0.31,0.365,0.11,0.3,0,79,0
"Steamer","25505","Cade Marlowe","SEA",0,1,1,0,0,0,0,0,0,0,0,0,0,0,0,0,0,0,0.197,0.272,0.323,0.595,0.263,0.09,0.35,0.246,0.127,0.287,0,75,0
"Steamer","19931","Luke Williams","ATL",8,30,33,7,5,1,0,1,3,3,2,0,9,0,0,0,1,0,0.221,0.285,0.327,0.611,0.271,0.07,0.28,0.269,0.105,0.298,0.1,71,0
"Steamer","sa3014516","Zac Veen","COL",10,35,39,8,6,2,0,1,4,4,3,0,10,0,0,0,2,0,0.238,0.306,0.377,0.683,0.3,0.08,0.25,0.329,0.139,0.299,0.1,78,0
"Steamer","25524","Aaron Schunk","COL",10,36,38,9,6,2,0,1,4,4,2,0,9,0,0,0,1,0,0.246,0.289,0.374,0.662,0.288,0.05,0.24,0.219,0.128,0.307,0,70,0
"Steamer","29782","Niko Kavadas","LAA",2,6,7,1,1,0,0,0,1,1,1,0,3,0,0,0,0,0,0.191,0.301,0.356,0.658,0.294,0.12,0.39,0.312,0.165,0.295,0,89,0
"Steamer","20054","Bligh Madris","DET",0,1,1,0,0,0,0,0,0,0,0,0,0,0,0,0,0,0,0.205,0.281,0.337,0.618,0.274,0.09,0.29,0.314,0.132,0.274,0,78,0
"Steamer","20450","Brewer Hicklen","MIL",2,6,7,1,1,0,0,0,1,1,1,0,2,0,0,0,0,0,0.197,0.287,0.351,0.638,0.281,0.09,0.36,0.261,0.154,0.286,0,79,0
"Steamer","22232","Mason McCoy","SDP",3,12,13,2,2,1,0,0,1,1,1,0,4,0,0,0,0,0,0.196,0.26,0.298,0.558,0.249,0.07,0.31,0.236,0.102,0.277,0,61,0
"Steamer","19717","Darick Hall","PIT",2,6,7,1,1,0,0,0,1,1,1,0,2,0,0,0,0,0,0.224,0.294,0.378,0.672,0.293,0.08,0.25,0.33,0.154,0.273,0,84,0
"Steamer","15279","Garrett Cooper","ATL",2,6,7,1,1,0,0,0,1,1,1,0,2,0,0,0,0,0,0.232,0.297,0.374,0.671,0.295,0.07,0.29,0.254,0.142,0.309,0,87,0
"Steamer","19346","Eli White","ATL",5,18,20,4,3,1,0,0,2,2,2,0,6,0,0,0,1,0,0.221,0.295,0.337,0.632,0.282,0.08,0.3,0.282,0.116,0.305,0,78,0
"Steamer","27471","Zach DeLoach","CHW",2,6,7,1,1,0,0,0,1,1,1,0,2,0,0,0,0,0,0.222,0.296,0.349,0.645,0.286,0.09,0.3,0.293,0.127,0.306,0,84,0
"Steamer","17975","Scott Kingery","LAA",5,18,20,4,3,1,0,0,2,2,1,0,6,0,0,0,0,0,0.209,0.27,0.337,0.607,0.268,0.07,0.31,0.23,0.128,0.286,0,70,0
"Steamer","25813","Grae Kessinger","ARI",6,24,27,5,4,1,0,0,3,2,2,0,7,0,0,0,0,0,0.209,0.285,0.313,0.598,0.267,0.09,0.26,0.336,0.104,0.274,0,68,0
"Steamer","15149","Trey Mancini","ARI",3,12,13,3,2,1,0,0,1,1,1,0,3,0,0,0,0,0,0.231,0.299,0.368,0.667,0.293,0.08,0.26,0.296,0.137,0.295,0,85,0
"Steamer","23789","Blaze Alexander","ARI",32,118,131,27,19,5,1,2,13,13,10,0,40,2,1,0,2,1,0.229,0.296,0.347,0.643,0.285,0.07,0.3,0.243,0.118,0.319,-0.1,80,0
"Steamer","14274","Mitch Haniger","SEA",96,353,393,77,49,13,1,14,40,43,32,0,114,4,3,1,1,0,0.217,0.288,0.375,0.664,0.291,0.08,0.29,0.283,0.158,0.277,-1.1,95,0
"Steamer","19966","Bobby Dalbec","CHW",3,12,13,2,1,0,0,0,1,1,1,0,5,0,0,0,0,0,0.198,0.271,0.361,0.632,0.278,0.08,0.39,0.209,0.164,0.293,0,79,0
"Steamer","sa3022757","Bryce Eldridge","SFG",16,59,66,14,9,3,0,2,7,7,5,0,19,1,0,0,0,0,0.233,0.299,0.387,0.686,0.298,0.08,0.28,0.277,0.154,0.303,-0.1,92,0
"Steamer","15194","Jake Bauers","MIL",8,30,34,6,3,1,0,1,4,4,4,0,11,0,0,0,1,0,0.197,0.29,0.359,0.65,0.287,0.11,0.34,0.321,0.163,0.271,-0.1,83,0
"Steamer","19273","Stone Garrett","WSN",6,24,27,5,3,1,0,1,3,3,2,0,8,0,0,0,0,0,0.22,0.282,0.369,0.651,0.285,0.07,0.31,0.23,0.149,0.296,0,82,0
"Steamer","sa3014701","Robert Hassell III","WSN",8,30,33,7,5,1,0,1,3,3,3,0,8,0,0,0,1,0,0.221,0.288,0.319,0.607,0.27,0.08,0.26,0.311,0.099,0.289,0,72,0
"Steamer","13836","Matt Duffy",NA,31,114,125,27,21,5,0,1,12,11,9,0,28,1,1,0,1,0,0.238,0.297,0.321,0.618,0.276,0.07,0.22,0.308,0.084,0.299,-0.3,76,0
"Steamer","5254","Robbie Grossman",NA,45,163,189,35,23,7,0,4,20,18,23,0,49,2,1,0,2,0,0.217,0.317,0.344,0.661,0.297,0.12,0.26,0.464,0.127,0.281,-0.4,91,0
"THE BAT","12164","Miguel Sano",NA,22,72,82,16,9,3,0,4,10,11,8,0,28,1,0,0,0,0,0.215,0.299,0.414,0.714,0.311,0.1,0.34,0.287,0.199,0.288,-0.1,101,0
"THE BAT","23359","Nelson Velazquez","KCR",42,147,162,33,20,7,1,6,19,19,13,1,45,1,1,0,3,1,0.225,0.292,0.396,0.688,0.299,0.08,0.28,0.29,0.171,0.281,0,89,0
"THE BAT","16219","JD Davis","LAA",28,95,106,22,15,4,0,3,11,11,9,0,32,2,1,0,0,0,0.227,0.306,0.367,0.673,0.298,0.09,0.3,0.29,0.14,0.308,-0.2,92,0
"THE BAT","19859","Rene Pinto","ARI",8,20,22,4,3,1,0,1,2,3,1,0,7,0,0,0,0,0,0.206,0.254,0.347,0.601,0.263,0.05,0.34,0.152,0.141,0.288,0,65,0
"THE BAT","9847","Andrew McCutchen","PIT",107,398,458,90,58,18,1,14,51,52,51,0,110,4,3,0,5,1,0.226,0.319,0.379,0.698,0.309,0.11,0.24,0.466,0.152,0.275,-0.5,95,0
"THE BAT","24273","Liover Peguero","PIT",15,52,56,12,8,2,0,1,6,5,3,0,15,0,0,0,1,0,0.229,0.274,0.344,0.618,0.271,0.05,0.26,0.201,0.115,0.297,0,69,0
"THE BAT","sa3005511","Jorbit Vivas","NYY",6,21,24,5,3,1,0,0,2,2,2,0,4,0,0,0,0,0,0.228,0.3,0.336,0.637,0.283,0.07,0.16,0.46,0.108,0.261,0,83,0
"THE BAT","sa3014461","Petey Halpin","CLE",9,30,33,7,5,1,0,1,3,3,2,0,9,0,0,0,1,0,0.225,0.281,0.346,0.627,0.276,0.07,0.26,0.259,0.121,0.29,0,79,0
"THE BAT","25425","Austin Shenton","SEA",20,61,68,13,8,3,0,2,6,7,6,0,22,1,0,0,0,0,0.208,0.287,0.347,0.635,0.281,0.09,0.32,0.289,0.139,0.286,-0.1,88,0
"THE BAT","23695","Everson Pereira","NYY",10,37,41,8,5,2,0,1,5,4,3,0,13,0,0,0,1,0,0.221,0.279,0.369,0.648,0.283,0.06,0.32,0.2,0.148,0.305,0,83,0
"THE BAT","24759","Mickey Gasper","MIN",17,27,31,7,5,1,0,1,3,3,3,0,5,1,0,0,0,0,0.242,0.324,0.364,0.687,0.305,0.09,0.17,0.531,0.121,0.28,-0.1,99,0
"THE BAT","sa3022864","Jonathon Long","CHC",10,32,36,8,5,1,0,1,4,4,3,0,9,0,0,0,0,0,0.238,0.313,0.386,0.699,0.305,0.09,0.24,0.362,0.148,0.291,-0.1,98,0
"THE BAT","19818","Joshua Palacios","PIT",71,228,252,54,37,11,1,5,27,25,18,1,53,3,2,1,5,2,0.237,0.302,0.359,0.66,0.291,0.07,0.21,0.343,0.122,0.286,-0.2,83,0
"THE BAT","29487","Blake Dunn","CIN",7,16,18,4,3,1,0,0,2,2,1,0,5,0,0,0,1,0,0.226,0.295,0.349,0.643,0.285,0.07,0.3,0.233,0.123,0.308,0,75,0
"THE BAT","sa3020713","Colby Thomas","ATH",26,92,99,20,12,5,0,3,11,10,5,0,30,1,1,0,2,0,0.218,0.265,0.378,0.644,0.279,0.05,0.3,0.161,0.161,0.283,0,84,0
"THE BAT","18353","Daz Cameron","BAL",23,76,84,17,11,4,0,2,9,8,6,0,22,1,1,0,2,1,0.221,0.283,0.354,0.637,0.28,0.07,0.26,0.267,0.133,0.283,0.1,83,0
"THE BAT","15271","Austin Wynns","CIN",10,28,31,6,5,1,0,1,3,3,2,0,8,0,0,0,0,0,0.219,0.276,0.323,0.598,0.265,0.06,0.26,0.244,0.103,0.281,0,62,0
"THE BAT","sa3015713","Moises Ballesteros","CHC",12,38,41,9,6,2,0,1,4,5,3,0,8,0,0,0,0,0,0.246,0.302,0.384,0.686,0.299,0.07,0.2,0.344,0.138,0.289,-0.1,93,0
"THE BAT","19698","Edward Olivares",NA,10,27,29,7,5,1,0,1,3,3,2,0,5,0,0,0,1,0,0.25,0.306,0.385,0.691,0.302,0.06,0.18,0.353,0.134,0.284,0,90,0
"THE BAT","25483","Nick Sogard","BOS",15,50,56,11,8,2,0,1,6,5,5,0,13,0,0,0,1,0,0.227,0.296,0.325,0.622,0.277,0.08,0.23,0.361,0.098,0.288,0,73,0
"THE BAT","25477","Isaac Collins","MIL",20,54,61,12,8,3,0,1,6,6,6,0,14,1,0,0,2,1,0.218,0.296,0.334,0.63,0.28,0.09,0.23,0.388,0.116,0.274,0,78,0
"THE BAT","sa3017627","Harry Ford","SEA",3,7,8,1,1,0,0,0,1,1,1,0,2,0,0,0,0,0,0.217,0.304,0.335,0.638,0.285,0.1,0.25,0.392,0.118,0.278,0,91,0
"THE BAT","19931","Luke Williams","ATL",20,49,54,11,7,2,0,1,6,5,3,0,15,0,0,0,2,1,0.217,0.272,0.334,0.606,0.267,0.06,0.28,0.235,0.117,0.285,0.2,68,0
"THE BAT","22530","Johnathan Rodriguez","CLE",4,11,12,3,2,0,0,0,1,1,1,0,4,0,0,0,0,0,0.231,0.294,0.369,0.663,0.29,0.07,0.3,0.249,0.138,0.312,0,89,0
"THE BAT","sa3016970","Tim Tawa","ARI",16,57,62,13,9,3,0,1,6,7,4,0,16,0,0,0,1,0,0.225,0.277,0.351,0.628,0.276,0.06,0.26,0.24,0.126,0.284,0,73,0
"THE BAT","23986","Curtis Mead","TBR",13,48,52,12,8,3,0,1,5,5,3,0,10,1,0,0,1,0,0.243,0.295,0.369,0.664,0.29,0.06,0.19,0.302,0.126,0.284,0,92,0
"THE BAT","25621","Bryan Ramos","CHW",24,84,91,19,12,4,0,2,9,10,6,0,21,1,1,0,1,0,0.229,0.285,0.371,0.656,0.287,0.06,0.23,0.271,0.142,0.273,-0.1,85,0
"THE BAT","26420","Kyren Paris","LAA",28,65,73,13,9,3,0,1,8,6,6,0,24,1,0,0,2,1,0.202,0.277,0.318,0.595,0.266,0.09,0.33,0.256,0.116,0.294,0.2,69,0
"THE BAT","sa3019988","Jacob Melton","HOU",45,163,176,33,22,6,1,4,20,16,10,0,49,1,1,0,7,1,0.206,0.256,0.335,0.591,0.259,0.06,0.28,0.214,0.129,0.262,0.5,68,0
"THE BAT","17837","Jakson Reetz","NYM",3,7,8,1,1,0,0,0,1,1,1,0,2,0,0,0,0,0,0.2,0.272,0.339,0.611,0.27,0.07,0.28,0.248,0.139,0.255,0,75,0
"THE BAT","29715","Hunter Goodman","COL",87,299,324,70,39,16,1,13,36,42,18,0,89,4,2,0,2,1,0.235,0.285,0.431,0.715,0.307,0.06,0.27,0.205,0.196,0.285,-0.4,83,0
"THE BAT","31431","Jordan Beck","COL",90,313,344,75,47,17,2,9,39,36,26,0,100,2,2,0,7,2,0.239,0.3,0.392,0.692,0.302,0.07,0.29,0.259,0.153,0.319,0,80,0
"THE BAT","15464","Hunter Renfroe","KCR",99,356,393,80,49,17,0,14,42,48,31,0,84,3,3,1,1,0,0.226,0.291,0.392,0.683,0.298,0.08,0.21,0.367,0.166,0.256,-0.6,89,0
"THE BAT","27599","Jacob Hurtubise","CIN",4,11,13,3,2,0,0,0,1,1,1,0,3,0,0,0,0,0,0.239,0.324,0.323,0.646,0.291,0.09,0.21,0.413,0.084,0.303,0,79,0
"THE BAT","17040","Jose Herrera","ARI",28,82,93,17,13,3,0,1,8,7,8,0,22,1,1,2,1,0,0.211,0.281,0.291,0.572,0.257,0.08,0.23,0.351,0.08,0.272,-0.1,61,0
"THE BAT","sa3004153","Blake Hunt","SEA",4,12,13,2,2,1,0,0,1,1,1,0,4,0,0,0,0,0,0.2,0.251,0.32,0.571,0.252,0.05,0.28,0.194,0.12,0.259,0,67,0
"THE BAT","22505","Buddy Kennedy","PHI",5,13,15,3,2,1,0,0,1,1,1,0,3,0,0,0,0,0,0.225,0.299,0.338,0.636,0.282,0.09,0.22,0.39,0.112,0.278,0,79,0
"THE BAT","16530","Mauricio Dubon","HOU",98,346,369,84,63,16,1,5,35,33,16,0,52,2,3,2,4,1,0.244,0.28,0.334,0.614,0.269,0.04,0.14,0.306,0.09,0.273,-0.4,75,0
"THE BAT","10200","Tucker Barnhart","TEX",8,21,23,4,3,1,0,0,2,2,2,0,6,0,0,0,0,0,0.2,0.274,0.274,0.548,0.248,0.09,0.26,0.32,0.075,0.27,0,58,0
"THE BAT","25971","Kevin Alcantara","CHC",11,34,37,8,6,2,0,1,4,4,2,0,11,0,0,0,1,0,0.239,0.291,0.365,0.656,0.287,0.06,0.29,0.222,0.126,0.319,0,86,0
"THE BAT","19346","Eli White","ATL",13,34,37,8,5,1,0,1,4,3,3,0,11,0,0,0,2,0,0.225,0.287,0.344,0.631,0.279,0.07,0.28,0.245,0.119,0.302,0.1,76,0
"THE BAT","sa3014441","Gage Workman","CHC",29,109,119,23,15,5,1,2,12,11,9,0,42,1,1,0,3,1,0.211,0.272,0.339,0.611,0.268,0.07,0.35,0.203,0.128,0.316,0.1,73,0
"THE BAT","sa3017394","Luca Tresh","KCR",3,9,10,2,1,0,0,0,1,1,1,0,2,0,0,0,0,0,0.22,0.275,0.344,0.619,0.272,0.06,0.26,0.252,0.124,0.279,0,71,0
"THE BAT","15172","Tim Anderson","LAA",20,74,80,19,15,3,0,1,8,6,3,0,19,1,0,0,2,1,0.25,0.286,0.318,0.604,0.267,0.04,0.24,0.173,0.068,0.328,0,70,0
"THE BAT","23296","Jacob Amaya","CHW",5,13,14,3,2,1,0,0,1,1,1,0,4,0,0,0,0,0,0.209,0.269,0.306,0.575,0.256,0.07,0.25,0.286,0.097,0.27,0,63,0
"THE BAT","21547","Coco Montes","TBR",4,11,12,2,2,1,0,0,1,1,1,0,3,0,0,0,0,0,0.22,0.276,0.343,0.619,0.273,0.06,0.28,0.232,0.123,0.289,0,80,0
"THE BAT","29630","Joey Loperfido","TOR",37,124,137,27,18,6,1,3,15,13,10,0,44,2,1,0,3,1,0.22,0.285,0.357,0.643,0.282,0.07,0.32,0.218,0.137,0.311,0,83,0
"THE BAT","15429","Kris Bryant","COL",89,334,377,83,54,17,1,11,42,43,33,0,91,7,3,0,0,0,0.249,0.327,0.407,0.734,0.322,0.09,0.24,0.361,0.158,0.307,-0.7,93,0
"THE BAT","23985","Osleivis Basabe","SFG",3,9,10,2,2,0,0,0,1,1,0,0,2,0,0,0,0,0,0.25,0.29,0.34,0.63,0.276,0.05,0.18,0.269,0.09,0.296,0,78,0
"THE BAT","25813","Grae Kessinger","ARI",17,37,41,8,5,2,0,1,4,4,3,0,11,0,0,0,1,0,0.207,0.272,0.316,0.588,0.261,0.07,0.26,0.285,0.108,0.266,0,64,0
"THE BAT","sa916969","Jesus Bastidas","HOU",2,8,9,2,1,0,0,0,1,1,1,0,2,0,0,0,0,0,0.21,0.271,0.339,0.611,0.269,0.06,0.28,0.218,0.129,0.27,0,74,0
"THE BAT","17838","Willie Calhoun",NA,2,6,7,1,1,0,0,0,1,1,1,0,1,0,0,0,0,0,0.232,0.299,0.351,0.651,0.287,0.08,0.14,0.592,0.119,0.251,0,84,0
"THE BAT","18889","Danny Mendick",NA,30,78,85,17,12,3,0,2,8,8,5,0,19,1,1,0,2,0,0.22,0.271,0.326,0.598,0.264,0.06,0.22,0.259,0.106,0.268,0,69,0
"THE BAT","25040","Vinny Capra","MIL",2,7,7,2,1,0,0,0,1,1,1,0,2,0,0,0,0,0,0.225,0.285,0.321,0.606,0.269,0.07,0.22,0.31,0.096,0.283,0,70,0
"THE BAT","5254","Robbie Grossman",NA,56,181,209,40,27,8,1,4,23,20,25,0,50,2,2,0,2,1,0.222,0.32,0.347,0.667,0.298,0.12,0.24,0.499,0.125,0.279,-0.3,92,0
"THE BAT","19824","Chuckie Robinson","LAA",6,16,17,3,2,1,0,0,1,2,1,0,5,0,0,0,0,0,0.207,0.255,0.299,0.553,0.245,0.05,0.26,0.195,0.092,0.267,0,54,0
"THE BAT","23442","Luis Vazquez","BAL",5,11,12,2,2,0,0,0,1,1,1,0,3,0,0,0,0,0,0.215,0.268,0.321,0.589,0.26,0.06,0.26,0.222,0.106,0.277,0,69,0
"THE BAT","5297","Aaron Hicks",NA,2,6,7,1,1,0,0,0,1,1,1,0,2,0,0,0,0,0,0.224,0.316,0.359,0.675,0.3,0.11,0.24,0.463,0.135,0.28,0,93,0
"THE BAT","24496","DaShawn Keirsey Jr","MIN",25,77,83,17,12,3,0,1,9,7,5,0,22,1,1,0,3,1,0.225,0.278,0.33,0.608,0.268,0.06,0.27,0.225,0.105,0.296,0.1,73,0
"THE BAT","19906","Diego A Castillo",NA,7,15,17,3,2,1,0,0,2,1,1,0,3,0,0,0,0,0,0.221,0.286,0.318,0.604,0.269,0.08,0.18,0.427,0.097,0.261,0,74,0
"THE BAT","22168","Akil Baddoo","DET",11,28,32,6,4,1,0,1,4,3,3,0,9,0,0,0,1,0,0.208,0.286,0.346,0.633,0.279,0.1,0.28,0.347,0.139,0.271,0.1,81,0
"THE BAT","21716","Enmanuel Valdez","PIT",36,112,123,24,15,6,0,3,12,14,9,0,30,1,1,0,1,0,0.217,0.282,0.362,0.644,0.282,0.08,0.24,0.319,0.145,0.262,-0.1,77,0
"THE BAT","25822","Andre Lipcius","CHW",4,9,10,2,1,0,0,0,1,1,1,0,2,0,0,0,0,0,0.221,0.281,0.343,0.624,0.275,0.07,0.24,0.306,0.122,0.273,0,77,0
"THE BAT","14593","David Bote","LAD",3,7,8,2,1,0,0,0,1,1,1,0,2,0,0,0,0,0,0.221,0.282,0.35,0.632,0.278,0.06,0.25,0.263,0.128,0.277,0,79,0
"THE BAT","19292","Armando Alvarez","MIN",4,8,9,2,1,0,0,0,1,1,1,0,2,0,0,0,0,0,0.224,0.274,0.348,0.622,0.273,0.06,0.22,0.286,0.124,0.268,0,76,0
"THE BAT","25867","Ryan Kreidler","DET",8,21,23,4,3,1,0,1,2,2,2,0,7,0,0,0,1,0,0.192,0.263,0.31,0.574,0.256,0.08,0.31,0.246,0.118,0.264,0,65,0
"THE BAT","15055","Dom Nunez","CLE",2,5,6,1,1,0,0,0,1,1,1,0,2,0,0,0,0,0,0.178,0.26,0.297,0.557,0.25,0.09,0.31,0.295,0.119,0.243,0,61,0
"THE BAT","19422","Brian Serven","DET",11,25,28,5,3,1,0,1,2,2,2,0,8,0,0,0,0,0,0.189,0.254,0.296,0.55,0.246,0.07,0.29,0.232,0.107,0.251,0,58,0
"THE BAT","24597","Jonathan Ornelas","TEX",6,16,18,4,3,1,0,0,2,1,1,0,5,0,0,0,0,0,0.218,0.275,0.306,0.581,0.258,0.06,0.27,0.236,0.088,0.293,0,65,0
"THE BAT","20003","Keston Hiura","COL",10,30,33,7,5,1,0,1,4,4,2,0,10,1,0,0,0,0,0.245,0.312,0.43,0.742,0.321,0.07,0.31,0.22,0.185,0.325,0,93,0
"THE BAT","sa3016966","Cooper Bowman","CIN",10,36,40,8,5,2,0,1,4,4,3,0,10,0,0,0,2,0,0.215,0.278,0.34,0.618,0.273,0.07,0.26,0.27,0.125,0.273,0.1,67,0
"THE BAT","14894","Tony Kemp",NA,3,8,9,2,1,0,0,0,1,1,1,0,1,0,0,0,0,0,0.218,0.293,0.292,0.586,0.264,0.09,0.14,0.629,0.074,0.248,0,71,0
"THE BAT","sa1169610","Tyler Callihan","CIN",4,13,14,3,2,1,0,0,2,1,1,0,4,0,0,0,0,0,0.221,0.277,0.352,0.628,0.275,0.06,0.28,0.229,0.131,0.292,0,69,0
"THE BAT","sa3010700","Victor Mesa Jr","MIA",6,21,22,5,3,1,0,0,2,2,1,0,5,0,0,0,0,0,0.226,0.275,0.343,0.618,0.271,0.06,0.23,0.253,0.118,0.28,0,69,0
"THE BAT","20970","Oscar Gonzalez","SDP",23,82,87,20,14,4,0,2,9,9,3,0,20,1,1,0,1,0,0.244,0.278,0.376,0.654,0.283,0.04,0.23,0.172,0.132,0.297,-0.1,84,0
"THE BAT","19458","Cooper Hummel","HOU",3,7,8,2,1,0,0,0,1,1,1,0,2,0,0,0,0,0,0.21,0.297,0.323,0.621,0.278,0.1,0.26,0.375,0.114,0.276,0,81,0
"THE BAT","sa1169598","Matthew Lugo","LAA",5,15,17,4,2,1,0,0,2,2,1,0,4,0,0,0,0,0,0.23,0.28,0.373,0.653,0.284,0.06,0.26,0.213,0.143,0.292,0,82,0
"THE BAT","sa3005478","Carlos D Rodriguez","ATL",4,12,14,3,2,1,0,0,2,1,1,0,2,0,0,0,0,0,0.26,0.312,0.345,0.657,0.29,0.07,0.15,0.467,0.085,0.301,0,84,0
"THE BAT","sa3025385","Nick Kurtz","ATH",15,58,64,12,8,2,0,2,7,6,5,0,18,1,0,0,1,0,0.212,0.284,0.361,0.645,0.283,0.08,0.28,0.287,0.148,0.273,-0.1,87,0
"THE BAT","14366","Joey Meneses","NYM",2,7,8,2,1,0,0,0,1,1,0,0,2,0,0,0,0,0,0.239,0.29,0.353,0.643,0.282,0.06,0.21,0.292,0.114,0.284,0,83,0
"THE BAT","22766","Steward Berroa","TOR",5,11,12,2,2,0,0,0,1,1,1,0,4,0,0,0,1,0,0.209,0.278,0.318,0.597,0.265,0.08,0.29,0.28,0.109,0.287,0.1,72,0
"THE BAT","11615","Brandon Drury","CHW",62,228,249,51,33,10,1,7,26,28,16,0,59,3,2,0,1,0,0.224,0.283,0.367,0.65,0.285,0.07,0.24,0.276,0.143,0.27,-0.4,83,0
"THE BAT","sa3017215","Quincy Hamilton","HOU",3,9,10,2,1,0,0,0,1,1,1,0,3,0,0,0,0,0,0.203,0.274,0.327,0.601,0.267,0.08,0.26,0.305,0.125,0.256,0,73,0
"THE BAT","23395","Eric Wagaman","MIA",29,107,116,25,17,6,0,3,12,13,7,0,24,1,1,0,1,0,0.238,0.287,0.379,0.666,0.29,0.06,0.21,0.289,0.141,0.28,-0.1,82,0
"THE BAT","26374","Kameron Misner","TBR",20,59,66,12,7,3,0,1,7,6,6,0,23,1,0,0,2,0,0.194,0.272,0.321,0.593,0.264,0.09,0.35,0.256,0.126,0.287,0.1,74,0
"THE BAT","15653","Dominic Smith","NYY",4,13,14,3,2,1,0,0,1,1,1,0,3,0,0,0,0,0,0.223,0.296,0.339,0.635,0.282,0.08,0.22,0.361,0.115,0.272,0,82,0
"THE BAT","sa3015648","Yanquiel Fernandez","COL",0,11,12,3,2,1,0,0,1,1,1,0,3,0,0,0,0,0,0.248,0.294,0.387,0.681,0.294,0.06,0.22,0.252,0.139,0.301,0,74,0
"THE BAT","22165","Ryan Vilade","STL",4,10,11,2,2,0,0,0,1,1,1,0,3,0,0,0,0,0,0.223,0.28,0.328,0.608,0.268,0.07,0.25,0.262,0.104,0.289,0,71,0
"THE BAT","13768","Travis Jankowski",NA,55,150,167,34,27,5,1,1,18,10,14,0,35,1,1,1,8,2,0.227,0.299,0.283,0.582,0.263,0.09,0.21,0.416,0.056,0.289,0.4,68,0
"THE BAT","20233","Gilberto Celestino","NYM",4,9,10,2,2,0,0,0,1,1,1,0,2,0,0,0,0,0,0.236,0.296,0.313,0.609,0.272,0.07,0.21,0.34,0.078,0.298,0,70,0
"THE BAT","25817","Braden Shewmake","NYY",5,14,15,3,2,1,0,0,1,1,1,0,3,0,0,0,0,0,0.202,0.246,0.31,0.556,0.244,0.05,0.23,0.217,0.108,0.245,0,56,0
"THE BAT","15279","Garrett Cooper","ATL",13,42,46,10,7,2,0,1,5,5,3,0,13,1,0,0,0,0,0.241,0.306,0.373,0.678,0.299,0.07,0.27,0.271,0.132,0.316,-0.1,89,0
"THE BAT","sa3014834","Matt Koperniak","STL",5,18,19,4,3,1,0,0,2,2,1,0,4,0,0,0,0,0,0.233,0.284,0.338,0.623,0.274,0.06,0.22,0.274,0.106,0.283,0,76,0
"THE BAT","sa3009845","Kenedy Corona","HOU",4,14,15,3,2,1,0,0,2,1,1,0,4,0,0,0,0,0,0.21,0.27,0.322,0.592,0.261,0.06,0.28,0.23,0.112,0.28,0,69,0
"THE BAT","20450","Brewer Hicklen","MIL",5,10,12,2,1,0,0,0,1,1,1,0,4,0,0,0,1,0,0.202,0.277,0.347,0.624,0.274,0.08,0.35,0.221,0.145,0.289,0.1,74,0
"THE BAT","22557","Michael Siani","STL",72,217,242,45,33,7,1,3,25,14,18,0,63,2,1,3,11,2,0.205,0.272,0.287,0.559,0.251,0.08,0.26,0.294,0.081,0.274,0.7,60,0
"THE BAT","25505","Cade Marlowe","SEA",5,13,14,2,2,0,0,0,1,1,1,0,5,0,0,0,1,0,0.19,0.258,0.305,0.564,0.25,0.08,0.35,0.218,0.116,0.279,0,66,0
"THE BAT","22232","Mason McCoy","SDP",9,26,28,5,4,1,0,0,3,2,2,0,9,0,0,0,1,0,0.193,0.247,0.28,0.527,0.235,0.06,0.32,0.191,0.087,0.279,0,51,0
"THE BAT","15730","Tyler Wade","SDP",61,161,179,34,26,6,1,1,20,9,13,0,43,2,1,3,11,3,0.212,0.275,0.277,0.552,0.248,0.07,0.24,0.29,0.065,0.282,0.8,60,0
"THE BAT","19890","Emmanuel Rivera","BAL",37,108,119,25,17,5,0,3,12,12,9,0,26,1,1,0,0,0,0.23,0.291,0.356,0.647,0.285,0.07,0.22,0.336,0.126,0.275,-0.2,87,0
"THE BAT","13663","Jack Lopez","SEA",4,10,11,2,1,0,0,0,1,1,0,0,3,0,0,0,0,0,0.203,0.245,0.297,0.542,0.239,0.04,0.32,0.139,0.094,0.286,0,50,0
"THE BAT","25705","Dustin Harris","TEX",10,33,37,7,5,2,0,1,4,3,3,0,9,0,0,0,1,0,0.22,0.285,0.341,0.626,0.275,0.07,0.25,0.297,0.122,0.28,0,77,0
"THE BAT","sa3010704","Sammy Siani","PIT",4,12,13,3,2,1,0,0,1,1,1,0,4,0,0,0,0,0,0.219,0.282,0.316,0.598,0.266,0.07,0.27,0.274,0.097,0.294,0,66,0
"THE BAT","sa3014516","Zac Veen","COL",13,45,49,11,7,2,0,1,6,4,4,0,13,0,0,0,2,1,0.237,0.3,0.369,0.668,0.293,0.08,0.26,0.292,0.132,0.307,0.1,74,0
"THE BAT","29912","Darren Baker","WSN",9,31,33,7,6,1,0,0,3,2,2,0,7,0,0,0,1,0,0.242,0.286,0.3,0.587,0.261,0.06,0.21,0.27,0.059,0.307,0,65,0
"THE BAT","27501","Justin Foscue","TEX",6,17,19,4,2,1,0,0,2,2,2,0,4,0,0,0,0,0,0.214,0.287,0.345,0.632,0.28,0.08,0.21,0.381,0.131,0.252,0,81,0
"THE BAT","31396","Tyler Locklear","SEA",29,97,108,21,14,4,0,3,10,11,8,0,32,2,1,0,1,0,0.214,0.288,0.347,0.635,0.28,0.08,0.29,0.261,0.134,0.284,-0.1,87,0
"THE BAT","27781","Pedro Leon","HOU",33,110,121,22,15,4,0,3,13,10,8,0,40,2,1,1,4,1,0.202,0.266,0.327,0.593,0.263,0.06,0.33,0.195,0.125,0.283,0.2,70,0
"THE BAT","24782","David Villar","SFG",9,25,28,5,3,1,0,1,3,3,2,0,8,0,0,0,0,0,0.215,0.284,0.352,0.636,0.281,0.07,0.3,0.251,0.137,0.287,0,80,0
"THE BAT","20543","Elehuris Montero",NA,10,32,36,8,5,2,0,1,4,4,2,0,10,0,0,0,0,0,0.241,0.301,0.403,0.704,0.306,0.07,0.27,0.261,0.162,0.304,-0.1,82,0
"THE BAT","23312","Ryan Noda","LAA",16,52,61,10,6,2,0,2,7,6,7,0,21,1,0,0,1,0,0.19,0.3,0.344,0.645,0.289,0.12,0.34,0.351,0.154,0.27,-0.1,85,0
"THE BAT","20557","CJ Alexander","ATH",7,20,21,4,3,1,0,1,2,2,1,0,6,0,0,0,0,0,0.204,0.248,0.344,0.592,0.258,0.05,0.28,0.183,0.14,0.258,0,69,0
"THE BAT","20404","Jared Young","NYM",9,29,32,6,4,1,0,1,3,3,3,0,9,0,0,0,0,0,0.212,0.285,0.344,0.629,0.278,0.08,0.27,0.289,0.132,0.274,0,80,0
"THE BAT","20572","Kody Clemens","PHI",18,55,59,11,7,2,0,2,6,7,4,0,15,0,0,0,1,0,0.209,0.263,0.361,0.624,0.272,0.06,0.26,0.242,0.152,0.254,-0.1,72,0
"THE BAT","19717","Darick Hall","PIT",2,6,7,1,1,0,0,0,1,1,0,0,2,0,0,0,0,0,0.209,0.272,0.339,0.611,0.268,0.07,0.25,0.278,0.13,0.258,0,68,0
"THE BAT","sa3014701","Robert Hassell III","WSN",10,36,39,8,6,2,0,1,4,3,3,0,10,0,0,0,1,0,0.227,0.288,0.322,0.61,0.27,0.07,0.26,0.279,0.095,0.302,0,72,0
"THE BAT","25524","Aaron Schunk","COL",21,62,67,15,10,3,0,1,7,6,3,0,17,1,0,0,1,0,0.238,0.28,0.359,0.639,0.278,0.05,0.25,0.199,0.121,0.304,0,64,0
"THE BAT","20054","Bligh Madris","DET",9,28,31,6,4,1,0,1,3,3,3,0,8,0,0,0,1,0,0.207,0.276,0.34,0.616,0.271,0.08,0.27,0.306,0.133,0.265,0,76,0
"THE BAT","25690","Grant McCray","SFG",47,161,176,34,22,7,1,4,20,15,13,0,60,2,1,0,6,1,0.212,0.275,0.334,0.61,0.269,0.07,0.34,0.213,0.123,0.312,0.4,73,0
"THE BAT","21682","Luis De Los Santos","NYM",14,44,48,9,6,2,0,1,4,4,3,0,13,0,0,0,0,0,0.205,0.26,0.307,0.567,0.252,0.06,0.26,0.235,0.103,0.265,-0.1,63,0
"THE BAT","sa3022757","Bryce Eldridge","SFG",23,79,88,18,12,4,0,2,9,10,7,1,25,1,1,0,1,0,0.23,0.297,0.377,0.674,0.293,0.08,0.29,0.282,0.147,0.303,-0.1,89,0
"THE BAT","27690","Joey Wiemer","KCR",36,101,112,21,14,5,0,2,12,10,9,0,32,1,1,0,2,1,0.208,0.281,0.33,0.611,0.271,0.08,0.28,0.293,0.123,0.276,0,70,0
"THE BAT","15194","Jake Bauers","MIL",42,132,150,27,15,6,0,5,17,18,16,0,48,1,1,0,4,1,0.203,0.293,0.375,0.668,0.294,0.1,0.32,0.331,0.172,0.268,0.1,87,0
"THE BATX","sa3020713","Colby Thomas","ATH",26,92,99,20,12,5,0,3,11,10,5,0,30,1,1,0,2,0,0.218,0.265,0.379,0.644,0.28,0.05,0.3,0.161,0.161,0.282,0.1,84,0
"THE BATX","12164","Miguel Sano",NA,22,72,82,16,9,3,0,4,10,11,8,0,28,1,0,0,0,0,0.214,0.299,0.414,0.713,0.311,0.1,0.34,0.289,0.2,0.287,-0.1,101,0
"THE BATX","23986","Curtis Mead","TBR",13,48,52,12,8,3,0,1,5,5,3,0,10,1,0,0,1,0,0.246,0.296,0.379,0.675,0.294,0.06,0.19,0.293,0.133,0.286,-0.1,95,0
"THE BATX","sa3005511","Jorbit Vivas","NYY",6,21,24,5,3,1,0,0,2,2,2,0,4,0,0,0,1,0,0.228,0.3,0.337,0.637,0.283,0.07,0.16,0.46,0.109,0.261,0,83,0
"THE BATX","sa3014461","Petey Halpin","CLE",9,30,33,7,5,1,0,1,3,3,2,0,9,0,0,0,1,0,0.225,0.281,0.347,0.628,0.276,0.07,0.26,0.259,0.122,0.29,0,79,0
"THE BATX","25477","Isaac Collins","MIL",20,54,61,12,8,3,0,1,6,6,6,0,14,1,0,0,2,0,0.218,0.296,0.334,0.63,0.28,0.09,0.23,0.388,0.116,0.273,0.1,78,0
"THE BATX","sa3014441","Gage Workman","CHC",29,109,119,23,15,5,1,2,13,11,9,0,42,1,1,0,3,1,0.211,0.272,0.339,0.611,0.268,0.07,0.35,0.203,0.128,0.316,0.3,73,0
"THE BATX","29487","Blake Dunn","CIN",7,16,18,4,3,1,0,0,2,2,1,0,5,0,0,0,1,0,0.226,0.295,0.349,0.644,0.285,0.07,0.3,0.233,0.124,0.308,0.1,75,0
"THE BATX","15674","Reese McGuire","CHC",12,39,43,8,6,1,0,1,4,3,3,0,11,0,0,1,0,0,0.205,0.266,0.287,0.553,0.248,0.07,0.26,0.254,0.082,0.274,-0.1,59,0
"THE BATX","16219","JD Davis","LAA",28,95,106,21,14,4,0,3,11,11,9,0,32,2,1,0,0,0,0.226,0.304,0.367,0.671,0.297,0.09,0.3,0.29,0.142,0.304,-0.2,91,0
"THE BATX","24759","Mickey Gasper","MIN",17,27,31,7,5,1,0,1,3,3,3,0,5,1,0,0,0,0,0.242,0.324,0.364,0.688,0.305,0.09,0.17,0.531,0.122,0.28,0,99,0
"THE BATX","20536","Vidal Brujan","CHC",33,103,113,23,16,5,1,1,12,9,8,0,23,1,1,0,5,1,0.221,0.283,0.313,0.596,0.264,0.07,0.2,0.348,0.092,0.271,0.2,70,0
"THE BATX","24273","Liover Peguero","PIT",15,52,56,12,8,2,0,1,6,5,3,0,15,0,0,0,1,0,0.229,0.275,0.338,0.614,0.269,0.06,0.26,0.207,0.109,0.3,0,68,0
"THE BATX","sa3022864","Jonathon Long","CHC",10,32,36,8,5,1,0,1,4,4,3,0,9,0,0,0,0,0,0.238,0.313,0.386,0.699,0.306,0.09,0.24,0.362,0.148,0.291,-0.1,98,0
"THE BATX","25813","Grae Kessinger","ARI",17,37,41,8,5,2,0,1,4,4,3,0,11,0,0,0,1,0,0.214,0.278,0.33,0.609,0.269,0.07,0.26,0.286,0.117,0.273,0,69,0
"THE BATX","19260","Jake Fraley","CIN",103,356,397,86,60,18,2,6,46,35,33,1,78,5,3,0,17,4,0.241,0.312,0.356,0.668,0.295,0.08,0.2,0.427,0.115,0.29,0.8,82,0
"THE BATX","19906","Diego A Castillo",NA,7,15,17,4,2,1,0,0,2,2,1,0,3,0,0,0,0,0,0.234,0.298,0.361,0.659,0.29,0.08,0.18,0.429,0.128,0.269,0,88,0
"THE BATX","15730","Tyler Wade","SDP",61,161,179,34,27,6,1,1,20,9,13,0,43,2,1,3,12,2,0.214,0.276,0.279,0.555,0.249,0.07,0.24,0.291,0.065,0.284,1.2,61,0
"THE BATX","sa3015713","Moises Ballesteros","CHC",12,38,41,9,6,2,0,1,4,5,3,0,8,0,0,0,0,0,0.246,0.302,0.385,0.687,0.299,0.07,0.2,0.344,0.139,0.289,-0.1,93,0
"THE BATX","sa3016970","Tim Tawa","ARI",16,57,62,13,9,3,0,1,6,7,4,0,16,0,0,0,1,0,0.225,0.277,0.351,0.629,0.276,0.06,0.26,0.24,0.126,0.284,0,74,0
"THE BATX","20970","Oscar Gonzalez","SDP",23,82,87,20,14,4,0,2,9,10,3,0,20,1,1,0,1,0,0.248,0.282,0.384,0.666,0.288,0.04,0.23,0.171,0.136,0.302,-0.1,87,0
"THE BATX","15172","Tim Anderson","LAA",20,74,80,19,15,3,0,1,8,6,3,0,19,1,0,0,2,1,0.252,0.287,0.327,0.614,0.271,0.04,0.24,0.176,0.075,0.328,0,72,0
"THE BATX","23395","Eric Wagaman","MIA",29,107,116,26,17,6,0,3,12,13,7,0,25,1,1,0,1,0,0.243,0.291,0.387,0.678,0.294,0.06,0.21,0.28,0.144,0.286,-0.1,85,0
"THE BATX","23695","Everson Pereira","NYY",10,37,41,8,5,2,0,1,4,4,3,0,13,0,0,0,1,0,0.222,0.279,0.366,0.645,0.282,0.06,0.33,0.195,0.145,0.308,0,82,0
"THE BATX","sa3017627","Harry Ford","SEA",3,7,8,1,1,0,0,0,1,1,1,0,2,0,0,0,0,0,0.217,0.304,0.335,0.639,0.286,0.1,0.25,0.392,0.118,0.278,0,91,0
"THE BATX","22168","Akil Baddoo","DET",11,28,32,6,4,1,0,1,4,3,3,0,9,0,0,0,1,0,0.213,0.293,0.362,0.655,0.288,0.1,0.28,0.355,0.149,0.275,0.1,88,0
"THE BATX","22530","Johnathan Rodriguez","CLE",4,11,12,3,2,0,0,0,1,1,1,0,4,0,0,0,0,0,0.231,0.294,0.37,0.664,0.291,0.07,0.3,0.249,0.139,0.312,0,90,0
"THE BATX","19346","Eli White","ATL",13,34,37,8,5,1,0,1,5,3,3,0,11,0,0,0,2,0,0.229,0.291,0.351,0.641,0.283,0.07,0.29,0.242,0.122,0.308,0.1,79,0
"THE BATX","6887","Martin Maldonado","SDP",20,62,71,11,7,2,0,2,6,7,5,0,24,1,0,1,0,0,0.181,0.248,0.316,0.564,0.25,0.07,0.34,0.207,0.135,0.249,-0.1,62,0
"THE BATX","19931","Luke Williams","ATL",20,49,54,11,7,2,0,1,6,4,3,0,15,0,0,0,2,1,0.217,0.272,0.334,0.606,0.267,0.06,0.28,0.234,0.117,0.285,0.1,68,0
"THE BATX","17954","Sam Hilliard","COL",74,225,250,49,29,9,2,9,30,27,22,1,81,1,1,1,7,1,0.22,0.291,0.4,0.691,0.3,0.09,0.32,0.265,0.18,0.297,0.4,79,0
"THE BATX","24496","DaShawn Keirsey Jr","MIN",25,77,83,17,12,3,0,1,9,7,5,0,22,1,1,0,3,1,0.225,0.278,0.331,0.608,0.268,0.06,0.27,0.225,0.106,0.296,0.3,73,0
"THE BATX","19698","Edward Olivares",NA,10,27,29,7,5,1,0,1,3,3,2,0,5,0,0,0,1,0,0.25,0.305,0.381,0.686,0.301,0.06,0.18,0.346,0.131,0.286,0,89,0
"THE BATX","17837","Jakson Reetz","NYM",3,7,8,1,1,0,0,0,1,1,1,0,2,0,0,0,0,0,0.2,0.272,0.339,0.612,0.27,0.07,0.28,0.248,0.14,0.255,0,75,0
"THE BATX","22505","Buddy Kennedy","PHI",5,13,15,3,2,1,0,0,1,1,1,0,3,0,0,0,0,0,0.23,0.303,0.347,0.65,0.287,0.09,0.22,0.387,0.117,0.284,0,82,0
"THE BATX","27599","Jacob Hurtubise","CIN",4,11,13,3,2,0,0,0,1,1,1,0,3,0,0,0,0,0,0.24,0.324,0.327,0.651,0.293,0.09,0.21,0.411,0.088,0.303,0,80,0
"THE BATX","19960","Taylor Trammell","HOU",102,235,265,47,29,9,1,8,31,26,24,0,83,3,2,1,7,2,0.201,0.282,0.354,0.636,0.281,0.09,0.31,0.295,0.153,0.268,0.2,83,0
"THE BATX","13768","Travis Jankowski",NA,55,150,167,34,27,6,1,1,18,10,14,0,35,1,1,1,8,2,0.228,0.299,0.289,0.588,0.265,0.09,0.21,0.41,0.061,0.29,0.5,69,0
"THE BATX","25971","Kevin Alcantara","CHC",11,34,37,8,6,2,0,1,4,4,2,0,11,0,0,0,1,0,0.239,0.291,0.366,0.657,0.287,0.06,0.29,0.222,0.127,0.319,0,86,0
"THE BATX","13853","Joey Wendle",NA,28,87,94,21,15,4,1,1,10,7,5,0,19,1,1,0,3,1,0.236,0.28,0.317,0.597,0.263,0.05,0.2,0.234,0.081,0.295,0.1,68,0
"THE BATX","18889","Danny Mendick",NA,30,78,85,17,12,3,0,2,8,8,5,0,19,1,1,0,2,0,0.221,0.272,0.33,0.602,0.266,0.06,0.22,0.258,0.108,0.269,0,70,0
"THE BATX","23296","Jacob Amaya","CHW",5,13,14,3,2,1,0,0,1,1,1,0,4,0,0,0,0,0,0.212,0.273,0.311,0.584,0.26,0.07,0.25,0.286,0.099,0.275,0,66,0
"THE BATX","sa3004153","Blake Hunt","SEA",4,12,13,2,2,1,0,0,1,1,1,0,4,0,0,0,0,0,0.2,0.251,0.321,0.572,0.252,0.05,0.28,0.194,0.121,0.259,0,67,0
"THE BATX","14593","David Bote","LAD",3,7,8,2,1,0,0,0,1,1,1,0,2,0,0,0,0,0,0.229,0.288,0.38,0.668,0.292,0.06,0.25,0.26,0.151,0.279,0,88,0
"THE BATX","20003","Keston Hiura","COL",10,30,33,7,4,1,0,1,4,4,2,0,10,1,0,0,0,0,0.247,0.313,0.443,0.756,0.326,0.07,0.31,0.22,0.196,0.324,0,96,0
"THE BATX","23985","Osleivis Basabe","SFG",3,9,10,2,2,0,0,0,1,1,0,0,2,0,0,0,0,0,0.254,0.292,0.348,0.64,0.281,0.04,0.18,0.257,0.094,0.301,0,81,0
"THE BATX","21547","Coco Montes","TBR",4,11,12,2,2,1,0,0,1,1,1,0,3,0,0,0,0,0,0.22,0.276,0.343,0.62,0.273,0.06,0.28,0.232,0.124,0.289,0,80,0
"THE BATX","sa3017394","Luca Tresh","KCR",3,9,10,2,1,0,0,0,1,1,1,0,2,0,0,0,0,0,0.22,0.275,0.344,0.619,0.272,0.06,0.26,0.252,0.124,0.279,0,71,0
"THE BATX","20572","Kody Clemens","PHI",18,54,59,12,7,3,0,2,6,7,4,0,15,0,0,0,1,0,0.215,0.27,0.377,0.648,0.281,0.07,0.26,0.255,0.162,0.259,0,79,0
"THE BATX","sa916969","Jesus Bastidas","HOU",2,8,9,2,1,0,0,0,1,1,1,0,2,0,0,0,0,0,0.211,0.271,0.34,0.611,0.269,0.06,0.28,0.218,0.129,0.27,0,75,0
"THE BATX","15271","Austin Wynns","CIN",10,28,31,6,4,1,0,1,3,3,2,0,8,0,0,0,0,0,0.213,0.268,0.311,0.579,0.258,0.06,0.26,0.237,0.098,0.273,-0.1,57,0
"THE BATX","10200","Tucker Barnhart","TEX",8,21,23,4,3,1,0,0,2,2,2,0,6,0,0,0,0,0,0.197,0.272,0.269,0.541,0.246,0.09,0.26,0.322,0.072,0.266,0,57,0
"THE BATX","25040","Vinny Capra","MIL",2,7,7,2,1,0,0,0,1,1,1,0,2,0,0,0,0,0,0.225,0.285,0.321,0.606,0.269,0.07,0.22,0.31,0.096,0.282,0,70,0
"THE BATX","sa3016966","Cooper Bowman","CIN",10,36,40,8,5,2,0,1,4,4,3,0,10,0,0,0,2,0,0.215,0.278,0.341,0.619,0.273,0.07,0.26,0.27,0.125,0.273,0.2,67,0
"THE BATX","23442","Luis Vazquez","BAL",5,11,12,2,2,0,0,0,1,1,1,0,3,0,0,0,0,0,0.215,0.268,0.321,0.589,0.26,0.06,0.26,0.222,0.106,0.277,0,69,0
"THE BATX","17838","Willie Calhoun",NA,2,6,7,1,1,0,0,0,1,1,1,0,1,0,0,0,0,0,0.23,0.297,0.348,0.645,0.285,0.08,0.14,0.583,0.118,0.249,0,82,0
"THE BATX","15055","Dom Nunez","CLE",2,5,6,1,1,0,0,0,1,1,1,0,2,0,0,0,0,0,0.181,0.264,0.315,0.579,0.258,0.09,0.32,0.298,0.133,0.242,0,67,0
"THE BATX","19824","Chuckie Robinson","LAA",6,16,17,3,3,1,0,0,1,1,1,0,5,0,0,0,0,0,0.207,0.254,0.297,0.552,0.244,0.05,0.26,0.193,0.09,0.268,0,54,0
"THE BATX","25822","Andre Lipcius","CHW",4,9,10,2,1,0,0,0,1,1,1,0,2,0,0,0,0,0,0.221,0.281,0.344,0.625,0.275,0.07,0.24,0.306,0.123,0.272,0,77,0
"THE BATX","19292","Armando Alvarez","MIN",4,8,9,2,1,0,0,0,1,1,1,0,2,0,0,0,0,0,0.224,0.274,0.349,0.623,0.273,0.06,0.22,0.286,0.125,0.267,0,76,0
"THE BATX","25425","Austin Shenton","SEA",20,61,68,13,8,3,0,2,6,7,6,0,22,1,0,0,0,0,0.205,0.285,0.335,0.619,0.275,0.09,0.32,0.287,0.129,0.286,-0.1,84,0
"THE BATX","24597","Jonathan Ornelas","TEX",6,16,18,4,3,1,0,0,2,1,1,0,5,0,0,0,0,0,0.218,0.275,0.306,0.582,0.258,0.06,0.27,0.236,0.088,0.293,0,65,0
"THE BATX","19458","Cooper Hummel","HOU",3,7,8,2,1,0,0,0,1,1,1,0,2,0,0,0,0,0,0.215,0.303,0.339,0.641,0.286,0.1,0.26,0.376,0.124,0.28,0,87,0
"THE BATX","25867","Ryan Kreidler","DET",8,21,23,4,3,1,0,0,2,2,2,0,7,0,0,0,1,0,0.193,0.264,0.308,0.572,0.256,0.08,0.31,0.247,0.115,0.266,0,65,0
"THE BATX","sa1169610","Tyler Callihan","CIN",4,13,14,3,2,1,0,0,2,1,1,0,4,0,0,0,0,0,0.221,0.277,0.352,0.629,0.276,0.06,0.28,0.229,0.131,0.291,0,69,0
"THE BATX","5297","Aaron Hicks",NA,2,6,7,1,1,0,0,0,1,1,1,0,2,0,0,0,0,0,0.218,0.309,0.337,0.646,0.289,0.11,0.25,0.451,0.119,0.277,0,85,0
"THE BATX","sa3010700","Victor Mesa Jr","MIA",6,21,22,5,3,1,0,0,2,2,1,0,5,0,0,0,0,0,0.226,0.275,0.344,0.619,0.271,0.06,0.23,0.253,0.118,0.279,0,69,0
"THE BATX","sa1169598","Matthew Lugo","LAA",5,15,17,4,2,1,0,0,2,2,1,0,4,0,0,0,0,0,0.23,0.28,0.373,0.653,0.284,0.06,0.26,0.213,0.143,0.291,0,82,0
"THE BATX","sa3005478","Carlos D Rodriguez","ATL",4,12,14,3,2,1,0,0,2,1,1,0,2,0,0,0,0,0,0.26,0.313,0.345,0.658,0.29,0.07,0.15,0.467,0.085,0.301,0,84,0
"THE BATX","26374","Kameron Misner","TBR",20,59,66,12,7,3,0,1,7,6,6,0,23,1,0,0,2,0,0.194,0.272,0.321,0.594,0.264,0.09,0.35,0.256,0.127,0.287,0.2,74,0
"THE BATX","sa3025385","Nick Kurtz","ATH",15,58,64,12,8,2,0,2,7,6,5,0,18,1,0,0,1,0,0.212,0.284,0.361,0.645,0.283,0.08,0.28,0.287,0.149,0.273,0,87,0
"THE BATX","25690","Grant McCray","SFG",47,161,176,34,22,7,1,4,20,15,13,0,61,2,1,0,7,1,0.213,0.276,0.338,0.614,0.271,0.07,0.34,0.213,0.125,0.313,0.6,74,0
"THE BATX","22766","Steward Berroa","TOR",5,11,12,2,2,0,0,0,1,1,1,0,4,0,0,0,1,0,0.209,0.278,0.319,0.597,0.265,0.08,0.29,0.28,0.11,0.287,0.1,72,0
"THE BATX","27781","Pedro Leon","HOU",33,110,121,22,15,4,0,3,13,10,8,0,40,2,1,1,4,1,0.202,0.266,0.327,0.593,0.263,0.06,0.33,0.195,0.126,0.283,0.4,70,0
"THE BATX","15653","Dominic Smith","NYY",4,13,14,3,2,1,0,0,1,1,1,0,3,0,0,0,0,0,0.224,0.297,0.356,0.653,0.289,0.08,0.22,0.363,0.132,0.268,0,87,0
"THE BATX","14894","Tony Kemp",NA,3,8,9,2,1,0,0,0,1,1,1,0,1,0,0,0,0,0,0.215,0.289,0.278,0.567,0.257,0.08,0.14,0.616,0.063,0.246,0,65,0
"THE BATX","19422","Brian Serven","DET",11,25,28,5,3,1,0,0,2,2,2,0,8,0,0,0,0,0,0.187,0.252,0.288,0.539,0.242,0.07,0.29,0.23,0.1,0.252,0,55,0
"THE BATX","15279","Garrett Cooper","ATL",13,42,46,10,7,2,0,1,5,5,3,0,13,1,0,0,0,0,0.243,0.307,0.381,0.688,0.302,0.07,0.28,0.266,0.138,0.318,-0.1,92,0
"THE BATX","14366","Joey Meneses","NYM",2,7,8,2,1,0,0,0,1,1,0,0,2,0,0,0,0,0,0.239,0.287,0.36,0.647,0.283,0.06,0.2,0.283,0.121,0.28,0,84,0
"THE BATX","14274","Mitch Haniger","SEA",83,297,332,63,40,12,0,11,32,38,29,0,93,4,2,0,0,0,0.212,0.287,0.363,0.651,0.287,0.09,0.28,0.306,0.152,0.267,-0.6,92,0
"THE BATX","22557","Michael Siani","STL",72,217,242,45,34,7,1,2,25,14,19,0,63,2,1,3,11,2,0.207,0.275,0.283,0.557,0.251,0.08,0.26,0.297,0.075,0.279,0.9,60,0
"THE BATX","sa3017215","Quincy Hamilton","HOU",3,9,10,2,1,0,0,0,1,1,1,0,3,0,0,0,0,0,0.203,0.274,0.328,0.602,0.267,0.08,0.26,0.305,0.125,0.256,0,73,0
"THE BATX","17040","Jose Herrera","ARI",28,82,93,17,13,3,0,1,8,6,8,0,22,1,1,2,1,0,0.209,0.281,0.281,0.562,0.254,0.08,0.23,0.353,0.072,0.273,-0.1,59,0
"THE BATX","25817","Braden Shewmake","NYY",5,14,15,3,2,1,0,0,1,1,1,0,3,0,0,0,0,0,0.206,0.249,0.321,0.57,0.25,0.05,0.23,0.213,0.116,0.248,0,60,0
"THE BATX","17696","Kevin Newman","LAA",71,238,257,57,44,10,1,2,25,19,13,0,42,2,2,2,5,2,0.238,0.279,0.315,0.595,0.263,0.05,0.16,0.305,0.077,0.279,-0.1,67,0
"THE BATX","22165","Ryan Vilade","STL",4,10,11,2,2,0,0,0,1,1,1,0,3,0,0,0,0,0,0.225,0.282,0.331,0.612,0.27,0.07,0.26,0.262,0.105,0.292,0,73,0
"THE BATX","sa3015648","Yanquiel Fernandez","COL",0,11,12,3,2,1,0,0,1,1,1,0,3,0,0,0,0,0,0.248,0.294,0.388,0.681,0.294,0.06,0.22,0.252,0.14,0.301,0,74,0
"THE BATX","sa3014516","Zac Veen","COL",13,45,49,11,7,2,0,1,6,4,4,0,13,0,0,0,2,0,0.237,0.3,0.369,0.669,0.293,0.08,0.26,0.292,0.132,0.307,0.3,74,0
"THE BATX","25705","Dustin Harris","TEX",10,33,37,7,5,2,0,1,4,3,3,0,9,0,0,0,1,0,0.22,0.285,0.342,0.627,0.275,0.07,0.25,0.297,0.122,0.28,0.1,78,0
"THE BATX","22232","Mason McCoy","SDP",9,26,28,5,4,1,0,0,3,2,2,0,9,0,0,0,1,0,0.196,0.249,0.284,0.533,0.237,0.06,0.32,0.19,0.088,0.283,0,53,0
"THE BATX","20543","Elehuris Montero",NA,10,32,36,8,5,2,0,1,4,5,2,0,10,0,0,0,0,0,0.242,0.3,0.416,0.717,0.31,0.07,0.27,0.257,0.175,0.298,-0.1,85,0
"THE BATX","20233","Gilberto Celestino","NYM",4,9,10,2,2,0,0,0,1,1,1,0,2,0,0,0,0,0,0.235,0.295,0.315,0.61,0.272,0.07,0.21,0.335,0.079,0.297,0,70,0
"THE BATX","sa3009845","Kenedy Corona","HOU",4,14,15,3,2,1,0,0,2,1,1,0,4,0,0,0,1,0,0.21,0.27,0.323,0.592,0.261,0.06,0.28,0.23,0.112,0.28,0,69,0
"THE BATX","20450","Brewer Hicklen","MIL",5,10,12,2,1,0,0,0,1,1,1,0,4,0,0,0,1,0,0.202,0.277,0.348,0.624,0.274,0.08,0.35,0.221,0.146,0.289,0.1,74,0
"THE BATX","25505","Cade Marlowe","SEA",5,13,14,2,2,0,0,0,1,1,1,0,5,0,0,0,1,0,0.191,0.26,0.309,0.568,0.252,0.08,0.35,0.219,0.118,0.281,0,67,0
"THE BATX","sa3014834","Matt Koperniak","STL",5,18,19,4,3,1,0,0,2,2,1,0,4,0,0,0,0,0,0.233,0.284,0.339,0.623,0.275,0.06,0.22,0.274,0.106,0.283,0,76,0
"THE BATX","24782","David Villar","SFG",9,25,28,6,4,1,0,1,3,3,2,0,8,0,0,0,0,0,0.218,0.287,0.361,0.648,0.285,0.07,0.3,0.249,0.144,0.289,0,84,0
"THE BATX","29912","Darren Baker","WSN",9,31,33,7,6,1,0,0,3,2,2,0,7,0,0,0,1,0,0.242,0.286,0.301,0.588,0.261,0.06,0.21,0.27,0.059,0.307,0.1,66,0
"THE BATX","31396","Tyler Locklear","SEA",29,97,108,21,14,4,0,3,10,11,8,0,32,2,1,0,1,0,0.214,0.288,0.348,0.636,0.28,0.08,0.29,0.261,0.134,0.284,0,87,0
"THE BATX","13663","Jack Lopez","SEA",4,10,11,2,1,0,0,0,1,1,0,0,3,0,0,0,0,0,0.205,0.246,0.3,0.546,0.241,0.04,0.32,0.136,0.096,0.288,0,51,0
"THE BATX","27604","Alika Williams","PIT",21,62,67,14,10,3,0,1,6,6,4,0,15,1,1,1,1,0,0.231,0.281,0.325,0.607,0.268,0.06,0.22,0.264,0.094,0.289,-0.1,67,0
"THE BATX","sa3010704","Sammy Siani","PIT",4,12,13,3,2,1,0,0,1,1,1,0,4,0,0,0,0,0,0.219,0.282,0.317,0.599,0.266,0.07,0.27,0.274,0.098,0.293,0,66,0
"THE BATX","20404","Jared Young","NYM",9,29,32,6,4,1,0,1,3,3,2,0,9,0,0,0,0,0,0.215,0.286,0.349,0.636,0.281,0.08,0.27,0.285,0.134,0.278,0,82,0
"THE BATX","27501","Justin Foscue","TEX",6,17,19,4,2,1,0,0,2,2,2,0,4,0,0,0,0,0,0.214,0.287,0.345,0.633,0.28,0.08,0.21,0.381,0.131,0.251,0,81,0
"THE BATX","23312","Ryan Noda","LAA",16,52,61,10,6,2,0,2,7,6,7,0,21,1,0,0,1,0,0.19,0.301,0.345,0.647,0.289,0.12,0.35,0.351,0.155,0.272,-0.1,86,0
"THE BATX","12155","Eddie Rosario","LAD",54,187,203,42,26,9,1,6,21,23,13,0,48,1,2,1,3,1,0.223,0.274,0.374,0.648,0.281,0.07,0.23,0.282,0.151,0.264,0,80,0
"THE BATX","25524","Aaron Schunk","COL",21,62,67,15,10,3,0,1,7,6,3,0,17,1,0,0,1,0,0.24,0.282,0.36,0.642,0.279,0.05,0.25,0.196,0.121,0.307,0,64,0
"THE BATX","19273","Stone Garrett","WSN",14,46,50,10,6,2,0,2,5,6,3,0,15,1,0,0,1,0,0.225,0.284,0.388,0.672,0.293,0.07,0.3,0.226,0.163,0.294,0,87,0
"THE BATX","20557","CJ Alexander","ATH",7,20,21,4,3,1,0,1,2,2,1,0,6,0,0,0,0,0,0.204,0.248,0.345,0.593,0.258,0.05,0.28,0.183,0.141,0.258,0,69,0
"THE BATX","sa3014701","Robert Hassell III","WSN",10,36,39,8,6,2,0,1,4,3,3,0,10,0,0,0,1,0,0.227,0.288,0.323,0.611,0.271,0.07,0.26,0.279,0.095,0.302,0,72,0
"THE BATX","19717","Darick Hall","PIT",2,6,7,1,1,0,0,0,1,1,0,0,2,0,0,0,0,0,0.212,0.275,0.351,0.626,0.274,0.07,0.25,0.279,0.14,0.258,0,72,0
"THE BATX","20054","Bligh Madris","DET",9,28,31,6,4,1,0,1,3,3,3,0,8,0,0,0,1,0,0.209,0.277,0.345,0.623,0.274,0.08,0.27,0.307,0.137,0.266,0,78,0
"THE BATX","16337","Nick Gordon","BAL",47,128,138,29,20,6,1,3,15,13,7,0,33,2,1,1,3,1,0.228,0.273,0.351,0.624,0.272,0.05,0.24,0.207,0.122,0.283,0.1,78,0
"THE BATX","sa3022757","Bryce Eldridge","SFG",23,79,88,18,12,4,0,2,9,9,7,1,25,1,1,0,1,0,0.23,0.297,0.378,0.675,0.294,0.08,0.29,0.282,0.148,0.303,-0.1,89,0
"THE BATX","21682","Luis De Los Santos","NYM",14,44,48,9,6,2,0,1,4,4,3,0,13,0,0,0,0,0,0.205,0.26,0.308,0.568,0.252,0.06,0.26,0.235,0.103,0.265,0,63,0
"THE BATX","29630","Joey Loperfido","TOR",37,124,137,27,18,6,1,3,15,13,10,0,44,2,1,0,3,1,0.218,0.284,0.343,0.627,0.276,0.07,0.32,0.221,0.126,0.311,0.1,79,0
"THE BATX","15223","Adam Frazier","PIT",74,242,268,56,41,12,1,3,26,21,19,1,43,3,2,2,5,2,0.233,0.296,0.32,0.617,0.274,0.07,0.16,0.445,0.087,0.273,-0.2,72,0
"THE BATX","sa3014465","Owen Caissie","CHC",16,57,64,13,9,3,0,1,7,6,5,0,21,0,0,0,1,0,0.224,0.294,0.352,0.646,0.284,0.08,0.33,0.254,0.128,0.325,0,84,0
"ZiPS","19717","Darick Hall","PIT",113,427,470,96,61,20,0,15,42,50,36,2,115,4,3,0,1,1,0.225,0.289,0.377,0.666,0.29,0.08,0.24,0.313,0.152,0.27,-1,83,0
"ZiPS","12164","Miguel Sano",NA,75,254,287,51,29,10,0,12,32,34,29,1,106,3,1,0,1,0,0.201,0.289,0.382,0.671,0.294,0.1,0.37,0.274,0.181,0.285,-0.3,89,0
"ZiPS","5254","Robbie Grossman",NA,102,311,367,70,47,15,1,7,39,34,49,0,88,3,4,0,5,1,0.225,0.332,0.347,0.68,0.306,0.13,0.24,0.557,0.122,0.286,-0.2,94,0
"ZiPS","sa3022757","Bryce Eldridge","SFG",122,494,545,120,76,26,2,16,60,67,41,2,166,4,6,0,3,0,0.243,0.303,0.401,0.704,0.305,0.07,0.3,0.247,0.158,0.327,-0.3,97,0
"ZiPS","13853","Joey Wendle",NA,102,313,334,77,52,18,3,4,36,33,14,1,71,4,2,1,7,2,0.246,0.285,0.361,0.646,0.281,0.04,0.21,0.197,0.115,0.304,0,77,0
"ZiPS","10243","Randal Grichuk","ARI",117,372,403,92,58,20,2,12,48,49,25,0,83,4,2,0,1,1,0.247,0.3,0.409,0.709,0.308,0.06,0.21,0.301,0.161,0.287,-0.9,95,0
"ZiPS","9847","Andrew McCutchen","PIT",105,382,442,86,56,17,0,13,51,44,53,1,109,4,3,0,4,2,0.225,0.324,0.372,0.695,0.309,0.12,0.25,0.486,0.147,0.278,-0.9,95,0
"ZiPS DC","24770","James Outman","LAD",3,12,14,3,2,0,0,1,2,2,2,0,4,0,0,0,0,0,0.221,0.319,0.393,0.712,0.314,0.11,0.31,0.348,0.172,0.295,0,103,0
"ZiPS DC","25524","Aaron Schunk","COL",10,39,42,10,7,2,0,1,4,5,2,0,10,0,0,0,1,0,0.247,0.29,0.37,0.66,0.287,0.05,0.25,0.209,0.123,0.315,-0.1,70,0
"ZiPS DC","23695","Everson Pereira","NYY",6,26,28,6,4,1,0,1,4,4,2,0,10,0,0,0,1,0,0.236,0.298,0.414,0.712,0.31,0.07,0.34,0.203,0.178,0.332,0,102,0
"ZiPS DC","31490","Wade Meckler","SFG",3,13,14,3,3,1,0,0,2,1,1,0,3,0,0,0,0,0,0.274,0.339,0.38,0.719,0.318,0.09,0.19,0.447,0.105,0.335,0,105,0
"ZiPS DC","13853","Joey Wendle",NA,15,59,63,15,10,3,1,1,7,6,3,0,13,1,0,0,1,0,0.246,0.285,0.361,0.646,0.281,0.04,0.21,0.197,0.115,0.304,0,80,0
"ZiPS DC","22505","Buddy Kennedy","PHI",3,12,14,3,2,1,0,0,2,2,1,0,3,0,0,0,0,0,0.242,0.328,0.373,0.701,0.31,0.1,0.21,0.481,0.131,0.293,0,98,0
"ZiPS DC","23818","Ji Hwan Bae","PIT",3,13,14,3,2,1,0,0,2,1,1,0,3,0,0,0,1,0,0.262,0.328,0.374,0.702,0.309,0.09,0.23,0.384,0.113,0.333,0,95,0
"ZiPS DC","sa738605","JC Escarra","NYY",3,11,13,3,2,1,0,0,2,1,1,0,2,0,0,0,0,0,0.225,0.303,0.36,0.663,0.293,0.09,0.18,0.481,0.135,0.259,0,90,0
"ZiPS DC","26149","Dominic Fletcher","CHW",15,57,63,14,10,2,0,1,7,6,4,0,14,1,0,0,0,0,0.238,0.294,0.341,0.635,0.28,0.06,0.23,0.27,0.103,0.301,-0.2,80,0
"ZiPS DC","22232","Mason McCoy","SDP",3,13,14,3,2,1,0,0,1,1,1,0,4,0,0,0,0,0,0.208,0.269,0.32,0.588,0.261,0.07,0.32,0.23,0.112,0.3,0,69,0
"ZiPS DC","27690","Joey Wiemer","KCR",32,124,140,27,18,6,1,3,16,13,13,0,40,2,1,0,3,1,0.219,0.301,0.341,0.642,0.285,0.1,0.29,0.331,0.122,0.3,-0.1,80,0
"ZiPS DC","22117","Nick Pratto","KCR",13,49,56,11,7,2,0,2,7,6,6,0,19,1,1,0,1,0,0.228,0.313,0.393,0.705,0.309,0.1,0.33,0.299,0.164,0.328,0,96,0
"ZiPS DC","20003","Keston Hiura","COL",5,19,21,5,3,1,0,1,3,3,2,0,6,1,0,0,0,0,0.255,0.327,0.461,0.788,0.34,0.07,0.31,0.237,0.206,0.332,0,106,0
"ZiPS DC","23372","Hunter Feduccia","LAD",6,23,26,5,3,1,0,1,3,3,3,0,6,0,0,0,0,0,0.225,0.308,0.345,0.653,0.29,0.11,0.25,0.427,0.12,0.288,0,87,0
"ZiPS DC","sa3016966","Cooper Bowman","CIN",5,19,21,4,3,1,0,0,3,2,2,0,6,0,0,0,1,0,0.219,0.292,0.35,0.642,0.284,0.08,0.27,0.302,0.131,0.283,0.1,74,0
"ZiPS DC","22557","Michael Siani","STL",53,206,231,43,33,6,2,3,26,18,19,0,58,2,1,4,11,3,0.21,0.281,0.291,0.572,0.258,0.08,0.25,0.33,0.081,0.278,0.5,65,0
"ZiPS DC","19252","Cavan Biggio","KCR",5,18,21,4,2,1,0,0,3,2,3,0,6,0,0,0,0,0,0.21,0.325,0.327,0.653,0.297,0.13,0.26,0.477,0.117,0.28,0,88,0
"ZiPS DC","20572","Kody Clemens","PHI",5,19,21,4,3,1,0,1,3,3,1,0,5,0,0,0,0,0,0.229,0.282,0.421,0.703,0.303,0.06,0.24,0.257,0.192,0.267,0,93,0
"ZiPS DC","20970","Oscar Gonzalez","SDP",5,20,21,5,3,1,0,1,2,3,1,0,5,0,0,0,0,0,0.256,0.287,0.416,0.703,0.302,0.04,0.23,0.157,0.16,0.308,0,97,0
"ZiPS DC","sa3016970","Tim Tawa","ARI",6,26,28,6,4,1,0,1,3,3,2,0,7,0,0,0,0,0,0.222,0.28,0.35,0.63,0.277,0.07,0.26,0.271,0.129,0.279,-0.1,75,0
"ZiPS DC","27599","Jacob Hurtubise","CIN",3,12,14,3,2,0,0,0,2,1,1,0,3,1,0,0,1,0,0.247,0.349,0.327,0.676,0.307,0.1,0.2,0.474,0.08,0.315,0,90,0
"ZiPS DC","13338","Omar Narvaez","CHW",5,17,19,4,3,1,0,0,2,1,2,0,4,0,0,0,0,0,0.213,0.29,0.313,0.603,0.268,0.09,0.2,0.471,0.1,0.253,0,72,0
"ZiPS DC","sa3014461","Petey Halpin","CLE",6,25,28,6,4,1,0,1,3,3,2,0,8,0,0,0,0,0,0.222,0.284,0.344,0.628,0.277,0.08,0.28,0.273,0.122,0.296,0,80,0
"ZiPS DC","21635","Nick Maton","CHW",3,12,14,3,2,1,0,0,2,1,1,0,3,0,0,0,0,0,0.222,0.314,0.371,0.685,0.303,0.11,0.25,0.433,0.149,0.274,0,96,0
"ZiPS DC","13355","Luke Maile","KCR",5,17,19,4,2,1,0,0,1,2,2,0,6,0,0,0,0,0,0.208,0.292,0.312,0.604,0.273,0.09,0.3,0.288,0.104,0.295,0,71,0
"ZiPS DC","25867","Ryan Kreidler","DET",3,12,14,2,2,0,0,0,2,1,1,0,4,0,0,0,0,0,0.197,0.283,0.316,0.599,0.269,0.09,0.31,0.296,0.118,0.274,0,74,0
"ZiPS DC","29912","Darren Baker","WSN",6,26,28,7,6,1,0,0,3,2,2,0,5,0,0,0,1,0,0.258,0.305,0.312,0.618,0.275,0.06,0.2,0.33,0.054,0.324,0.1,75,0
"ZiPS DC","24605","Michael Helman","STL",3,13,14,3,2,1,0,0,2,2,1,0,4,0,0,0,0,0,0.228,0.292,0.374,0.665,0.292,0.07,0.25,0.296,0.146,0.284,0,88,0
"ZiPS DC","20557","CJ Alexander","ATH",3,13,14,3,2,1,0,0,2,2,1,0,4,0,0,0,0,0,0.231,0.278,0.41,0.689,0.297,0.06,0.27,0.205,0.179,0.287,0,97,0
"ZiPS DC","sa3019868","Jakob Marsee","MIA",5,18,21,4,3,1,0,0,3,2,2,0,5,0,0,0,1,0,0.202,0.31,0.308,0.618,0.282,0.12,0.24,0.485,0.106,0.26,0.1,77,0
"ZiPS DC","31567","Trey Lipscomb","WSN",10,39,42,9,7,2,0,1,4,4,2,0,8,0,0,0,1,0,0.24,0.285,0.326,0.611,0.27,0.05,0.2,0.268,0.086,0.292,0,72,0
"ZiPS DC","17837","Jakson Reetz","NYM",2,6,6,1,1,0,0,0,1,1,1,0,2,0,0,0,0,0,0.206,0.296,0.368,0.664,0.294,0.08,0.28,0.292,0.162,0.263,0,91,0
"ZiPS DC","21716","Enmanuel Valdez","PIT",5,19,21,4,3,1,0,1,2,2,2,0,5,0,0,0,0,0,0.232,0.299,0.396,0.695,0.302,0.09,0.23,0.364,0.164,0.276,0,91,0
"ZiPS DC","19683","Mike Brosseau","SDP",3,13,14,3,2,0,0,0,1,2,1,0,4,0,0,0,0,0,0.218,0.293,0.343,0.636,0.284,0.07,0.27,0.266,0.125,0.276,0,84,0
"ZiPS DC","25040","Vinny Capra","MIL",2,6,7,2,1,0,0,0,1,1,1,0,2,0,0,0,0,0,0.247,0.32,0.357,0.677,0.3,0.09,0.23,0.385,0.11,0.313,0,91,0
"ZiPS DC","29782","Niko Kavadas","LAA",3,12,14,2,1,1,0,1,2,2,2,0,5,0,0,0,0,0,0.201,0.318,0.379,0.697,0.311,0.13,0.39,0.326,0.177,0.314,0,100,0
"ZiPS DC","19339","Nicky Lopez","CHC",3,12,14,3,2,0,0,0,2,1,1,0,2,0,0,0,0,0,0.239,0.31,0.292,0.602,0.273,0.08,0.15,0.556,0.054,0.284,0,76,0
"ZiPS DC","23250","David Banuelos","BAL",2,6,6,1,1,0,0,0,1,1,0,0,2,0,0,0,0,0,0.207,0.279,0.343,0.622,0.276,0.08,0.36,0.214,0.136,0.312,0,81,0
"ZiPS DC","25813","Grae Kessinger","ARI",6,25,28,6,4,1,0,0,4,3,2,0,7,0,0,0,0,0,0.22,0.292,0.318,0.611,0.272,0.09,0.26,0.333,0.098,0.288,-0.1,71,0
"ZiPS DC","26031","Vaughn Grissom","BOS",2,6,7,2,1,0,0,0,1,1,1,0,1,0,0,0,0,0,0.261,0.336,0.367,0.703,0.313,0.08,0.18,0.455,0.106,0.312,0,98,0
"ZiPS DC","21797","Andres Chaparro","WSN",6,25,28,6,4,1,0,1,3,3,2,0,6,0,0,0,0,0,0.241,0.307,0.406,0.713,0.31,0.08,0.22,0.353,0.165,0.28,0,99,0
"ZiPS DC","23296","Jacob Amaya","CHW",3,13,14,3,2,0,0,0,2,1,1,0,3,0,0,0,0,0,0.218,0.283,0.317,0.6,0.267,0.08,0.25,0.328,0.1,0.278,0,71,0
"ZiPS DC","15194","Jake Bauers","MIL",8,31,35,6,4,1,0,1,4,4,4,0,11,0,0,0,1,0,0.207,0.303,0.391,0.694,0.305,0.11,0.33,0.342,0.184,0.277,0.1,94,0
"ZiPS DC","21497","Luken Baker","STL",15,56,63,12,7,2,0,3,6,9,6,0,17,0,1,0,0,0,0.212,0.292,0.4,0.692,0.301,0.1,0.28,0.356,0.188,0.249,-0.1,94,0
"ZiPS DC","sa3022757","Bryce Eldridge","SFG",24,95,105,23,15,5,0,3,12,13,8,0,32,1,1,0,1,0,0.243,0.303,0.401,0.704,0.305,0.07,0.3,0.247,0.158,0.327,-0.1,97,0
"ZiPS DC","18887","Seby Zavala","BOS",3,11,13,2,1,1,0,0,1,1,1,0,5,0,0,0,0,0,0.199,0.275,0.329,0.604,0.269,0.08,0.37,0.219,0.13,0.305,0,67,0
"ZiPS DC","sa3022499","Brock Wilken","MIL",11,43,49,8,5,1,0,1,5,5,5,0,17,1,0,0,0,0,0.185,0.277,0.314,0.591,0.267,0.1,0.36,0.288,0.128,0.273,-0.1,69,0
"ZiPS DC","19458","Cooper Hummel","HOU",2,6,7,1,1,0,0,0,1,1,1,0,2,0,0,0,0,0,0.222,0.329,0.352,0.681,0.305,0.12,0.25,0.491,0.13,0.292,0,100,0
"ZiPS DC","sa3015713","Moises Ballesteros","CHC",5,19,20,5,3,1,0,1,2,2,1,0,4,0,0,0,0,0,0.244,0.301,0.379,0.679,0.297,0.07,0.21,0.342,0.135,0.287,0,92,0
"ZiPS DC","24597","Jonathan Ornelas","TEX",3,13,14,3,2,0,0,0,2,1,1,0,4,0,0,0,0,0,0.226,0.288,0.302,0.59,0.264,0.07,0.26,0.258,0.077,0.305,0,70,0
"ZiPS DC","10441","Jon Singleton","HOU",19,72,84,15,9,3,0,3,9,9,11,0,24,0,1,0,0,0,0.205,0.308,0.358,0.665,0.295,0.13,0.29,0.459,0.153,0.264,-0.1,93,0
"ZiPS DC","20450","Brewer Hicklen","MIL",2,6,7,1,1,0,0,0,1,1,1,0,3,0,0,0,0,0,0.21,0.3,0.393,0.693,0.303,0.09,0.36,0.25,0.183,0.304,0,93,0
"ZiPS DC","18067","Garrett Stubbs","PHI",5,17,19,4,3,0,0,0,2,2,2,0,5,0,0,0,0,0,0.208,0.294,0.292,0.586,0.267,0.1,0.26,0.381,0.083,0.277,0,69,0
"ZiPS DC","25448","Greg Jones","COL",18,70,77,17,11,3,1,2,11,9,5,0,30,1,0,0,5,1,0.236,0.3,0.376,0.676,0.297,0.07,0.39,0.178,0.14,0.379,0.6,77,0
"ZiPS DC","15674","Reese McGuire","CHC",3,12,13,2,2,0,0,0,1,1,1,0,3,0,0,0,0,0,0.209,0.265,0.293,0.558,0.249,0.06,0.26,0.246,0.084,0.275,0,60,0
"ZiPS DC","23968","Jorge Barrosa","ARI",2,6,7,1,1,0,0,0,1,1,1,0,1,0,0,0,0,0,0.232,0.301,0.344,0.645,0.286,0.08,0.2,0.392,0.112,0.283,0,81,0
"ZiPS DC","18217","Brett Sullivan","SDP",2,6,6,1,1,0,0,0,1,1,0,0,1,0,0,0,0,0,0.225,0.286,0.359,0.646,0.282,0.07,0.16,0.456,0.134,0.249,0,83,0
"ZiPS DC","21746","Jose Fermin","STL",3,12,14,3,2,0,0,0,2,1,1,0,2,0,0,0,0,0,0.229,0.315,0.33,0.645,0.291,0.09,0.12,0.744,0.1,0.249,0,87,0
"ZiPS DC","23985","Osleivis Basabe","SFG",5,19,21,5,4,1,0,0,2,2,1,0,3,0,0,0,0,0,0.25,0.296,0.338,0.634,0.28,0.06,0.17,0.329,0.088,0.293,0,80,0
"ZiPS DC","23312","Ryan Noda","LAA",2,6,7,1,1,0,0,0,1,1,1,0,2,0,0,0,0,0,0.202,0.326,0.374,0.699,0.312,0.14,0.35,0.394,0.172,0.292,0,102,0
"ZiPS DC","23395","Eric Wagaman","MIA",37,149,161,37,24,8,1,4,18,18,11,0,33,1,1,0,2,1,0.247,0.3,0.392,0.693,0.302,0.07,0.2,0.337,0.146,0.29,-0.2,90,0
"ZiPS DC","22766","Steward Berroa","TOR",2,6,7,1,1,0,0,0,1,1,1,0,2,0,0,0,1,0,0.226,0.304,0.353,0.657,0.292,0.09,0.29,0.324,0.126,0.312,0,90,0
"ZiPS DC","25979","Nasim Nunez","WSN",5,18,21,4,3,0,0,0,2,1,2,0,5,0,0,0,1,0,0.211,0.3,0.255,0.555,0.257,0.11,0.23,0.473,0.044,0.279,0.1,63,0
"ZiPS DC","27501","Justin Foscue","TEX",2,6,7,1,1,0,0,0,1,1,1,0,1,0,0,0,0,0,0.227,0.319,0.388,0.706,0.312,0.1,0.19,0.506,0.16,0.26,0,103,0
"ZiPS DC","15271","Austin Wynns","CIN",2,6,6,1,1,0,0,0,1,1,0,0,2,0,0,0,0,0,0.23,0.295,0.34,0.636,0.282,0.07,0.26,0.268,0.11,0.303,0,73,0
"ZiPS DC","25483","Nick Sogard","BOS",2,6,7,2,1,0,0,0,1,1,1,0,2,0,0,0,0,0,0.245,0.322,0.349,0.671,0.298,0.1,0.22,0.453,0.104,0.307,0,88,0
"ZiPS DC","19562","Zack Short","HOU",2,6,7,1,1,0,0,0,1,1,1,0,2,0,0,0,0,0,0.189,0.297,0.311,0.608,0.275,0.12,0.3,0.422,0.122,0.258,0,79,0
"ZiPS DC","25575","Kyle McCann","ATH",3,12,13,2,1,0,0,0,1,1,1,0,5,0,0,0,0,0,0.195,0.274,0.331,0.605,0.269,0.09,0.39,0.223,0.136,0.301,0,77,0
"ZiPS DC","25817","Braden Shewmake","NYY",2,7,7,1,1,0,0,0,1,1,0,0,1,0,0,0,0,0,0.218,0.257,0.35,0.608,0.264,0.04,0.21,0.218,0.133,0.255,0,70,0
"ZiPS DC","sa1169610","Tyler Callihan","CIN",2,6,7,1,1,0,0,0,1,1,0,0,2,0,0,0,0,0,0.228,0.287,0.347,0.634,0.28,0.07,0.29,0.233,0.118,0.314,0,72,0
"ZiPS DC","sa3005478","Carlos D Rodriguez","ATL",2,6,7,2,1,0,0,0,1,1,1,0,1,0,0,0,0,0,0.263,0.33,0.349,0.679,0.302,0.09,0.13,0.691,0.086,0.301,0,92,0
"ZiPS DC","sa1169598","Matthew Lugo","LAA",3,13,14,3,2,1,0,0,2,2,1,0,4,0,0,0,0,0,0.23,0.284,0.376,0.66,0.287,0.06,0.27,0.211,0.146,0.296,0,84,0
"ZiPS DC","23789","Blaze Alexander","ARI",32,126,140,28,20,5,1,2,14,16,10,0,46,3,1,0,2,1,0.226,0.299,0.338,0.637,0.284,0.07,0.32,0.226,0.112,0.332,-0.2,79,0
"ZiPS DC","19824","Chuckie Robinson","LAA",2,6,6,1,1,0,0,0,1,1,0,0,2,0,0,0,0,0,0.218,0.268,0.312,0.58,0.258,0.05,0.27,0.193,0.095,0.284,0,63,0
"ZiPS DC","19859","Rene Pinto","ARI",2,6,6,1,1,0,0,0,1,1,0,0,2,0,0,0,0,0,0.216,0.26,0.366,0.626,0.272,0.05,0.35,0.138,0.151,0.303,0,71,0
"ZiPS DC","15055","Dom Nunez","CLE",3,11,13,2,1,0,0,0,1,1,2,0,4,0,0,0,0,0,0.176,0.277,0.283,0.56,0.254,0.12,0.34,0.352,0.107,0.266,0,64,0
"ZiPS DC","25705","Dustin Harris","TEX",10,38,42,9,6,2,0,1,5,5,3,0,10,1,0,0,2,0,0.236,0.308,0.364,0.672,0.296,0.08,0.24,0.341,0.128,0.297,0.1,92,0
"ZiPS DC","19273","Stone Garrett","WSN",6,25,28,6,4,1,0,1,3,3,2,0,9,0,0,0,0,0,0.23,0.291,0.372,0.663,0.29,0.07,0.31,0.235,0.142,0.312,0,85,0
"ZiPS DC","20536","Vidal Brujan","CHC",13,51,56,11,8,2,0,1,7,5,5,0,11,1,0,0,2,1,0.223,0.293,0.329,0.622,0.276,0.08,0.2,0.411,0.107,0.266,-0.3,78,0
"ZiPS DC","sa3004153","Blake Hunt","SEA",2,6,6,1,1,0,0,0,1,1,0,0,2,0,0,0,0,0,0.197,0.251,0.316,0.567,0.25,0.05,0.3,0.172,0.119,0.264,0,66,0
"ZiPS DC","19717","Darick Hall","PIT",8,32,35,7,5,1,0,1,3,4,3,0,9,0,0,0,0,0,0.225,0.289,0.377,0.666,0.29,0.08,0.24,0.313,0.152,0.27,-0.1,83,0
"ZiPS DC","15279","Garrett Cooper","ATL",2,6,7,2,1,0,0,0,1,1,1,0,2,0,0,0,0,0,0.239,0.309,0.384,0.692,0.304,0.08,0.29,0.27,0.144,0.322,0,93,0
"ZiPS DC","27962","Adael Amador","COL",5,19,21,5,3,1,0,0,2,2,2,0,4,0,0,0,1,0,0.241,0.317,0.361,0.677,0.301,0.09,0.19,0.489,0.119,0.28,0,79,0
"ZiPS DC","12147","Nick Ahmed","TEX",2,7,7,1,1,0,0,0,1,1,0,0,2,0,0,0,0,0,0.207,0.254,0.295,0.549,0.243,0.06,0.24,0.234,0.088,0.265,0,55,0
"ZiPS DC","27471","Zach DeLoach","CHW",2,6,7,2,1,0,0,0,1,1,1,0,2,0,0,0,0,0,0.239,0.313,0.361,0.674,0.299,0.09,0.29,0.307,0.123,0.329,0,94,0
"ZiPS DC","9847","Andrew McCutchen","PIT",105,393,455,89,58,18,0,13,52,45,55,1,112,4,3,0,4,2,0.225,0.324,0.372,0.695,0.309,0.12,0.25,0.486,0.147,0.278,-0.9,95,0
"ZiPS DC","sa917302","Yonathan Perlaza","SDP",3,13,14,3,2,1,0,0,1,1,1,0,4,0,0,0,0,0,0.217,0.285,0.343,0.627,0.277,0.08,0.26,0.3,0.126,0.275,0,80,0
"ZiPS DC","10200","Tucker Barnhart","TEX",2,6,6,1,1,0,0,0,0,0,1,0,2,0,0,0,0,0,0.191,0.267,0.249,0.516,0.237,0.09,0.28,0.308,0.057,0.271,0,51,0
"ZiPS DC","17766","DJ Stewart","PIT",2,6,7,1,1,0,0,0,1,1,1,0,2,0,0,0,0,0,0.21,0.307,0.346,0.653,0.292,0.1,0.27,0.385,0.136,0.269,0,84,0
"ZiPS DC","19966","Bobby Dalbec","CHW",2,6,7,1,1,0,0,0,1,1,1,0,3,0,0,0,0,0,0.21,0.283,0.375,0.658,0.289,0.08,0.4,0.212,0.165,0.321,0,86,0
"ZiPS DC","sa3020188","Tim Elko","CHW",6,26,28,6,4,1,0,1,3,3,1,0,10,0,0,0,0,0,0.244,0.284,0.385,0.669,0.29,0.05,0.35,0.135,0.141,0.354,-0.1,88,0
"ZiPS DC","11615","Brandon Drury","CHW",60,236,259,53,34,11,1,7,27,29,17,0,62,4,2,0,1,1,0.226,0.286,0.371,0.657,0.288,0.07,0.24,0.279,0.145,0.273,-0.6,86,0
"ZiPS DC","8090","Matt Carpenter",NA,29,107,126,21,11,6,0,4,12,14,16,0,39,2,1,0,0,1,0.198,0.309,0.364,0.673,0.3,0.13,0.31,0.407,0.167,0.263,-0.5,93,0
"ZiPS DC","25616","Marco Luciano","SFG",15,56,63,12,9,2,0,1,7,6,7,0,18,0,0,0,0,0,0.223,0.307,0.346,0.653,0.29,0.1,0.29,0.357,0.123,0.304,-0.2,87,0
"ZiPS DC","sa3014516","Zac Veen","COL",10,38,42,9,6,1,0,1,5,5,3,0,11,0,0,0,2,0,0.231,0.299,0.371,0.669,0.294,0.08,0.26,0.312,0.14,0.295,0.2,74,0
"ZiPS DC","25621","Bryan Ramos","CHW",28,109,119,24,16,4,0,3,12,14,8,0,28,2,1,0,1,1,0.22,0.281,0.35,0.631,0.278,0.06,0.24,0.274,0.129,0.267,-0.4,79,0
"ZiPS DC","15149","Trey Mancini","ARI",3,13,14,3,2,1,0,0,1,1,1,0,4,0,0,0,0,0,0.217,0.285,0.343,0.627,0.277,0.08,0.26,0.3,0.126,0.275,0,75,0
"ZiPS DC","26517","Noelvi Marte","CIN",36,143,154,35,25,6,0,3,17,16,9,0,39,1,1,0,5,2,0.244,0.294,0.363,0.658,0.289,0.06,0.25,0.232,0.12,0.31,0,78,0
"ZiPS DC","31363","Graham Pauley","MIA",29,114,126,25,16,5,0,3,15,14,10,0,31,2,0,0,1,1,0.22,0.291,0.361,0.652,0.286,0.08,0.24,0.323,0.14,0.271,-0.2,80,0
"ZiPS DC","19901","Gavin Sheets","SDP",15,57,63,13,9,3,0,2,5,7,5,0,13,0,0,0,0,0,0.233,0.299,0.372,0.671,0.294,0.08,0.21,0.383,0.139,0.273,-0.1,91,0
"REZ","22117","Nick Pratto","KCR",29,104,118,23,13,6,0,4,14,13,12,0,37,2,1,0,2,0,0.222,0.308,0.399,0.707,0.309,10,31.2,0.3,0.177,0.301,0,84,0
"REZ","25448","Greg Jones","COL",31,102,112,24,0,0,0,23,16,12,7,0,41,2,0,0,7,1,0.236,0.297,0.899,1.196,0.475,6.7,36.7,0.2,0.663,0.029,0.8,67,0
"REZ","17766","DJ Stewart","PIT",19,56,65,12,7,3,0,3,7,7,7,0,17,1,0,0,1,0,0.219,0.319,0.417,0.736,0.321,11.1,25.9,0.4,0.198,0.256,-0.1,87,0
"REZ","10642","Carlos Perez","CHC",51,188,204,41,31,6,0,5,19,24,12,0,34,3,2,0,0,0,0.221,0.275,0.337,0.612,0.27,6,16.7,0.4,0.116,0.241,-0.4,79,0
"REZ","20805","Carlos Perez",NA,51,188,204,43,21,20,0,2,20,24,12,0,34,3,2,0,0,0,0.23,0.283,0.371,0.654,0.286,5.9,16.6,0.4,0.141,0.268,-0.4,79,0
"REZ","sa3014516","Zac Veen","COL",21,76,85,18,12,3,0,2,10,9,7,0,22,1,0,0,4,1,0.235,0.302,0.371,0.672,0.295,0.08,0.26,0.313,0.136,0.301,0.3,75,0
"REZ","15937","Aledmys Diaz",NA,33,114,124,22,14,5,0,3,11,12,7,0,24,2,1,0,0,0,0.19,0.244,0.3,0.544,0.239,5.4,19.4,0.3,0.11,0.216,-0.3,76,0
"REZ","10200","Tucker Barnhart","TEX",13,37,41,7,5,1,0,1,3,3,4,0,11,0,0,0,0,0,0.188,0.267,0.268,0.535,0.242,9,27.3,0.3,0.08,0.253,0,57,0
"REZ","17838","Willie Calhoun",NA,26,90,101,21,13,5,0,2,10,10,9,0,15,1,1,0,0,1,0.23,0.302,0.369,0.671,0.295,8.7,14.7,0.6,0.139,0.249,-0.3,90,0
"REZ","sa3020188","Tim Elko","CHW",26,102,109,24,17,4,0,3,11,13,5,0,37,1,0,0,0,0,0.234,0.275,0.372,0.648,0.282,0.05,0.34,0.143,0.138,0.33,-0.2,82,0
"REZ","sa3022757","Bryce Eldridge","SFG",35,135,149,32,20,7,0,4,16,17,11,0,45,1,1,0,1,0,0.234,0.297,0.386,0.683,0.297,0.08,0.3,0.263,0.152,0.31,-0.1,91,0
"REZ","13768","Travis Jankowski",NA,53,155,175,35,31,3,1,1,19,12,17,0,35,2,1,1,8,1,0.224,0.305,0.263,0.568,0.261,9.5,20,0.5,0.039,0.284,0.5,75,0
"REZ","sa3014701","Robert Hassell III","WSN",21,82,90,18,14,3,0,1,9,8,7,0,24,0,0,0,2,0,0.223,0.287,0.313,0.6,0.267,0.08,0.26,0.296,0.09,0.296,0,70,0
"REZ","sa3017394","Luca Tresh","KCR",26,98,108,22,15,4,0,3,10,11,8,0,28,1,1,0,0,0,0.222,0.28,0.35,0.63,0.277,0.07,0.26,0.274,0.128,0.28,-0.3,74,0
"REZ","27493","Rece Hinds","CIN",41,130,140,28,5,9,3,12,16,18,9,0,56,1,1,0,4,1,0.218,0.274,0.612,0.886,0.366,6.3,39.5,0.2,0.394,0.256,0.1,72,-0.1
"REZ","sa3015168","Deyvison De Los Santos","MIA",95,376,399,92,61,15,1,15,43,50,18,1,110,3,2,0,1,1,0.246,0.284,0.414,0.699,0.3,0.04,0.28,0.163,0.168,0.306,-0.6,90,-0.1
"REZ","13663","Jack Lopez","SEA",30,101,110,19,7,10,0,1,10,11,5,0,40,1,1,1,2,1,0.189,0.237,0.294,0.531,0.229,4.8,36.5,0.1,0.105,0.303,-0.2,59,-0.1
"REZ","sa3010704","Sammy Siani","PIT",30,108,120,24,17,4,1,2,13,11,9,0,33,1,1,1,2,1,0.222,0.286,0.324,0.611,0.271,0.08,0.26,0.288,0.103,0.295,-0.3,70,-0.1
"REZ","13836","Matt Duffy",NA,37,124,136,29,24,4,0,1,13,11,9,0,30,2,1,0,1,0,0.232,0.294,0.286,0.58,0.262,7,22.3,0.3,0.054,0.298,-0.3,72,-0.1
"ATC","15937","Aledmys Diaz",NA,31,103,111,23,16,5,0,2,10,11,6,0,22,1,1,0,0,0,0.228,0.277,0.346,0.623,0.273,0.05,0.2,0.267,0.118,0.267,-0.3,75,-0.1
"ATC","21270","Sean Bouchard","COL",44,142,162,33,20,8,1,4,19,18,16,0,46,2,1,0,3,1,0.236,0.319,0.406,0.725,0.316,0.1,0.28,0.353,0.169,0.312,-0.1,90,-0.1
"ATC","17766","DJ Stewart","PIT",23,63,72,13,9,2,0,2,9,9,8,0,20,1,0,0,0,0,0.211,0.311,0.339,0.649,0.292,0.12,0.27,0.425,0.127,0.273,-0.1,84,-0.1
"ATC","31363","Graham Pauley","MIA",38,122,136,27,18,6,0,3,14,14,11,0,35,2,1,0,2,1,0.22,0.291,0.353,0.644,0.284,0.08,0.26,0.314,0.133,0.278,-0.1,78,-0.1
"ATC","29617","Henry Davis","PIT",29,96,110,21,13,4,0,3,12,11,10,0,31,3,0,0,1,0,0.217,0.307,0.358,0.665,0.295,0.09,0.28,0.322,0.141,0.284,-0.1,86,-0.1
"ATC","sa3025385","Nick Kurtz","ATH",14,55,60,12,8,3,0,1,7,6,5,0,15,0,0,0,1,0,0.221,0.29,0.346,0.636,0.281,0.08,0.26,0.32,0.126,0.281,-0.1,80,-0.1
"ATC","23695","Everson Pereira","NYY",10,38,41,9,6,2,0,1,5,5,3,0,13,0,0,0,1,0,0.225,0.281,0.375,0.656,0.287,0.07,0.33,0.207,0.15,0.31,0,84,-0.1
"ATC","20003","Keston Hiura","COL",9,30,33,7,4,1,0,1,4,4,2,0,11,0,0,0,0,0,0.236,0.299,0.429,0.728,0.315,0.07,0.33,0.211,0.193,0.315,0,89,-0.1
"ATC","6887","Martin Maldonado","SDP",15,49,54,9,6,2,0,2,5,5,4,0,19,0,0,1,0,0,0.179,0.241,0.314,0.555,0.246,0.07,0.34,0.202,0.135,0.245,-0.2,56,-0.1
"ATC","13768","Travis Jankowski",NA,53,147,165,34,27,6,1,1,18,11,15,0,33,2,1,1,8,1,0.229,0.308,0.293,0.601,0.272,0.09,0.2,0.469,0.063,0.288,0.3,74,-0.1
"ATC","25616","Marco Luciano","SFG",28,94,105,21,14,4,0,2,11,9,10,0,33,1,1,0,1,0,0.22,0.298,0.33,0.628,0.28,0.1,0.31,0.306,0.11,0.313,-0.1,80,-0.1
"ATC","sa3014701","Robert Hassell III","WSN",10,36,39,8,6,1,0,0,4,3,3,0,10,0,0,0,1,0,0.223,0.284,0.295,0.579,0.259,0.08,0.26,0.292,0.072,0.3,0,65,-0.1
"ATC","15279","Garrett Cooper","ATL",12,36,40,9,6,1,0,1,5,5,3,0,12,0,0,0,0,0,0.236,0.301,0.346,0.648,0.288,0.08,0.29,0.275,0.11,0.321,-0.1,82,-0.1
"ATC","27493","Rece Hinds","CIN",24,56,61,12,7,3,0,2,7,7,4,0,23,1,0,0,2,0,0.206,0.262,0.374,0.636,0.276,0.06,0.37,0.164,0.168,0.299,0.1,69,-0.1
"ATC","21497","Luken Baker","STL",26,77,88,17,10,3,0,3,9,11,9,0,24,0,1,0,0,0,0.217,0.294,0.393,0.687,0.299,0.1,0.27,0.369,0.176,0.26,-0.2,92,-0.1
"ATC","sa3020188","Tim Elko","CHW",12,43,46,10,7,2,0,1,5,5,2,0,15,0,0,0,0,0,0.23,0.272,0.369,0.641,0.279,0.05,0.33,0.149,0.14,0.32,-0.1,79,-0.1
"ATC","20002","Bryce Johnson","PIT",18,33,38,7,5,1,0,0,4,2,3,0,9,0,0,1,1,0,0.211,0.283,0.276,0.559,0.254,0.08,0.23,0.346,0.065,0.279,0.1,58,-0.1
"ATC","19901","Gavin Sheets","SDP",31,104,115,24,16,5,0,3,11,13,9,0,24,0,0,0,0,0,0.234,0.297,0.375,0.673,0.294,0.08,0.21,0.378,0.142,0.275,-0.3,89,-0.1
"ATC","15676","Jose Abreu",NA,41,150,164,35,24,7,0,4,17,19,11,0,36,3,1,0,0,0,0.236,0.296,0.372,0.668,0.293,0.06,0.22,0.296,0.136,0.279,-0.5,88,-0.1
"ATC","27471","Zach DeLoach","CHW",9,29,32,6,5,1,0,0,4,3,3,0,10,0,0,0,0,0,0.222,0.292,0.295,0.587,0.265,0.09,0.3,0.282,0.073,0.32,0,69,-0.1
"ATC","23312","Ryan Noda","LAA",10,29,34,6,4,1,0,1,4,4,5,0,12,0,0,0,0,0,0.19,0.303,0.294,0.597,0.274,0.13,0.35,0.384,0.104,0.29,0,75,-0.1
"ATC","22117","Nick Pratto","KCR",19,64,72,13,8,3,0,2,8,7,6,0,24,1,1,0,1,0,0.207,0.286,0.347,0.632,0.279,0.09,0.34,0.264,0.14,0.297,-0.1,79,-0.1
"ATC","14274","Mitch Haniger","SEA",83,298,332,64,42,11,0,10,33,34,29,0,95,3,2,0,0,0,0.214,0.289,0.353,0.642,0.284,0.09,0.29,0.304,0.139,0.276,-0.9,90,-0.1
"ATC","29715","Hunter Goodman","COL",86,299,324,70,38,16,1,14,36,46,18,0,88,3,3,0,2,1,0.233,0.282,0.439,0.722,0.309,0.06,0.27,0.209,0.207,0.277,-0.4,85,-0.1
"ATC","25111","David Hensley","DET",20,49,55,10,7,2,0,1,6,4,5,0,17,0,0,0,1,0,0.199,0.279,0.293,0.572,0.258,0.1,0.31,0.317,0.093,0.285,0,61,-0.1
"ATC","8090","Matt Carpenter",NA,37,110,127,22,13,5,0,4,13,14,15,0,39,2,1,0,1,0,0.2,0.302,0.357,0.659,0.293,0.12,0.31,0.374,0.157,0.266,-0.5,88,-0.1
"ATC","12155","Eddie Rosario","LAD",55,196,212,43,27,9,1,7,22,24,13,0,50,1,2,1,4,1,0.221,0.27,0.376,0.646,0.28,0.06,0.24,0.258,0.155,0.261,-0.2,79,-0.1
"ATC","10441","Jon Singleton","HOU",37,123,142,26,16,5,0,4,15,15,17,0,39,0,1,0,0,0,0.208,0.303,0.359,0.662,0.293,0.12,0.28,0.437,0.151,0.261,-0.5,92,-0.1
"ATC","19198","Yuli Gurriel",NA,34,119,130,28,19,6,0,2,12,13,9,0,23,1,1,0,2,0,0.238,0.294,0.355,0.65,0.285,0.07,0.18,0.401,0.118,0.273,-0.2,83,-0.1
"ATC","25813","Grae Kessinger","ARI",16,37,40,8,6,2,0,0,4,4,3,0,11,0,0,0,0,0,0.212,0.281,0.291,0.572,0.258,0.08,0.27,0.314,0.079,0.286,-0.1,62,-0.1
"Depth Charts","15937","Aledmys Diaz",NA,21,84,91,19,13,4,0,2,8,9,5,0,18,1,1,0,0,0,0.227,0.279,0.348,0.627,0.275,0.06,0.19,0.287,0.121,0.264,-0.3,76,-0.1
"Depth Charts","8090","Matt Carpenter",NA,29,108,126,22,12,5,0,4,12,13,15,0,39,2,1,0,1,0,0.201,0.304,0.356,0.659,0.294,0.12,0.31,0.378,0.155,0.271,-0.6,89,-0.1
"Depth Charts","6887","Martin Maldonado","SDP",8,29,32,5,3,1,0,1,3,3,2,0,11,0,0,0,0,0,0.173,0.24,0.296,0.536,0.239,0.07,0.35,0.203,0.123,0.24,-0.1,54,-0.1
"Depth Charts","13836","Matt Duffy",NA,31,121,133,28,22,5,0,2,13,11,9,0,30,2,1,0,1,0,0.233,0.295,0.311,0.606,0.272,0.07,0.22,0.315,0.078,0.295,-0.3,74,-0.1
"Depth Charts","15429","Kris Bryant","COL",112,428,483,105,70,21,1,13,54,53,43,1,117,10,2,0,1,0,0.245,0.325,0.391,0.717,0.316,0.09,0.24,0.363,0.146,0.305,-0.8,89,-0.1
"OOPSY","sa3020188","Tim Elko","CHW",6,26,28,6,4,1,0,1,3,3,1,0,10,0,0,0,0,0,0.229,0.263,0.368,0.631,0.274,0.04,0.34,0.121,0.139,0.32,0,76,-0.1
"OOPSY","25524","Aaron Schunk","COL",10,40,42,9,6,2,0,1,4,4,2,0,11,0,0,0,1,0,0.235,0.272,0.351,0.623,0.271,0.04,0.25,0.177,0.116,0.301,0,59,-0.1
"OOPSY","26149","Dominic Fletcher","CHW",15,58,63,13,9,3,0,1,6,5,4,0,15,1,1,0,0,0,0.225,0.281,0.32,0.601,0.267,0.06,0.23,0.275,0.095,0.285,-0.1,71,-0.1
"OOPSY","28253","Javier Sanoja","MIA",52,211,224,52,39,10,2,1,23,15,10,0,27,0,2,1,6,2,0.248,0.278,0.331,0.609,0.266,0.04,0.12,0.36,0.083,0.276,-0.1,66,-0.1
"OOPSY","13768","Travis Jankowski",NA,37,142,161,32,25,6,0,1,16,9,16,0,32,2,1,0,8,2,0.225,0.309,0.289,0.598,0.273,0.1,0.2,0.506,0.064,0.282,0.2,74,-0.1
"OOPSY","19198","Yuli Gurriel",NA,32,128,140,31,22,7,0,2,14,13,10,0,23,1,1,0,2,1,0.246,0.304,0.358,0.662,0.292,0.07,0.17,0.442,0.112,0.283,-0.3,87,-0.1
"OOPSY","sa3022757","Bryce Eldridge","SFG",24,96,105,21,14,4,0,3,11,11,8,0,33,0,1,0,0,0,0.222,0.28,0.373,0.653,0.285,0.08,0.31,0.242,0.151,0.296,-0.2,83,-0.1
"OOPSY","12976","Austin Hedges","CLE",49,172,192,33,23,6,0,3,16,14,12,0,53,2,2,4,2,1,0.19,0.25,0.283,0.532,0.238,0.06,0.28,0.223,0.093,0.252,-0.4,53,-0.1
"OOPSY","8090","Matt Carpenter",NA,29,109,126,22,13,5,0,3,13,12,15,0,38,2,1,0,1,0,0.199,0.302,0.342,0.644,0.289,0.12,0.3,0.388,0.142,0.266,-0.5,85,-0.1
"OOPSY","25448","Greg Jones","COL",18,71,77,15,10,3,0,2,8,8,5,0,29,1,0,0,5,1,0.218,0.275,0.359,0.634,0.278,0.06,0.38,0.16,0.141,0.334,0.6,64,-0.1
"OOPSY","sa3025245","Jac Caglianone","KCR",15,58,63,13,9,3,0,1,7,6,3,0,16,1,0,0,1,0,0.226,0.277,0.35,0.627,0.275,0.06,0.25,0.219,0.124,0.286,-0.1,73,-0.1
"OOPSY","9847","Andrew McCutchen","PIT",105,397,455,90,59,18,0,13,49,47,51,1,110,4,3,0,5,2,0.227,0.32,0.375,0.694,0.308,0.11,0.24,0.467,0.148,0.278,-1.9,94,-0.1
"Steamer","29630","Joey Loperfido","TOR",37,134,148,29,18,6,1,4,16,15,11,1,47,2,1,0,3,1,0.219,0.284,0.361,0.645,0.282,0.07,0.32,0.232,0.143,0.301,-0.2,83,-0.1
"Steamer","15676","Jose Abreu",NA,49,183,201,44,30,8,0,5,21,22,14,0,44,2,1,0,1,0,0.241,0.302,0.381,0.683,0.299,0.07,0.22,0.318,0.14,0.287,-0.7,92,-0.1
"Steamer","14128","Joey Gallo","CHW",66,228,271,40,22,7,0,11,30,29,37,0,104,3,2,1,3,1,0.175,0.296,0.354,0.65,0.291,0.14,0.38,0.361,0.179,0.25,-0.3,87,-0.1
"Steamer","22117","Nick Pratto","KCR",15,54,62,12,7,3,0,2,7,6,6,0,20,1,0,0,1,0,0.213,0.294,0.365,0.659,0.29,0.09,0.33,0.283,0.152,0.3,-0.1,84,-0.1
"Steamer","12155","Eddie Rosario","LAD",37,141,153,32,20,6,1,5,16,17,9,0,37,1,1,0,3,1,0.227,0.276,0.384,0.66,0.286,0.06,0.24,0.249,0.158,0.27,-0.2,84,-0.1
"Steamer","6887","Martin Maldonado","SDP",8,26,29,5,3,1,0,1,3,3,2,0,10,0,0,0,0,0,0.177,0.241,0.303,0.544,0.242,0.07,0.34,0.197,0.127,0.243,-0.2,56,-0.1
"Steamer","sa3020188","Tim Elko","CHW",16,61,66,14,10,2,0,2,6,7,3,0,21,1,0,0,0,0,0.235,0.278,0.377,0.655,0.285,0.05,0.32,0.157,0.142,0.322,-0.1,84,-0.1
"Steamer","25448","Greg Jones","COL",18,66,73,15,10,3,0,2,8,7,5,0,26,1,1,0,4,1,0.231,0.289,0.375,0.663,0.29,0.06,0.35,0.183,0.144,0.342,0.3,72,-0.1
"Steamer","27845","Matt Mervis","MIA",63,224,252,49,30,10,0,9,26,28,22,1,71,3,2,1,2,0,0.22,0.298,0.388,0.686,0.3,0.09,0.28,0.315,0.168,0.278,-0.5,89,-0.1
"THE BAT","27604","Alika Williams","PIT",21,62,67,14,10,3,0,1,6,6,4,0,15,1,1,1,1,0,0.227,0.278,0.316,0.593,0.263,0.06,0.22,0.266,0.088,0.285,-0.1,64,-0.1
"THE BAT","sa3014465","Owen Caissie","CHC",16,57,64,13,9,3,0,1,7,6,5,0,21,0,0,0,1,0,0.224,0.294,0.352,0.646,0.284,0.08,0.33,0.254,0.128,0.325,-0.1,84,-0.1
"THE BAT","21497","Luken Baker","STL",27,79,88,17,10,3,0,3,9,11,8,0,23,1,1,0,0,0,0.218,0.293,0.396,0.69,0.3,0.09,0.27,0.341,0.178,0.261,-0.1,93,-0.1
"THE BAT","29782","Niko Kavadas","LAA",17,55,64,11,6,2,0,2,7,7,7,0,25,1,0,0,0,0,0.19,0.289,0.36,0.648,0.287,0.11,0.39,0.274,0.17,0.286,-0.1,84,-0.1
"THE BAT","19788","Zach Remillard",NA,14,35,38,7,5,1,0,0,3,3,2,0,10,0,0,0,1,0,0.203,0.261,0.284,0.546,0.244,0.06,0.26,0.242,0.082,0.268,0,55,-0.1
"THE BAT","20002","Bryce Johnson","PIT",13,29,32,6,5,1,0,0,3,2,2,0,8,0,0,0,1,0,0.221,0.289,0.301,0.59,0.265,0.08,0.26,0.3,0.08,0.297,0.1,66,-0.1
"THE BAT","16337","Nick Gordon","BAL",47,128,138,29,19,6,1,3,15,13,6,0,32,2,1,1,3,1,0.226,0.269,0.351,0.621,0.27,0.05,0.23,0.196,0.125,0.278,0,77,-0.1
"THE BAT","19273","Stone Garrett","WSN",14,46,50,10,6,2,0,1,5,6,3,0,15,1,0,0,1,0,0.222,0.281,0.371,0.652,0.285,0.07,0.3,0.226,0.149,0.293,0,82,-0.1
"THE BAT","13836","Matt Duffy",NA,30,90,98,21,17,3,0,1,9,8,6,0,22,1,1,0,1,0,0.234,0.292,0.302,0.594,0.267,0.07,0.22,0.299,0.067,0.297,-0.2,70,-0.1
"THE BAT","31567","Trey Lipscomb","WSN",23,80,85,18,14,3,0,1,8,7,4,0,18,1,0,0,2,1,0.23,0.273,0.31,0.584,0.258,0.05,0.21,0.24,0.08,0.284,0,64,-0.1
"THE BAT","19960","Taylor Trammell","HOU",102,235,265,47,29,10,1,8,30,25,24,0,82,3,2,1,7,2,0.199,0.28,0.345,0.625,0.277,0.09,0.31,0.296,0.146,0.266,0.2,80,-0.1
"THE BAT","25616","Marco Luciano","SFG",29,97,108,21,14,4,0,2,11,10,9,0,32,1,1,0,1,0,0.219,0.29,0.339,0.629,0.279,0.09,0.3,0.284,0.12,0.301,-0.1,79,-0.1
"THE BAT","17975","Scott Kingery","LAA",27,93,101,18,12,4,0,3,10,8,6,0,33,1,1,1,3,1,0.198,0.249,0.327,0.575,0.253,0.06,0.32,0.178,0.129,0.271,0.2,60,-0.1
"THE BAT","27784","Tyler Gentry","KCR",13,35,39,8,5,2,0,1,4,4,3,0,12,0,0,0,0,0,0.213,0.28,0.325,0.604,0.269,0.07,0.3,0.242,0.112,0.295,0,69,-0.1
"THE BAT","19384","Trenton Brooks","SDP",12,36,40,8,5,2,0,1,4,4,3,0,8,0,0,0,0,0,0.21,0.282,0.319,0.601,0.268,0.09,0.2,0.434,0.11,0.248,-0.1,74,-0.1
"THE BAT","21797","Andres Chaparro","WSN",18,66,72,15,10,3,0,2,7,9,5,0,16,1,1,0,0,0,0.228,0.289,0.378,0.667,0.29,0.07,0.22,0.306,0.15,0.268,-0.1,85,-0.1
"THE BAT","23789","Blaze Alexander","ARI",46,153,168,35,24,7,1,3,18,16,11,0,53,3,1,1,3,1,0.228,0.292,0.345,0.637,0.282,0.07,0.32,0.216,0.117,0.326,-0.1,78,-0.1
"THE BAT","14274","Mitch Haniger","SEA",83,297,332,62,40,11,1,11,32,38,29,0,94,4,2,0,0,0,0.21,0.286,0.358,0.644,0.284,0.09,0.28,0.306,0.148,0.265,-0.5,90,-0.1
"THE BAT","sa3022499","Brock Wilken","MIL",44,157,175,30,19,6,0,5,16,19,15,0,59,2,1,0,0,0,0.192,0.266,0.325,0.591,0.263,0.09,0.34,0.252,0.133,0.269,-0.3,66,-0.1
"THE BAT","3473","Anthony Rizzo",NA,89,327,369,73,49,13,1,10,39,39,30,1,72,9,2,0,3,1,0.222,0.305,0.359,0.664,0.294,0.08,0.2,0.42,0.136,0.254,-0.5,89,-0.1
"THE BAT","19901","Gavin Sheets","SDP",63,215,239,51,34,11,0,6,25,26,20,1,49,2,2,0,1,0,0.239,0.305,0.377,0.682,0.298,0.08,0.2,0.403,0.138,0.279,-0.3,92,-0.1
"THE BAT","25111","David Hensley","DET",21,50,55,11,7,2,0,1,5,5,5,0,16,0,0,0,1,0,0.212,0.285,0.314,0.599,0.268,0.09,0.3,0.3,0.102,0.297,0,67,-0.1
"THE BAT","18400","Juan Yepez","WSN",34,123,135,29,19,6,0,4,13,16,9,0,26,1,1,0,1,0,0.236,0.294,0.379,0.674,0.295,0.07,0.19,0.36,0.143,0.268,-0.2,88,-0.1
"THE BAT","31363","Graham Pauley","MIA",41,132,145,29,18,6,0,4,14,15,11,0,35,2,1,0,2,1,0.219,0.285,0.36,0.645,0.283,0.08,0.24,0.311,0.14,0.268,0,77,-0.1
"THE BAT","21496","Brandon Lockridge","SDP",58,131,143,29,21,6,0,2,16,10,10,0,40,1,1,1,7,1,0.22,0.277,0.312,0.59,0.262,0.07,0.28,0.239,0.093,0.299,0.5,70,-0.1
"THE BAT","21270","Sean Bouchard","COL",44,144,161,34,21,8,1,5,19,17,14,0,45,2,1,0,3,1,0.238,0.312,0.402,0.714,0.311,0.09,0.28,0.32,0.164,0.309,0,86,-0.1
"THE BAT","sa3020188","Tim Elko","CHW",16,59,63,13,9,2,0,2,6,7,3,0,21,1,0,0,0,0,0.226,0.27,0.357,0.628,0.274,0.05,0.33,0.15,0.131,0.317,-0.1,76,-0.1
"THE BAT","13324","Ildemaro Vargas","ARI",68,211,229,49,37,9,1,1,21,17,13,0,28,1,2,2,4,1,0.232,0.278,0.306,0.583,0.258,0.06,0.12,0.468,0.074,0.258,-0.1,64,-0.1
"THE BAT","12155","Eddie Rosario","LAD",54,188,203,41,26,8,1,6,21,22,13,0,48,1,2,1,3,1,0.219,0.268,0.365,0.633,0.275,0.06,0.23,0.264,0.146,0.259,0,76,-0.1
"THE BAT","10950","Adam Duvall",NA,68,235,257,47,25,10,1,11,27,33,16,0,79,4,2,0,1,0,0.2,0.261,0.391,0.652,0.282,0.06,0.31,0.206,0.19,0.245,-0.3,81,-0.1
"THE BAT","19358","Weston Wilson","PHI",34,102,113,21,13,4,0,4,12,12,9,0,34,1,1,0,3,1,0.203,0.269,0.351,0.62,0.272,0.08,0.3,0.258,0.148,0.263,0.1,72,-0.1
"THE BATX","17975","Scott Kingery","LAA",27,93,101,18,12,4,0,3,10,9,6,0,33,1,1,1,3,0,0.198,0.249,0.327,0.576,0.253,0.06,0.32,0.178,0.129,0.271,0.4,60,-0.1
"THE BATX","19788","Zach Remillard",NA,14,35,38,7,5,1,0,0,3,3,2,0,10,0,0,0,1,0,0.204,0.262,0.284,0.546,0.244,0.06,0.26,0.241,0.08,0.27,0,55,-0.1
"THE BATX","20002","Bryce Johnson","PIT",13,29,32,6,5,1,0,0,3,2,2,0,8,0,0,0,1,0,0.222,0.29,0.299,0.589,0.265,0.08,0.26,0.301,0.077,0.298,0.1,65,-0.1
"THE BATX","2136","David Peralta",NA,81,268,293,65,44,14,1,5,30,29,21,1,61,2,2,0,2,1,0.241,0.3,0.362,0.662,0.289,0.07,0.21,0.346,0.121,0.292,-0.4,86,-0.1
"THE BATX","25616","Marco Luciano","SFG",29,97,108,21,15,4,0,2,11,10,9,0,32,1,1,0,1,0,0.221,0.291,0.34,0.631,0.279,0.09,0.3,0.281,0.119,0.305,-0.1,80,-0.1
"THE BATX","5827","Wilmer Flores","SFG",94,332,369,77,51,15,0,11,38,41,29,0,55,4,3,0,0,0,0.233,0.3,0.382,0.682,0.299,0.08,0.15,0.534,0.148,0.245,-0.7,93,-0.1
"THE BATX","27784","Tyler Gentry","KCR",13,35,39,8,5,2,0,1,4,4,3,0,12,0,0,0,0,0,0.213,0.28,0.325,0.605,0.269,0.07,0.3,0.242,0.113,0.295,0,69,-0.1
"THE BATX","21497","Luken Baker","STL",27,79,88,17,10,3,0,3,9,11,8,0,23,1,1,0,0,0,0.219,0.294,0.388,0.682,0.298,0.09,0.27,0.338,0.169,0.266,-0.1,91,-0.1
"THE BATX","19384","Trenton Brooks","SDP",12,36,40,8,5,2,0,1,4,4,3,0,8,0,0,0,0,0,0.21,0.282,0.32,0.602,0.268,0.09,0.2,0.434,0.11,0.247,0,74,-0.1
"THE BATX","13836","Matt Duffy",NA,30,90,98,21,17,3,0,1,9,8,6,0,22,1,1,0,1,0,0.233,0.29,0.301,0.591,0.265,0.06,0.22,0.289,0.068,0.297,-0.2,69,-0.1
"THE BATX","21496","Brandon Lockridge","SDP",58,131,143,29,21,6,0,2,16,10,10,0,40,1,1,1,7,1,0.22,0.277,0.313,0.59,0.263,0.07,0.28,0.239,0.093,0.299,0.9,70,-0.1
"THE BATX","29782","Niko Kavadas","LAA",17,55,64,10,6,2,0,2,7,7,7,0,25,1,0,0,0,0,0.188,0.287,0.349,0.636,0.283,0.11,0.39,0.275,0.161,0.286,-0.1,81,-0.1
"THE BATX","sa3022499","Brock Wilken","MIL",44,157,175,30,19,6,0,5,15,19,15,0,59,2,1,0,0,0,0.192,0.266,0.325,0.592,0.263,0.09,0.34,0.252,0.134,0.269,-0.2,66,-0.1
"THE BATX","21797","Andres Chaparro","WSN",18,66,72,15,10,3,0,2,7,9,5,0,16,1,1,0,0,0,0.229,0.288,0.376,0.665,0.29,0.07,0.22,0.3,0.147,0.27,-0.1,85,-0.1
"THE BATX","31567","Trey Lipscomb","WSN",23,80,85,18,14,3,0,1,8,7,4,0,18,1,0,0,2,1,0.229,0.271,0.305,0.576,0.255,0.05,0.21,0.236,0.076,0.284,-0.1,62,-0.1
"THE BATX","15679","Rowdy Tellez",NA,77,262,292,58,36,11,0,11,30,37,25,2,65,2,2,0,1,0,0.221,0.294,0.391,0.685,0.297,0.09,0.22,0.392,0.17,0.249,-0.5,91,-0.1
"THE BATX","31363","Graham Pauley","MIA",41,132,145,29,18,6,0,4,14,15,11,0,35,2,1,0,2,0,0.219,0.285,0.36,0.645,0.283,0.08,0.24,0.311,0.141,0.268,0.1,77,-0.1
"THE BATX","25111","David Hensley","DET",21,50,55,11,7,2,0,1,5,4,5,0,16,0,0,0,1,0,0.212,0.285,0.311,0.596,0.267,0.09,0.3,0.302,0.099,0.298,0,67,-0.1
"THE BATX","2396","Carlos Santana","CLE",133,489,550,105,68,21,1,15,55,59,53,1,97,3,3,1,3,1,0.215,0.294,0.356,0.65,0.287,0.1,0.18,0.547,0.141,0.236,-0.9,87,-0.1
"THE BATX","5235","Justin Turner",NA,106,396,441,96,67,20,1,9,45,46,33,0,80,8,4,0,2,1,0.243,0.31,0.362,0.672,0.297,0.07,0.18,0.409,0.119,0.281,-0.8,91,-0.1
"THE BATX","19358","Weston Wilson","PHI",34,102,113,21,13,4,0,4,13,12,9,0,34,1,1,0,3,1,0.206,0.272,0.357,0.629,0.275,0.08,0.3,0.259,0.151,0.268,0,74,-0.1
"THE BATX","13324","Ildemaro Vargas","ARI",68,211,229,49,38,10,1,1,21,17,13,0,28,1,2,2,4,1,0.233,0.28,0.303,0.583,0.259,0.06,0.12,0.462,0.07,0.262,-0.1,65,-0.1
"THE BATX","21270","Sean Bouchard","COL",44,144,161,35,21,8,1,5,19,17,14,0,45,2,1,0,3,1,0.24,0.314,0.401,0.714,0.312,0.09,0.28,0.317,0.16,0.314,0,87,-0.1
"THE BATX","sa3020188","Tim Elko","CHW",16,59,63,13,9,2,0,2,6,7,3,0,21,1,0,0,0,0,0.226,0.27,0.358,0.628,0.274,0.05,0.33,0.15,0.132,0.317,-0.1,76,-0.1
"THE BATX","23789","Blaze Alexander","ARI",46,152,168,34,24,7,1,3,18,16,12,0,53,3,1,1,3,1,0.225,0.29,0.337,0.626,0.278,0.07,0.32,0.217,0.112,0.323,0,75,-0.1
"THE BATX","18400","Juan Yepez","WSN",34,123,135,29,20,6,0,3,13,15,9,0,26,1,1,0,1,0,0.236,0.293,0.372,0.666,0.292,0.07,0.19,0.348,0.136,0.271,-0.2,86,-0.1
"THE BATX","27493","Rece Hinds","CIN",33,83,90,17,10,4,0,3,10,10,5,0,35,1,0,0,2,1,0.208,0.262,0.371,0.633,0.274,0.06,0.38,0.155,0.164,0.309,0.1,68,-0.1
"THE BATX","10950","Adam Duvall",NA,68,235,257,47,26,10,1,11,27,33,16,0,79,4,2,0,1,0,0.201,0.262,0.388,0.65,0.282,0.06,0.31,0.207,0.187,0.248,-0.3,81,-0.1
"ZiPS","26420","Kyren Paris","LAA",107,391,443,74,49,15,2,8,50,41,43,0,160,5,2,2,18,3,0.189,0.277,0.299,0.576,0.26,0.1,0.36,0.269,0.11,0.293,1.6,65,-0.1
"ZiPS","8090","Matt Carpenter",NA,70,162,191,32,17,9,0,6,18,21,24,0,59,3,2,0,0,1,0.198,0.309,0.364,0.673,0.3,0.13,0.31,0.407,0.167,0.263,-0.8,93,-0.1
"ZiPS","26517","Noelvi Marte","CIN",108,410,442,100,72,17,1,10,50,46,26,0,112,4,2,0,14,5,0.244,0.294,0.363,0.658,0.289,0.06,0.25,0.232,0.12,0.31,0,78,-0.1
"ZiPS","17838","Willie Calhoun",NA,102,349,388,85,58,18,1,8,40,38,34,1,57,3,2,0,1,2,0.244,0.314,0.37,0.684,0.301,0.09,0.15,0.596,0.126,0.269,-1.4,94,-0.1
"ZiPS","15937","Aledmys Diaz",NA,88,275,299,61,41,14,0,6,24,29,17,1,57,5,2,0,0,0,0.222,0.278,0.338,0.616,0.271,0.06,0.19,0.298,0.116,0.257,-0.5,76,-0.1
"ZiPS","19683","Mike Brosseau","SDP",100,312,348,68,49,9,0,10,37,41,25,0,94,9,2,0,1,1,0.218,0.293,0.343,0.636,0.284,0.07,0.27,0.266,0.125,0.276,-0.9,84,-0.1
"ZiPS DC","sa3014701","Robert Hassell III","WSN",8,32,35,7,5,1,0,0,4,3,3,0,9,0,0,0,1,0,0.22,0.284,0.307,0.591,0.264,0.08,0.26,0.29,0.087,0.294,0,68,-0.1
"ZiPS DC","6887","Martin Maldonado","SDP",8,29,32,5,3,1,0,1,3,3,2,0,11,0,0,1,0,0,0.169,0.239,0.288,0.527,0.236,0.07,0.35,0.208,0.119,0.237,0,52,-0.1
"ZiPS DC","19293","Nick Senzel","CHW",23,88,98,19,14,3,0,2,11,9,9,0,21,1,0,0,1,1,0.219,0.294,0.326,0.619,0.276,0.09,0.21,0.419,0.106,0.265,-0.4,77,-0.1
"ZiPS DC","12164","Miguel Sano",NA,21,81,91,16,9,3,0,4,10,11,9,0,34,1,0,0,0,0,0.201,0.289,0.382,0.671,0.294,0.1,0.37,0.274,0.181,0.285,-0.1,89,-0.1
"ZiPS DC","15937","Aledmys Diaz",NA,21,84,91,19,12,4,0,2,7,9,5,0,17,2,1,0,0,0,0.222,0.278,0.338,0.616,0.271,0.06,0.19,0.298,0.116,0.257,-0.1,73,-0.1
"ZiPS DC","13836","Matt Duffy",NA,31,121,133,28,22,4,0,2,13,10,10,0,30,2,1,0,1,1,0.229,0.293,0.301,0.594,0.268,0.07,0.23,0.322,0.072,0.291,-0.3,71,-0.1
"REZ","19901","Gavin Sheets","SDP",43,146,161,31,19,7,0,5,15,18,13,0,34,1,1,0,0,0,0.21,0.278,0.36,0.638,0.279,8.2,21,0.4,0.15,0.238,-0.3,92,-0.1
"REZ","21626","Griffin Conine","MIA",90,328,366,83,51,16,4,11,39,42,31,0,127,3,2,0,0,0,0.252,0.321,0.428,0.749,0.325,8.5,34.8,0.2,0.176,0.37,-0.7,82,-0.1
"REZ","6887","Martin Maldonado","SDP",22,68,76,11,7,2,0,2,6,7,5,0,27,1,0,1,0,0,0.163,0.229,0.298,0.527,0.234,7,35.5,0.2,0.135,0.222,-0.2,58,-0.1
"REZ","8090","Matt Carpenter",NA,38,116,135,21,11,6,0,4,13,14,16,1,42,2,1,0,1,0,0.183,0.288,0.338,0.626,0.278,11.6,30.8,0.4,0.155,0.241,-0.5,87,-0.1
"REZ","12155","Eddie Rosario","LAD",62,216,234,46,28,9,1,9,24,27,14,1,54,1,2,1,4,1,0.213,0.261,0.387,0.648,0.279,6,23.4,0.3,0.174,0.239,-0.1,80,-0.1
"REZ","sa3015648","Yanquiel Fernandez","COL",31,127,136,32,21,6,1,3,14,16,7,1,31,1,1,0,0,0,0.25,0.294,0.391,0.685,0.296,0.06,0.22,0.246,0.142,0.301,-0.2,76,-0.1
"REZ","27845","Matt Mervis","MIA",69,253,282,53,35,13,0,5,30,33,23,0,79,4,2,0,1,1,0.21,0.283,0.319,0.602,0.268,8.1,28.1,0.3,0.109,0.282,-0.5,85,-0.2
"ATC","30162","Oscar Colas","CHW",45,150,164,34,23,6,1,4,16,15,11,1,44,2,1,0,2,1,0.227,0.287,0.352,0.64,0.28,0.07,0.26,0.258,0.125,0.293,-0.1,79,-0.2
"ATC","sa3004048","Tirso Ornelas","SDP",86,314,344,73,49,16,1,8,35,35,25,1,72,2,2,1,4,1,0.234,0.292,0.364,0.656,0.287,0.07,0.21,0.34,0.131,0.278,-0.3,84,-0.2
"ATC","25448","Greg Jones","COL",29,61,67,13,9,3,0,2,8,6,4,0,28,1,0,0,4,1,0.218,0.277,0.345,0.623,0.275,0.07,0.42,0.158,0.127,0.367,0.3,62,-0.2
"ATC","27604","Alika Williams","PIT",21,55,61,12,9,3,0,1,6,5,4,0,14,0,0,1,1,0,0.225,0.279,0.312,0.591,0.263,0.06,0.23,0.278,0.087,0.289,-0.1,64,-0.2
"ATC","sa3015168","Deyvison De Los Santos","MIA",97,373,398,92,61,16,1,15,43,50,20,2,107,3,2,1,1,1,0.247,0.289,0.413,0.701,0.302,0.05,0.27,0.183,0.166,0.305,-0.6,90,-0.2
"ATC","15194","Jake Bauers","MIL",39,125,142,25,15,5,0,5,16,17,15,0,47,1,0,0,4,1,0.202,0.293,0.361,0.655,0.29,0.11,0.33,0.324,0.159,0.278,-0.1,84,-0.2
"ATC","18400","Juan Yepez","WSN",33,118,130,29,19,6,0,4,14,15,9,0,25,1,1,0,1,0,0.244,0.303,0.392,0.695,0.303,0.07,0.2,0.372,0.147,0.279,-0.4,94,-0.2
"ATC","31431","Jordan Beck","COL",89,313,345,74,48,16,2,8,37,35,28,1,102,2,2,0,9,2,0.236,0.301,0.38,0.68,0.297,0.08,0.3,0.271,0.143,0.321,0.2,77,-0.2
"ATC","sa3022757","Bryce Eldridge","SFG",23,79,88,18,12,4,0,3,10,10,7,0,26,1,1,0,0,0,0.232,0.297,0.376,0.673,0.293,0.08,0.3,0.266,0.144,0.307,-0.1,88,-0.2
"ATC","sa3025245","Jac Caglianone","KCR",18,63,68,14,9,3,0,1,7,7,4,0,17,1,0,0,1,0,0.214,0.267,0.332,0.6,0.263,0.06,0.25,0.22,0.118,0.269,0,68,-0.2
"ATC","19966","Bobby Dalbec","CHW",16,44,48,8,6,1,0,1,6,5,4,0,20,0,0,0,1,0,0.193,0.264,0.3,0.564,0.253,0.08,0.41,0.202,0.107,0.317,0,61,-0.2
"OOPSY","2136","David Peralta",NA,76,301,329,71,48,15,1,7,33,31,24,0,69,2,2,0,2,1,0.236,0.295,0.358,0.654,0.288,0.07,0.21,0.348,0.122,0.283,-1.3,84,-0.2
"OOPSY","13836","Matt Duffy",NA,31,121,133,27,21,5,0,1,11,9,9,0,31,1,1,0,1,0,0.221,0.283,0.297,0.58,0.26,0.07,0.23,0.304,0.076,0.282,-0.3,66,-0.2
"OOPSY","31431","Jordan Beck","COL",92,361,399,84,53,19,2,11,44,43,35,0,113,0,3,0,8,3,0.232,0.298,0.382,0.679,0.297,0.09,0.28,0.306,0.149,0.305,-0.1,77,-0.2
"Steamer","8090","Matt Carpenter",NA,29,103,118,21,13,5,0,3,12,12,13,0,37,1,1,0,1,0,0.203,0.299,0.347,0.646,0.288,0.11,0.31,0.35,0.144,0.278,-0.5,85,-0.2
"Steamer","15429","Kris Bryant","COL",112,430,483,106,70,21,1,14,54,56,41,0,115,8,3,0,1,0,0.247,0.323,0.4,0.723,0.318,0.09,0.24,0.357,0.153,0.303,-0.9,90,-0.2
"Steamer","21626","Griffin Conine","MIA",79,297,332,64,39,12,1,12,34,38,29,0,115,3,3,1,1,0,0.215,0.289,0.381,0.67,0.293,0.09,0.34,0.255,0.167,0.299,-0.8,85,-0.2
"THE BAT","17954","Sam Hilliard","COL",74,225,250,48,28,10,1,9,29,26,21,1,81,1,1,1,7,2,0.214,0.284,0.386,0.67,0.292,0.09,0.32,0.261,0.172,0.288,0.3,73,-0.2
"THE BAT","27493","Rece Hinds","CIN",33,83,90,17,10,4,0,3,10,10,5,0,35,1,0,0,2,1,0.207,0.261,0.368,0.629,0.273,0.06,0.38,0.156,0.161,0.308,0.1,67,-0.2
"THE BAT","2136","David Peralta",NA,81,268,293,64,43,14,1,5,30,29,21,1,62,2,2,0,2,1,0.237,0.295,0.357,0.652,0.285,0.07,0.21,0.334,0.12,0.289,-0.4,83,-0.2
"THE BAT","sa3025245","Jac Caglianone","KCR",18,62,68,14,9,3,0,2,7,7,5,0,18,1,0,0,1,0,0.221,0.284,0.349,0.632,0.277,0.07,0.26,0.262,0.127,0.284,-0.1,74,-0.2
"THE BAT","22117","Nick Pratto","KCR",19,64,72,13,8,3,0,2,7,7,6,0,25,1,0,0,1,0,0.205,0.282,0.344,0.627,0.277,0.09,0.34,0.252,0.139,0.299,0,74,-0.2
"THE BAT","19966","Bobby Dalbec","CHW",17,51,57,10,6,2,0,2,6,6,4,0,22,1,0,0,1,0,0.194,0.263,0.342,0.605,0.267,0.07,0.39,0.193,0.148,0.292,0,71,-0.2
"THE BAT","10441","Jon Singleton","HOU",38,124,142,24,15,5,0,4,14,15,16,0,40,1,1,0,0,0,0.196,0.29,0.343,0.634,0.282,0.11,0.28,0.406,0.147,0.247,-0.2,84,-0.2
"THE BAT","26149","Dominic Fletcher","CHW",41,139,151,31,22,6,1,2,13,12,9,0,34,2,1,1,1,0,0.224,0.277,0.318,0.595,0.263,0.06,0.23,0.258,0.094,0.282,-0.2,68,-0.2
"THE BAT","21871","Jerar Encarnacion","SFG",56,201,219,45,29,8,0,7,23,25,16,0,74,2,1,0,1,0,0.225,0.285,0.376,0.661,0.288,0.07,0.34,0.212,0.151,0.316,-0.3,86,-0.2
"THE BAT","8090","Matt Carpenter",NA,39,117,134,23,13,5,0,4,14,15,14,0,41,2,1,0,1,0,0.196,0.29,0.353,0.643,0.285,0.1,0.31,0.339,0.157,0.26,-0.2,83,-0.2
"THE BATX","sa3025245","Jac Caglianone","KCR",18,62,68,14,9,3,0,2,7,7,5,0,18,1,0,0,1,0,0.222,0.284,0.349,0.633,0.278,0.07,0.26,0.262,0.128,0.284,-0.1,75,-0.2
"THE BATX","15676","Jose Abreu",NA,52,190,207,44,30,9,0,6,21,24,12,0,45,3,2,0,0,0,0.234,0.289,0.373,0.663,0.29,0.06,0.22,0.263,0.139,0.276,-0.4,86,-0.2
"THE BATX","19901","Gavin Sheets","SDP",63,215,239,50,33,10,1,6,25,26,20,1,49,2,2,0,1,0,0.233,0.3,0.372,0.672,0.294,0.08,0.2,0.401,0.139,0.272,-0.4,89,-0.2
"THE BATX","10441","Jon Singleton","HOU",38,124,142,25,15,5,0,4,14,15,16,0,39,1,1,0,0,0,0.199,0.292,0.345,0.638,0.283,0.11,0.28,0.407,0.146,0.251,-0.3,84,-0.2
"THE BATX","26151","Kyle Stowers","MIA",107,351,391,76,46,16,2,12,39,43,32,1,122,5,3,1,1,0,0.215,0.287,0.37,0.658,0.289,0.08,0.31,0.26,0.155,0.291,-0.5,81,-0.2
"THE BATX","19966","Bobby Dalbec","CHW",17,51,57,10,6,2,0,2,6,6,4,0,22,1,0,0,1,0,0.193,0.262,0.334,0.596,0.264,0.07,0.39,0.193,0.141,0.294,0,69,-0.2
"THE BATX","15464","Hunter Renfroe","KCR",99,356,393,79,50,16,1,12,41,46,31,0,85,3,3,1,1,0,0.222,0.288,0.377,0.665,0.291,0.08,0.22,0.365,0.155,0.255,-0.6,84,-0.2
"THE BATX","30162","Oscar Colas","CHW",44,145,159,32,22,6,0,4,16,16,11,1,41,2,1,0,2,1,0.223,0.282,0.35,0.632,0.276,0.07,0.26,0.261,0.127,0.281,-0.1,77,-0.2
"THE BATX","29573","Billy Cook","PIT",72,251,274,54,35,11,1,7,29,27,17,0,78,4,2,1,8,1,0.215,0.272,0.354,0.626,0.274,0.06,0.28,0.213,0.138,0.281,0.8,71,-0.2
"THE BATX","22117","Nick Pratto","KCR",19,64,72,13,8,3,0,2,7,7,6,0,24,1,0,0,1,0,0.199,0.279,0.328,0.607,0.269,0.09,0.34,0.264,0.13,0.289,-0.1,69,-0.2
"THE BATX","21871","Jerar Encarnacion","SFG",56,201,219,45,30,8,0,7,23,24,15,0,75,2,1,0,1,0,0.226,0.285,0.374,0.659,0.288,0.07,0.34,0.208,0.148,0.32,-0.3,85,-0.2
"THE BATX","26149","Dominic Fletcher","CHW",41,139,151,31,22,6,1,2,13,12,9,0,34,2,1,1,1,0,0.221,0.274,0.315,0.59,0.261,0.06,0.23,0.255,0.094,0.278,-0.2,67,-0.2
"ZiPS","sa3017394","Luca Tresh","KCR",97,369,405,83,56,16,1,10,39,43,30,0,106,2,3,1,0,1,0.225,0.285,0.355,0.64,0.281,0.07,0.26,0.283,0.13,0.285,-1.1,77,-0.2
"ZiPS","sa3014701","Robert Hassell III","WSN",106,427,469,94,71,15,2,6,48,40,36,1,124,3,2,1,10,3,0.22,0.284,0.307,0.591,0.264,0.08,0.26,0.29,0.087,0.294,-0.1,68,-0.2
"ZiPS","10200","Tucker Barnhart","TEX",72,209,234,40,30,9,0,1,17,16,20,0,65,2,1,2,1,0,0.191,0.267,0.249,0.516,0.237,0.09,0.28,0.308,0.057,0.271,-0.2,51,-0.2
"ZiPS","13836","Matt Duffy",NA,79,236,259,54,43,8,0,3,25,20,19,0,59,3,1,0,2,1,0.229,0.293,0.301,0.594,0.268,0.07,0.23,0.322,0.072,0.291,-0.5,72,-0.2
"ZiPS","sa3014516","Zac Veen","COL",87,329,368,76,51,13,3,9,43,40,30,0,96,3,3,3,18,4,0.231,0.299,0.371,0.669,0.294,0.08,0.26,0.312,0.14,0.295,1.3,74,-0.2
"ZiPS DC","15429","Kris Bryant","COL",112,427,483,104,69,22,0,13,55,50,44,2,119,11,2,0,2,0,0.243,0.328,0.382,0.71,0.314,0.09,0.25,0.368,0.14,0.307,-0.7,88,-0.2
"ZiPS DC","sa3025245","Jac Caglianone","KCR",15,59,63,13,8,3,0,1,6,7,3,0,15,1,0,0,0,0,0.218,0.265,0.339,0.604,0.262,0.04,0.23,0.194,0.121,0.275,0,64,-0.2
"REZ","15429","Kris Bryant","COL",99,374,421,84,53,18,1,12,53,46,36,1,96,8,2,0,1,0,0.225,0.305,0.372,0.677,0.298,8.5,22.8,0.4,0.147,0.269,-0.7,88,-0.2
"REZ","sa3025245","Jac Caglianone","KCR",18,68,73,15,10,3,0,1,7,7,4,0,18,1,0,0,1,0,0.216,0.267,0.335,0.603,0.264,0.05,0.25,0.214,0.12,0.273,0,65,-0.2
"ATC","15172","Tim Anderson","LAA",25,93,98,23,19,3,0,1,9,7,4,0,24,1,0,0,2,1,0.251,0.286,0.309,0.595,0.264,0.04,0.24,0.176,0.058,0.33,0.1,68,-0.3
"ATC","15429","Kris Bryant","COL",89,335,377,81,55,16,1,10,40,40,32,0,94,8,2,0,1,0,0.243,0.322,0.383,0.706,0.312,0.09,0.25,0.341,0.14,0.307,-0.7,86,-0.3
"Depth Charts","sa3025245","Jac Caglianone","KCR",15,59,63,12,8,3,0,1,6,6,3,0,15,1,0,0,1,0,0.209,0.254,0.321,0.575,0.251,0.04,0.24,0.183,0.113,0.262,0,56,-0.3
"OOPSY","5235","Justin Turner",NA,118,451,511,105,75,19,0,11,50,45,47,1,99,9,4,0,3,1,0.233,0.315,0.348,0.663,0.296,0.09,0.19,0.474,0.116,0.273,-2.7,90,-0.3
"OOPSY","sa3004048","Tirso Ornelas","SDP",76,301,329,69,47,14,1,6,31,30,23,0,72,1,3,0,2,1,0.228,0.285,0.344,0.628,0.277,0.07,0.22,0.324,0.116,0.276,-0.4,80,-0.3
"Steamer","sa3025129","Travis Bazzana","CLE",36,132,144,25,18,4,0,2,12,11,9,0,40,2,1,0,2,1,0.19,0.25,0.275,0.525,0.236,0.06,0.28,0.228,0.086,0.252,-0.1,51,-0.3
"Steamer","sa3025245","Jac Caglianone","KCR",15,55,59,11,8,2,0,1,5,5,3,0,15,1,0,0,1,0,0.2,0.243,0.304,0.547,0.24,0.04,0.25,0.174,0.104,0.25,0,48,-0.3
"THE BAT","29573","Billy Cook","PIT",72,251,274,54,35,11,1,7,29,27,17,0,78,4,2,1,8,2,0.215,0.272,0.353,0.625,0.274,0.06,0.29,0.213,0.138,0.281,0.4,71,-0.3
"THE BAT","25448","Greg Jones","COL",30,61,67,13,9,2,0,1,8,5,4,0,26,1,0,0,4,1,0.211,0.27,0.332,0.602,0.266,0.06,0.39,0.156,0.121,0.34,0.3,56,-0.3
"THE BAT","30162","Oscar Colas","CHW",44,145,159,32,23,6,0,3,15,14,10,1,41,2,1,0,2,1,0.222,0.28,0.334,0.614,0.269,0.06,0.26,0.253,0.112,0.285,-0.1,72,-0.3
"THE BATX","15429","Kris Bryant","COL",89,335,377,82,54,17,1,10,40,42,32,0,91,7,3,0,0,0,0.245,0.321,0.391,0.712,0.313,0.08,0.24,0.346,0.146,0.305,-0.7,87,-0.3
"THE BATX","8090","Matt Carpenter",NA,39,117,134,23,13,5,0,4,14,15,14,0,42,2,1,0,1,0,0.194,0.287,0.348,0.635,0.282,0.1,0.31,0.33,0.154,0.257,-0.2,81,-0.3
"THE BATX","25448","Greg Jones","COL",30,61,67,13,9,2,0,1,8,5,4,0,26,1,0,0,4,0,0.211,0.27,0.332,0.602,0.266,0.06,0.39,0.156,0.121,0.34,0.5,56,-0.3
"THE BATX","25845","Michael Toglia","COL",130,472,531,106,61,23,2,21,62,65,52,2,164,3,3,0,7,2,0.225,0.305,0.414,0.719,0.312,0.1,0.31,0.318,0.189,0.295,-0.4,86,-0.3
"THE BATX","3473","Anthony Rizzo",NA,89,327,369,72,48,14,0,9,37,38,30,1,72,9,2,0,2,1,0.219,0.301,0.346,0.647,0.287,0.08,0.19,0.417,0.127,0.252,-0.7,84,-0.3
"THE BATX","19198","Yuli Gurriel",NA,37,130,140,29,20,6,0,3,13,14,7,0,24,1,1,0,2,1,0.226,0.269,0.34,0.609,0.266,0.05,0.17,0.305,0.114,0.255,-0.1,69,-0.3
"ZiPS","13663","Jack Lopez","SEA",111,385,417,82,58,14,2,8,42,42,20,0,142,5,2,5,9,5,0.213,0.26,0.322,0.582,0.256,0.05,0.34,0.141,0.109,0.312,-0.9,71,-0.3
"ZiPS","15429","Kris Bryant","COL",74,272,308,66,44,14,0,8,35,32,28,1,76,7,1,0,1,0,0.243,0.328,0.382,0.71,0.314,0.09,0.25,0.368,0.14,0.307,-0.4,88,-0.3
"ZiPS","15518","Amed Rosario","WSN",123,454,479,121,89,20,6,6,53,47,19,0,89,3,3,0,14,3,0.267,0.299,0.377,0.675,0.294,0.04,0.19,0.213,0.11,0.318,0.7,88,-0.3
"ZiPS","17766","DJ Stewart","PIT",96,295,339,62,41,11,1,9,33,34,35,0,91,7,2,0,4,1,0.21,0.307,0.346,0.653,0.292,0.1,0.27,0.385,0.136,0.269,-0.3,84,-0.3
"ZiPS","19293","Nick Senzel","CHW",98,310,345,68,49,12,0,7,40,30,31,1,74,2,1,1,4,4,0.219,0.294,0.326,0.619,0.276,0.09,0.21,0.419,0.106,0.265,-1.5,78,-0.3
"THE BAT","19198","Yuli Gurriel",NA,37,130,140,29,20,7,0,2,13,12,7,0,24,1,1,0,2,0,0.224,0.267,0.324,0.591,0.259,0.05,0.17,0.296,0.1,0.26,0,65,-0.4
"THE BAT","26151","Kyle Stowers","MIA",107,352,391,74,45,17,2,11,38,42,31,1,122,5,3,1,1,0,0.211,0.282,0.363,0.645,0.283,0.08,0.31,0.252,0.152,0.285,-0.5,77,-0.4
"THE BAT","15676","Jose Abreu",NA,52,190,207,43,30,8,0,4,20,21,12,0,45,3,2,0,0,0,0.227,0.282,0.342,0.624,0.275,0.06,0.22,0.261,0.115,0.274,-0.3,76,-0.4
"ZiPS","13768","Travis Jankowski",NA,105,220,250,50,40,8,1,1,29,17,25,1,49,3,1,1,12,1,0.227,0.313,0.286,0.6,0.273,0.1,0.2,0.51,0.059,0.287,1.5,76,-0.4
"ZiPS","14387","Harold Ramirez",NA,108,367,392,100,78,16,1,5,39,47,17,0,78,5,3,0,5,3,0.272,0.311,0.362,0.674,0.296,0.04,0.2,0.218,0.09,0.331,-1,88,-0.4
"ZiPS","sa3010704","Sammy Siani","PIT",111,409,452,91,66,16,3,6,50,42,34,0,123,3,2,4,9,5,0.222,0.286,0.32,0.606,0.27,0.07,0.27,0.276,0.098,0.301,-1,69,-0.4
"ZiPS","sa3025245","Jac Caglianone","KCR",30,124,132,27,17,7,1,2,12,15,6,1,31,2,0,0,1,0,0.218,0.265,0.339,0.604,0.262,0.04,0.23,0.194,0.121,0.275,0,64,-0.4
"ZiPS","12155","Eddie Rosario","LAD",109,367,397,80,49,17,2,12,41,47,24,0,88,1,3,2,8,3,0.218,0.266,0.373,0.639,0.277,0.06,0.22,0.273,0.155,0.252,-0.2,80,-0.4
"ATC","27845","Matt Mervis","MIA",65,221,246,47,29,10,1,7,24,27,20,1,70,3,1,0,1,0,0.212,0.286,0.362,0.647,0.284,0.08,0.29,0.286,0.149,0.273,-0.5,79,-0.5
"ATC","21626","Griffin Conine","MIA",87,304,338,63,40,12,1,10,34,38,28,1,117,3,2,0,1,0,0.208,0.281,0.358,0.639,0.281,0.08,0.35,0.243,0.149,0.297,-0.7,76,-0.5
"OOPSY","15429","Kris Bryant","COL",112,431,483,104,69,21,1,12,53,49,40,0,116,9,3,0,2,1,0.241,0.316,0.38,0.696,0.307,0.08,0.24,0.344,0.14,0.3,-0.9,83,-0.5
"OOPSY","sa3015168","Deyvison De Los Santos","MIA",81,333,350,79,51,15,1,13,35,42,12,0,101,2,3,0,0,0,0.238,0.266,0.403,0.669,0.288,0.03,0.29,0.118,0.165,0.299,-0.5,81,-0.5
"THE BAT","25845","Michael Toglia","COL",130,474,531,104,59,21,2,22,62,65,50,2,165,3,3,0,6,2,0.22,0.297,0.411,0.708,0.307,0.1,0.31,0.307,0.191,0.284,-0.4,83,-0.5
"THE BAT","sa3004048","Tirso Ornelas","SDP",114,422,460,97,66,21,1,9,46,45,32,1,99,3,3,1,4,1,0.229,0.285,0.347,0.633,0.278,0.07,0.22,0.318,0.118,0.277,-0.5,80,-0.5
"THE BAT","27471","Zach DeLoach","CHW",59,206,228,46,32,9,1,4,22,20,18,0,67,2,1,0,3,1,0.221,0.289,0.332,0.62,0.276,0.08,0.3,0.268,0.111,0.305,-0.2,77,-0.5
"THE BATX","sa3004048","Tirso Ornelas","SDP",114,422,460,97,66,21,1,9,46,45,32,1,99,3,3,1,5,1,0.229,0.285,0.348,0.633,0.278,0.07,0.22,0.318,0.119,0.277,-0.2,80,-0.5
"THE BATX","27471","Zach DeLoach","CHW",59,206,228,45,32,9,1,4,22,19,18,0,67,2,1,0,3,1,0.22,0.288,0.327,0.615,0.274,0.08,0.3,0.265,0.107,0.306,-0.1,76,-0.5
"ZiPS","19901","Gavin Sheets","SDP",129,403,445,94,62,20,0,12,36,48,36,1,94,3,3,0,1,1,0.233,0.299,0.372,0.671,0.294,0.08,0.21,0.383,0.139,0.273,-1,90,-0.5
"THE BAT","sa3015168","Deyvison De Los Santos","MIA",102,394,420,95,64,17,1,13,41,50,20,2,118,3,2,1,2,1,0.24,0.281,0.387,0.668,0.288,0.05,0.28,0.171,0.147,0.308,-0.6,81,-0.6
"THE BATX","sa3015168","Deyvison De Los Santos","MIA",102,394,420,95,64,17,1,13,41,51,20,2,118,3,2,1,2,0,0.24,0.281,0.387,0.669,0.288,0.05,0.28,0.171,0.147,0.308,-0.4,81,-0.6
"ZiPS","sa3015648","Yanquiel Fernandez","COL",125,487,520,121,82,24,2,13,52,60,27,2,119,3,3,0,1,0,0.248,0.29,0.386,0.676,0.293,0.05,0.23,0.227,0.138,0.302,-0.7,74,-0.6
"THE BAT","27845","Matt Mervis","MIA",63,211,234,42,26,9,0,6,20,24,18,1,69,3,1,0,1,0,0.198,0.268,0.334,0.602,0.266,0.08,0.3,0.258,0.136,0.258,-0.3,66,-0.8
"THE BATX","27845","Matt Mervis","MIA",63,211,234,42,26,9,0,7,21,25,18,1,69,3,1,0,1,0,0.199,0.269,0.339,0.609,0.268,0.08,0.3,0.258,0.14,0.259,-0.3,68,-0.8
"ZiPS","6887","Martin Maldonado","SDP",87,260,290,44,29,7,0,8,23,28,21,0,101,3,1,5,0,0,0.169,0.239,0.288,0.527,0.236,0.07,0.35,0.208,0.119,0.237,-0.4,52,-0.8
"THE BAT","21626","Griffin Conine","MIA",96,332,368,67,43,13,1,10,34,38,30,1,129,4,2,0,0,0,0.202,0.275,0.34,0.615,0.272,0.08,0.35,0.232,0.138,0.293,-0.6,70,-0.9
"ZiPS","20805","Carlos Perez",NA,104,384,409,90,63,17,1,9,37,43,18,0,50,4,3,0,1,1,0.234,0.274,0.354,0.628,0.274,0.04,0.12,0.36,0.12,0.247,-0.9,76,-0.9
"THE BATX","21626","Griffin Conine","MIA",96,331,368,67,42,14,1,9,33,37,30,1,130,4,2,0,0,0,0.201,0.274,0.333,0.607,0.269,0.08,0.35,0.233,0.132,0.294,-0.6,68,-1
