"PlayerName","playerid","K/9","HR/9","BB/9","AVG","ERA","SO","BB","HR","ER","HLD","H","R","IBB","HBP"
"AJ Alexy","22343",7.670505,1.25384,6.57625,0.252461,5.464165,22.92775,22.3156,3.573278,17.286375,0,26.4936,18.8054,0.0126,2.0249
"AJ Block","sa3014916",7.4475,1.211,4.1247,0.259201,4.54203,0.8275,0.4583,0.134556,0.50467,0,1.0127,0.5442,0.0244,0.0547
"AJ Blubaugh","sa3020112",8.10928333333333,1.208815,3.32680333333333,0.246614833333333,4.24003666666667,23.34877,10.04456,3.39704666666667,12.6953666666667,0.713692666666667,25.8317416666667,13.47299,0,0.937467833333333
"AJ Candelario","sa3018176",6.1578,1.39,5.4639,0.268595,5.49891,0.6842,0.6071,0.154444,0.61099,0,1.0602,0.6511,0.0266,0.0457
"AJ Labas","sa3017638",5.5692,1.278,4.635,0.278153,5.30883,0.6188,0.515,0.142,0.58987,0,1.1115,0.6327,0.0263,0.049
"AJ Ladwig","16266",5.8041,1.433,2.1438,0.276062,4.71258,0.6449,0.2382,0.159222,0.52362,0,1.113,0.5609,0.0248,0.0421
"AJ Minter","18655",9.98395176470588,1.02293717647059,3.05725235294118,0.220058352941176,3.53615411764706,60.7225396141177,18.496213024,6.13143577201384,21.393899814902,11.5972285714286,45.3147857142857,22.4981142857143,0,1.74039857142857
"AJ Puckett","sa738686",6.8634,1.169,3.411,0.265171,4.53195,0.7626,0.379,0.129889,0.50355,0,1.0448,0.5438,0.0196,0.0499
"AJ Puk","19343",10.9732447058824,0.909680176470588,3.04639647058824,0.215241882352941,3.20321941176471,80.5238717798262,22.2516404293733,6.73246713508651,23.3747822945698,7.97272857142857,53.9009428571429,25.9018,0,3.39034285714286
"AJ SmithShawver","29960",8.98946647058824,1.28156529411765,3.94801882352941,0.237355882352941,4.36822235294118,75.8729683686505,33.3077351415179,10.779974258782,36.8297722524752,0.869511714285714,67.8378714285714,38.3796857142857,0,2.53973714285714
"Aaron Ashby","23550",8.96301058823529,0.888665176470588,4.48359529411765,0.236831882352941,4.02461058823529,73.9261128840969,36.9028597833449,7.35250114716955,33.3086749608858,1.35442,68.1531428571429,36.7128571428571,0,3.86495571428571
"Aaron Barrett","11243",6.5943,1.393,3.5109,0.265924,4.86594,0.7327,0.3901,0.154778,0.54066,0,1.0529,0.5772,0.0268,0.0445
"Aaron Brooks","12272",5.34465833333333,1.33840416666667,2.73807083333333,0.286955,5.0654375,21.5121570679012,11.4969663734568,5.60751556481482,21.0375013148148,0,41.57465,21.78915,0.00335,1.52095
"Aaron Brown","sa3017500",6.59576,1.427675,2.80177,0.2658665,4.70189,36.86155,14.6638,7.5823335,24.773195,0,52.037,26.79215,0.00255,1.5187
"Aaron Brown","sa598306",7.4277,1.166,4.131,0.255178,4.41279,0.8253,0.459,0.129556,0.49031,0,0.9917,0.5288,0.0231,0.0457
"Aaron Bummer","16258",10.3997529411765,0.592767470588235,3.56570441176471,0.229778117647059,3.22392411764706,71.4370958159785,24.4624514893368,4.04561560200577,22.2593175044052,13.8474,53.3096285714286,23.1393428571429,0,3.27139857142857
"Aaron Civale","19479",8.33184705882353,1.41634176470588,2.79838294117647,0.245356235294118,4.21705058823529,134.099053987082,45.1490486123645,22.7697611342561,67.9803384522261,0.741742857142857,139.215714285714,74.8613428571429,0,6.24848571428571
"Aaron Cohn","sa3017210",4.5315,1.637,5.4108,0.289421,6.35859,0.5035,0.6012,0.181889,0.70651,0,1.1791,0.7474,0.0273,0.0528
"Aaron Davenport","sa3017615",6.71253,1.4922,4.08413,0.264763,5.112935,43.8619,26.7199,8.590778,30.30332,0,59.04005,32.8219,0.0016,2.5229
"Aaron Fletcher","22052",6.0876,1.27,4.1328,0.271855,4.96773,0.6764,0.4592,0.141111,0.55197,0,1.0828,0.5922,0.0251,0.0538
"Aaron Haase","sa3017849",6.5583,1.207,4.9473,0.263519,5.02398,0.7287,0.5497,0.134111,0.55822,0,1.0399,0.599,0.0262,0.0431
"Aaron Hernandez","sa3008599",7.264875,1.255915,4.63621,0.260714,5.07761,14.40375,10.22695,2.5675,10.761585,0,18.51145,11.78095,0.0128,1.52565
"Aaron Holiday","sa3017937",6.3,1.467,6.4026,0.270246,5.98176,0.7,0.7114,0.163,0.66464,0,1.0715,0.7052,0.0206,0.0497
"Aaron Leasher","sa3004701",6.8724,1.264,4.2111,0.259444,4.64967,0.7636,0.4679,0.140444,0.51663,0,1.013,0.5563,0.0103,0.0456
"Aaron Loup","10343",7.84764285714286,0.998714285714286,3.16907142857143,0.248471428571429,4.21649285714286,4.46698653061223,1.67980693877551,0.553076428571427,2.66949857142857,0,0.9821,0.4786,0.0274,0.053
"Aaron McGarity","sa873280",7.17957,1.291995,3.14361,0.2578665,4.768015,22.3999,9.6775,4.071222,15.74949,0,28.50315,17.26775,1.01255,4.5337
"Aaron Munson","sa3023257",6.7068,1.152,5.6754,0.266209,5.17257,0.7452,0.6306,0.128,0.57473,0,1.0466,0.6182,0.0266,0.0479
"Aaron Nixon","sa3023376",5.7114,1.404,7.0218,0.277613,6.1029,0.6346,0.7802,0.156,0.6781,0,1.1074,0.7231,0.0278,0.0528
"Aaron Nola","16149",8.91280117647059,1.24335352941176,2.11099764705882,0.242594823529412,3.82455176470588,184.627999770281,43.6790491591234,25.8204926194964,79.175863619308,0,173.706571428571,86.7731142857143,0,5.80442428571429
"Aaron Northcraft","10218",5.9274,1.333,4.4757,0.275866,5.31747,0.6586,0.4973,0.148111,0.59083,0,1.1017,0.6318,0.026,0.0541
"Aaron Ochsenbein","sa3011241",7.4313,1.455,3.7314,0.261728,4.86585,0.8257,0.4146,0.161667,0.54065,0,1.0321,0.5769,0.0218,0.043
"Aaron Perry","sa1055363",7.0893,1.197,3.555,0.26334,4.57731,0.7877,0.395,0.133,0.50859,0,1.0369,0.5484,0.0138,0.0425
"Aaron Pinto","sa3006823",7.9587,1.208,3.9294,0.252453,4.47363,0.8843,0.4366,0.134222,0.49707,0,0.983,0.534,0.0228,0.0426
"Aaron Rozek","sa3015224",5.965585,1.4043,2.83875,0.274294,4.8731,32.3235,15.15635,7.5765,26.26574,0,53.0474,28.2851,0.00325,2.5235
"Aaron Rund","sa3023369",6.399,1.273,5.1759,0.27014,5.24187,0.711,0.5751,0.141444,0.58243,0,1.069,0.6248,0.0264,0.0467
"Aaron Sanchez","11490",5.387885,1.257695,3.912155,0.275591,5.132365,19.8063,15.7023,4.572278,19.285405,0,37.0577,20.80665,0.0061,4.0343
"Aaron Shortridge","sa3006759",5.88015,1.4745,3.3255,0.2750505,5.11866,25.8346,15.182,6.0888335,22.29374,0,45.0524,24.3122,0.0031,1.52055
"Aaron Slegers","15231",6.6087,1.092,3.5361,0.267911,4.49541,0.7343,0.3929,0.121333,0.49949,0,1.0568,0.541,0.0298,0.0425
"Aaron Wilkerson","16904",7.2954,1.535,2.6109,0.260974,4.67784,0.8106,0.2901,0.170556,0.51976,0,1.0327,0.5531,0.0075,0.0388
"Abdiel Medina","sa3009206",4.3542,1.565,7.6527,0.291558,7.03458,0.4838,0.8503,0.173889,0.78162,0,1.1811,0.8257,0.0286,0.0567
"Abdiel Mendoza","sa916829",6.248675,1.358645,3.69616,0.267151,4.976685,25.8416,15.6963,5.574889,20.27634,0,38.04455,21.7969,0.0058,3.02885
"Abel Adames","sa917912",5.9418,1.611,4.8006,0.275055,5.81166,0.6602,0.5334,0.179,0.64574,0,1.1055,0.6831,0.0235,0.0524
"Abel Brito","sa3015458",5.3235,1.441,7.0623,0.281573,6.44481,0.5915,0.7847,0.160111,0.71609,0,1.1268,0.7595,0.028,0.0675
"Abel Fuerte","sa3021475",4.5351,1.403,9.2196,0.29055,7.2324,0.5039,1.0244,0.155889,0.8036,0,1.1647,0.8506,0.0294,0.056
"Abel Mendez","sa3018902",4.5144,1.554,9.1647,0.29145,7.52589,0.5016,1.0183,0.172667,0.83621,0,1.1746,0.8817,0.0216,0.0585
"Abel Mercedes","sa3017013",7.1451,1.234,8.2278,0.261234,5.96295,0.7939,0.9142,0.137111,0.66255,0,1.0104,0.7069,0.028,0.058
"Abner Uribe","25327",10.22072,0.772437764705882,5.28651411764706,0.213034235294118,3.75369411764706,52.4559131956125,27.1268399922168,3.92434819588927,19.2339580224221,1.37233142857143,35.5057285714286,20.3462857142857,0,2.70231142857143
"Abraham Gaitan","sa3020492",4.1337,2.077,6.9273,0.305037,7.77267,0.4593,0.7697,0.230778,0.86363,0,1.2663,0.9067,0.0137,0.051
"Abraham Parra","sa3022369",4.0653,1.707,7.0056,0.294347,7.05366,0.4517,0.7784,0.189667,0.78374,0,1.1939,0.8278,0.007,0.0555
"Abrahan Tejada","sa3019146",4.7502,1.477,8.6166,0.288328,7.11837,0.5278,0.9574,0.164111,0.79093,0,1.1581,0.8361,0.029,0.054
"Accimias Morales","sa3018809",4.1256,1.57,6.2523,0.295142,6.68556,0.4584,0.6947,0.174444,0.74284,0,1.203,0.7878,0.0068,0.0503
"Adam Boucher","sa3023128",6.6411,1.335,5.2776,0.268048,5.30514,0.7379,0.5864,0.148333,0.58946,0,1.0567,0.6306,0.0264,0.0434
"Adam Cimber","15288",6.71221764705882,1.10209105882353,3.13704588235294,0.257175882352941,4.65028,21.4067758288351,10.0297098066897,3.4391722805075,14.9610951529412,0.322472857142857,28.8005,15.9413714285714,0,3.18552714285714
"Adam Conley","14457",9.0693,1.062,3.42,0.238848,3.81276,1.0077,0.38,0.118,0.42364,0,0.9156,0.4585,0.024,0.0456
"Adam Kloffenstein","24493",7.559055,1.15948166666667,3.20454333333333,0.250501111111111,4.27385,39.6434846533333,18.9930045066667,6.39732869888889,24.138115962963,0,47.99115,26.2447,0.0124,4.531
"Adam Kolarek","10843",7.02774166666667,0.939037916666667,3.52252916666667,0.25774,4.285425,17.938695308642,8.04324192592593,2.23223215432099,10.478002654321,0,22.52375,11.2624,1.01215,1.0281
"Adam Laskey","sa3014851",6.543,1.086,3.71895,0.268972,4.571115,22.852,13.19655,4.054,16.241235,0,33.03385,17.76315,0.0065,2.02405
"Adam Leverett","sa1169991",5.66222,1.3289,3.193855,0.2698135,4.917595,26.30535,14.6743,5.085389,21.28488,0,43.0529,22.80475,0.00185,3.0259
"Adam Macko","sa3011555",7.82504,1.23568285714286,3.85760714285714,0.249180285714286,4.62067571428571,18.4512857142857,9.03646,2.86362428571429,10.8458785714286,0,20.2792142857143,11.6646128571429,0,1.78519114285714
"Adam Maier","sa3020883",5.5035,1.296,3.8547,0.285215,5.30397,0.6115,0.4283,0.144,0.58933,0,1.1505,0.6331,0.0031,0.0469
"Adam Mazur","31900",6.89392588235294,1.27069705882353,2.92431970588235,0.258509882352941,4.58781294117647,35.6936383613841,15.3050700057093,6.47392574581315,23.7016027051903,0.0108619571428571,48.8871142857143,26.3575571428571,0,1.36492857142857
"Adam McKillican","sa3017687",6.8364,1.456,3.8862,0.28012,5.43591,0.7596,0.4318,0.161778,0.60399,0,1.1237,0.6427,0.0259,0.0487
"Adam Morgan","12580",8.1837,1.181,3.5496,0.250264,4.23936,0.9093,0.3944,0.131222,0.47104,0,0.9726,0.507,0.0236,0.0443
"Adam Oller","20132",7.47243090909091,1.53412363636364,4.11734363636364,0.269526181818182,5.37997727272727,34.3115115599008,18.8519489463802,6.83467950340496,24.1387073490083,0,39.917475,24.78215,0.2415705,1.708695
"Adam Ottavino","1247",9.56205411764706,0.941547529411765,3.98192705882353,0.235366941176471,4.10872176470588,47.6584770722645,19.8046558401538,4.69057872172241,20.388883904709,1.67744,38.9359857142857,21.7338428571429,0,3.81357428571429
"Adam Plutko","15846",6.921,1.62675,2.85131,0.267695,4.87719,24.394,10.65275,6.087,18.26066,0,36.014,19.77665,0.0116,1.01965
"Adam Scoggins","sa3017845",6.2937,1.284,6.444,0.269193,5.60529,0.6993,0.716,0.142667,0.62281,0,1.0628,0.6646,0.0272,0.0489
"Adam Scott","sa3006826",6.8697,1.189,4.392,0.262346,4.77486,0.7633,0.488,0.132111,0.53054,0,1.0295,0.5717,0.0077,0.0658
"Adam Seminaris","sa3015010",6.665235,1.10102,3.141705,0.25959,4.296505,27.3619,13.16675,4.559222,18.224935,0,37.51335,19.7461,0.0039,1.01845
"Adam Serwinowski","sa3020626",6.1902,1.604,5.5557,0.278123,5.95053,0.6878,0.6173,0.178222,0.66117,0,1.1143,0.7033,0.0032,0.0512
"Adam Shoemaker","sa3017888",6.255,1.3,7.0128,0.272638,5.91336,0.695,0.7792,0.144444,0.65704,0,1.0779,0.7002,0.0175,0.0562
"Adam Smith","sa3017147",5.2695,1.46,5.1651,0.286197,6.03657,0.5855,0.5739,0.162222,0.67073,0,1.1528,0.7122,0.0269,0.0561
"Adam Stauffer","sa3005146",7.7778,1.297,3.8799,0.254353,4.57182,0.8642,0.4311,0.144111,0.50798,0,0.9934,0.5447,0.0253,0.0453
"Adam Stone","sa3020944",5.7465,1.536,6.9201,0.278206,6.29478,0.6385,0.7689,0.170667,0.69942,0,1.1153,0.7425,0.0279,0.0512
"Adam Tulloch","sa3020588",6.7905,1.255,5.3424,0.262643,5.1336,0.7545,0.5936,0.139444,0.5704,0,1.0345,0.6111,0.0266,0.0656
"Adam Wainwright","2233",5.52721428571429,1.406,2.77742857142857,0.283587857142857,5.17095714285714,7.29895796825397,4.16881898412698,1.9864033015873,7.73417917460317,0,1.1386,0.5819,0.0056,0.0382
"Adam Wolf","sa3007587",6.37492,1.137645,3.86331,0.2607975,4.70658,21.86155,14.20345,4.061889,17.24876,0,32.01755,18.76945,0.00825,4.53815
"Adan Moreno","sa3021537",5.5863,1.497,6.5871,0.275274,6.11217,0.6207,0.7319,0.166333,0.67913,0,1.0916,0.7209,0.0274,0.0536
"Adbert Alzolay","17859",8.7586925,1.26623166666667,2.63978194444444,0.236804583333333,3.92270777777778,29.1337396311111,9.35617454711934,4.60951479395062,14.1374246405761,0,27.4585,15.2223,0.0188,2.0238
"Adel Dilone","sa3018798",6.0786,1.347,5.5971,0.273386,5.62824,0.6754,0.6219,0.149667,0.62536,0,1.086,0.6676,0.0184,0.0517
"Adenys Bautista","sa3007905",5.5773,1.556,6.3648,0.277047,6.24141,0.6197,0.7072,0.172889,0.69349,0,1.1096,0.7339,0.0275,0.0477
"Adilson Peralta","sa3018816",4.9158,1.519,8.2089,0.284553,6.87123,0.5462,0.9121,0.168778,0.76347,0,1.1338,0.8084,0.0286,0.0514
"Adisyn Coffey","sa3014738",7.413795,1.26681,3.987165,0.259554,4.724435,19.408,10.2242,3.075111,12.262355,0,24.00845,13.2812,0.0127,0.0185
"Adolfo Oviedo","sa3018882",4.4181,1.642,6.6033,0.291574,6.83235,0.4909,0.7337,0.182444,0.75915,0,1.1849,0.8026,0.0075,0.0525
"Adolfo Ramirez","sa3003015",6.7581,1.332,4.032,0.267424,5.03658,0.7509,0.448,0.148,0.55962,0,1.0594,0.5992,0.0099,0.0545
"Adonis Medina","19903",7.142015,1.056055,3.491745,0.2557255,4.28775,22.40555,11.68515,3.555611,14.720685,0,29.48945,15.74105,0.01175,3.0281
"Adonis Villavicencio","sa3019070",6.3018,1.448,6.543,0.273718,6.04611,0.7002,0.727,0.160889,0.67179,0,1.0897,0.7135,0.0275,0.0559
"Adonys Perez","sa3020114",5.8644,1.093,4.0401,0.279212,4.94316,0.6516,0.4489,0.121444,0.54924,0,1.114,0.5932,0.0032,0.0533
"Adrian Acosta","sa3018883",4.3983,1.843,7.1964,0.29647,7.3881,0.4887,0.7996,0.204778,0.8209,0,1.2101,0.8647,0.0062,0.0657
"Adrian Alcantara","sa974592",6.5538,1.375,3.5109,0.268635,4.93164,0.7282,0.3901,0.152778,0.54796,0,1.0682,0.5868,0.0087,0.0435
"Adrian Bohorquez","sa3021501",5.7375,1.616,5.6142,0.281174,6.25977,0.6375,0.6238,0.179556,0.69553,0,1.1342,0.736,0.0048,0.0484
"Adrian Chaidez","sa3017417",7.0614,1.594,4.365,0.26271,5.40612,0.7846,0.485,0.177111,0.60068,0,1.0376,0.6368,0.0095,0.0554
"Adrian De Horta","sa737857",7.6032,1.374,3.735,0.261329,4.81194,0.8448,0.415,0.152667,0.53466,0,1.0282,0.5719,0.0136,0.0465
"Adrian Del Moral","sa3006816",5.832,1.327,7.0353,0.28061,6.32826,0.648,0.7817,0.147444,0.70314,0,1.12,0.746,0.0279,0.058
"Adrian Delgado","sa3019379",4.7655,1.429,10.6173,0.287854,7.65405,0.5295,1.1797,0.158778,0.85045,0,1.1471,0.8973,0.0301,0.0543
"Adrian Florencio","sa3010569",5.3865,1.561,4.5189,0.282252,5.83191,0.5985,0.5021,0.173444,0.64799,0,1.1403,0.6887,0.0049,0.0519
"Adrian Heredia","sa3024791",4.7133,1.614,6.3873,0.290451,6.69834,0.5237,0.7097,0.179333,0.74426,0,1.1792,0.7877,0.0033,0.0474
"Adrian Hernandez","sa3006177",7.86371,1.175915,5.00257,0.247998,4.81271,22.422,14.7581,3.0690555,13.267805,0,22.99785,14.28685,0.5129,2.52925
"Adrian Herrera","sa3023627",5.6565,1.891,5.4432,0.288018,6.60465,0.6285,0.6048,0.210111,0.73385,0,1.1735,0.7745,0.0115,0.0538
"Adrian Houser","12718",6.23096545454545,1.13395863636364,3.38019090909091,0.268207272727273,4.74379272727273,31.1815064378182,17.4387723820165,5.6018443196584,24.109711777719,0.05714375,43.2736,24.515725,0.1711915,1.8772675
"Adrian Martinez","21023",7.21411666666667,1.22292083333333,3.224725,0.260896666666667,4.637125,34.3844959876543,16.2529398148148,5.91075265432099,23.0540550925926,0,45.018,25.26815,0.0155,2.52455
"Adrian Martinez","sa3016049",4.0005,1.635,7.1883,0.298216,7.18992,0.4445,0.7987,0.181667,0.79888,0,1.2189,0.8439,0.0067,0.052
"Adrian Morejon","20039",9.54306558823529,0.981050588235294,2.99448,0.230127882352941,3.47729294117647,65.6286922433368,20.5793193503945,6.74505013907959,23.9179797708189,12.1563142857143,55.0327285714286,26.5343857142857,0,1.94978571428571
"Adrian Ogando","sa3017617",4.2858,1.491,8.514,0.288808,7.08462,0.4762,0.946,0.165667,0.78718,0,1.1561,0.8326,0.0289,0.056
"Adrian Quintana","sa3016465",5.9517,1.405,4.8726,0.269445,5.32215,0.6613,0.5414,0.156111,0.59135,0,1.0715,0.632,0.0264,0.0499
"Adrian Rodriguez","sa3015385",7.7454,1.303,7.6311,0.257444,5.7933,0.8606,0.8479,0.144778,0.6437,0,1.0012,0.6854,0.0277,0.0571
"Adrian Sampson","13339",5.889145,1.44536,2.86357,0.273723,5.124565,35.8325,18.65045,9.079,32.774745,0,60.5553,35.29425,0.0017,4.52825
"Adrian Santana","sa3018876",4.3848,1.607,8.7417,0.292223,7.46784,0.4872,0.9713,0.178556,0.82976,0,1.1821,0.8743,0.0229,0.0505
"Aidan Anderson","sa3011250",7.443575,1.423685,3.327565,0.254769,4.90265,24.4154,11.18105,4.581,16.76172,0,29.50805,18.27905,0.5104,2.5259
"Aidan Curry","sa3015334",6.3477,1.684,4.6206,0.273984,5.80203,0.7053,0.5134,0.187111,0.64467,0,1.1018,0.6827,0.0038,0.0482
"Aidan Maldonado","sa3020829",6.6492,1.419,5.1939,0.266529,5.39667,0.7388,0.5771,0.157667,0.59963,0,1.0546,0.6393,0.0265,0.0511
"Al Pesto","sa3021977",8.0676,1.189,3.3948,0.251198,4.28355,0.8964,0.3772,0.132111,0.47595,0,0.98,0.5124,0.025,0.0465
"Alain Pena","sa3019050",5.6691,1.526,4.3218,0.279891,5.65785,0.6299,0.4802,0.169556,0.62865,0,1.1234,0.6699,0.0052,0.0481
"Alan Busenitz","15239",7.01229805555556,1.55785444444444,3.25804027777778,0.266741388888889,4.96740444444444,20.6996558442798,10.2017878312757,4.80977981572016,15.9499653373251,0,31.02105,17.77685,0.51305,1.0203
"Alan Carter","sa3020817",8.028,1.202,4.0545,0.252665,4.50423,0.892,0.4505,0.133556,0.50047,0,0.9838,0.5373,0.0253,0.0418
"Alan Mundo","sa3005688",6.5592,1.367,5.6673,0.2677,5.55138,0.7288,0.6297,0.151889,0.61682,0,1.0583,0.657,0.0268,0.053
"Alan Perdomo","sa3006399",4.7502,1.429,4.9689,0.302283,6.24051,0.5278,0.5521,0.158778,0.69339,0,1.2351,0.7389,0.0236,0.054
"Alan Rangel","sa877578",7.83484428571429,1.39653714285714,3.19603,0.252450428571429,4.77644714285714,31.6548142857143,13.1550071428571,5.74691,20.087,0.704748571428571,37.3140571428571,21.6666571428571,0,1.60444571428571
"Alan Strong","sa3006768",7.5294,1.327,3.4704,0.257311,4.60656,0.8366,0.3856,0.147444,0.51184,0,1.011,0.5475,0.0216,0.0423
"Alaska Abney","sa3017308",7.25146,1.221655,4.458415,0.255019,4.860975,18.90615,12.2362,3.0709445,12.77013,0,23.01195,13.78945,0.0129,3.03005
"Albert Abreu","17485",8.51591733333333,1.19091066666667,4.28120933333333,0.238594733333333,4.79510933333333,10.1295766246969,5.22105213497718,1.24205166528593,5.89815429119822,0.839928333333333,9.71309333333333,5.63218666666667,0,0.850911
"Albert Breton","sa3009995",4.4487,1.547,8.7102,0.291551,7.33914,0.4943,0.9678,0.171889,0.81546,0,1.1774,0.8603,0.0292,0.0518
"Albert Polanco","sa3019660",4.5198,1.724,6.5592,0.290622,6.94242,0.5022,0.7288,0.191556,0.77138,0,1.1826,0.8138,0.0038,0.056
"Albert Rivas","sa3018286",5.7582,1.452,5.4963,0.281125,5.93406,0.6398,0.6107,0.161333,0.65934,0,1.1306,0.7004,0.0271,0.0516
"Albert Suarez","6175",7.63253882352941,1.40505617647059,3.11359294117647,0.259587647058824,4.52678647058824,70.8315579479769,28.9801510830588,13.1254600613453,42.1131611801315,4.67010428571429,85.4898857142857,45.2408714285714,0,2.93627428571429
"Alberto Baldonado","11812",8.5329,1.278,3.8385,0.243121,4.28031,0.9481,0.4265,0.142,0.47559,0,0.9401,0.5088,0.0246,0.0397
"Alberto Guerrero","sa872514",7.299,1.28,3.7206,0.256401,4.56615,0.811,0.4134,0.142222,0.50735,0,1.0014,0.544,0.0252,0.042
"Alberto Mota","sa3016712",6.9165,1.292,6.4296,0.266651,5.58675,0.7685,0.7144,0.143556,0.62075,0,1.0493,0.6634,0.0243,0.0465
"Alberto Pacheco","sa3015421",4.9752,1.512,4.3839,0.297737,6.03432,0.5528,0.4871,0.168,0.67048,0,1.2159,0.7142,0.0036,0.0511
"Albertus Barber","sa1172728",7.8759,1.26,3.8853,0.254216,4.5846,0.8751,0.4317,0.14,0.5094,0,0.9933,0.5455,0.0253,0.047
"Aldrin Batista","sa3019119",5.6979,1.51,4.2147,0.276319,5.41206,0.6331,0.4683,0.167778,0.60134,0,1.1042,0.6431,0.0031,0.0566
"Aldry Acosta","sa3002794",6.2595,1.128,3.906,0.269048,4.67586,0.6955,0.434,0.125333,0.51954,0,1.0629,0.5619,0.0256,0.0504
"Alec Baker","sa3022794",6.849,1.393,3.3993,0.267827,5.00148,0.761,0.3777,0.154778,0.55572,0,1.0663,0.5913,0.0176,0.049
"Alec Barger","sa3010566",7.007705,1.39856,4.270565,0.2725195,5.390915,17.8836,11.2262,3.576389,13.79425,0,24.5518,14.81415,0.01295,1.5249
"Alec Bettinger","20312",5.697,1.504,3.5352,0.277794,5.29749,0.633,0.3928,0.167111,0.58861,0,1.1189,0.6274,0.0164,0.0444
"Alec Gamboa","sa3011249",6.01574,1.31394,4.25863,0.2691065,5.078005,22.82595,16.22965,4.5775,18.78264,0,35.0474,20.30375,0.0031,1.01975
"Alec Kisena","sa875686",6.5871,1.499,2.9898,0.267999,4.91472,0.7319,0.3322,0.166556,0.54608,0,1.0728,0.5831,0.0044,0.0408
"Alec Marsh","27451",8.38718411764706,1.216065,3.39629764705882,0.249627764705882,4.49656294117647,101.286336802392,41.0890466350235,14.6138957963187,54.2718347972495,0.793940714285714,104.913042857143,58.8533857142857,0,7.14334285714286
"Alec Mills","13834",5.76785714285714,1.53857142857143,2.678,0.301892857142857,5.33702142857143,2.12010545124716,1.16830124263038,0.750395260770974,2.5970402585034,0,1.109,0.5595,0.043,0.0517
"Alejandro Gomez","sa3017618",5.7141,1.576,6.0003,0.277725,6.06267,0.6349,0.6667,0.175111,0.67363,0,1.1169,0.7154,0.0274,0.0537
"Alejandro Hidalgo","sa3015151",6.3063,1.637,5.7942,0.273547,6.16203,0.7007,0.6438,0.181889,0.68467,0,1.0955,0.7233,0.009,0.0484
"Alejandro Lugo","sa3009253",5.247,1.626,6.0246,0.279225,6.19767,0.583,0.6694,0.180667,0.68863,0,1.1169,0.7291,0.0231,0.0446
"Alejandro Manzano","sa3019125",5.0742,1.52,4.5693,0.283709,5.769,0.5638,0.5077,0.168889,0.641,0,1.1421,0.6828,0.0088,0.0537
"Alejandro Mateo","sa918495",7.686,1.213,3.7989,0.255554,4.50414,0.854,0.4221,0.134778,0.50046,0,0.9985,0.5379,0.0229,0.0427
"Alejandro Melean","sa3006815",6.819555,1.37289,3.99892,0.2614195,4.87358,19.8946,12.71155,4.0780555,14.77149,0,28.51585,15.7894,0.01275,1.5217
"Alejandro Mendez","sa3011785",5.3784,1.433,7.5591,0.282486,6.50925,0.5976,0.8399,0.159222,0.72325,0,1.1276,0.7681,0.0283,0.0604
"Alejandro Ramirez","sa3021042",5.0463,1.478,9.4068,0.284677,7.29567,0.5607,1.0452,0.164222,0.81063,0,1.1368,0.8558,0.0294,0.0585
"Alejandro Rosario","sa3023538",7.3548,1.287,3.1905,0.262158,4.55625,0.8172,0.3545,0.143,0.50625,0,1.035,0.5454,0.0032,0.0425
"Alejandro Torres","sa3023265",8.27336,1.301815,4.209205,0.2469115,4.64889,22.95725,11.73155,3.572778,12.75987,0,22.9864,13.7776,0.0127,3.02535
"Alek Jacob","29628",8.80958617647059,1.24966911764706,3.23627529411765,0.233166117647059,4.09767911764706,45.0574311130335,16.605556071271,6.34416228757247,21.0911059119569,0.986654285714286,42.2825285714286,22.3863857142857,0,2.93861
"Alek Manoah","26410",8.47758117647059,1.25199058823529,3.53824823529412,0.238254352941176,4.50980470588235,28.7447000362076,12.158453035897,4.25420294964706,15.6454249956171,0.836036285714286,25.7527857142857,14.6605285714286,0,2.49858428571429
"Alemao Hernandez","sa3002788",5.5539,1.407,2.5983,0.271465,4.65399,0.6171,0.2887,0.156333,0.51711,0,1.0832,0.5557,0.005,0.0421
"Alessandro Ercolani","sa3016714",6.2019,1.378,4.518,0.27215,5.37651,0.6891,0.502,0.153111,0.59739,0,1.0849,0.6368,0.0088,0.0426
"Alex Amalfi","sa3020489",7.0551,1.297,5.1858,0.261075,5.13846,0.7839,0.5762,0.144111,0.57094,0,1.0272,0.6108,0.0263,0.0453
"Alex Ayala Jr","sa3017141",5.2569,1.515,5.1885,0.278292,5.82507,0.5841,0.5765,0.168333,0.64723,0,1.1179,0.6881,0.0054,0.0565
"Alex Bustamante","sa3020631",5.9382,1.417,6.5799,0.275833,5.99814,0.6598,0.7311,0.157444,0.66646,0,1.0998,0.7104,0.0276,0.0687
"Alex Claudio","12890",5.7897,1.128,3.2364,0.273716,4.4541,0.6433,0.3596,0.125333,0.4949,0,1.0918,0.5378,0.0248,0.0396
"Alex Clemmey","sa3023421",6.1812,1.23,6.201,0.266209,5.35995,0.6868,0.689,0.136667,0.59555,0,1.04,0.6394,0.0031,0.0423
"Alex Cobb","6562",7.23576588235294,0.864205294117647,2.69294441176471,0.257575823529412,3.98461941176471,75.1330381832711,28.0590119383333,8.94865542649135,41.2710885809389,0.0237027142857143,94.5426,44.1953857142857,0,3.27889428571429
"Alex Colome","6661",6.93242857142857,1.15271428571429,3.70528571428571,0.270813571428571,4.46256428571429,6.14639250793651,2.84182107936508,0.842975523809524,3.06278847619048,0,1.0793,0.5622,0.0248,0.0427
"Alex Cook","sa3020879",6.1146,1.512,4.2786,0.276148,5.46687,0.6794,0.4754,0.168,0.60743,0,1.1044,0.6482,0.0031,0.0423
"Alex Cornwell","sa3017501",6.247588,1.0670058,2.790946,0.267058,4.332918,16.9709,7.10052,3.1591112,12.070372,0.72948,26.24154,13.13786,0,0.86568
"Alex Faedo","19874",8.64309029411765,1.35458852941176,3.38043647058824,0.239790941176471,4.29911411764706,56.3752436863014,22.0661558154248,8.77797055985006,28.0757162880431,10.6635971428571,53.8698571428571,30.6514714285714,0,2.32123
"Alex Garbrick","sa3017465",6.1407,1.336,5.5773,0.273123,5.57937,0.6823,0.6197,0.148444,0.61993,0,1.0846,0.6615,0.0268,0.0472
"Alex Hoppe","sa3020836",6.75833,1.12158,4.197085,0.269846,4.91302,22.88025,14.2357,4.058722,17.265825,0,33.5341,18.78705,0.01285,1.02135
"Alex Lange","19883",10.05356,0.697534470588235,4.88880264705882,0.222224647058824,3.85062764705882,43.8733604998693,21.3358884501634,3.00726619490196,16.7207355224183,1.19262142857143,31.6360857142857,17.7785,0,2.70748
"Alex Makarewich","sa3023642",5.6385,1.74,6.2055,0.283588,6.57261,0.6265,0.6895,0.193333,0.73029,0,1.1434,0.7716,0.0068,0.0576
"Alex Martinez","sa3015284",6.5448,1.382,5.8797,0.2704,5.59296,0.7272,0.6533,0.153556,0.62144,0,1.067,0.6636,0.0269,0.0497
"Alex Mauricio","sa3004337",7.456605,1.3953,4.13556,0.253932,5.015185,17.9148,10.2231,3.084111,12.273555,0,21.5095,13.2914,0.0128,0.52105
"Alex McFarlane","sa3020633",5.6691,1.413,5.4333,0.276499,5.697,0.6299,0.6037,0.157,0.633,0,1.0964,0.6769,0.0031,0.052
"Alex McKenney","sa3017209",5.3568,1.44,6.8913,0.282027,6.36678,0.5952,0.7657,0.16,0.70742,0,1.1298,0.7506,0.0279,0.0543
"Alex Nolan","sa3010267",6.4755,1.413,5.3514,0.26982,5.56344,0.7195,0.5946,0.157,0.61816,0,1.0714,0.6575,0.0266,0.0476
"Alex Pham","sa3017550",7.40125,1.342435,3.65454,0.2570455,4.69653,43.39535,20.20745,6.584611,24.77854,0,50.02145,26.7971,0.0015,0.5168
"Alex Phillips","sa3008595",8.316,1.205,3.9033,0.249279,4.401,0.924,0.4337,0.133889,0.489,0,0.9677,0.5247,0.0252,0.0413
"Alex Powers","sa621533",8.244,1.213,3.5244,0.250263,4.35366,0.916,0.3916,0.134778,0.48374,0,0.974,0.519,0.025,0.0515
"Alex Rao","sa3020595",6.3981,1.499,6.2838,0.268714,5.89311,0.7109,0.6982,0.166556,0.65479,0,1.0597,0.695,0.0271,0.0512
"Alex Reyes","15015",9.6525,1.174,4.5162,0.230956,4.19454,1.0725,0.5018,0.130444,0.46606,0,0.8759,0.4989,0.0257,0.0407
"Alex Santos II","sa3014684",6.6456,1.40125,4.64685,0.263067,5.168055,18.3634,12.7559,3.582778,13.303395,0,25.0345,14.32335,0.00195,1.02245
"Alex Scherff","sa3005397",7.7715,1.318,4.3776,0.254969,4.82697,0.8635,0.4864,0.146444,0.53633,0,0.998,0.5725,0.0257,0.0414
"Alex Segal","sa919036",8.0244,1.087,4.3911,0.254533,4.40649,0.8916,0.4879,0.120778,0.48961,0,0.9896,0.5285,0.0256,0.0492
"Alex Speas","21859",10.0728270588235,0.931934941176471,5.74470029411765,0.217160764705882,4.10548941176471,21.5505397425606,12.3507187813187,2.02361418897347,8.75708876970396,0.975202857142857,15.6805,9.92215285714286,0,1.512928
"Alex Troop","sa915638",6.577335,1.46723,3.16103,0.2653,4.888865,27.36595,13.17555,6.0819445,20.76618,0,40.02375,22.28395,0.00415,1.52235
"Alex Valdez","sa3005432",6.0993,1.358,6.1587,0.273552,5.79726,0.6777,0.6843,0.150889,0.64414,0,1.086,0.6861,0.0272,0.0467
"Alex Valverde","sa3005207",6.408,1.539,3.465,0.269046,5.18598,0.712,0.385,0.171,0.57622,0,1.0743,0.6132,0.005,0.055
"Alex Vesia","25007",11.2205141176471,1.18782235294118,3.94644588235294,0.208163,3.56438117647059,75.1786049558724,26.3543254169689,7.95031087443291,23.8795611921569,13.9052142857143,45.1590714285714,24.9645,0,2.36722714285714
"Alex Wells","19845",6.6816,1.461,3.0501,0.26595,4.78287,0.7424,0.3389,0.162333,0.53143,0,1.0613,0.5658,0.0235,0.0445
"Alex Williams","sa3020314",6.8697,1.39,3.2976,0.263798,4.82022,0.7633,0.3664,0.154444,0.53558,0,1.0448,0.5728,0.0095,0.049
"Alex Wood","13781",7.38178588235294,1.27347529411765,3.33511882352941,0.261490352941177,4.76127176470588,53.8687176470588,24.232391349481,9.21177141868512,34.6416094117647,0,67.1627285714286,37.1505285714286,0,5.07450714285714
"Alex Young","18333",8.05079058823529,1.30850411764706,3.59813294117647,0.261292235294118,4.62561764705882,22.460252215511,9.932061386802,3.61719390883737,12.9983753703222,0.963417142857143,25.5453714285714,13.9011214285714,0,1.09223514285714
"Alexander Agramonte","sa3021034",3.9159,1.619,7.0749,0.297532,7.09002,0.4351,0.7861,0.179889,0.78778,0,1.2153,0.8325,0.0159,0.0543
"Alexander Alberto","sa3015986",5.8779,1.277,6.597,0.278287,5.86467,0.6531,0.733,0.141889,0.65163,0,1.1026,0.6968,0.0274,0.0559
"Alexander Beltre","sa3015444",5.0355,1.391,8.4933,0.282241,6.71193,0.5595,0.9437,0.154556,0.74577,0,1.1271,0.7901,0.0288,0.0509
"Alexander Campos","sa3022221",3.9078,1.732,5.5278,0.298566,6.77493,0.4342,0.6142,0.192444,0.75277,0,1.2286,0.7956,0.004,0.0458
"Alexander Cornielle","sa3011779",6.0759,1.746,4.2264,0.273114,5.74002,0.6751,0.4696,0.194,0.63778,0,1.0977,0.6752,0.0035,0.0572
"Alexander De Los Santos","sa3023083",4.3677,1.706,7.0218,0.294283,7.16247,0.4853,0.7802,0.189556,0.79583,0,1.201,0.8391,0.0045,0.0537
"Alexander Fuentes","sa3024072",4.0059,1.66,6.1803,0.298505,6.92199,0.4451,0.6867,0.184444,0.76911,0,1.2239,0.8133,0.0037,0.0562
"Alexander Johnson","sa3015278",5.868,1.8,8.1378,0.28394,7.23114,0.652,0.9042,0.2,0.80346,0,1.1434,0.8459,0.0288,0.0519
"Alexander Vallecillo","sa3016034",5.58,1.664,5.2677,0.280173,6.08994,0.62,0.5853,0.184889,0.67666,0,1.1296,0.7174,0.0054,0.0459
"Alexis Cedano","sa3006641",5.3847,1.544,6.0984,0.281118,6.23997,0.5983,0.6776,0.171556,0.69333,0,1.1306,0.7342,0.0274,0.0486
"Alexis De La Cruz","sa3022007",4.6152,1.66,8.5716,0.288488,7.3359,0.5128,0.9524,0.184444,0.8151,0,1.1573,0.8595,0.0211,0.055
"Alexis Diaz","21132",9.55292823529412,1.17924705882353,4.53465647058824,0.217661235294118,4.12126588235294,69.0710921320969,32.7931912912572,8.53480611143714,29.9788622788558,3.03655714285714,53.5733857142857,32.6735571428571,0,4.98083285714286
"Alexis Liebano","sa3019885",6.0111,1.297,6.4926,0.276944,5.98779,0.6679,0.7214,0.144111,0.66531,0,1.1016,0.7076,0.0274,0.0489
"Alexis Paulino","sa3019128",4.9014,1.462,8.946,0.286336,7.18884,0.5446,0.994,0.162444,0.79876,0,1.1454,0.8444,0.0229,0.0668
"Alexis Torres","sa3019375",4.6134,1.423,8.163,0.291938,7.0758,0.5126,0.907,0.158111,0.7862,0,1.178,0.8312,0.0219,0.0529
"Alexuan Vega","sa3008334",5.1003,1.302,5.8851,0.282096,5.74659,0.5667,0.6539,0.144667,0.63851,0,1.1305,0.682,0.0272,0.0486
"Alfonso Perez","sa3019659",3.6792,1.753,6.4215,0.300296,7.18452,0.4088,0.7135,0.194778,0.79828,0,1.2362,0.8419,0.0051,0.0579
"Alfred Morillo","sa3018870",6.6276,1.091,5.8779,0.270461,5.35149,0.7364,0.6531,0.121222,0.59461,0,1.0634,0.6381,0.0268,0.0621
"Alfred Vega","sa3006495",5.8626,1.4,5.1561,0.271361,5.46318,0.6514,0.5729,0.155556,0.60702,0,1.0817,0.6482,0.0266,0.0469
"Alfredi Jimenez","sa3006479",5.5971,1.531,3.942,0.281083,5.55876,0.6219,0.438,0.170111,0.61764,0,1.1349,0.6576,0.0055,0.0434
"Alfredo Romero","sa3018345",4.7349,1.606,5.3406,0.289249,6.29757,0.5261,0.5934,0.178444,0.69973,0,1.1738,0.7422,0.0058,0.0465
"Alfredo Ruiz","sa3017506",6.2829,1.233,5.6826,0.266006,5.211,0.6981,0.6314,0.137,0.579,0,1.047,0.62,0.0267,0.0496
"Alfredo Zarraga","sa3018276",8.265925,1.289545,4.42849,0.2489165,4.700665,25.9548,13.7466,4.0705555,14.75866,0,26.9876,15.77725,0.0117,2.02425
"Ali Ascanio","sa3018306",4.7034,1.542,9.3132,0.288026,7.44327,0.5226,1.0348,0.171333,0.82703,0,1.1568,0.8718,0.0295,0.0539
"Alimber Santa","sa3015478",7.644655,1.4634,5.55108,0.258183,5.30916,24.90955,18.78465,5.0728335,17.2847,0,29.0069,18.80465,0.00835,1.0213
"Alison Zacarias","sa3022388",4.2534,1.624,7.056,0.294482,7.03341,0.4726,0.784,0.180444,0.78149,0,1.1986,0.8261,0.0038,0.0498
"Alix Hernandez","sa3021479",6.255,1.328,6.1425,0.269268,5.78889,0.695,0.6825,0.147556,0.64321,0,1.0722,0.6851,0.022,0.0616
"Allan Hernandez","sa3011399",6.7095,1.364,5.778,0.268002,5.57631,0.7455,0.642,0.151556,0.61959,0,1.0622,0.6604,0.0269,0.0456
"Allan Saathoff","sa3020711",7.3746,1.342,4.563,0.253058,4.81482,0.8194,0.507,0.149111,0.53498,0,0.9889,0.5724,0.0258,0.0512
"Allan Winans","21238",7.01633681818182,1.32390363636364,2.73387090909091,0.256058,4.85033090909091,29.913001025,11.0089603375758,5.42412907486869,20.1584475818182,0,38.051275,20.968275,0.1834115,2.35131
"Allen Facundo","sa3016071",5.85,1.408,5.1462,0.276462,5.5062,0.65,0.5718,0.156444,0.6118,0,1.1085,0.6548,0.0038,0.0516
"Alonzo Richardson","sa3015333",4.0986,1.71,4.1985,0.296037,6.21837,0.4554,0.4665,0.19,0.69093,0,1.2213,0.7334,0.0038,0.04
"Alonzo Tredwell","sa3023524",5.5296,1.428,5.4576,0.280871,5.8806,0.6144,0.6064,0.158667,0.6534,0,1.1218,0.6974,0.0041,0.0456
"Alvaro Benua","sa3018032",5.8563,1.4,9.801,0.276187,7.09308,0.6507,1.089,0.155556,0.78812,0,1.09,0.8331,0.0294,0.0614
"Alvaro Gamez","sa3018854",4.0023,1.336,8.1054,0.292834,6.75702,0.4447,0.9006,0.148444,0.75078,0,1.1793,0.7983,0.0143,0.0542
"Alvaro Pineda","sa3019503",3.7656,1.751,6.0651,0.299854,7.03404,0.4184,0.6739,0.194556,0.78156,0,1.2348,0.8248,0.005,0.0521
"Alvin Nova","sa3022153",5.0922,1.596,5.616,0.284721,6.2361,0.5658,0.624,0.177333,0.6929,0,1.1462,0.7349,0.0069,0.0513
"Amauri Otero","sa3019075",4.1472,1.49,8.1072,0.292471,7.03575,0.4608,0.9008,0.165556,0.78175,0,1.1836,0.827,0.0117,0.0523
"Amilcar Chirinos","sa3017149",6.0291,1.368,5.5935,0.274268,5.64714,0.6699,0.6215,0.152,0.62746,0,1.0875,0.6697,0.0268,0.0454
"Amir Garrett","14375",10.1576281818182,1.14370727272727,4.57408181818182,0.215734909090909,3.90625818181818,27.7980107970909,12.465037295427,3.22143365395041,10.6447609807163,0.2725925,17.76425,10.90215,0.47032225,1.1166095
"Amos Willingham","26128",8.30401411764706,1.26257647058824,3.42284117647059,0.250575882352941,4.50776941176471,36.6618578629066,15.1502195492734,5.55385097460208,19.7998843836448,0.908322857142857,40.3079857142857,20.9613714285714,0,1.84211314285714
"Anders Tolhurst","sa3019818",8.000825,1.226295,3.075965,0.2472315,4.312175,23.93965,8.67925,3.5693335,12.740125,0,25.49245,13.7579,0.01245,1.5226
"Anderson Amarista","sa917061",5.7006,1.525,4.1436,0.279007,5.57892,0.6334,0.4604,0.169444,0.61988,0,1.1237,0.6597,0.0072,0.0491
"Anderson Beltre","sa3022002",4.1103,1.611,6.5232,0.296714,6.90012,0.4567,0.7248,0.179,0.76668,0,1.2116,0.8114,0.0043,0.0528
"Anderson Bido","sa3004204",6.579525,1.345035,2.678365,0.2645235,4.64281,14.8774,5.66345,3.076278,10.75977,0,22.52585,11.77845,0.0106,0.5215
"Anderson Brito","sa3024232",6.3342,1.546,5.2101,0.274375,5.85927,0.7038,0.5789,0.171778,0.65103,0,1.093,0.6913,0.0061,0.0505
"Anderson Cardenas","sa3020991",4.8294,1.659,7.128,0.288599,6.95412,0.5366,0.792,0.184333,0.77268,0,1.1692,0.8152,0.0128,0.0507
"Anderson Espinoza","18593",7.6527,1.192,3.6504,0.253581,4.40586,0.8503,0.4056,0.132444,0.48954,0,0.9879,0.5271,0.0244,0.0556
"Anderson Guevara","sa3019182",4.9041,1.505,7.9155,0.287286,6.9516,0.5449,0.8795,0.167222,0.7724,0,1.154,0.8176,0.0114,0.0586
"Anderson Jerez","sa3021778",4.1535,1.57,8.8875,0.294921,7.55154,0.4615,0.9875,0.174444,0.83906,0,1.1939,0.8849,0.0188,0.0603
"Anderson Munoz","sa3007840",8.2152,1.248,4.0356,0.250334,4.5414,0.9128,0.4484,0.138667,0.5046,0,0.9736,0.5401,0.0253,0.0484
"Anderson Paulino","sa3007991",5.891305,1.04263,3.59264,0.27207,4.748625,18.3388,11.2062,3.5544445,15.755695,0,31.5437,17.27745,0.5128,2.52615
"Anderson Pilar","sa917899",7.90874,1.06812342857143,3.11125571428571,0.251112571428571,4.16572857142857,40.3428428571429,16.0103857142857,5.55086857142857,21.5510714285714,2.83309571428571,45.5022571428571,23.3189285714286,0,3.56600428571429
"Anderson Severino","20582",9.0549,1.143,5.3361,0.239972,4.36662,1.0061,0.5929,0.127,0.48518,0,0.9153,0.5229,0.0254,0.0489
"Andinson Ferrer","sa3018819",6.5223,1.472,6.6267,0.265835,5.93649,0.7247,0.7363,0.163556,0.65961,0,1.053,0.6997,0.0274,0.0536
"Andre Granillo","sa3016913",8.463116,1.250414,4.767636,0.240996,4.582636,22.29962,12.5378,3.241666,12.15541,0.72948,22.05024,12.85852,0,0.5141
"Andre Jackson","21298",8.23671428571429,1.292,4.033,0.248811428571429,4.7569,2.99095074829932,1.48611718820862,0.516844727891156,1.94890752834467,0,0.9609,0.5261,0.0138,0.0362
"Andre Pallante","26108",6.60791882352941,0.714201882352941,3.52607764705882,0.257842,4.06827117647059,105.564610521999,56.2605554489965,11.4523427440369,64.9499176141061,0.880106857142857,143.929142857143,69.3987428571428,0,5.39928857142857
"Andre Sanchez","sa3018297",4.8708,1.756,5.6538,0.289543,6.54759,0.5412,0.6282,0.195111,0.72751,0,1.1754,0.7702,0.0045,0.0553
"Andre Scrubb","20329",7.37221,1.45553,5.46441,0.2580965,5.374965,10.38995,8.74235,2.075889,7.77533,0,12.01425,8.2942,0.0128,0.5216
"Andres Cova","sa3024530",4.734,1.504,7.2495,0.287641,6.67908,0.526,0.8055,0.167111,0.74212,0,1.1602,0.7861,0.0038,0.049
"Andres Diaz","sa3006159",5.1057,1.557,4.8672,0.286725,6.02469,0.5673,0.5408,0.173,0.66941,0,1.1627,0.711,0.0095,0.0481
"Andres Jimenez","sa3019648",4.9302,1.458,9.3645,0.286575,7.27092,0.5478,1.0405,0.162,0.80788,0,1.1459,0.8535,0.0294,0.0499
"Andres Machado","14681",8.04307142857143,1.20428571428571,3.27564285714286,0.259776428571429,4.5982,3.24660178684808,1.52749892970522,0.504132210884355,2.1339400090703,0,0.9786,0.5026,0.0239,0.0455
"Andres Munoz","20373",11.9712529411765,0.675166705882353,3.54764235294118,0.191751529411765,2.82213117647059,84.204802040346,24.9625016080554,4.76684770757094,19.8465148997393,3.95431,45.2841571428571,20.5838428571429,0,3.62886857142857
"Andres Nunez","sa3006796",6.8841,1.094,3.4542,0.262473,4.38453,0.7649,0.3838,0.121556,0.48717,0,1.0301,0.5281,0.0225,0.0546
"Andres Parra","sa3018329",4.7232,1.49,7.9821,0.287504,6.77187,0.5248,0.8869,0.165556,0.75243,0,1.1568,0.7969,0.0209,0.0485
"Andres Silvera","sa3016284",4.3038,1.496,6.7329,0.295164,6.81192,0.4782,0.7481,0.166222,0.75688,0,1.2012,0.8011,0.0092,0.0473
"Andres Sotillet","sa917861",7.4043,1.177,3.5667,0.259516,4.4604,0.8227,0.3963,0.130778,0.4956,0,1.0179,0.5339,0.0252,0.0424
"Andrew Abbott","29911",8.4774,1.59386352941176,3.28293647058824,0.247426764705882,4.61014,126.154479946482,48.8764993397924,23.6342906904268,68.5238010998846,0,131.176,74.3144714285714,0,4.12179857142857
"Andrew Albers","7853",6.2892,1.437,3.1167,0.272009,4.88898,0.6988,0.3463,0.159667,0.54322,0,1.0882,0.5809,0.0142,0.0441
"Andrew Alvarez","sa3017531",5.99328,1.155755,3.489765,0.2682945,4.615435,38.32265,21.19805,7.5606665,29.74634,0,60.0284,32.26825,0.0015,3.0225
"Andrew Baker","sa3017196",8.6409,1.198135,6.000625,0.2432515,4.99927,22.4601,16.3031,3.0649445,13.26002,0,20.97255,14.2797,0.01295,1.0227
"Andrew Bash","sa3010259",6.533355,1.291665,3.71776,0.2602945,4.912505,26.8594,15.6987,4.581278,19.28304,0,36.5322,20.8022,0.003,3.53055
"Andrew Bechtold","sa829787",6.0424,1.27208,6.36042,0.263158,5.40636,19,20,4,17,0,30,18,0,1
"Andrew Bellatti","10657",8.55600416666667,1.2695,4.16766666666667,0.247052916666667,4.77082083333333,20.8012431203704,10.2387616512346,2.98689256481482,11.5752958858025,0,19.982,12.2736,0.012,2.0251
"Andrew Bolivar","sa3024521",4.6278,1.622,6.8499,0.291322,6.88923,0.5142,0.7611,0.180222,0.76547,0,1.1823,0.8093,0.0043,0.0505
"Andrew Cabezas","sa3007461",7.4196,1.247,3.5721,0.258988,4.56957,0.8244,0.3969,0.138556,0.50773,0,1.0172,0.5449,0.0253,0.0485
"Andrew Chafin","12988",9.86108117647059,1.03803729411765,4.22500382352941,0.228594,4.09606764705882,59.0075169776547,25.2854350826797,6.21720092187005,24.4274080288058,6.60740857142857,46.7591857142857,25.5976,0,1.92557714285714
"Andrew Dalquist","sa3011841",6.89149,1.480525,5.448255,0.2652235,5.60517,21.3973,18.7808,4.5855555,18.798235,0,31.51625,20.31665,0.01315,2.02315
"Andrew Edwards","sa1170614",8.4312,1.142,4.0113,0.245961,4.20813,0.9368,0.4457,0.126889,0.46757,0,0.95,0.5036,0.0252,0.0469
"Andrew Gross","sa3010127",6.6186,1.388,3.6666,0.269814,4.96215,0.7354,0.4074,0.154222,0.55135,0,1.0717,0.5903,0.0205,0.0466
"Andrew Heaney","15423",8.65551852941176,1.38413558823529,2.79056117647059,0.249047764705882,4.52330882352941,124.597455157047,40.1335565875894,19.9757949712418,64.9851698077047,0.843778571428571,127.000285714286,71.0076428571429,0,8.15881857142857
"Andrew Hoffmann","sa3017202",6.48777,1.20859,3.543305,0.2642955,4.845495,32.8528,18.18985,5.572,23.77225,0,46.0348,25.7917,0.0035,2.5245
"Andrew Kittredge","12828",8.0849305882353,1.20460647058824,2.30621764705882,0.246388823529412,3.75380647058824,58.4109924663206,16.7280909938039,8.70454341101961,27.1753315607682,13.9828571428571,62.0460428571429,30.1635428571429,0,2.11479
"Andrew Landry","sa3024982",5.1957,1.704,5.6259,0.286115,6.32187,0.5773,0.6251,0.189333,0.70243,0,1.164,0.7448,0.0105,0.0456
"Andrew Lee","sa856275",8.001,1.206,4.0338,0.252646,4.52133,0.889,0.4482,0.134,0.50237,0,0.9836,0.5392,0.0254,0.0486
"Andrew Magno","sa3010824",7.76467,0.9674375,4.589515,0.2446,4.32576,25.9208,16.23265,3.0555,14.72934,0,27.48285,15.7493,0.51265,2.02375
"Andrew Marrero","sa3016941",7.910675,1.311845,5.03889,0.250075,5.0289,21.4254,13.7683,3.5701665,13.76719,0,22.98865,14.7857,0.01295,3.029
"Andrew McInvale","sa3011143",7.7211,1.298,4.122,0.25484,4.71942,0.8579,0.458,0.144222,0.52438,0,0.9965,0.5606,0.0255,0.0487
"Andrew Miller","6785",7.2891,1.226,3.6513,0.260651,4.56192,0.8099,0.4057,0.136222,0.50688,0,1.0278,0.5442,0.025,0.0521
"Andrew Misiaszek","sa3010118",9.268805,1.09703333333333,4.05154333333333,0.2363445,3.97386166666667,32.96075,14.4883,4.00249666666667,14.0943333333333,0.934275,28.80285,15.12125,0,1.425895
"Andrew Mitchell","sa3007801",7.8003,1.259,4.2921,0.254573,4.62834,0.8667,0.4769,0.139889,0.51426,0,0.995,0.5504,0.0256,0.0436
"Andrew Moore","17553",6.8337,1.512,2.4507,0.26687,4.78017,0.7593,0.2723,0.168,0.53113,0,1.0686,0.5665,0.0059,0.0445
"Andrew Moore","sa3016795",9.798762,1.254786,5.833896,0.237282,5.061712,38.56472,23.01488,5.096,20.1053,0.72166,32.40062,21.3475,0,3.34776
"Andrew Morris","sa3020569",7.06575333333333,1.13862333333333,2.48047833333333,0.259127,4.213185,18.9665783333333,6.94823,3.28484766666667,12.3702483333333,0.716795666666667,26.5047666666667,13.2922116666667,0,0.577104166666667
"Andrew Nardi","25942",11.30598,1.14756852941176,3.48946882352941,0.217025058823529,3.46603058823529,72.8116472595602,22.5246739355102,7.41180049021569,22.2810510958324,10.5807,48.7830571428571,25.5650428571429,0,2.87667571428571
"Andrew Painter","sa3017880",9.32674142857143,1.31932714285714,3.22522142857143,0.236003714285714,4.22151142857143,68.9670142857143,23.946,9.86813571428571,31.2328571428571,0.564839714285714,60.6852285714286,33.9252,0,3.04436
"Andrew Perez","sa3006640",7.2504,1.251,3.7701,0.256438,4.48938,0.8056,0.4189,0.139,0.49882,0,1.0048,0.5359,0.023,0.0448
"Andrew Politi","sa3007243",7.64337,1.164665,3.618285,0.2560795,4.488115,21.4233,10.68905,3.0685555,12.74513,0,25.49715,13.76335,0.01255,2.02595
"Andrew Quezada","sa3009858",4.93398,1.457895,3.357,0.2953815,5.51831,21.27795,15.17995,6.5783335,23.8107,0,47.61105,25.833,0.00275,2.0228
"Andrew Saalfrank","26203",8.34374266666667,0.9549822,4.421657,0.248068666666667,4.296392,26.7365823294262,14.061447258236,2.88422876071901,13.5954949353244,0.927167166666667,26.1983833333333,13.2837183333333,0,0.919347
"Andrew Schultz","sa3010782",7.831315,1.25811,5.66539,0.2497815,5.311715,16.9242,12.79165,2.572222,11.77938,0,17.9942,12.7988,0.01305,3.03135
"Andrew Sears","sa3023133",5.6817,1.262,5.463,0.270513,5.41116,0.6313,0.607,0.140222,0.60124,0,1.0751,0.6443,0.0038,0.0617
"Andrew Shaps","sa3008430",6.2541,1.251,6.3693,0.269746,5.56677,0.6949,0.7077,0.139,0.61853,0,1.0645,0.6609,0.0272,0.059
"Andrew Suarez","18300",7.184625,1.27418333333333,3.56615,0.265937916666667,4.60065833333333,22.6651985030864,11.7876887037037,4.2948400154321,15.6592732253086,0,31.00185,16.25355,0.0118,0.5185
"Andrew Taylor","sa3020873",6.6834,1.448,4.5558,0.268698,5.36166,0.7426,0.5062,0.160889,0.59574,0,1.0634,0.6356,0.0058,0.0432
"Andrew Vasquez","19482",7.1077125,1.22349166666667,3.3419625,0.257569583333333,4.79884166666667,24.6727488549383,11.5600828240741,4.32256298765432,17.3498471388889,0,29.0169,18.2656,0.01235,6.53775
"Andrew Walling","sa3020319",7.93961,1.24752,4.844005,0.2501925,4.797175,21.4325,13.25985,3.5636665,13.74394,0,23.4791,14.76355,0.51275,1.5237
"Andrew Walters","33834",9.81982766666667,1.03249333333333,4.24124866666667,0.219998,3.95973466666667,56.5409900605314,24.3510159322074,5.87714496616296,22.7030594499003,4.85659,43.4716666666667,24.42655,0,2.46506333333333
"Andrew Wantz","24933",9.41454363636364,1.34004590909091,3.81964545454545,0.221713272727273,4.10744727272727,18.6693797030362,7.56724744714931,2.35202159803581,7.81490505320845,0.283255,14.19482,8.4989025,0.33438425,0.719253
"Andry Lara","sa3014716",6.480098,1.30372,3.275896,0.2632142,4.78615,29.42538,14.5552,5.814534,21.7265,0.72252,42.5912,23.48884,0,1.5813
"Andy Basora","sa3019168",4.1094,1.568,6.2739,0.295678,6.70815,0.4566,0.6971,0.174222,0.74535,0,1.2053,0.7904,0.005,0.0505
"Andy Fisher","sa1172135",7.5168,1.444,4.1751,0.261814,4.94775,0.8352,0.4639,0.160444,0.54975,0,1.0327,0.5876,0.0258,0.0637
"Andy Luis","sa3015633",4.1913,1.507,9.2817,0.289949,7.37973,0.4657,1.0313,0.167444,0.81997,0,1.1602,0.8658,0.0294,0.0533
"Andy Otero","sa506550",6.5781,1.258,3.258,0.266826,4.52457,0.7309,0.362,0.139778,0.50273,0,1.0585,0.5424,0.0141,0.042
"Andy Rodriguez","sa3017620",5.8095,1.433,6.3936,0.279465,6.06582,0.6455,0.7104,0.159222,0.67398,0,1.1142,0.7169,0.0274,0.0487
"Andy Rodriguez","sa3020863",6.475745,1.579475,4.204515,0.2679765,5.597255,18.36865,12.23325,4.587778,16.80028,0,28.04125,18.3186,0.0105,1.02
"Andy Santana","sa3002957",5.3154,1.481,6.4854,0.283431,6.34149,0.5906,0.7206,0.164556,0.70461,0,1.1401,0.7469,0.0277,0.0529
"Anel Cabrera","sa3021033",4.9779,1.585,8.3997,0.289865,7.14402,0.5531,0.9333,0.176111,0.79378,0,1.1652,0.839,0.0289,0.0519
"Aneudis George","sa3016514",4.1976,1.594,7.857,0.293953,7.19928,0.4664,0.873,0.177111,0.79992,0,1.1943,0.8441,0.0288,0.0521
"Aneudis Mejia","sa3019960",5.8329,1.642,6.3918,0.281567,6.48081,0.6481,0.7102,0.182444,0.72009,0,1.1357,0.7614,0.0116,0.0483
"Aneudy Cortorreal","sa3009242",6.8382,1.311,6.9606,0.264801,5.80779,0.7598,0.7734,0.145667,0.64531,0,1.0381,0.6871,0.0275,0.0593
"Aneuris Rodriguez","sa3019393",4.5477,1.634,6.7041,0.293397,6.81102,0.5053,0.7449,0.181556,0.75678,0,1.1921,0.8014,0.009,0.051
"Aneuris Rosario","sa828343",7.7103,1.252,3.9096,0.256623,4.62078,0.8567,0.4344,0.139111,0.51342,0,1.0035,0.5502,0.0254,0.0472
"Aneury Lora","sa3019365",5.1165,1.478,4.8573,0.279372,5.65821,0.5685,0.5397,0.164222,0.62869,0,1.1233,0.6718,0.0073,0.0485
"Aneurys Zabala","20802",10.2042,0.99,4.599,0.226606,3.8853,1.1338,0.511,0.11,0.4317,0,0.8534,0.4668,0.0249,0.052
"Anfernny Reyes","sa3018807",6.3369,1.238,7.0416,0.268435,5.63733,0.7041,0.7824,0.137556,0.62637,0,1.0553,0.6703,0.0275,0.0553
"Angel Acevedo","sa917893",6.6969,1.146,3.8916,0.266912,4.64778,0.7441,0.4324,0.127333,0.51642,0,1.0527,0.5575,0.0255,0.0426
"Angel Alfonseca","sa3015308",5.5008,1.351,7.1226,0.278307,6.14502,0.6112,0.7914,0.150111,0.68278,0,1.1095,0.7258,0.0279,0.055
"Angel Anazco","sa3021494",6.5997,1.361,6.6114,0.268951,5.74965,0.7333,0.7346,0.151222,0.63885,0,1.0644,0.6803,0.0246,0.0518
"Angel Bastardo","sa3009716",8.09979714285714,1.13581257142857,3.83087571428571,0.243027285714286,4.28429571428571,23.1900285714286,11.2130814285714,3.61544571428571,13.01688,0.650290571428571,24.9270571428571,14.1189685714286,0,1.16226928571429
"Angel Bello","sa3024272",4.2714,1.651,6.3783,0.295217,6.87024,0.4746,0.7087,0.183444,0.76336,0,1.2054,0.8071,0.0046,0.0502
"Angel Beltran","sa3024556",4.1337,1.703,7.3323,0.296862,7.31826,0.4593,0.8147,0.189222,0.81314,0,1.2136,0.8571,0.0062,0.0532
"Angel Camacho","sa3022175",5.2416,1.427,8.2359,0.280129,6.64749,0.5824,0.9151,0.158556,0.73861,0,1.1171,0.7823,0.0217,0.0501
"Angel Chivilli","26790",7.91659176470588,1.34903088235294,3.31928882352941,0.26055,4.70960264705882,48.2641837465929,20.1920938470181,8.19951815054248,28.5925196105779,6.60021428571429,55.7350857142857,31.0470571428571,0,3.46440571428571
"Angel Cruz","sa3020988",5.5764,1.472,9.36,0.279277,7.14051,0.6196,1.04,0.163556,0.79339,0,1.1094,0.8376,0.0293,0.0556
"Angel Cuenca","sa3006414",5.2533,1.414,4.8843,0.278016,5.55885,0.5837,0.5427,0.157111,0.61765,0,1.1144,0.6586,0.0265,0.0449
"Angel De Jesus","22323",7.4592,1.352,3.7503,0.257405,4.73454,0.8288,0.4167,0.150222,0.52606,0,1.0116,0.5615,0.0249,0.0473
"Angel Felipe","21163",9.21834571428571,1.03417142857143,4.26853666666667,0.229897619047619,3.86473,3.90596468317462,1.81363182061981,0.48316289750567,1.62951211936508,0,0.8984,0.4758,0.0244,0.0524
"Angel Gonzalez","sa3015160",6.2181,1.372,6.8301,0.268676,5.98635,0.6909,0.7589,0.152444,0.66515,0,1.0599,0.7065,0.0276,0.0782
"Angel Hernandez","sa3015363",6.4341,1.118,6.9138,0.265654,5.36598,0.7149,0.7682,0.124222,0.59622,0,1.0356,0.6408,0.0273,0.0545
"Angel Hernandez","sa3019189",4.7583,1.472,8.7678,0.28843,7.15365,0.5287,0.9742,0.163556,0.79485,0,1.1577,0.8402,0.0291,0.052
"Angel Jimenez","sa3018287",4.7943,1.659,5.6862,0.289293,6.51393,0.5327,0.6318,0.184333,0.72377,0,1.1767,0.7658,0.0037,0.0497
"Angel Macuare","sa3003039",6.90491,1.39481,3.42146,0.264361,4.94989,24.8844,12.68485,4.5846665,17.77655,0,34.52305,19.2938,0.00925,2.0236
"Angel Perdomo","17759",11.0085670588235,0.992669588235294,4.38835823529412,0.219772470588235,3.99168823529412,60.4222163587728,24.0356849782007,5.35359718601384,21.7676073228235,7.07818285714286,38.9573142857143,22.0562142857143,0,3.92925857142857
"Angel Reyes","sa3006985",5.410285,1.225855,4.022485,0.2720355,5.182035,16.8065,13.2148,4.064778,17.27221,0,31.04435,18.7939,0.0085,4.03245
"Angel Roman","sa3018314",5.3199,1.273,5.4396,0.27457,5.38443,0.5911,0.6044,0.141444,0.59827,0,1.0876,0.6416,0.0175,0.0515
"Angel Rondon","22036",8.1162,1.313,4.3092,0.25043,4.69116,0.9018,0.4788,0.145889,0.52124,0,0.9749,0.5561,0.0252,0.0393
"Angel Sanchez","11776",6.3135,1.39,3.015,0.274109,4.86522,0.7015,0.335,0.154444,0.54058,0,1.0949,0.5809,0.0037,0.0406
"Angel Tello","sa3019121",4.4496,1.509,8.3295,0.290917,7.12872,0.4944,0.9255,0.167667,0.79208,0,1.1735,0.8372,0.0289,0.0507
"Angel Zerpa","22717",7.74294264705882,0.897032764705882,3.07123411764706,0.250982705882353,3.85254058823529,52.0923511893137,20.6614764935948,6.10112940622953,25.9734812764621,11.8431428571429,58.7193285714286,28.2035,0,2.82386428571429
"Angello Infante","sa916705",5.5854,1.519,5.3136,0.27973,5.94783,0.6206,0.5904,0.168778,0.66087,0,1.1258,0.7008,0.027,0.054
"Anibal Sanchez","3284",6.444,1.568,3.4065,0.273006,5.30559,0.716,0.3785,0.174222,0.58951,0,1.0968,0.6267,0.0083,0.046
"Ankeily Feliz","sa3018803",4.4136,1.542,7.9389,0.291472,7.07706,0.4904,0.8821,0.171333,0.78634,0,1.1781,0.8313,0.0218,0.051
"Anthony Arguelles","sa3023266",6.1101,1.327,6.2586,0.269252,5.65587,0.6789,0.6954,0.147444,0.62843,0,1.0587,0.6705,0.027,0.0476
"Anthony Banda","14706",8.92275882352941,1.17903970588235,3.48775647058824,0.242094647058824,4.00681647058824,56.7866470607336,22.2565456971903,7.57851309407074,25.5354877762399,12.4089271428571,54.3982428571429,28.1687,0,2.98459428571429
"Anthony Bass","7982",8.405,1.295,3.27342857142857,0.249819285714286,4.28440714285714,3.86070825396825,1.38918383673469,0.663619965986393,2.00325525170068,0,0.9771,0.4987,0.0341,0.0375
"Anthony Bello","sa3019565",4.7529,1.517,8.0289,0.28778,6.9777,0.5281,0.8921,0.168556,0.7753,0,1.1584,0.8195,0.0287,0.0526
"Anthony Bender","19742",9.28516117647059,0.848482470588235,3.21581735294118,0.236109647058824,3.68455588235294,60.9288842230588,21.1816360489735,5.64040232445675,24.3882097693656,12.3557857142857,53.7137,26.8489,0,3.80395285714286
"Anthony Castro","19789",8.4024,1.103,4.095,0.247287,4.26114,0.9336,0.455,0.122556,0.47346,0,0.9526,0.5113,0.0265,0.0498
"Anthony Crespo","sa3023139",4.4235,1.66,6.3414,0.293481,6.83118,0.4915,0.7046,0.184444,0.75902,0,1.1967,0.8024,0.0033,0.0488
"Anthony Cruz","sa3019534",4.8978,1.655,6.768,0.287768,6.80634,0.5442,0.752,0.183889,0.75626,0,1.161,0.7993,0.0126,0.0505
"Anthony DeSclafani","13050",7.03386235294118,1.35318588235294,2.49429176470588,0.264628588235294,4.72700117647059,43.75994931188,15.6472615250288,8.53195611903114,29.4647217480969,0,59.6188857142857,31.2399285714286,0,1.80856714285714
"Anthony Escobar","sa3005691",5.5935,1.441,6.6987,0.279803,6.25428,0.6215,0.7443,0.160111,0.69492,0,1.1191,0.7374,0.0277,0.0521
"Anthony Flores","sa3019377",5.8581,1.367,5.2785,0.274506,5.47227,0.6509,0.5865,0.151889,0.60803,0,1.0944,0.6504,0.0093,0.0507
"Anthony Garcia","sa3019661",5.3262,1.349,5.7384,0.286343,5.97222,0.5918,0.6376,0.149889,0.66358,0,1.1525,0.7079,0.0192,0.0515
"Anthony Gose","5097",10.46564,1.18049083333333,3.91409138888889,0.225699166666667,3.80989472222222,23.9237872781482,9.64730671397634,3.01815541862654,9.59217713769548,0,17.90485,10.70695,1.0123,0.52065
"Anthony HoopiiTuionetoa","sa3015298",7.700838,1.3683,3.855512,0.255689,4.804926,21.34472,10.6395,3.686934,13.25472,0.71502,25.2244,14.402,0,0.97348
"Anthony Kay","20387",9.12280952380952,0.984917142857143,4.09431904761905,0.244496904761905,4.28418285714286,4.31183439153439,1.95232251640212,0.406039742222222,2.34785352126984,0,0.902,0.4649,0.0236,0.05
"Anthony Maldonado","26034",7.83374166666667,1.27448666666667,3.74078888888889,0.246524666666667,4.57842888888889,25.8980309680384,11.9412768696845,3.95204447302058,14.6575514986008,0.248575,28.7536666666667,15.9809,1.64923666666667,1.01473333333333
"Anthony Mendez","sa3015992",5.6349,1.417,6.8337,0.278994,6.23052,0.6261,0.7593,0.157444,0.69228,0,1.1138,0.7351,0.0277,0.0495
"Anthony Misiewicz","18152",8.63613411764706,1.18062235294118,3.26685558823529,0.255496058823529,4.57929764705882,23.3569585918339,8.84327621422146,3.2673234632526,12.3991198186851,0.841707428571429,24.1688428571429,12.47293,0,0.701790142857143
"Anthony Molina","26952",6.22168823529412,1.11979664705882,2.74086470588235,0.277662470588235,4.99952470588235,26.5915501797647,11.7956420237324,4.72531001039216,21.5348755206736,0.896095714285714,42.3952,22.2887714285714,0,1.19214085714286
"Anthony Narvaez","sa3019521",5.4279,1.611,4.9644,0.284714,6.1128,0.6031,0.5516,0.179,0.6792,0,1.1548,0.7198,0.0055,0.0444
"Anthony Perez","sa3016623",4.6521,1.552,8.1936,0.290399,7.19811,0.5169,0.9104,0.172444,0.79979,0,1.1724,0.8443,0.0216,0.0634
"Anthony Simonelli","sa3017312",7.29615,1.222,3.55155,0.2575715,4.69272,24.90235,11.70295,4.069111,15.76308,0,30.51615,17.28125,0.01175,2.02385
"Anthony Solometo","sa3018259",6.023165,1.15514,4.0184,0.270631,4.901475,31.8352,20.2344,6.064722,25.774195,0,51.04105,27.7953,0.00185,3.52615
"Anthony Swarzak","7466",7.3053,1.382,2.8296,0.261852,4.57236,0.8117,0.3144,0.153556,0.50804,0,1.0373,0.5426,0.0245,0.0442
"Anthony Tomczak","sa3011763",6.1596,1.291,5.3496,0.266609,5.25069,0.6844,0.5944,0.143444,0.58341,0,1.0522,0.6257,0.0266,0.057
"Anthony Veneziano","27453",8.08188235294118,1.10496529411765,3.55550735294118,0.257490235294118,4.48781176470588,52.6494476492734,23.2321558405086,7.25975075081661,29.3093625646828,6.07758857142857,61.2875,31.5480714285714,0,3.11378571428571
"Anthony Vizcaya","sa657689",7.316905,1.29341,3.59798,0.2610935,4.62442,10.91375,5.69065,2.0676665,7.247665,0,14.50615,7.76635,0.01255,1.0228
"Antoine Kelly","sa3011135",8.2776,1.191725,5.280685,0.2534175,5.02299,25.44535,16.77365,3.566,15.27348,0,25.51335,16.2935,0.01305,3.02945
"Antoni Cuello","sa3015947",4.1706,1.497,8.7804,0.291768,7.25859,0.4634,0.9756,0.166333,0.80651,0,1.176,0.8518,0.0292,0.0518
"Antonio Florido","sa3018890",3.9924,1.694,7.1271,0.297667,7.26534,0.4436,0.7919,0.188222,0.80726,0,1.2174,0.8516,0.0033,0.0563
"Antonio Jimenez","sa3008074",6.842914,1.072154,3.618296,0.2587326,4.509624,25.9534,13.45868,4.015334,17.21124,0.7263,34.99456,18.81616,0,1.82546
"Antonio Knowles","sa3017387",7.89972,1.325215,5.297045,0.2521215,5.18546,21.9203,14.78005,3.572778,14.27829,0,23.0037,15.29815,0.0107,2.5287
"Antonio Menendez","sa3018799",7.5318,1.171835,4.4739,0.252393,4.70955,22.9202,13.7471,3.565389,14.754765,0,26.9944,15.7747,0.0128,2.52795
"Antonio Santos","20383",8.290975,1.193515,3.467745,0.2449485,4.222885,26.98175,12.1863,4.066278,14.728745,0,29.46865,15.74565,0.012,1.5228
"Antonio Senzatela","15488",5.69205882352941,1.34672117647059,2.89222,0.290040352941176,5.17957852941176,75.3246264801845,37.8911471627989,17.8114505743791,68.3072572357747,0.775603,141.393857142857,74.8442428571429,0,4.83689428571429
"Antonio Velez","sa3014850",7.1991,1.291,3.0726,0.25954,4.40946,0.7999,0.3414,0.143444,0.48994,0,1.0236,0.5254,0.025,0.0417
"Antwone Kelly","sa3015489",4.8744,1.434,5.1741,0.286996,6.01578,0.5416,0.5749,0.159333,0.66842,0,1.1609,0.7114,0.0039,0.0471
"Anyelo Ovando","sa3015996",6.8544,1.279,5.9661,0.258169,5.2587,0.7616,0.6629,0.142111,0.5843,0,1.0082,0.6258,0.0268,0.0659
"Anyer Laureano","sa3019123",6.912,1.487,7.2954,0.271046,6.1767,0.768,0.8106,0.165222,0.6863,0,1.0702,0.7296,0.0278,0.051
"Archie Bradley","12918",6.61464285714286,1.15742857142857,3.08721428571429,0.267768571428571,4.48436428571429,3.28790232199547,1.27629357823129,0.526189142857143,2.00322516553288,0,1.0759,0.5577,0.0249,0.0488
"Argenis Angulo","sa829470",8.5491,1.209,4.1103,0.248951,4.48965,0.9499,0.4567,0.134333,0.49885,0,0.9667,0.5343,0.0253,0.0422
"Argenis Aparicio","sa3021643",4.1958,1.632,6.4665,0.295232,6.84882,0.4662,0.7185,0.181333,0.76098,0,1.2049,0.805,0.0082,0.0473
"Ariel Jurado","17030",6.4656,1.348,2.7504,0.270025,4.69071,0.7184,0.3056,0.149778,0.52119,0,1.0764,0.5603,0.0029,0.0411
"Arielbi Gonzalez","sa3016800",4.9995,1.571,5.0121,0.286433,6.08004,0.5555,0.5569,0.174556,0.67556,0,1.161,0.7174,0.0071,0.0468
"Arij Fransen","sa3015369",6.2622,1.605,4.1841,0.276571,5.51367,0.6958,0.4649,0.178333,0.61263,0,1.1106,0.6525,0.0262,0.0525
"Arlison Rodriguez","sa3018823",4.3668,1.497,7.3359,0.289608,6.70716,0.4852,0.8151,0.166333,0.74524,0,1.1719,0.7892,0.0166,0.0474
"Armando Vasquez","sa3018283",6.7149,1.229,6.1884,0.267973,5.52609,0.7461,0.6876,0.136556,0.61401,0,1.0571,0.6543,0.027,0.0496
"Arnaldo Hernandez","sa828154",8.2512,1.329,3.951,0.251269,4.59216,0.9168,0.439,0.147667,0.51024,0,0.9804,0.5453,0.0253,0.0432
"Arodys Vizcaino","5498",8.7858,1.08,3.8313,0.245429,4.21389,0.9762,0.4257,0.12,0.46821,0,0.9464,0.5031,0.0247,0.0432
"Aroldis Chapman","10233",12.9405952941176,0.847423176470588,5.20459764705882,0.196561941176471,3.31821941176471,89.6208610597647,36.2511416236678,5.80748186193772,23.0267283347682,9.53712857142857,44.1745857142857,24.9325714285714,0,2.58429285714286
"Art Warren","18251",7.76327,1.20254,4.29111,0.2507125,4.71672,14.92715,8.23655,2.0735555,8.768825,0,16.4994,9.2868,0.5132,0.5226
"Asa Lacy","sa3014423",7.2729,1.184,4.9977,0.264044,5.07771,0.8081,0.5553,0.131556,0.56419,0,1.0369,0.6039,0.0098,0.0617
"Asher Wojciechowski","10836",6.3801,1.691,2.8134,0.273822,5.27373,0.7089,0.3126,0.187889,0.58597,0,1.1046,0.6206,0.0028,0.0474
"Ashton Goudeau","15139",5.9283,1.602,3.114,0.291399,5.63544,0.6587,0.346,0.178,0.62616,0,1.1885,0.6643,0.0278,0.0454
"Ashton Izzi","sa3022230",4.8663,1.584,4.9788,0.281428,5.8932,0.5407,0.5532,0.176,0.6548,0,1.1359,0.6973,0.0031,0.0466
"Audry Lugo","sa3008710",5.7312,1.432,5.8131,0.278032,5.93118,0.6368,0.6459,0.159111,0.65902,0,1.1121,0.7005,0.0272,0.0552
"Augusto Calderon","sa3006406",5.4909,1.495,5.7546,0.277517,5.94009,0.6101,0.6394,0.166111,0.66001,0,1.1046,0.7021,0.0238,0.0623
"Austin Adams","13801",10.6522435294118,1.07477717647059,4.75604705882353,0.226779764705882,4.49722411764706,33.2727904069635,14.9040856356171,3.39472833765475,14.0815872457916,1.55604571428571,23.4488571428571,15.0667857142857,0,5.22761285714286
"Austin Aldeano","sa3016259",4.0617,1.745,6.2973,0.29596,7.00983,0.4513,0.6997,0.193889,0.77887,0,1.2132,0.8216,0.007,0.0551
"Austin Amaral","sa3022903",5.7105,1.453,5.571,0.274826,5.76756,0.6345,0.619,0.161444,0.64084,0,1.0926,0.682,0.018,0.0434
"Austin Becker","sa3020465",5.5197,1.593,5.9922,0.295404,6.64947,0.6133,0.6658,0.177,0.73883,0,1.2007,0.7814,0.0276,0.0456
"Austin Bergner","sa3011122",7.4817,1.27575,3.97035,0.254395,4.670505,35.3938,18.7099,5.573,20.762695,0,40.0065,22.2817,0.0016,1.5193
"Austin Brice","17237",7.8606,1.1645,4.92345,0.2541405,5.071995,13.9234,9.24705,2.062722,9.263555,0,15.0045,9.7827,0.51215,3.03265
"Austin Briggs","sa3007261",6.5169,1.06,5.2191,0.266446,4.84227,0.7241,0.5799,0.117778,0.53803,0,1.0442,0.5819,0.0207,0.0561
"Austin Cox","24604",6.8069425,1.10187777777778,3.99482805555556,0.259066527777778,4.68553972222222,29.7086478844444,18.229572442963,4.56774754814815,20.6138519918518,0,39.52075,21.7737,0.0089,1.5216
"Austin Davis","17117",8.97659636363636,1.002516,4.7772,0.233522727272727,4.71785227272727,18.19909888,9.97243039482828,2.01852374448485,10.0915938,0.1558215,14.8986975,9.478755,0.91249925,1.73465325
"Austin Drury","sa3008043",6.9957,1.094,4.8186,0.261144,4.64427,0.7773,0.5354,0.121556,0.51603,0,1.0205,0.5575,0.0259,0.0468
"Austin Emener","sa3022799",5.3226,1.791,4.7241,0.295776,6.51015,0.5914,0.5249,0.199,0.72335,0,1.2128,0.7631,0.0032,0.0457
"Austin Gomber","16561",6.24776117647059,1.60956647058824,2.41898294117647,0.286486470588235,5.44497,101.066946759216,39.2152279134563,26.0484606333333,87.955978785567,0,165.929857142857,92.6590142857143,0,3.65168857142857
"Austin Hansen","sa3006956",7.1613,1.272,4.0923,0.262244,4.81518,0.7957,0.4547,0.141333,0.53502,0,1.0318,0.5742,0.014,0.0408
"Austin Hedges","12976",1.34328,1.34328,2.68657,0.291667,5.37313,1,2,1,4,0,7,4,0,1
"Austin Kitchen","27910",5.87750416666667,1.13875666666667,3.01988638888889,0.271222361111111,4.51570666666667,17.9315401481481,9.11326369711934,3.6161017308642,14.7525731475309,0,31.5285,15.7525,0.00915,1.02045
"Austin Krob","sa3020594",6.644755,1.175575,3.48888,0.2614635,4.507925,41.3562,20.6966,7.560722,28.23993,0,56.0168,30.7614,0.00155,3.5247
"Austin Lambright","sa3007236",6.1722,1.242,5.9058,0.27716,5.64228,0.6858,0.6562,0.138,0.62692,0,1.0993,0.6692,0.027,0.0485
"Austin Love","sa3017609",5.7852,1.355,4.0536,0.274741,5.19273,0.6428,0.4504,0.150556,0.57697,0,1.0963,0.6184,0.003,0.0473
"Austin Peterson","sa3020868",6.37662,1.44556,2.031995,0.2688485,4.535705,45.8558,14.11725,10.579222,32.255905,0,69.5417,34.775,0.00145,2.52035
"Austin Pope","sa3010816",8.10403,1.057445,3.713225,0.2506915,4.234975,27.9474,12.70665,3.5598335,14.23991,0,29.99295,15.25855,0.01255,1.52165
"Austin Pruitt","15290",6.15002638888889,1.5737825,2.66695138888889,0.273235694444444,4.9940725,15.0595043885031,6.59649650308642,4.15699270324074,12.9381513203704,0,23.53855,13.2834,0.51305,1.02165
"Austin Roberts","sa3010254",7.918225,1.18217,3.91985,0.2545725,4.51046,26.93065,13.2152,4.0635555,15.246925,0,29.99675,16.266,0.01265,2.0245
"Austin Ross","sa3007817",7.9668,1.384,3.7881,0.251638,4.62069,0.8852,0.4209,0.153778,0.51341,0,0.9794,0.5479,0.0252,0.044
"Austin Schulfer","sa3007585",7.19423,1.065684,3.795285,0.255452,4.57846,23.39585,12.7024,3.065778,15.24556,0,29.0014,16.26545,0.01125,2.52645
"Austin Smith","sa3017071",7.366595,1.26354,5.13559,0.2594425,5.1798,11.91215,9.2526,2.069722,8.77518,0,15.0155,9.29455,0.0121,1.5267
"Austin Strickland","sa3023380",6.1092,1.15,5.3532,0.269923,5.22747,0.6788,0.5948,0.127778,0.58083,0,1.072,0.6246,0.0267,0.0487
"Austin Temple","sa3020263",6.0723,1.371,6.6645,0.273869,5.98131,0.6747,0.7405,0.152333,0.66459,0,1.0863,0.707,0.0275,0.048
"Austin Troesser","sa3023281",6.4197,1.449,4.5468,0.26879,5.33511,0.7133,0.5052,0.161,0.59279,0,1.0711,0.6328,0.0059,0.0429
"Austin Vernon","sa3017138",8.253835,1.40536,4.939125,0.250168,5.08381,26.9464,16.2646,4.576222,16.771795,0,27.9887,18.2899,0.5129,2.025
"Austin Voth","15047",8.76692909090909,1.35024727272727,3.09083818181818,0.247085090909091,4.39825818181818,38.6726074060606,13.5783663267218,5.94074286446281,19.3875871002755,1.8414975,36.70165,20.3209,0.691516,1.824865
"Austin Warner","sa3004494",6.4089,1.323,3.2175,0.26826,4.70538,0.7121,0.3575,0.147,0.52282,0,1.0666,0.5615,0.0093,0.0485
"Austin Warren","24937",7.97693529411765,1.07957676470588,3.55133352941176,0.242834,4.27652470588235,14.2346837727059,6.39017563647059,1.82426919179931,7.65463453398539,0.946807142857143,14.3681714285714,8.00649285714286,0,0.989021714285714
"Avery Short","sa3011712",5.1147,1.295,3.7926,0.283894,5.25591,0.5683,0.4214,0.143889,0.58399,0,1.1452,0.6262,0.0032,0.0467
"Avery Weems","sa3010256",7.6194,1.159,3.1401,0.254946,4.1328,0.8466,0.3489,0.128778,0.4592,0,0.9975,0.4973,0.0177,0.0465
"Ayendy Bravo","sa3024090",4.2039,1.634,7.1901,0.295154,7.09137,0.4671,0.7989,0.181556,0.78793,0,1.2024,0.8322,0.0107,0.0493
"Bailey Dees","sa3017946",6.893735,1.533745,3.795,0.25961,5.12228,41.87335,22.7088,8.59,30.28532,0,53.52505,32.8043,0.0016,3.52485
"Bailey Falter","20070",6.65846411764706,1.30211029411765,2.64224764705882,0.264391529411765,4.61991823529412,91.2780928558516,36.2054029162745,17.8716329564341,63.2901347938216,0.788027,128.468142857143,67.6705428571429,0,3.63428142857143
"Bailey Horn","27753",8.22843058823529,1.05353335294118,4.35974823529412,0.246230235294118,4.37939647058824,24.3822531085736,12.8340587003153,3.19203082231257,12.9295506716955,1.11471857142857,24.8002428571429,13.9945857142857,0,1.09115042857143
"Bailey Ober","21224",9.18410117647059,1.42266264705882,2.15582705882353,0.233702352941176,3.94979705882353,169.118622213333,39.7764388050134,26.168339269208,72.7289600091119,0,149.725571428571,79.2144285714286,0,5.98879428571429
"Bailey Reid","sa3014867",6.5826,1.336,6.5439,0.268046,5.80392,0.7314,0.7271,0.148444,0.64488,0,1.0561,0.6865,0.0273,0.0629
"Baron Stuart","sa3020888",5.71351,1.494705,3.74403,0.2725735,5.32171,29.81865,19.707,8.0803335,28.785835,0,51.0536,31.3072,0.0015,3.02485
"Barrett Kent","sa3023082",5.6115,1.791,5.2632,0.283233,6.33897,0.6235,0.5848,0.199,0.70433,0,1.1446,0.7445,0.0032,0.056
"Barrett Loseke","sa3008243",7.9479,1.45,3.5334,0.253033,4.60557,0.8831,0.3926,0.161111,0.51173,0,0.9948,0.5463,0.0252,0.0409
"Bayant Melo","sa3022028",4.3209,1.59,8.3358,0.294155,7.41465,0.4801,0.9262,0.176667,0.82385,0,1.1913,0.8697,0.0034,0.0569
"Bayden Root","sa3023040",6.4521,1.282,5.7582,0.269982,5.44176,0.7169,0.6398,0.142444,0.60464,0,1.0667,0.6474,0.0268,0.0522
"Bear Bellomy","sa1170484",6.7977,1.388,3.3057,0.265686,4.81311,0.7553,0.3673,0.154222,0.53479,0,1.0552,0.5711,0.0253,0.0451
"Beau Brieske","26079",8.44500235294118,1.08140588235294,3.27032794117647,0.232517352941176,4.00832823529412,63.7239724632065,24.7026896617647,8.22734653748558,30.263452316263,10.0039185714286,60.6704857142857,32.2132857142857,0,2.53804
"Beau Burrows","18873",7.076115,1.45439,4.410735,0.2602635,5.29738,23.8926,15.73045,4.586222,18.28709,0,31.51365,19.80435,0.01045,2.02315
"Beau Sulser","23420",6.44441,1.30587,2.6138,0.2709985,4.527395,25.8774,11.6377,5.5720555,19.74408,0,43.02355,21.26235,0.5134,1.5213
"Beck Way","sa3014462",7.14748,1.09615,5.1122,0.2568975,5.080575,25.4017,19.7619,4.059,19.266235,0,32.0085,20.7866,0.513,4.5362
"Ben Anderson","sa3010560",6.218945,1.418315,3.15954,0.2712475,5.04347,28.8447,15.1688,6.578611,23.774845,0,45.0527,25.79495,0.0019,1.02055
"Ben Beutel","sa3019848",6.1776,1.15,5.2569,0.269671,5.05359,0.6864,0.5841,0.127778,0.56151,0,1.0638,0.6044,0.0265,0.0541
"Ben Bowden","20198",8.737705,1.351525,4.55018,0.242107,4.485985,20.46195,10.7384,3.0738335,10.24399,0,18.96325,11.2606,0.0133,0.51925
"Ben Braymer","20175",5.5872,1.494,3.708,0.272593,5.15889,0.6208,0.412,0.166,0.57321,0,1.0895,0.6111,0.01,0.0462
"Ben Brecht","sa3011218",5.8446,1.534,3.6648,0.275522,5.28966,0.6494,0.4072,0.170444,0.58774,0,1.1087,0.6256,0.0037,0.0418
"Ben Brown","23590",10.0462105882353,0.990819058823529,3.43239411764706,0.225267411764706,3.68382852941177,58.1497351414072,19.963589212426,5.87373787604768,21.5690700209281,1.04297857142857,41.3783428571429,21.8766571428571,0,2.12876
"Ben Brutti","sa3021478",5.2767,1.56,5.4306,0.290024,6.18651,0.5863,0.6034,0.173333,0.68739,0,1.1739,0.733,0.0059,0.059
"Ben Casparius","30085",9.09150470588235,1.280365,4.09657647058824,0.235083176470588,4.57550117647059,31.5810057853564,14.4044692707543,4.50322651399077,16.1367336055363,0.935112857142857,28.7428857142857,17.4741,0,1.64178857142857
"Ben Ethridge","sa3020820",5.058,1.513,5.7096,0.285047,6.1803,0.562,0.6344,0.168111,0.6867,0,1.1529,0.7285,0.0273,0.047
"Ben Gross","sa1119979",7.398,1.363,3.6423,0.263631,4.89735,0.822,0.4047,0.151444,0.54415,0,1.0439,0.5813,0.0101,0.0476
"Ben Harris","sa3017779",9.32989,1.295635,6.488225,0.235686,5.11222,24.4912,17.33455,3.075778,13.27257,0,19.9609,14.2906,0.51315,2.02585
"Ben Hecht","sa738501",7.9065,1.261,4.8447,0.25408,4.88682,0.8785,0.5383,0.140111,0.54298,0,0.9901,0.5803,0.0259,0.0569
"Ben Heller","15100",9.45076454545455,1.05038363636364,3.92739636363636,0.241067818181818,4.71193681818182,15.3919284201304,6.85794949567677,1.75450655992287,8.12518443585657,0.1223015,11.376225,7.265175,0.61531275,2.1656055
"Ben Hernandez","sa3014541",4.7376,1.174,4.9806,0.288622,5.56992,0.5264,0.5534,0.130444,0.61888,0,1.1613,0.6641,0.0267,0.048
"Ben Holmes","sa549147",7.9047,1.418,3.8727,0.253293,4.61682,0.8783,0.4303,0.157556,0.51298,0,0.9902,0.5472,0.0253,0.0484
"Ben Joyce","31461",10.4364964705882,0.800817058823529,3.99806323529412,0.215869352941176,3.41834705882353,70.8603251209689,27.2564963885313,5.45361866543637,23.2830570421684,10.8164142857143,48.2755285714286,25.4457714285714,0,4.76536571428571
"Ben Krauth","sa918347",6.7545,1.358,3.5235,0.265061,4.77243,0.7505,0.3915,0.150889,0.53027,0,1.0507,0.5678,0.0101,0.0445
"Ben Kudrna","sa3018253",6.080735,1.32688,4.003095,0.272391,5.17154,35.3325,22.7242,8.069,29.7854,0,56.0485,32.3063,0.00165,2.0219
"Ben Leeper","sa3014907",8.114435,1.197125,3.531855,0.245583,4.246035,15.4565,6.69955,2.0736665,7.74923,0,15.98435,8.2661,0.01145,1.5236
"Ben Lively","14932",6.92672088235294,1.41031294117647,2.88927882352941,0.260353647058824,4.68532470588235,100.918396737557,42.0892192502499,20.4959189500961,68.3161065050058,0,136.379428571429,72.7835285714286,0,6.22841428571429
"Ben Madison","sa3008173",8.75322,1.093915,5.61008,0.2416905,4.76615,24.9695,16.2948,3.0599445,13.752365,0,22.9703,14.7721,0.01295,2.02685
"Ben Miller","sa3017208",5.0715,1.355,6.2577,0.277925,5.77386,0.5635,0.6953,0.150556,0.64154,0,1.1035,0.6848,0.0273,0.0532
"Ben Onyshko","sa3008096",6.781725,1.202835,4.196105,0.259795,5.070965,14.36785,9.2183,2.564778,11.26041,0,18.5206,12.28045,0.0129,6.04575
"Ben Peoples","sa3011784",7.238185,1.371305,4.24601,0.2595005,5.01253,29.88875,17.7253,5.0819445,19.7823,0,36.5201,21.3016,0.0015,1.52225
"Ben Petschke","sa3023452",4.9167,1.42,6.768,0.287061,6.38397,0.5463,0.752,0.157778,0.70933,0,1.151,0.7545,0.0278,0.0484
"Ben Rowen","10983",6.4566,1.438,3.204,0.27236,5.0229,0.7174,0.356,0.159778,0.5581,0,1.0908,0.5948,0.025,0.048
"Ben Sears","sa3020178",5.1867,1.281,4.1481,0.285073,5.41764,0.5763,0.4609,0.142333,0.60196,0,1.1495,0.6437,0.0262,0.0478
"Ben Serunkuma","sa3019627",5.7996,1.506,6.3585,0.276968,6.174,0.6444,0.7065,0.167333,0.686,0,1.1079,0.7267,0.0275,0.0484
"Ben Shields","sa3023483",8.24845,1.18872,3.034575,0.24547,4.2563,46.43075,15.6735,6.068722,22.73533,0,44.0005,24.75455,0.0025,5.02705
"Ben Simon","sa3023164",6.4629,1.41,4.8825,0.266327,5.31414,0.7181,0.5425,0.156667,0.59046,0,1.057,0.63,0.0219,0.0507
"Ben Thompson","sa3022873",7.353,1.472,6.2361,0.263563,5.69772,0.817,0.6929,0.163556,0.63308,0,1.0348,0.6726,0.027,0.0469
"Ben Wereski","sa3018234",6.2991,1.376,4.7934,0.269021,5.25123,0.6999,0.5326,0.152889,0.58347,0,1.0689,0.6222,0.0241,0.0471
"Benito Garcia","sa3005891",5.73285,1.2485,2.58375,0.269868,4.619145,18.82865,8.15375,4.0720555,15.754905,0,33.038,17.2742,0.01255,2.02385
"Benjamin Arias","sa3008724",5.8428,1.478,4.5279,0.269888,5.38524,0.6492,0.5031,0.164222,0.59836,0,1.0751,0.6364,0.0262,0.0524
"Benjamin Dum","sa3011795",5.8167,1.564,5.0112,0.275078,5.82057,0.6463,0.5568,0.173778,0.64673,0,1.1032,0.6851,0.0267,0.0597
"Bennett Sousa","21345",8.964107,1.144048,3.502277,0.233175466666667,3.94343066666667,41.45717346488,16.2976146360267,5.34870188254815,18.1625679884444,1.06668,37.7849,19.7768333333333,0,1.72270833333333
"Benony Robles","sa3006135",6.5538,1.341,5.8275,0.264209,5.40837,0.7282,0.6475,0.149,0.60093,0,1.0408,0.6405,0.0268,0.0532
"Bernard Jose","sa3021812",5.3478,1.525,6.8112,0.277862,6.27876,0.5942,0.7568,0.169444,0.69764,0,1.1045,0.7398,0.0276,0.0532
"Bernard Mack","sa3021771",4.8897,1.448,9.7803,0.283442,7.25202,0.5433,1.0867,0.160889,0.80578,0,1.1315,0.8502,0.0296,0.0523
"Bernardo Flores Jr","19561",6.7707,1.155,4.2921,0.262586,4.60503,0.7523,0.4769,0.128333,0.51167,0,1.0317,0.5514,0.0256,0.0421
"Bernardo Rivera","sa3024531",4.6791,1.603,7.1802,0.290489,6.95259,0.5199,0.7978,0.178111,0.77251,0,1.1768,0.8164,0.0083,0.0551
"Bernie Martinez","sa3010142",7.218,1.284,3.2121,0.260443,4.53222,0.802,0.3569,0.142667,0.50358,0,1.0263,0.5402,0.0251,0.0445
"Biembenido  Brito","sa3019257",5.5116,1.492,8.2773,0.280855,6.87609,0.6124,0.9197,0.165778,0.76401,0,1.1212,0.8077,0.023,0.0562
"Billy Corcoran","sa3020172",5.855765,1.31659,3.00124,0.2740365,4.80898,38.8196,18.6744,8.0775,28.789275,0,63.56615,31.3091,0.5015,2.52315
"Billy Lescher","sa3004471",7.2108,1.295,3.222,0.255845,4.51152,0.8012,0.358,0.143889,0.50128,0,1.009,0.5366,0.0251,0.0482
"Billy Seidl","sa3020257",5.7852,1.415,5.8689,0.276165,5.80104,0.6428,0.6521,0.157222,0.64456,0,1.0969,0.6875,0.0272,0.077
"Billy Sullivan","sa3014918",7.225155,1.0660735,5.68643,0.255073,5.122945,15.40065,13.2833,2.0648335,11.27431,0,18.508,12.2948,0.0131,3.03045
"Bishop Letson","sa3023526",5.373,1.621,5.0013,0.283294,6.04071,0.597,0.5557,0.180111,0.67119,0,1.1455,0.713,0.0039,0.0528
"Blade Tidwell","sa3020177",7.77764,1.276075,4.35411,0.2485475,4.760365,48.918,27.7308,7.077389,28.76674,0,52.49395,31.28545,0.0019,3.0241
"Bladimir Pichardo","sa3022123",4.2966,1.57,7.6194,0.294247,7.12098,0.4774,0.8466,0.174444,0.79122,0,1.1942,0.8363,0.0128,0.0549
"Blaine Knight","sa3008532",6.932615,1.150935,3.81718,0.260637,4.792635,19.4118,11.70715,3.071278,14.75893,0,28.5074,15.77735,0.0127,2.52595
"Blair Calvo","25416",7.54929523809524,1.08200952380952,4.11000714285714,0.270827142857143,5.64954714285714,4.65914435918368,2.86393915714286,0.779148583673471,5.40746473714287,0,0.9783,0.5095,0.0253,0.058
"Blair Henley","26190",6.578125,1.25036,4.15783,0.265608,5.03181,25.85755,16.7204,5.065722,19.773585,0,36.03445,21.2953,0.0015,5.0345
"Blake Adams","sa3020174",6.03454,1.55509,2.628165,0.283261,5.24643,36.8316,15.6481,9.089222,30.304385,0,61.09165,32.82415,0.0016,1.5196
"Blake Beers","sa3018004",6.355835,1.43332,3.21598,0.2650435,4.93296,44.84145,21.1852,9.581389,33.277615,0,63.53195,35.79695,0.00185,6.0319
"Blake Burkhalter","sa3020382",5.8293,1.539,3.6189,0.279882,5.44347,0.6477,0.4021,0.171,0.60483,0,1.1298,0.6441,0.003,0.0432
"Blake Goldsberry","sa3014978",7.01844,1.47592,3.876235,0.2649355,5.032235,11.4044,6.70885,2.5786665,8.769035,0,16.5097,9.2867,0.5104,1.0218
"Blake Holub","sa3018147",8.170935,1.360225,3.929615,0.249741,4.510975,23.44135,11.2135,4.07,12.74767,0,24.49125,13.76605,0.0126,0.52005
"Blake Loubier","sa3011730",4.9158,1.452,6.444,0.292368,6.56685,0.5462,0.716,0.161333,0.72965,0,1.1807,0.7733,0.0277,0.0486
"Blake Money","sa3023127",5.6592,1.598,3.9069,0.28054,5.54688,0.6288,0.4341,0.177556,0.61632,0,1.1324,0.6563,0.0061,0.0404
"Blake Parker","5224",7.0497,1.358,3.3768,0.262742,4.74057,0.7833,0.3752,0.150889,0.52673,0,1.0408,0.5628,0.029,0.0455
"Blake Pivaroff","sa3023080",5.4864,1.459,5.1597,0.276691,5.77926,0.6096,0.5733,0.162111,0.64214,0,1.1136,0.6828,0.0157,0.045
"Blake Rivera","sa3008261",7.5978,1.169,4.5792,0.255292,4.66164,0.8442,0.5088,0.129889,0.51796,0,0.9937,0.5572,0.0257,0.0488
"Blake Rogers","sa876290",8.1729,1.344,3.582,0.251477,4.57146,0.9081,0.398,0.149333,0.50794,0,0.983,0.5413,0.0252,0.0481
"Blake Seigler","sa3017899",5.9661,1.343,6.6051,0.275951,5.97015,0.6629,0.7339,0.149222,0.66335,0,1.0963,0.7064,0.0275,0.0483
"Blake Snell","13543",11.7178588235294,1.01232347058824,4.00097823529412,0.205031588235294,3.34575176470588,201.059259742407,68.5432856695502,17.4143960314302,57.5179043829297,0,118.075142857143,64.0351857142857,0,4.21347285714286
"Blake Taylor","16418",6.4888,1.177815,4.52927,0.2638715,4.94363,13.37615,10.238,2.5645555,11.257515,0,20.51755,12.27755,0.01335,0.51995
"Blake Townsend","sa3010125",6.86816,1.223105,4.4784,0.259219,5.199405,14.88155,9.7476,2.570111,11.77508,0,19.51555,12.7936,0.013,4.03575
"Blake Treinen","12572",9.65173529411765,0.948012529411765,2.76766882352941,0.222905235294118,3.32679058823529,61.5663221326105,17.6570172457163,6.05342125057978,21.3705804184544,14.3664285714286,47.9262714285714,23.0409428571429,0,2.61877428571429
"Blake Walston","26270",7.40098941176471,1.07709917647059,3.72623352941176,0.251999764705882,4.40493764705882,33.7130773836709,17.3380997539331,4.87369880498424,20.1491715503114,0.878914,40.8606142857143,21.1471428571429,0,2.42153571428571
"Blake Wehunt","sa3023220",6.95361,1.216145,3.33986,0.264408,4.80187,36.88015,17.1883,6.070611,24.7701,0,48.5344,26.79,0.0015,2.02185
"Blake Weiman","sa3004211",7.48859857142857,1.34854714285714,2.65412,0.253366571428571,4.31840285714286,10.9678457142857,3.79501857142857,1.97924857142857,6.60601142857143,0.655037857142857,13.6148757142857,7.03049285714286,0,0.416412285714286
"Blake Whiting","sa3023045",5.9247,1.468,6.5088,0.276274,6.1605,0.6583,0.7232,0.163111,0.6845,0,1.1025,0.7256,0.0275,0.0522
"Blake Whitney","sa3007966",7.74852,1.34058,3.48194,0.2525995,4.555835,25.42235,11.1939,4.078778,14.26059,0,28.5013,15.2777,0.50935,1.01975
"Blake Wolters","sa3023513",4.5729,1.413,5.0337,0.293606,6.13935,0.5081,0.5593,0.157,0.68215,0,1.1943,0.7259,0.0032,0.046
"Blake Workman","sa3007856",7.7598,1.382,3.2031,0.255184,4.56381,0.8622,0.3559,0.153556,0.50709,0,1.003,0.5405,0.025,0.0426
"Blane Abeyta","sa3014975",5.671245,1.36285,3.084605,0.2773165,5.098255,31.30485,17.16435,6.583222,26.29365,0,53.0727,28.3136,0.0022,4.5302
"Blas Castano","sa3006617",6.89545285714286,1.12338285714286,3.00269857142857,0.253053142857143,4.29128142857143,31.488,14.1091957142857,5.16916857142857,20.2360571428571,0.670635714285714,41.8915285714286,21.8733714285714,0,3.40288142857143
"Blayne Enlow","sa3005117",7.057285,1.197285,3.02522,0.260971,4.571525,28.877,11.67185,4.075889,17.26509,0,36.0266,18.78425,0.0015,3.02815
"Blaze Pontes","sa3020486",3.852,1.467,4.5288,0.29387,5.86908,0.428,0.5032,0.163,0.65212,0,1.1937,0.6974,0.0088,0.0488
"Bo Bonds","sa3022938",7.4484,1.368,5.3343,0.257607,5.22846,0.8276,0.5927,0.152,0.58094,0,1.0117,0.6189,0.0264,0.046
"Bobby Ay","sa3011535",6.201,1.256,6.4098,0.276681,5.93667,0.689,0.7122,0.139556,0.65963,0,1.0992,0.7021,0.0274,0.061
"Bobby Milacki","sa3007216",6.31292,1.421715,2.93593,0.2681165,4.70361,19.36215,9.1655,4.577611,14.763695,0,31.0311,15.78215,0.0126,1.5248
"Bobby Miller","27483",8.57425176470588,1.10000352941176,3.38758117647059,0.236157117647059,4.10613294117647,52.8191276619085,20.9853579294118,6.88559944878431,25.617360627451,0.873297142857143,50.5087,27.5640714285714,0,2.83449714285714
"Boby Johnson","sa3006983",7.4241,1.265,3.6099,0.258492,4.58793,0.8249,0.4011,0.140556,0.50977,0,1.0151,0.5466,0.0253,0.0459
"Bodi Rascon","sa3011849",5.4459,1.429,4.698,0.273792,5.35068,0.6051,0.522,0.158778,0.59452,0,1.0872,0.6362,0.0037,0.0531
"Bowden Francis","20548",8.33025352941176,1.38825411764706,2.49160235294118,0.235344705882353,4.13422705882353,132.531407198581,39.668552389481,22.1136414517647,65.8259108719723,0.799019571428571,131.635714285714,71.9601142857143,0,8.68397571428571
"Bowen Plagge","sa3018237",5.4558,1.293,6.4296,0.280515,5.93955,0.6062,0.7144,0.143667,0.65995,0,1.1183,0.7046,0.0275,0.052
"Brad Boxberger","10133",7.62785714285714,1.29742857142857,3.5835,0.251322857142857,4.67959285714286,3.51294702947845,1.31244421768707,0.529967541950113,1.94523933333333,0,1.0115,0.5714,0.0241,0.0499
"Brad Brach","6627",7.4601,1.31,3.7485,0.258332,4.6953,0.8289,0.4165,0.145556,0.5217,0,1.0154,0.5579,0.0266,0.0429
"Brad Case","sa3007613",5.447745,1.193005,3.83797,0.2757305,5.12766,14.31545,10.70905,3.0704445,14.279885,0,27.55095,15.30095,0.00995,3.0329
"Brad Deppermann","sa3011801",7.49678,1.2159,3.87443,0.254035,4.813875,9.92525,5.2159,1.570722,6.755905,0,12.4991,7.2742,0.01265,0.5222
"Brad Hand","9111",8.25707142857143,1.28257142857143,3.60778571428571,0.247872142857143,4.63065,2.91505771428571,1.2295899047619,0.534459238095238,1.88684314285714,0,0.9558,0.51,0.0288,0.0594
"Brad Keller","15734",7.05198823529412,1.07637129411765,3.93938735294118,0.257841176470588,4.43053852941176,23.2295430566551,13.0367293483103,3.73361625217224,14.7777916959358,0.794187571428571,28.4715428571429,15.5340785714286,0,1.13066757142857
"Brad Lord","sa3020812",5.591215,1.35421,2.889605,0.273086,5.050215,23.86215,12.68325,7.567778,28.252425,0,53.01645,30.7728,0.00145,5.0272
"Brad Peacock","5401",6.8832,1.334,3.528,0.265541,4.81392,0.7648,0.392,0.148222,0.53488,0,1.0517,0.573,0.0154,0.0464
"Brad Wieck","16390",8.967225,1.181145,3.83586,0.241425,4.264385,16.9641,7.2004,2.066722,7.731885,0,14.47515,8.24905,0.01215,1.52165
"Braden Bristo","20494",7.76442857142857,1.34785714285714,4.01835714285714,0.252132857142857,4.59959285714286,3.17812571428571,1.5544325260771,0.528595929705215,1.71089567800453,0,0.9921,0.5621,0.0267,0.0469
"Braden Carmichael","sa3023003",6.2208,1.39,5.4216,0.270166,5.48631,0.6912,0.6024,0.154444,0.60959,0,1.0738,0.6487,0.0267,0.046
"Braden Nett","sa3020336",7.0344,1.346,4.7799,0.25974,5.02533,0.7816,0.5311,0.149556,0.55837,0,1.0134,0.5985,0.0033,0.0463
"Braden Olthoff","sa3017654",5.5836,1.447,3.0735,0.283356,5.16069,0.6204,0.3415,0.160778,0.57341,0,1.1434,0.6156,0.0048,0.0523
"Braden Scott","sa3018143",7.9704,1.273,4.3848,0.249891,4.5936,0.8856,0.4872,0.141444,0.5104,0,0.9722,0.5459,0.0256,0.0513
"Braden Shipley","15158",7.9416,1.156,3.9753,0.24625,4.25412,0.8824,0.4417,0.128444,0.47268,0,0.9522,0.5107,0.0252,0.0545
"Braden Zarbnisky","sa3014791",7.8732,1.433,3.5703,0.251653,4.66236,0.8748,0.3967,0.159222,0.51804,0,0.9856,0.5507,0.0252,0.0418
"Bradford Webb","sa3017508",7.4223,1.267,3.9078,0.257381,4.64805,0.8247,0.4342,0.140778,0.51645,0,1.0087,0.5537,0.0254,0.0457
"Bradgley Rodriguez","sa3016035",8.55791,1.127352,4.550204,0.234794,4.392056,30.83652,16.40098,3.898534,15.94946,0.72188,29.04602,17.13866,0,2.2483
"Bradley Blalock","26419",6.75760235294118,1.35706617647059,3.50288823529412,0.273438823529412,5.28178705882353,38.7041803847751,20.0430310589312,7.80562035379085,30.2393809697193,0.847440142857143,56.3010428571429,32.638,0,1.79334571428571
"Bradley Brehmer","sa3020828",6.621875,1.2244,3.207855,0.2671795,4.625665,22.3792,10.68625,4.563111,16.74654,0,34.0253,18.26705,1.0126,2.5251
"Bradley Hanner","sa3010837",7.730325,1.139045,4.30749,0.2514145,4.60863,22.425,13.2222,3.067389,13.25566,0,24.9996,14.27485,0.51275,3.5308
"Brady Basso","25582",8.22913735294118,1.18285235294118,2.70931176470588,0.245604235294118,3.99991,58.9100072568627,19.4615837485582,8.58439433536332,28.8920091380392,4.52277142857143,61.6460857142857,31.0797857142857,0,2.34815
"Brady Choban","sa3023212",7.05084,1.166415,3.652845,0.2608005,4.69859,18.90355,9.7108,3.068,13.255125,0,25.515,14.2751,0.0127,2.52455
"Brady Feigl","15968",8.10616194444444,1.31953333333333,3.36433444444444,0.268489166666667,4.67714166666667,25.2616080901235,11.7559120859568,4.70094152199074,16.3336503472222,0,30.4827,16.2365,0.51225,1.52165
"Brady Hill","sa3020559",5.3433,1.689,6.0165,0.296273,6.8283,0.5937,0.6685,0.187667,0.7587,0,1.2082,0.8004,0.0277,0.0475
"Brady Lail","14707",6.7014,1.364,3.1851,0.266225,4.74705,0.7446,0.3539,0.151556,0.52745,0,1.0579,0.5645,0.0246,0.0454
"Brady Puckett","sa829632",7.0137,1.222,4.554,0.261014,4.86162,0.7793,0.506,0.135778,0.54018,0,1.0232,0.58,0.0259,0.0559
"Brady Schanuel","sa918871",5.895,1.423,5.9193,0.274605,5.87196,0.655,0.6577,0.158111,0.65244,0,1.0929,0.6946,0.0149,0.0524
"Brady Singer","25377",8.60015882352941,1.38345823529412,2.81712823529412,0.259243235294118,4.60171647058824,158.233534214533,51.7706704861207,25.4782483983276,84.6381249313341,0,168.693857142857,90.7427,0,9.06727285714286
"Braeden Fausnaught","sa3020598",6.136965,1.472775,3.852195,0.2704035,5.26406,34.8334,21.71085,8.0828335,30.281865,0,55.03555,32.80135,0.5016,1.52015
"Braeden Ogle","sa917989",6.8778,1.23,4.8789,0.263819,4.95315,0.7642,0.5421,0.136667,0.55035,0,1.0376,0.5904,0.0206,0.0479
"Brahian Rijo","sa3022051",4.6143,1.625,10.116,0.289164,7.89543,0.5127,1.124,0.180556,0.87727,0,1.1638,0.9215,0.0301,0.0573
"Braian Salazar","sa3019741",6.0984,1.415,6.5682,0.269271,5.80599,0.6776,0.7298,0.157222,0.64511,0,1.0595,0.6865,0.016,0.0575
"Brailin Rodriguez","sa3009238",5.9877,1.456,5.571,0.274211,5.80545,0.6653,0.619,0.161778,0.64505,0,1.0941,0.6852,0.0269,0.055
"Brailyn Marquez","21896",9.6489,0.979,5.1741,0.232656,4.02966,1.0721,0.5749,0.108778,0.44774,0,0.8793,0.4853,0.0254,0.0507
"Brailyn Paulino","sa3022038",4.4748,1.601,8.9262,0.291991,7.55613,0.4972,0.9918,0.177889,0.83957,0,1.1802,0.8842,0.0228,0.0633
"Brandan Bidois","sa3015277",8.4033,1.165,4.482,0.249961,4.60701,0.9337,0.498,0.129444,0.51189,0,0.9702,0.5475,0.0256,0.0496
"Branden Noriega","sa3020867",6.2802,1.346,8.4069,0.268377,6.29127,0.6978,0.9341,0.149556,0.69903,0,1.0537,0.7418,0.0284,0.0587
"Brandison Polanco","sa3019279",4.7754,1.587,8.0307,0.287637,7.09065,0.5306,0.8923,0.176333,0.78785,0,1.1605,0.8311,0.0288,0.0511
"Brandon Beckel","sa3023276",6.1668,1.513,5.1138,0.272017,5.63121,0.6852,0.5682,0.168111,0.62569,0,1.0795,0.6657,0.0186,0.0493
"Brandon Bielak","19866",6.57066363636364,1.21473727272727,3.78716318181818,0.279388363636364,5.10682636363636,21.3720582282755,12.4278781253994,4.03973843182369,16.4372227625785,0.1185705,32.19155,16.684835,0.06800975,1.910434
"Brandon Birdsell","sa3020797",6.58354,1.54123,2.583365,0.263613,4.858685,41.36445,16.1438,10.081722,31.262325,0,58.0284,33.7807,0.50155,3.0227
"Brandon Brennan","13527",7.1523,1.222,3.8763,0.267247,4.85721,0.7947,0.4307,0.135778,0.53969,0,1.0533,0.5784,0.0266,0.043
"Brandon Dufault","sa3017257",7.6788,1.267,4.6179,0.257989,4.80906,0.8532,0.5131,0.140778,0.53434,0,1.0059,0.5738,0.0258,0.0519
"Brandon Eisert","27668",8.3074944117647,1.07000823529412,3.27106529411765,0.253133882352941,4.15646176470588,28.8403905846759,11.4002498325398,3.6134394745098,14.5274031398524,1.00628,29.9959285714286,15.3544714285714,0,1.13754328571429
"Brandon Finnegan","16208",7.5609,1.339,4.1283,0.257872,4.68045,0.8401,0.4587,0.148778,0.52005,0,1.009,0.5575,0.0175,0.0425
"Brandon Gold","sa872724",5.5593,1.296,3.0546,0.279792,4.91868,0.6177,0.3394,0.144,0.54652,0,1.1244,0.5889,0.0043,0.0439
"Brandon Herbold","sa3021988",4.1004,1.5,7.1325,0.297417,7.02198,0.4556,0.7925,0.166667,0.78022,0,1.2137,0.8239,0.0057,0.0527
"Brandon Hughes","23460",9.37575636363636,1.31618545454545,3.61828590909091,0.230165636363636,4.20906681818182,20.2591670908815,7.88420528118687,2.84035098761249,8.84961483681313,0.084706,16.10486,9.60902,0.327342,1.44594025
"Brandon Johnson","sa3020610",7.73817,1.316755,4.26613,0.2577185,4.924045,22.9212,12.73035,4.0683335,14.764465,0,27.0057,15.78255,0.51275,0.52025
"Brandon Kintzler","9939",6.1326,1.156,3.2445,0.275368,4.62114,0.6814,0.3605,0.128444,0.51346,0,1.1007,0.5557,0.0303,0.0423
"Brandon Knarr","sa3015005",7.155,1.324,3.1959,0.259835,4.45014,0.795,0.3551,0.147111,0.49446,0,1.0244,0.532,0.0092,0.0374
"Brandon Komar","sa3010630",5.621105,1.340785,3.170545,0.2821625,5.198695,29.30935,17.1675,7.072889,28.273285,0,53.0753,30.79555,0.00595,1.5189
"Brandon Leibrandt","16135",7.14254472222222,1.3589425,2.6358,0.259139444444444,4.53431666666667,28.0908615587037,11.2526748,5.48910236222222,19.2146948888889,0,38.0027,20.24405,0.01265,1.51845
"Brandon Neeck","sa3021978",6.6366,1.397,5.355,0.265138,5.27346,0.7374,0.595,0.155222,0.58594,0,1.0439,0.6259,0.0265,0.0568
"Brandon Pfaadt","27782",8.79678470588235,1.21039235294118,2.18741970588235,0.244038352941176,3.95804941176471,143.267937855779,35.5893374806305,19.6231655297501,64.4623993234602,0.799125,139.496714285714,69.5805571428571,0,5.81859142857143
"Brandon Schaeffer","sa3020751",5.4882,1.364,3.8241,0.272484,5.01444,0.6098,0.4249,0.151556,0.55716,0,1.0886,0.5989,0.0041,0.061
"Brandon Smith","sa3021021",4.3056,1.598,9.009,0.291761,7.52139,0.4784,1.001,0.177556,0.83571,0,1.1788,0.8803,0.0294,0.0527
"Brandon Sproat","sa3023499",8.02397333333333,1.1477,3.47087,0.243543333333333,4.21374166666667,34.1739166666667,14.8317133333333,4.91956,18.1021833333333,0,36.7908166666667,19.6464166666667,0,1.37373166666667
"Brandon Waddell","18347",7.8903,1.122,3.8205,0.248957,4.1535,0.8767,0.4245,0.124667,0.4615,0,0.9669,0.4993,0.0246,0.0457
"Brandon Walter","26056",7.72687714285714,1.13109523809524,2.87882380952381,0.260065,4.33212142857143,3.91757477877551,1.72561405124716,0.621625886621315,2.61460976870748,0,0.9876,0.4666,0.0235,0.0458
"Brandon White","sa3020589",4.7934,1.635,4.0626,0.289611,5.98023,0.5326,0.4514,0.181667,0.66447,0,1.1828,0.705,0.0043,0.0495
"Brandon Williamson","25463",7.97281194444444,1.51441444444444,3.56799861111111,0.258080138888889,5.04832694444444,44.6085089306996,21.3606329292181,7.92945166369342,28.5716665993416,0,50.0175,29.78635,0.00425,3.0239
"Brandon Woodruff","16162",9.88102705882353,1.28589941176471,2.53020117647059,0.225508941176471,3.67036470588235,146.294803322953,37.2111183529412,18.9200463797578,54.3887171157247,0,115.015714285714,57.9402571428571,0,5.31872285714286
"Brandon Workman","11428",6.8382,1.249,4.248,0.267547,4.90059,0.7598,0.472,0.138778,0.54451,0,1.0597,0.5845,0.0296,0.0412
"Brandon Young","sa3014926",8.55578857142857,1.15947285714286,2.84836428571429,0.243446428571429,4.01844714285714,29.5695,9.98547142857143,4.12335,14.2830385714286,0.632416,30.3889285714286,15.3002442857143,0,1.39761142857143
"Brandyn Garcia","sa3022951",7.88866,1.037078,3.54685333333333,0.242952666666667,4.13060833333333,29.2555666666667,13.3823133333333,4.05337666666667,16.4864283333333,0.792218333333333,32.4225166666667,17.747175,0,4.12516833333333
"Brandyn Sittinger","19192",7.2162,1.386,3.6324,0.261987,4.83291,0.8018,0.4036,0.154,0.53699,0,1.0354,0.5728,0.0252,0.0453
"Branneli Franco","sa3023818",4.1877,1.658,6.8346,0.295976,7.06212,0.4653,0.7594,0.184222,0.78468,0,1.2085,0.8289,0.0033,0.0525
"Brannon Jordan","sa3017814",6.3702,1.427,5.2857,0.269584,5.54553,0.7078,0.5873,0.158556,0.61617,0,1.0706,0.6554,0.0266,0.0454
"Brant Hurter","30133",7.53627411764706,1.02071894117647,2.26265235294118,0.248137529411765,3.80364294117647,52.7035804926721,15.7903040614379,7.37842434352941,27.0639765306113,4.47913857142857,60.8739857142857,29.3434142857143,0,4.14746285714286
"Braulio Salas","sa3019820",4.3551,1.66,6.6888,0.293792,6.94341,0.4839,0.7432,0.184444,0.77149,0,1.1977,0.8149,0.0091,0.0511
"Braunny Munoz","sa3006398",5.1849,1.57,4.0284,0.282902,5.64885,0.5761,0.4476,0.174444,0.62765,0,1.1453,0.6676,0.0121,0.041
"Brawny Reyes","sa3018007",5.796,1.454,6.6186,0.277278,6.19569,0.644,0.7354,0.161556,0.68841,0,1.1067,0.7302,0.0276,0.0533
"Braxton Ashcraft","sa3008470",7.69296142857143,1.10003185714286,2.33620857142857,0.253882,4.07112285714286,41.8439142857143,12.5377142857143,6.04549714285714,22.2478285714286,0.712264285714286,49.6405142857143,24.0410142857143,0,1.62007428571429
"Braxton Bragg","sa3023303",5.8383,1.53,3.8286,0.278578,5.40837,0.6487,0.4254,0.17,0.60093,0,1.1203,0.6415,0.0039,0.0471
"Braxton Garrett","21844",7.83851722222222,1.06620083333333,2.23412055555556,0.2576175,3.93667222222222,47.8347829865021,13.5801601694033,6.61235008669753,23.8293010502058,0,53.0022,25.23505,0.0015,4.0282
"Braxton Hyde","sa3020612",5.0355,1.5,5.1615,0.299439,6.35157,0.5595,0.5735,0.166667,0.70573,0,1.2215,0.7502,0.0213,0.0522
"Braxton Roxby","sa3014811",8.024925,0.9937235,3.758095,0.2453625,4.376735,21.44485,10.2048,2.557222,12.230985,0,22.4808,13.25035,0.5126,4.0321
"Brayan Bello","23920",8.22624470588235,0.963973411764706,3.06448764705882,0.253494647058824,4.12453764705882,146.46135529704,54.6066479076317,17.2202817201077,73.3700008076125,0,159.746571428571,80.3244714285714,0,6.89462428571429
"Brayan Cabello","sa3018304",4.8114,1.405,8.1162,0.287457,6.81273,0.5346,0.9018,0.156111,0.75697,0,1.1521,0.8027,0.0287,0.0553
"Brayan Castillo","sa3006544",6.607045,1.367485,4.951435,0.2739885,5.6048,19.875,16.2555,4.078278,17.30968,0,30.0591,18.8299,0.01315,1.52425
"Brayan De Paula","sa3005070",8.212805,1.08632,6.02278,0.244773,4.897975,20.44415,15.8062,3.0504445,13.23977,0,20.4755,14.2612,0.013,4.03195
"Brayan Diaz","sa3016069",4.8213,1.517,8.4393,0.288291,7.14483,0.5357,0.9377,0.168556,0.79387,0,1.1604,0.8383,0.029,0.0572
"Brayan Medina","sa3014705",3.9393,1.69,6.6906,0.298612,7.12656,0.4377,0.7434,0.187778,0.79184,0,1.2238,0.836,0.0039,0.0523
"Brayan Mendoza","sa3015477",5.697,1.219,4.0734,0.27679,5.03856,0.633,0.4526,0.135444,0.55984,0,1.1055,0.6027,0.0042,0.0514
"Brayan Narvaez","sa3022133",4.311,1.706,5.8536,0.294371,6.76278,0.479,0.6504,0.189556,0.75142,0,1.2043,0.794,0.0037,0.0505
"Brayan Palencia","sa3016011",5.1156,1.405,4.7727,0.279847,5.66424,0.5684,0.5303,0.156111,0.62936,0,1.1324,0.6713,0.0218,0.0462
"Brayan Perez","sa3006100",6.2793,1.049,3.6171,0.267838,4.37949,0.6977,0.4019,0.116556,0.48661,0,1.0567,0.5289,0.0254,0.0508
"Brayan Restituyo","sa3015461",5.7078,1.398,6.3963,0.272192,5.79708,0.6342,0.7107,0.155333,0.64412,0,1.0769,0.6853,0.0273,0.0539
"Brayan Romero","sa3018313",4.1751,1.418,4.5702,0.290442,5.76927,0.4639,0.5078,0.157556,0.64103,0,1.1742,0.6862,0.0039,0.0464
"Brayan Suarez","sa3019649",4.7709,1.538,9.0144,0.288053,7.34751,0.5301,1.0016,0.170889,0.81639,0,1.1578,0.861,0.0293,0.055
"Braydon Fisher","sa3007929",9.138762,1.176706,4.987876,0.2347044,4.450732,28.30476,15.59946,3.7684,13.69652,0.73152,25.30134,14.84656,0,1.38612
"Braydon Tucker","sa3023249",5.4126,1.71,3.7836,0.280536,5.69385,0.6014,0.4204,0.19,0.63265,0,1.1314,0.6715,0.0046,0.0516
"Brayhans Barreto","sa3022316",5.8635,1.171,5.9904,0.273509,5.36031,0.6515,0.6656,0.130111,0.59559,0,1.0811,0.6399,0.0229,0.0447
"Brayner Sanchez","sa3011366",5.85,1.349,6.3,0.278043,5.88186,0.65,0.7,0.149889,0.65354,0,1.1065,0.6974,0.0273,0.0554
"Breck Eichelberger","sa3023096",5.4018,1.489,6.0867,0.279124,6.04944,0.6002,0.6763,0.165444,0.67216,0,1.1115,0.7149,0.0164,0.0546
"Breidy Encarnacion","sa3009205",7.7463,1.325,4.2543,0.255146,4.8204,0.8607,0.4727,0.147222,0.5356,0,0.9991,0.5712,0.0256,0.0445
"Breilin Arredondo","sa3021748",4.3056,1.535,8.6904,0.292895,7.35741,0.4784,0.9656,0.170556,0.81749,0,1.1835,0.8628,0.0292,0.0567
"Brenan Hanifee","22304",7.20026823529412,0.94366905882353,2.41352441176471,0.253335117647059,3.87620352941176,37.5257706716863,12.6123623956863,5.09156321945098,20.3766370801569,1.54380857142857,46.2261571428571,21.6696857142857,0,2.03729285714286
"Brendan Beck","sa3020680",6.2145,1.671,3.7044,0.275304,5.43672,0.6905,0.4116,0.185667,0.60408,0,1.1111,0.6429,0.003,0.0445
"Brendan Cellucci","sa3011710",8.23602,1.13461,5.656875,0.2510025,5.04175,25.9455,18.29705,3.561611,16.265535,0,26.9914,17.78525,0.01305,2.0274
"Brendan Collins","sa3017549",6.4584,1.347,5.3802,0.263283,5.31585,0.7176,0.5978,0.149667,0.59065,0,1.0322,0.6305,0.0264,0.0567
"Brendan Hardy","sa3008290",8.02166,1.229955,4.919225,0.2584525,5.18822,15.43675,10.24355,2.0760555,9.78859,0,16.52615,10.8075,0.01295,2.52815
"Brendan McGuigan","sa3011850",6.2145,1.418,5.3865,0.272659,5.66802,0.6905,0.5985,0.157556,0.62978,0,1.0854,0.6701,0.0226,0.0557
"Brendan McKay","20186",7.408405,1.4257,2.750075,0.262573,4.553685,19.3981,6.66015,3.580111,11.25988,0,23.5265,12.2779,0.00145,0.5215
"Brendan Morse","sa3022743",4.0554,1.606,7.0182,0.297184,7.05222,0.4506,0.7798,0.178444,0.78358,0,1.2126,0.8285,0.0096,0.0519
"Brendan Nail","sa3005359",7.2639,1.22,3.7971,0.259854,4.55679,0.8071,0.4219,0.135556,0.50631,0,1.0205,0.5445,0.0175,0.0509
"Brendan White","26024",8.28227714285714,0.992805714285714,3.45909523809524,0.243428571428571,4.12002285714286,3.25446114575964,1.42447227513228,0.431823434648526,1.77682408825397,0,0.9502,0.4678,0.0223,0.0565
"Brendon Little","21574",7.93484705882353,0.816966705882353,3.92020705882353,0.242068411764706,3.89209411764706,50.0786601002076,24.7205969356647,5.19204758635294,24.4865826749712,9.82552857142857,52.7747428571429,26.3494142857143,0,2.94478857142857
"Brennan Bernardino","16835",9.06332941176471,0.972367647058824,3.54991176470588,0.242887411764706,4.11550882352941,50.8412204963137,19.8169701163552,5.40677044539792,23.1439006262607,4.96166285714286,47.5076571428571,24.6583571428571,0,4.19422
"Brent Headrick","27702",9.37180117647059,1.30511764705882,3.19420235294118,0.237954352941176,4.21918352941176,38.0822627333856,13.1151264962092,5.2852964315817,17.4430973647059,0.940664285714286,34.2405428571429,18.2865,0,1.37406257142857
"Brent Honeywell","16466",6.72526909090909,1.28176909090909,3.43689272727273,0.268442545454545,4.75474909090909,22.3706640330578,11.4660332297521,4.17538685619835,15.9412836561983,0.2622,32.144325,17.721275,0.1930065,1.7903475
"Brent Killam","sa3014927",7.6725,1.446,3.3552,0.256003,4.60206,0.8525,0.3728,0.160667,0.51134,0,1.0053,0.5455,0.0252,0.0573
"Brent Suter","13942",6.86822941176471,1.30558,2.70561647058824,0.261209058823529,4.34917529411765,46.8080018763614,18.4840859670496,8.87541490942407,29.5846603149896,10.3190385714286,64.4878285714286,32.6025571428571,0,2.40182714285714
"Brent Teller","sa3018794",7.272,1.345,3.6315,0.260555,4.76064,0.808,0.4035,0.149444,0.52896,0,1.0263,0.5661,0.0135,0.0456
"Brett Anderson","8223",4.959,1.1,2.8107,0.287893,4.6449,0.551,0.3123,0.122222,0.5161,0,1.1626,0.5614,0.0025,0.0394
"Brett Conine","sa3008024",6.0282,1.572,3.5172,0.276731,5.42538,0.6698,0.3908,0.174667,0.60282,0,1.1152,0.6405,0.007,0.0553
"Brett Daniels","sa3008127",7.1685,1.392,4.4415,0.261119,5.07294,0.7965,0.4935,0.154667,0.56366,0,1.0292,0.6008,0.0202,0.045
"Brett Eibner","11369",8.0604,1.25,3.3399,0.253188,4.38219,0.8956,0.3711,0.138889,0.48691,0,0.9889,0.5219,0.0263,0.0431
"Brett Kennedy","17877",6.51740416666667,1.3173375,3.15798333333333,0.275879166666667,5.1204125,21.3798574166667,11.2162553055556,4.33916377777778,17.5615541111111,0,32.53895,18.78545,0.00615,2.024
"Brett Kerry","sa3017390",6.66718,1.62672,2.71337,0.268481,5.003555,48.36075,19.15105,10.597611,34.28675,0,67.04505,37.30435,0.00195,2.01935
"Brett Lockwood","sa3015041",4.5081,1.223,6.6159,0.290571,6.1011,0.5009,0.7351,0.135889,0.6779,0,1.1667,0.7256,0.0278,0.0547
"Brett Martin","17369",7.0731,0.986,3.1536,0.261067,4.00869,0.7859,0.3504,0.109556,0.44541,0,1.0232,0.486,0.0298,0.0343
"Brett Matthews","sa3019488",7.5105,1.334,3.9051,0.258828,4.78737,0.8345,0.4339,0.148222,0.53193,0,1.0174,0.5689,0.0144,0.0423
"Brett Schulze","sa3011195",8.3781,1.175,4.3065,0.247919,4.46454,0.9309,0.4785,0.130556,0.49606,0,0.9588,0.5329,0.0229,0.0491
"Brett Standlee","sa3017388",5.8185,1.27,4.3362,0.272482,5.15619,0.6465,0.4818,0.141111,0.57291,0,1.0911,0.6148,0.0213,0.0429
"Brett Wichrowski","sa3023366",6.81739,1.385985,3.7786,0.260455,5.03774,35.3716,19.70485,6.5823335,25.284115,0,45.5334,27.30355,0.0015,5.5276
"Brett de Geus","23592",6.70644941176471,0.821130588235294,3.58182794117647,0.266103529411765,4.51017764705882,28.0773162109835,14.9816121200654,3.43153270587774,18.7452682591926,0.96685,40.4683428571429,21.1427142857143,0,3.26949857142857
"Brian Edgington","sa3022911",5.8365,1.812,3.3633,0.28424,5.7033,0.6485,0.3737,0.201333,0.6337,0,1.1568,0.6732,0.003,0.0425
"Brian Fitzpatrick","sa3020265",6.3126,1.453,4.3974,0.269424,5.20947,0.7014,0.4886,0.161444,0.57883,0,1.0736,0.618,0.0092,0.0456
"Brian Glowicki","sa3004826",7.4664,1.366,3.8556,0.258877,4.81779,0.8296,0.4284,0.151778,0.53531,0,1.0185,0.5717,0.0158,0.0433
"Brian Gonzalez","sa828794",6.8445,1.447,4.1868,0.260901,4.94928,0.7605,0.4652,0.160778,0.54992,0,1.025,0.5872,0.0067,0.0481
"Brian Howard","sa918377",7.11,1.346,3.6108,0.260989,4.73787,0.79,0.4012,0.149556,0.52643,0,1.0296,0.5628,0.0253,0.0418
"Brian Keller","sa918951",7.4727,1.4,3.3876,0.257027,4.70016,0.8303,0.3764,0.155556,0.52224,0,1.0104,0.5582,0.0051,0.0455
"Brian Marconi","sa3010665",7.6149,1.281,4.7763,0.255156,4.83183,0.8461,0.5307,0.142333,0.53687,0,0.9972,0.5739,0.0239,0.0521
"Brian Moran","9646",7.517335,1.215465,3.20146,0.2597165,4.570665,16.90445,7.17295,2.569778,10.246755,0,20.01475,11.26495,0.01315,2.529
"Brian Van Belle","sa3014925",6.23729,1.28694,2.526765,0.2748375,4.750495,34.8456,13.6448,7.0725,26.266,0,55.5535,28.28575,0.0049,1.5195
"Brock Bell","sa3011571",5.5638,1.768,4.0806,0.28536,5.87313,0.6182,0.4534,0.196444,0.65257,0,1.1609,0.6921,0.0264,0.0444
"Brock Burke","17968",9.06984764705882,1.09660235294118,3.14027617647059,0.235020117647059,3.83261352941176,65.6685579232872,22.79484552891,7.93823555247982,27.7676141098155,15.1622571428571,60.4085857142857,30.4790142857143,0,2.43988142857143
"Brock Jones","sa3011783",4.9041,1.555,5.8068,0.284067,6.21378,0.5449,0.6452,0.172778,0.69042,0,1.148,0.7319,0.0076,0.0525
"Brock Porter","sa3020708",6.4854,1.556,5.6061,0.273175,5.96232,0.7206,0.6229,0.172889,0.66248,0,1.0915,0.7031,0.0038,0.0625
"Brock Selvidge","sa3017950",6.568105,1.29648,3.448305,0.263108,4.747455,36.3598,18.19815,7.072111,26.26028,0,50.53435,28.28095,0.0015,2.0221
"Brock Stewart","16727",11.2067047058824,0.957702529411765,3.92297382352941,0.217482352941176,3.82284,62.3305398113679,21.8232491565225,5.41227161766205,21.5354557694118,9.59575714285714,41.9269,21.8035,0,2.29700857142857
"Brock Whittlesey","sa1172219",5.796,1.536,3.7755,0.276057,5.38254,0.644,0.4195,0.170667,0.59806,0,1.1111,0.6354,0.0259,0.0476
"Brody Hopkins","sa3023515",6.0768,1.4,4.4874,0.275816,5.42142,0.6752,0.4986,0.155556,0.60238,0,1.0983,0.6449,0.0031,0.0644
"Brody Jessee","sa3020447",6.6015,1.606,5.1831,0.272816,5.76666,0.7335,0.5759,0.178444,0.64074,0,1.0881,0.6809,0.0267,0.0607
"Brody Koerner","17748",6.5268,1.294,3.8754,0.269364,4.94037,0.7252,0.4306,0.143778,0.54893,0,1.0697,0.5882,0.0256,0.0502
"Brody McCullough","sa3020599",7.2837,1.372,3.3705,0.260315,4.70862,0.8093,0.3745,0.152444,0.52318,0,1.0246,0.5603,0.0044,0.0405
"Brody Rodning","sa3004591",8.938585,1.15112,4.379955,0.2428375,4.564185,12.96575,6.7124,1.564611,6.73287,0,11.4754,7.25105,0.0125,1.52285
"Brooks Crawford","sa3011554",7.090515,1.669145,4.088525,0.269694,5.55298,23.8942,13.72815,5.5933335,19.29874,0,33.03285,20.8171,0.012,1.5213
"Brooks Gosswein","sa3017315",5.9076,1.203,4.6926,0.273753,5.08428,0.6564,0.5214,0.133667,0.56492,0,1.0865,0.6085,0.0058,0.0497
"Brooks Kriske","21189",9.84287777777778,1.2079375,4.23949027777778,0.234103055555556,4.48014638888889,25.3563341497428,11.1652356853909,3.32539797438272,11.8761238301029,0,19.44195,12.24,0.012,1.0217
"Brooks Raley","10061",9.23735882352941,1.06624494117647,3.78815058823529,0.234912823529412,4.17673176470588,28.0416143764706,11.491845794925,3.21248973794694,12.5496793504037,0.525784285714286,24.1343714285714,12.6978,0,1.75844857142857
"Brooks Wilson","sa3006966",9.55055,1.234975,4.612975,0.236777,4.357475,23.49045,11.2396,3.062778,10.236025,0,18.46295,11.25405,0.0126,1.0213
"Bruce Zimmermann","20370",7.65492,1.26995136363636,2.52724454545455,0.259669454545455,4.46239454545455,24.7787042022479,8.9445610369752,4.02350187827273,14.7511758382369,0,30.284825,14.9511875,0.07780675,1.01122125
"Brusdar Graterol","20367",7.45101529411765,0.720944411764706,2.38802411764706,0.238006235294118,3.25670941176471,22.4523988426359,7.13193538751557,2.15581554949327,9.83038184544406,1.27746857142857,23.5550571428571,10.1446785714286,0,1.31495157142857
"Bryan Abreu","16609",11.4186108823529,0.951856470588235,3.91506352941176,0.208639647058824,3.40104235294118,92.7152599030623,31.6876972023222,7.74847695382545,27.6525902867128,15.8323714285714,56.0978,28.4970285714286,0,4.11276714285714
"Bryan Baker","19804",9.13217764705882,1.124235,3.68043411764706,0.234116,4.08500647058823,46.2686582232157,18.6065420511111,5.67539915928758,20.6323737528235,1.39355,39.2791285714286,21.4642285714286,0,1.89073142857143
"Bryan Bautista","sa3018820",4.482,1.784,6.0561,0.294392,6.85485,0.498,0.6729,0.198222,0.76165,0,1.2043,0.8041,0.0063,0.0493
"Bryan Brickhouse","sa597825",6.7059,1.335,3.3021,0.267001,4.7907,0.7451,0.3669,0.148333,0.5323,0,1.0589,0.5715,0.0041,0.0462
"Bryan Caceres","sa3005687",4.2804,1.526,4.6116,0.286652,5.91066,0.4756,0.5124,0.169556,0.65674,0,1.1569,0.7002,0.0037,0.0687
"Bryan Chi","sa3020958",6.357085,1.541335,3.928165,0.2700845,5.48108,18.86375,11.7235,5.0786665,17.784935,0,30.0371,19.3045,0.01005,2.02575
"Bryan Garcia","19457",5.9643,1.531,4.0608,0.276482,5.517,0.6627,0.4512,0.170111,0.613,0,1.1119,0.6525,0.0029,0.0502
"Bryan Hoeing","26304",7.25774205882353,1.08634788235294,2.69933411764706,0.252699647058824,4.17029941176471,49.6250148542387,18.5112259342561,7.38983543829296,28.5371022851788,8.92912285714286,61.1922714285714,31.2640714285714,0,2.32073142857143
"Bryan Hudson","19924",9.76399058823529,1.01637547058824,3.06861058823529,0.221585764705882,3.57130235294118,66.3183132328997,20.9175111533933,6.98231171383045,24.0763499360861,11.3730857142857,49.8939285714286,25.0805142857143,0,2.96929
"Bryan King","25890",9.20600176470588,0.909415176470588,3.71088,0.230819058823529,3.58297411764706,57.9434247717785,23.3582890998847,5.79496236756632,22.6028416646459,11.3943857142857,50.3543142857143,25.6178571428571,0,3.61233571428571
"Bryan Lucas","sa3006123",5.9787,1.43,5.3244,0.274785,5.69412,0.6643,0.5916,0.158889,0.63268,0,1.0973,0.673,0.0268,0.0511
"Bryan Magdaleno","sa3016478",8.7876,1.043,4.4091,0.243687,4.09059,0.9764,0.4899,0.115889,0.45451,0,0.936,0.4929,0.0253,0.0471
"Bryan Mata","sa917784",7.34975,1.086565,4.557105,0.260364,4.907835,22.8945,14.7343,3.0644445,14.77327,0,27.0241,15.79405,0.0031,3.0288
"Bryan Mena","sa3016613",4.7088,1.643,5.1012,0.304167,6.68583,0.5232,0.5668,0.182556,0.74287,0,1.2504,0.7873,0.0059,0.0503
"Bryan Mitchell","11479",6.9849,1.276,3.4497,0.262945,4.64967,0.7761,0.3833,0.141778,0.51663,0,1.038,0.5543,0.0266,0.0451
"Bryan Monte De Oca","sa3021773",4.3146,1.611,7.9524,0.294273,7.2972,0.4794,0.8836,0.179,0.8108,0,1.1951,0.8555,0.0141,0.0542
"Bryan Pena","sa3006483",6.0759,1.359,6.4647,0.270409,5.75829,0.6751,0.7183,0.151,0.63981,0,1.0709,0.6809,0.0273,0.0494
"Bryan Perez","sa3016515",5.0661,1.418,4.8087,0.299265,6.18408,0.5629,0.5343,0.157556,0.68712,0,1.2178,0.7332,0.0032,0.0674
"Bryan Perez","sa3017014",5.6313,1.415,6.6033,0.279246,6.17166,0.6257,0.7337,0.157222,0.68574,0,1.1157,0.7285,0.0276,0.0529
"Bryan Polanco","sa3016915",4.3353,1.744,5.0679,0.288184,6.37236,0.4817,0.5631,0.193778,0.70804,0,1.1702,0.7488,0.0045,0.0523
"Bryan Pope","sa3017532",6.3324,1.204,3.5541,0.268856,4.68306,0.7036,0.3949,0.133778,0.52034,0,1.0651,0.561,0.0254,0.0485
"Bryan Rivera","sa3019382",5.5917,1.57,5.3433,0.280876,6.01479,0.6213,0.5937,0.174444,0.66831,0,1.1303,0.7104,0.0054,0.0511
"Bryan Sammons","20462",7.61754027777778,1.42929916666667,3.26383194444444,0.250170138888889,4.46241138888889,40.0773044674897,19.2112847524434,7.86972102259259,25.1669543030658,0,48.48005,27.24525,0.0119,2.0187
"Bryan Sanchez","sa3009558",4.6557,1.372,6.2325,0.285968,6.14277,0.5173,0.6925,0.152444,0.68253,0,1.1441,0.7283,0.0102,0.0577
"Bryan Shaw","8110",7.48660823529412,1.43006352941176,4.62203882352941,0.262841823529412,5.54041176470588,18.6402377641338,11.6518501829389,3.62037367146482,13.9782675060208,0.984525714285714,23.4565857142857,14.3622571428571,0,1.40393
"Bryan Woo","30279",8.55781588235294,1.19021647058824,2.13513764705882,0.233253647058824,3.67495852941176,126.287060277451,31.4974692115033,17.6781856411765,54.2692827270261,0,117.700714285714,57.8904428571429,0,6.39112571428571
"Bryant Landaeta","sa3019389",4.4163,1.519,8.9208,0.291262,7.35003,0.4907,0.9912,0.168778,0.81667,0,1.1737,0.8621,0.0293,0.0531
"Bryant Salgado","sa3017364",5.9247,1.424,5.2749,0.273806,5.62167,0.6583,0.5861,0.158222,0.62463,0,1.0918,0.6651,0.0267,0.0454
"Bryce Bonnin","sa3014453",8.288725,1.4298,4.236155,0.2475595,4.95757,17.45265,9.22275,3.076222,10.761585,0,17.4935,11.77915,0.0113,1.02345
"Bryce Collins","sa3023438",7.1865,1.362,5.5782,0.262076,5.25996,0.7985,0.6198,0.151333,0.58444,0,1.026,0.6245,0.0264,0.0443
"Bryce Conley","sa3004704",7.1361,1.247,3.7737,0.261823,4.6854,0.7929,0.4193,0.138556,0.5206,0,1.0303,0.559,0.0233,0.0496
"Bryce Elder","27779",7.56191352941176,1.02165658823529,3.11339882352941,0.257008352941176,4.25965529411765,53.3499165993779,21.9201672350819,7.18224912498039,29.709940681504,0.858171857142857,62.5660714285714,31.7773142857143,0,2.64137714285714
"Bryce Hubbart","sa3020323",6.5156,1.782745,5.3939,0.275855,6.314285,22.3633,19.77965,6.099722,22.832735,0,34.55345,24.8517,0.00365,2.0244
"Bryce Jarvis","27477",7.14928,1.03822288235294,4.14224970588235,0.260765176470588,4.56003882352941,41.848070937098,24.4641426775056,6.14059350633756,26.7044941659239,1.27891285714286,52.7087428571429,28.5212142857143,0,2.48920571428571
"Bryce McGowan","sa3017786",7.332455,1.3891,5.318655,0.2675885,5.59428,16.8991,12.7761,3.078778,12.806725,0,21.5402,13.8265,0.01315,1.0218
"Bryce Miller","29837",8.64627558823529,1.21808852941176,2.43227411764706,0.231028352941176,3.72372705882353,161.972566548443,45.564800521338,22.806539565744,69.7516277185698,0,149.565428571429,75.3304714285714,0,6.43995285714286
"Bryce Montes de Oca","21319",10.8495,0.956,4.6341,0.216581,3.64968,1.2055,0.5149,0.106222,0.40552,0,0.8093,0.4399,0.0247,0.0534
"Bryce Osmond","sa3020800",6.795,1.564,3.7485,0.270228,5.24529,0.755,0.4165,0.173778,0.58281,0,1.0761,0.6213,0.003,0.0493
"Bryce Tassin","sa3010814",6.13715,1.18366,3.331465,0.266513,4.750885,15.85,8.68815,3.067278,12.76021,0,25.0346,13.78075,0.0081,1.5258
"Bryce Warrecker","sa3023364",4.8213,1.871,4.536,0.289,6.29154,0.5357,0.504,0.207889,0.69906,0,1.1862,0.7397,0.0032,0.0535
"Brycen Mautz","sa3020710",5.6439,1.332,4.2525,0.273008,5.13693,0.6271,0.4725,0.148,0.57077,0,1.0878,0.6119,0.0031,0.054
"Bryse Wilson","19990",6.70569852941177,1.44274823529412,2.79329411764706,0.262969470588235,4.72783058823529,73.1434833915248,30.5882200891903,15.6825096258362,51.4909368391665,0.839837428571429,102.546157142857,55.9604,0,4.00796571428571
"Bryson Hammer","sa3022664",5.6574,1.229,5.661,0.290231,5.77161,0.6286,0.629,0.136556,0.64129,0,1.1649,0.6868,0.0271,0.0503
"Bubba Chandler","sa3017428",8.024425,1.15733866666667,3.70371333333333,0.249063333333333,4.42801333333333,74.98475,34.7156166666667,10.7169166666667,41.4694666666667,0,81.5325666666667,44.6511666666667,0,4.598475
"Bubba Derby","sa875183",7.5636,1.369,3.1914,0.256868,4.58424,0.8404,0.3546,0.152111,0.50936,0,1.0108,0.5438,0.0225,0.0463
"Bubba Hall","sa3020403",5.4513,1.608,5.0859,0.274156,5.81022,0.6057,0.5651,0.178667,0.64558,0,1.0955,0.6837,0.0266,0.045
"Bubby Rossman","17179",8.2305,1.328,4.1175,0.247159,4.53303,0.9145,0.4575,0.147556,0.50367,0,0.9548,0.5388,0.0251,0.0404
"Buck Farmer","14814",8.77482,1.21310794117647,3.861035,0.240655764705882,4.49674823529412,49.9506264179546,22.0015457210507,6.87544508153518,25.5193548875294,1.76287714285714,46.8202571428571,27.1548571428571,0,3.04111285714286
"Burch Smith","12784",7.13876681818182,1.21175681818182,3.06909727272727,0.267663545454545,4.84629818181818,16.5763881888889,6.9794027553719,2.86346463351699,11.267501820753,0.239469,20.089575,10.6783525,0.11465775,0.9263335
"CD Pelham","19820",7.76251,1.20306,5.015645,0.2549355,4.72444,10.9374,7.75365,1.5729445,6.76178,0,12.9962,7.2805,0.01285,0.0207
"CJ Culpepper","sa3020563",7.114565,1.08211,3.259715,0.25923,4.492315,32.3839,14.1843,4.5630555,19.75137,0,39.52495,21.2722,0.0016,3.52445
"CJ Eldred","sa3006697",7.1964,1.339,3.2544,0.26327,4.70169,0.7996,0.3616,0.148778,0.52241,0,1.0416,0.5592,0.0158,0.046
"CJ Mayhue","sa3020175",5.6664,1.374,5.2425,0.274363,5.48838,0.6296,0.5825,0.152667,0.60982,0,1.0946,0.6507,0.0206,0.0449
"CJ Van Eyk","sa3014713",5.83547,1.31948,3.46293,0.2715385,4.967555,25.8202,16.17885,6.069389,22.26881,0,42.5517,24.2902,0.00315,3.02655
"CJ Weins","sa3023221",8.442,1.109,4.1787,0.242906,4.25484,0.938,0.4643,0.123222,0.47276,0,0.9382,0.5092,0.0252,0.0423
"CJ Widger","sa3020960",6.9543,1.188,5.1462,0.259781,4.9662,0.7727,0.5718,0.132,0.5518,0,1.0245,0.5917,0.0264,0.0525
"Cade Austin","sa3023372",5.9796,1.546,5.5044,0.275183,5.79951,0.6644,0.6116,0.171778,0.64439,0,1.1034,0.6858,0.023,0.0497
"Cade Cavalli","27473",8.58195,1.03130328571429,3.74099142857143,0.239388285714286,4.21839,74.2822571428571,32.1624428571429,9.04934571428572,36.5455142857143,0.848074571428571,71.7908428571429,39.6352428571429,0,5.18578857142857
"Cade Denton","sa3023047",5.3739,1.505,5.0193,0.296746,6.25941,0.5971,0.5577,0.167222,0.69549,0,1.2085,0.7386,0.0271,0.0558
"Cade Feeney","sa3023228",6.3792,1.353,4.7934,0.277289,5.54031,0.7088,0.5326,0.150333,0.61559,0,1.1053,0.6555,0.0264,0.0433
"Cade Gibson","sa3019914",5.65946,1.253575,3.661355,0.278506,5.011145,24.31835,15.7063,6.0616665,22.76572,0,44.55155,24.78765,0.0029,4.0298
"Cade Halemanu","sa3020328",5.9058,1.362,5.4792,0.274233,5.63274,0.6562,0.6088,0.151333,0.62586,0,1.0909,0.6678,0.0231,0.0562
"Cade Horton","sa3020860",7.84623,1.25152,2.954145,0.2473175,4.37575,29.9424,10.6754,4.5735555,16.74602,0,32.49195,18.26385,0.00145,1.52105
"Cade Kuehler","sa3023306",5.634,1.51,4.4712,0.283685,5.77539,0.626,0.4968,0.167778,0.64171,0,1.1466,0.6829,0.0031,0.0464
"Cade Povich","30055",8.25486,1.23815147058824,3.38155,0.241824470588235,4.20504411764706,84.6057264747128,34.5987312817647,12.6909593703356,43.0860032700969,0.860874,86.9898,47.1099428571429,0,3.50682571428571
"Cade Smith","27867",11.199535,0.756661764705882,3.02804176470588,0.201130588235294,2.92659294117647,86.5361080433195,23.3819509119185,5.86118110714341,22.5689536433679,15.0396857142857,52.3615,24.7754571428571,0,3.99643571428571
"Cade Smith","sa3023371",6.5133,1.578,4.5,0.270754,5.45904,0.7237,0.5,0.175333,0.60656,0,1.0828,0.6466,0.0035,0.0458
"Cade Winquest","sa3020805",5.6385,1.233,4.8735,0.273599,5.2119,0.6265,0.5415,0.137,0.5791,0,1.0843,0.6228,0.0126,0.0514
"Caden Dana","31508",7.56260470588235,1.53384705882353,3.58546676470588,0.255270176470588,5.11577823529412,63.1707058956032,29.8588715626209,12.7472412753249,42.5871593121669,0,74.1450428571429,44.0424285714286,0,4.11617857142857
"Caden Grice","sa3023166",6.0606,1.241,5.4162,0.276598,5.54256,0.6734,0.6018,0.137889,0.61584,0,1.101,0.6585,0.0036,0.0547
"Caden Monke","sa3017305",5.9976,1.128,5.6484,0.274656,5.33511,0.6664,0.6276,0.125333,0.59279,0,1.0875,0.6355,0.0268,0.0489
"Cal Quantrill","19312",6.40683764705882,1.27285147058824,3.560675,0.271163647058824,4.92185764705882,97.0377595625221,53.7492430616724,19.2438247954671,74.3439652845828,0,145.125285714286,80.0381857142857,0,8.12239428571429
"Cale Lansville","sa3023176",4.9473,1.328,4.0176,0.28387,5.44059,0.5497,0.4464,0.147556,0.60451,0,1.152,0.6486,0.0048,0.0484
"Caleb Baragar","19231",8.063775,1.389125,4.716225,0.2514475,4.82292,14.94285,9.72715,2.576222,9.25463,0,16.48005,9.7709,0.0133,0.5215
"Caleb Bolden","sa3020463",7.126755,1.230855,4.452915,0.265649,5.16092,25.8871,16.2408,4.5653335,18.779785,0,33.0324,20.30055,0.00565,3.0272
"Caleb Boushley","19736",6.27629,1.29596666666667,2.36529833333333,0.266754583333333,4.64008916666667,40.1054434977778,16.3633873372839,7.96366013580247,31.1479027096296,0,62.54005,33.7644,0.0129,1.51675
"Caleb Ferguson","19349",9.46751735294118,0.742170705882353,3.64064823529412,0.236977882352941,4.13712411764706,61.7169697633403,23.781596250722,4.81347131534026,26.9081234987036,11.1755428571429,53.5227285714286,25.3983857142857,0,4.02234142857143
"Caleb Franzen","sa3020531",5.5179,1.4,4.9311,0.275175,5.44158,0.6131,0.5479,0.155556,0.60462,0,1.1007,0.6446,0.0265,0.0451
"Caleb Freeman","sa3011339",7.99826,1.339835,5.31319,0.2542455,5.131315,16.93415,11.77355,2.58,10.78089,0,18.49765,11.79905,0.013,1.52465
"Caleb Kilian","26213",6.94605823529412,1.08323035294118,3.36416235294118,0.261307058823529,4.40451058823529,27.7851756852364,13.4898424854594,4.30357304033833,17.7608568648458,0.926024285714286,36.8503571428571,19.3862285714286,0,1.71512285714286
"Caleb Sampen","sa3007965",6.0606,1.306,2.7432,0.275651,4.75569,0.6734,0.3048,0.145111,0.52841,0,1.1047,0.5689,0.0067,0.0436
"Caleb Simpson","sa738717",7.0065,1.302,4.3209,0.262722,4.96143,0.7785,0.4801,0.144667,0.55127,0,1.0341,0.5902,0.0182,0.0548
"Caleb Smith","14875",8.0433,1.494,3.8754,0.246316,4.61889,0.8937,0.4306,0.166,0.51321,0,0.961,0.5445,0.0405,0.0419
"Caleb Thielbar","10078",9.78246058823529,1.11707176470588,3.20752029411765,0.226656235294118,3.71529411764706,57.4263108340062,18.8486345041619,6.5428091461361,21.7241992728643,10.1029428571429,46.5510285714286,24.2616,0,1.77200428571429
"Caleb Wurster","sa3016910",7.0452,1.25,5.0355,0.259057,4.94199,0.7828,0.5595,0.138889,0.54911,0,1.014,0.5887,0.0192,0.0563
"Callum Wallace","sa3019579",5.3316,1.632,7.4916,0.283791,6.77997,0.5924,0.8324,0.181333,0.75333,0,1.138,0.7964,0.0283,0.0576
"Calvin Coker","sa3007932",5.76353,1.25577,3.48397,0.271319,4.84034,16.3327,10.1948,3.572222,14.268585,0,29.03995,15.2886,0.01275,1.0218
"Calvin Faucher","20116",9.46584705882353,0.865789823529412,4.01372617647059,0.243134588235294,4.03485705882353,64.8014051307928,27.3879837728205,5.86828179870127,27.5578134770857,6.01081714285714,58.0902142857143,29.8733857142857,0,2.72954857142857
"Calvin Ziegler","sa3018142",7.2306,1.465,5.0436,0.258747,5.30991,0.8034,0.5604,0.162778,0.58999,0,1.0198,0.6284,0.0031,0.0463
"Cam Alldred","25078",7.266655,1.090505,3.375455,0.255799,4.31519,30.9045,15.1769,4.561722,19.228475,0,38.50175,20.74765,0.01245,2.02145
"Cam Bedrosian","13360",7.4043,1.392,4.0311,0.25924,4.90545,0.8227,0.4479,0.154667,0.54505,0,1.0227,0.5805,0.023,0.0411
"Cam Booser","16061",9.20045823529412,1.28536235294118,4.03849058823529,0.236946,4.30788705882353,59.1686620267843,26.2734307832941,8.24813343529412,27.8049949444706,10.9291457142857,54.6145428571429,30.8547714285714,0,2.20646142857143
"Cam Brown","sa3018260",5.5746,1.099,4.8762,0.27179,5.03811,0.6194,0.5418,0.122111,0.55979,0,1.0777,0.6045,0.0264,0.063
"Cam Day","sa3023201",4.8024,1.514,5.1102,0.290738,6.02793,0.5336,0.5678,0.168222,0.66977,0,1.1772,0.7147,0.0057,0.0512
"Cam Opp","sa3014853",7.0866,1.255,4.4217,0.26055,4.76415,0.7874,0.4913,0.139444,0.52935,0,1.0237,0.5675,0.0258,0.0417
"Cam Robinson","sa3005216",7.57065,1.067,4.9995,0.2517595,4.747695,19.90785,13.7555,2.563,12.260855,0,22.006,13.2811,0.0129,1.52435
"Cam Sanders","sa3008067",8.70072,1.052395,5.55635,0.2391445,4.714695,31.45855,19.7977,3.5595555,16.26156,0,26.97945,17.7811,0.01185,3.53065
"Cam Schlittler","sa3021981",7.83437,1.285935,3.69577,0.249928,4.566865,47.4155,21.20735,7.570278,26.750895,0,50.0025,28.77125,0.0017,4.02545
"Cam Tullar","sa3022415",5.8563,1.325,5.7861,0.272849,5.55876,0.6507,0.6429,0.147222,0.61764,0,1.084,0.6593,0.0228,0.0512
"Cam Vieaux","19529",7.425,1.105,3.5865,0.256244,4.2768,0.825,0.3985,0.122778,0.4752,0,1.0013,0.5125,0.0247,0.0459
"Cam Wynne","sa3017492",5.9544,1.476,4.9338,0.273358,5.5998,0.6616,0.5482,0.164,0.6222,0,1.0919,0.6616,0.0234,0.0494
"Camden Minacci","sa3022728",8.37405333333333,1.15554333333333,3.90191,0.245469,4.31218,17.85908,7.91267666666667,2.26919933333333,8.97761,0.202078,18.2385433333333,9.72755,0.3417,1.098044
"Cameron Bishop","sa829601",8.1045,1.148,3.9609,0.251719,4.26213,0.9005,0.4401,0.127556,0.47357,0,0.9775,0.5113,0.0252,0.0456
"Cameron Cotter","sa3021726",6.79004,1.03441,2.709495,0.2623055,4.17995,19.3819,7.1638,3.056111,12.229145,0,28.0159,13.2497,0.01245,0.52
"Cameron Foster","sa3020735",6.79036,1.37514,3.872975,0.2624415,4.9835,25.38135,15.20645,5.0781665,19.27014,0,36.01855,20.7891,0.00465,1.02025
"Cameron Junker","sa3010365",6.7925,1.150915,5.273685,0.262866,5.232605,13.38645,11.27435,2.071222,10.78395,0,19.0179,11.80375,0.0131,1.52635
"Cameron Leonard","sa3016912",7.7643,1.239,3.4884,0.258395,4.46301,0.8627,0.3876,0.137667,0.49589,0,1.0119,0.5332,0.0251,0.0403
"Cameron Wagoner","sa3019952",5.4558,1.492,3.8979,0.280374,5.44851,0.6062,0.4331,0.165778,0.60539,0,1.1296,0.6475,0.0035,0.056
"Cameron Weston","sa3020528",7.36229,1.191675,2.974735,0.2563565,4.354815,37.90275,14.66995,5.5715,21.25131,0,44.51765,22.7709,0.00255,3.52515
"Camilo Doval","21992",10.7988529411765,0.659825470588235,4.26247529411765,0.217262823529412,3.35086705882353,77.6757011788804,30.7623810949758,4.75750478133218,24.2548966808612,12.2749428571429,51.9003857142857,26.2588714285714,0,3.55884714285714
"Camilo Hernandez","sa3018899",4.9833,1.294,6.0714,0.282943,5.81859,0.5537,0.6746,0.143778,0.64651,0,1.1273,0.6918,0.0272,0.0492
"Camilo Sanchez","sa3018834",4.6035,1.689,5.2857,0.286508,6.31953,0.5115,0.5873,0.187667,0.70217,0,1.1599,0.7432,0.0056,0.0483
"Candido Cuevas","sa3018305",5.8689,1.418,6.0705,0.273357,5.859,0.6521,0.6745,0.157556,0.651,0,1.089,0.6941,0.0101,0.0507
"Carl Edwards Jr","13607",7.610475,1.14711666666667,4.5958375,0.256791666666667,4.63736666666667,24.6356407777778,15.4044703333333,3.68531141666667,15.0580929444444,0,28.49255,15.26195,0.5122,0.51745
"Carlo Reyes","sa3008713",8.082455,1.3166,3.6217,0.2477605,4.481455,18.44465,8.2009,3.070722,10.24605,0,19.4867,11.2637,0.01085,0.5216
"Carlos A Francisco","sa3010827",7.108295,1.306815,5.01682,0.258316,5.188555,19.8894,14.26995,3.5733335,14.778765,0,25.00765,15.7986,0.51165,2.0262
"Carlos Belen","sa736746",6.714,1.292,3.4605,0.262174,4.58064,0.746,0.3845,0.143556,0.50896,0,1.0294,0.5472,0.0252,0.0461
"Carlos Betancourt","sa3006600",7.05309,1.266815,3.833,0.256834,4.72451,18.9038,10.22055,3.568889,13.258005,0,25.00635,14.27705,0.0127,1.52285
"Carlos Brito","sa3019802",4.6566,1.5,9.6669,0.289817,7.52967,0.5174,1.0741,0.166667,0.83663,0,1.1635,0.8823,0.0297,0.0523
"Carlos Brito","sa3022391",4.5738,1.611,8.7606,0.290215,7.42527,0.5082,0.9734,0.179,0.82503,0,1.1727,0.8688,0.0292,0.0488
"Carlos Calderon","sa3009713",5.3289,1.425,5.2515,0.283272,5.90427,0.5921,0.5835,0.158333,0.65603,0,1.1351,0.7001,0.0081,0.0604
"Carlos Campos","sa3005457",5.9364,1.468,5.1516,0.276169,5.71734,0.6596,0.5724,0.163111,0.63526,0,1.1052,0.6754,0.0206,0.0447
"Carlos Canales","sa3024076",4.023,1.682,7.4169,0.29707,7.30863,0.447,0.8241,0.186889,0.81207,0,1.2138,0.8561,0.0124,0.056
"Carlos Carrasco","6632",7.45781676470588,1.50031588235294,3.13949294117647,0.268979529411765,4.99347647058824,25.7247851333968,10.961410551188,5.34258560930796,17.4809413564014,0.785238714285714,32.3286285714286,17.4364328571429,0,1.36110442857143
"Carlos Castillo","sa3021500",4.8978,1.448,5.4342,0.290133,6.20487,0.5442,0.6038,0.160889,0.68943,0,1.1773,0.7322,0.0083,0.0474
"Carlos De Los Santos","sa3005448",6.2757,1.427,6.8166,0.271819,6.09957,0.6973,0.7574,0.158556,0.67773,0,1.0779,0.719,0.0276,0.0551
"Carlos Duran","sa3006404",7.98837,1.404685,4.0945,0.252707,4.960035,32.92985,16.72255,5.578611,20.269425,0,35.00325,21.78835,0.0015,4.5264
"Carlos Espinal","sa872567",7.632,1.356,4.0032,0.256322,4.67532,0.848,0.4448,0.150667,0.51948,0,1.0075,0.557,0.0255,0.0416
"Carlos Espinosa","sa3019549",7.93519,1.38237,4.22758,0.256283,4.940335,24.93865,13.23465,4.572222,16.259595,0,28.9987,17.7785,0.01275,0.52035
"Carlos Estevez","14542",8.66548411764706,1.05409788235294,3.21391411764706,0.236675352941176,4.06734882352941,61.1741234352941,22.6404668069204,7.44889567483276,28.8202465843599,5.78388,56.8331142857143,30.1491571428571,0,2.33177857142857
"Carlos Garcia","sa3006590",7.400205,1.59017,4.33493,0.2576775,5.288225,21.40475,12.73315,4.587222,15.28937,0,26.00865,16.3064,0.0081,2.52815
"Carlos Gomez","sa3006699",7.10512,1.351825,4.84282,0.2573515,5.1505,17.889,12.75205,3.570111,13.274795,0,22.0141,14.29445,0.01295,2.52995
"Carlos Gomez","sa3019733",4.8159,1.534,9.1998,0.287738,7.38189,0.5351,1.0222,0.170444,0.82021,0,1.1555,0.8649,0.0294,0.051
"Carlos Gonzalez","sa3022036",4.0536,1.587,7.6221,0.296278,7.17282,0.4504,0.8469,0.176333,0.79698,0,1.206,0.8422,0.0163,0.0496
"Carlos Guarate","sa3006127",4.9077,1.553,4.8519,0.284536,5.92749,0.5453,0.5391,0.172556,0.65861,0,1.1522,0.6995,0.0238,0.0485
"Carlos Guzman","sa871477",7.167375,1.28281,4.2273,0.2557185,4.920275,25.40575,16.2197,4.572222,18.757635,0,32.99905,20.2763,0.01275,2.52605
"Carlos Hernandez","22713",8.60672558823529,1.07666858823529,3.91688941176471,0.239793941176471,4.44852,48.0882288439216,21.9209817667666,5.98191256482891,24.914687488812,1.28840857142857,45.7791142857143,25.8651,0,1.86989428571429
"Carlos Hinestroza","sa3015503",4.4082,1.582,8.0847,0.292457,7.22187,0.4898,0.8983,0.175778,0.80243,0,1.1848,0.8469,0.0233,0.0515
"Carlos Jimenez","sa3008711",5.9904,1.281,6.6807,0.275726,6.01164,0.6656,0.7423,0.142333,0.66796,0,1.0932,0.7117,0.0086,0.0549
"Carlos Lagrange","sa3019390",5.8986,1.606,5.5458,0.277232,5.99778,0.6554,0.6162,0.178444,0.66642,0,1.114,0.7087,0.0036,0.0585
"Carlos Lequerica","sa3023081",5.7231,1.365,5.8284,0.27203,5.72535,0.6359,0.6476,0.151667,0.63615,0,1.0857,0.6775,0.0271,0.0473
"Carlos Lomeli","sa3018108",5.1354,1.37,5.2839,0.282966,5.76306,0.5706,0.5871,0.152222,0.64034,0,1.1369,0.6838,0.0229,0.0511
"Carlos Lopez","sa3015987",4.3182,1.589,7.3062,0.290771,6.912,0.4798,0.8118,0.176556,0.768,0,1.1796,0.8114,0.0057,0.0514
"Carlos Luna","sa828727",6.2757,1.66,2.7756,0.269448,5.1156,0.6973,0.3084,0.184444,0.5684,0,1.081,0.6031,0.0048,0.0487
"Carlos Marcano","sa3015509",4.8519,1.307,3.8151,0.279378,5.20119,0.5391,0.4239,0.145222,0.57791,0,1.125,0.6217,0.0036,0.0483
"Carlos Martinez","11682",5.8167,1.285,3.1977,0.276117,4.89231,0.6463,0.3553,0.142778,0.54359,0,1.104,0.585,0.0087,0.0594
"Carlos Martinez","sa3015423",6.2622,1.633,7.092,0.274277,6.4242,0.6958,0.788,0.181444,0.7138,0,1.0911,0.7544,0.0278,0.0509
"Carlos Mateo","sa3022011",4.0266,1.525,8.6886,0.299034,7.6527,0.4474,0.9654,0.169444,0.8503,0,1.2162,0.896,0.0073,0.0605
"Carlos Meza","sa3006410",7.4403,1.097,5.3784,0.255024,4.7214,0.8267,0.5976,0.121889,0.5246,0,0.9886,0.5656,0.0262,0.0629
"Carlos Meza","sa3019059",5.086055,1.380395,6.34489,0.277918,6.094915,13.2292,11.42075,2.588778,11.392975,0,21.09485,12.415,0.0143,2.02565
"Carlos Millan","sa3016051",4.9329,1.572,8.721,0.285988,7.25742,0.5481,0.969,0.174667,0.80638,0,1.1491,0.85,0.0291,0.053
"Carlos Molina","sa3022023",4.8258,1.388,8.8299,0.284335,6.85899,0.5362,0.9811,0.154222,0.76211,0,1.1366,0.807,0.0291,0.0515
"Carlos Pena","sa3009519",6.26154,1.298805,3.596055,0.2642065,4.841075,34.34045,19.6958,7.0711665,26.76099,0,51.02585,28.7808,0.00275,3.02415
"Carlos Rey","sa3022732",7.3791,1.129,7.0011,0.260151,5.42592,0.8199,0.7779,0.125444,0.60288,0,1.0117,0.6444,0.0273,0.0542
"Carlos Rodon","16137",9.906725,1.40796764705882,3.14037411764706,0.228009411764706,4.09962117647059,180.650866054619,57.1377140039908,25.6941051583506,74.6701225121107,0,142.513714285714,80.6062428571429,0,7.38728714285714
"Carlos Rodriguez","30161",7.91486235294118,1.35964970588235,3.37590529411765,0.236265764705882,4.33431529411765,35.9077398739008,15.5001061917693,6.22748852939792,19.9267259101576,0.842336142857143,37.7499571428571,21.9315571428571,0,2.54614714285714
"Carlos Rodriguez","sa3024277",3.8817,1.462,6.9228,0.295512,6.67377,0.4313,0.7692,0.162444,0.74153,0,1.2017,0.7872,0.0068,0.0473
"Carlos Romero","sa3003106",7.254995,1.319745,4.69036,0.2549665,5.117595,21.90045,14.257,4.0711665,16.266735,0,27.4934,17.7857,0.01285,2.52755
"Carlos Sarmiento","sa3016593",4.8078,1.345,8.8776,0.284411,6.78555,0.5342,0.9864,0.149444,0.75395,0,1.1346,0.7996,0.029,0.0493
"Carlos Tavera","sa3017536",6.992005,1.492875,4.87767,0.262683,5.282355,28.8794,20.75605,5.5891665,20.801015,0,37.5248,22.3196,0.0051,1.0191
"Carlos Torres","sa3020387",5.382,1.47,4.6341,0.296078,6.04314,0.598,0.5149,0.163333,0.67146,0,1.2048,0.7148,0.0235,0.0479
"Carlos Vargas","22915",7.93729382352941,1.04602711764706,3.75458235294118,0.245284588235294,4.06744147058824,45.4525797850288,21.6016296471819,5.97546650874741,23.3554533416824,6.69271428571429,50.2048285714286,25.2399857142857,0,2.79721714285714
"Carlson Reed","sa3022793",6.0678,1.228,4.7538,0.275016,5.30361,0.6742,0.5282,0.136444,0.58929,0,1.0936,0.6321,0.0031,0.0453
"Carlton Perkins","sa3022740",5.4369,1.529,5.607,0.282805,5.99166,0.6041,0.623,0.169889,0.66574,0,1.1345,0.7091,0.0086,0.0474
"Carmen Mlodzinski","27572",8.19494617647059,0.968023705882353,3.52541705882353,0.241596529411765,3.87599117647059,56.4088533240531,24.3143799661869,6.66250692344867,26.8311551669066,11.6852428571429,58.9493285714286,30.5356857142857,0,2.94026428571429
"Carson Carter","sa3017466",6.0561,1.312,5.5368,0.272321,5.50935,0.6729,0.6152,0.145778,0.61215,0,1.0797,0.6542,0.0267,0.05
"Carson Coleman","sa3014857",9.25658,1.17678,3.775375,0.23427,4.474805,18.98915,8.18625,2.0724445,9.23481,0,14.9731,9.7518,0.01245,3.0277
"Carson Fulmer","18311",7.67843136363636,1.08261154545455,4.38645545454545,0.256788,4.52473636363636,28.6590263480707,16.7938243538788,3.90749204330303,16.5495842030707,0.1589935,29.01175,16.51485,1.0800725,1.7229
"Carson Hobbs","sa3023573",6.7059,1.591,5.5035,0.268392,5.73327,0.7451,0.6115,0.176778,0.63703,0,1.0642,0.6755,0.025,0.0494
"Carson Jacobs","sa3022872",7.1334,1.476,6.1434,0.263695,5.64606,0.7926,0.6826,0.164,0.62734,0,1.0359,0.6666,0.0269,0.047
"Carson Palmquist","sa3020473",8.254655,1.50087333333333,4.13904166666667,0.256324666666667,5.09176,28.5661666666667,13.9957183333333,5.05431166666667,17.2913683333333,0,30.7822833333333,18.7096166666667,0,2.32486183333333
"Carson Pierce","sa3023179",6.1209,1.295,4.4019,0.272987,5.18166,0.6801,0.4891,0.143889,0.57574,0,1.0881,0.6183,0.0097,0.045
"Carson Ragsdale","sa3014922",9.18388857142857,1.12032142857143,3.55585714285714,0.239184,4.12972571428571,36.2244571428571,14.2402957142857,4.49112428571429,16.9687657142857,0.675528571428571,34.0459714285714,18.32522,0,1.90081785714286
"Carson Rudd","sa3014812",7.9273,1.803025,5.23132,0.2605565,5.859255,27.42855,18.27975,6.0998335,20.31602,0,31.513,21.8337,0.00765,2.02595
"Carson Seymour","sa3017868",7.25604333333333,0.932730833333333,3.05929833333333,0.256829166666667,4.08402833333333,30.4971833333333,13.5922766666667,4.26255333333333,18.2746216666667,0.7706895,39.9732833333333,19.9140166666667,0,2.03018
"Carson Skipper","sa3020451",7.6028,1.45119,3.24628,0.264803,4.748245,23.41645,9.1931,4.5774445,14.266875,0,29.02515,15.28495,0.01265,0.52055
"Carson Spiers","27685",7.82883411764706,1.55736,3.00936117647059,0.261513411764706,4.97243647058824,49.6391996302345,19.0814889081553,9.96250502870896,31.7810792206844,0.949737142857143,58.9804571428571,33.8877428571429,0,3.38767428571429
"Carson Teel","sa3007597",6.7968,1.419,3.3489,0.258775,4.62546,0.7552,0.3721,0.157667,0.51394,0,1.0181,0.5492,0.0145,0.0386
"Carson Whisenhunt","sa3020529",8.80119333333333,1.03894166666667,3.54034166666667,0.2405405,4.00410666666667,43.8383833333333,17.8332333333333,5.23384,20.2844166666667,0.71789,42.8844833333333,22.3520166666667,0,2.32452666666667
"Carter Baumler","sa3014480",6.2631,1.414,4.9257,0.273677,5.45427,0.6959,0.5473,0.157111,0.60603,0,1.0897,0.6473,0.0173,0.046
"Carter Loewen","sa3014844",7.910795,1.3537,4.377465,0.249031,4.73185,20.43155,11.2403,3.572111,12.257305,0,21.98585,13.2758,0.0093,1.52255
"Carter Spivey","sa3023477",5.1003,1.588,4.0914,0.286801,5.83506,0.5667,0.4546,0.176444,0.64834,0,1.169,0.69,0.0031,0.0484
"Case Williams","sa3015013",5.589,1.886,3.6261,0.295128,6.3108,0.621,0.4029,0.209556,0.7012,0,1.2133,0.7392,0.0031,0.046
"Casey Anderson","sa3022742",5.1363,1.387,5.0355,0.288454,6.02775,0.5707,0.5595,0.154111,0.66975,0,1.167,0.713,0.0032,0.0638
"Casey Cobb","sa3014868",6.7635,1.426,3.4821,0.265003,4.89609,0.7515,0.3869,0.158444,0.54401,0,1.0523,0.5803,0.022,0.0422
"Casey Kelly","9174",6.21778138888889,1.51330555555556,3.14394027777778,0.277119166666667,5.25846833333333,41.0860901876543,20.3411641905864,11.5663003510802,38.5004336222222,0,75.04695,43.29355,0.51265,2.5204
"Casey Lawrence","11121",6.098225,1.48037181818182,2.12739636363636,0.273563818181818,4.93132363636364,24.2991146980165,8.52126053950413,5.89839419140496,20.1750964035702,0.4662325,41.72835,21.80109,0.1627635,1.52664125
"Casey Legumina","25921",7.77059735294118,1.23295764705882,3.23929058823529,0.250454,4.32111058823529,27.0538143750807,11.4801349842061,4.30106153871742,15.3236527027774,0.881632285714286,31.7640714285714,17.5951685714286,0,1.69833571428571
"Casey Mize","20492",7.04921764705882,1.11902470588235,2.60546970588235,0.250863117647059,4.22145058823529,92.5311629356093,34.2288804356209,14.640886963614,55.3688784895963,0,118.455428571429,60.5896571428571,0,5.81915857142857
"Casey Sadler","11209",7.4484,1.121,3.0942,0.257919,4.22568,0.8276,0.3438,0.124556,0.46952,0,1.0105,0.5077,0.023,0.0453
"Casey Steward","sa3023253",5.4324,1.496,5.1372,0.279612,5.80428,0.6036,0.5708,0.166222,0.64492,0,1.1161,0.6881,0.0036,0.0536
"Caswell Smith","sa3020955",6.1011,1.255,6.5115,0.277746,5.95062,0.6779,0.7235,0.139444,0.66118,0,1.1044,0.704,0.0274,0.0482
"Cayne Ueckert","sa3010789",7.956405,1.11128,4.980105,0.246275,4.83478,15.93215,10.2618,2.0651665,9.76023,0,16.4922,10.7797,0.0129,1.52745
"Cedric De Grandpre","sa3020315",5.8464,1.401,3.7296,0.281382,5.34087,0.6496,0.4144,0.155667,0.59343,0,1.1338,0.6348,0.0036,0.0482
"Cesar Aquino","sa3024469",4.2273,1.606,6.39,0.295054,6.7923,0.4697,0.71,0.178444,0.7547,0,1.2032,0.799,0.0075,0.0511
"Cesar Ayala","sa3015349",3.9861,1.734,6.7275,0.2978,7.17264,0.4429,0.7475,0.192667,0.79696,0,1.2211,0.8405,0.0038,0.0481
"Cesar De Jesus","sa3017767",5.7969,1.346,7.6419,0.27779,6.19587,0.6441,0.8491,0.149556,0.68843,0,1.1008,0.7326,0.0281,0.0492
"Cesar Espinal","sa3019192",4.446,1.621,7.3251,0.291726,7.04169,0.494,0.8139,0.180111,0.78241,0,1.1833,0.8266,0.0092,0.0529
"Cesar Gomez","sa3014799",6.029905,1.278415,3.47032,0.2724695,4.877335,19.3407,11.19495,4.072722,15.773295,0,32.54485,17.2937,0.0105,1.02075
"Cesar Jimenez","sa3019381",4.3803,1.628,6.7131,0.292613,6.86196,0.4867,0.7459,0.180889,0.76244,0,1.1907,0.8061,0.0124,0.0509
"Cesar Lares","sa3019384",5.1021,1.393,4.6233,0.282395,5.65254,0.5669,0.5137,0.154778,0.62806,0,1.1387,0.6704,0.0031,0.071
"Cesar Perdomo","sa3019248",5.8212,1.27,4.1292,0.271997,5.05746,0.6468,0.4588,0.141111,0.56194,0,1.0906,0.6032,0.0099,0.0466
"Cesar Rojas","sa3019244",4.8321,1.547,10.6713,0.287446,7.89669,0.5369,1.1857,0.171889,0.87741,0,1.1501,0.9226,0.0303,0.0572
"Cesar Ruiz","sa3016590",4.8753,1.508,9.1467,0.28732,7.32636,0.5417,1.0163,0.167556,0.81404,0,1.1529,0.8589,0.0294,0.0551
"Cesar Valdez","9013",6.327,1.154,1.8873,0.27262,4.10382,0.703,0.2097,0.128222,0.45598,0,1.0847,0.4967,0.025,0.0345
"Cesar Álvarez","sa3015418",5.8203,1.351,6.5052,0.276677,5.98869,0.6467,0.7228,0.150111,0.66541,0,1.1004,0.7085,0.0275,0.057
"Cesari Moreno","sa3009718",4.5882,1.558,9.7389,0.2898,7.67331,0.5098,1.0821,0.173111,0.85259,0,1.1654,0.8976,0.0298,0.0595
"Chad Bryant","sa3011133",5.9949,1.363,6.5673,0.272337,5.922,0.6661,0.7297,0.151444,0.658,0,1.0784,0.7005,0.0274,0.0585
"Chad Dallas","sa3018180",6.68211,1.286875,3.488025,0.260657,4.75495,31.8569,16.6856,5.5756665,21.27129,0,41.53415,22.79125,0.0015,2.5255
"Chad Donato","sa919112",5.7942,1.572,3.5361,0.276281,5.36994,0.6438,0.3929,0.174667,0.59666,0,1.1117,0.6351,0.0038,0.0423
"Chad Green","15552",8.55674647058824,1.31393294117647,2.63997176470588,0.236704352941176,4.02758117647059,57.8989848422353,17.9092039068235,8.974932948,27.2769649176471,12.2064428571429,55.1404,29.4312,0,1.96231571428571
"Chad Kuhl","14975",8.38358727272727,1.18529363636364,4.08116090909091,0.257192909090909,4.61573818181818,27.9702102236768,14.0308411800606,3.93293240975758,15.6275411956364,0.24354775,28.56145,17.427155,0.36893775,2.15157025
"Chad Patrick","sa3017933",8.03354166666667,1.32652166666667,2.73747833333333,0.244216166666667,4.23312666666667,35.0812333333333,12.391105,5.93303666666667,19.0730333333333,0.766888333333333,37.9387,20.7170666666667,0,1.69902833333333
"Chad Smith","20190",8.1365,0.913571428571428,3.73907142857143,0.250608571428571,4.03573571428571,3.56988498866214,1.35918631292517,0.330536950113379,1.70268530158731,0,0.9645,0.5018,0.024,0.0467
"Chalniel Arias","sa3019370",5.1192,1.673,6.5466,0.285774,6.56685,0.5688,0.7274,0.185889,0.72965,0,1.1583,0.7733,0.0104,0.0494
"Chance Adams","18135",5.71913,1.42534,3.458585,0.2794595,5.29973,15.3249,9.6876,4.0755555,15.2783,0,28.5541,16.29805,0.01265,1.52295
"Chance Huff","sa3020317",5.1102,1.479,5.67,0.278354,5.88753,0.5678,0.63,0.164333,0.65417,0,1.1113,0.6957,0.027,0.0436
"Chance Kirby","sa3007200",6.8463,1.327,2.6991,0.258017,4.42476,0.7607,0.2999,0.147444,0.49164,0,1.021,0.5272,0.0189,0.042
"Chandler Arnold","sa3020446",5.6511,1.463,6.9669,0.279325,6.35571,0.6279,0.7741,0.162556,0.70619,0,1.1161,0.7488,0.0244,0.0492
"Chandler Casey","sa3010820",6.9282,1.156,3.951,0.263749,4.61826,0.7698,0.439,0.128444,0.51314,0,1.0373,0.5535,0.0255,0.0431
"Chandler Champlain","sa3018138",6.7549975,1.1836525,3.1905475,0.263681,4.68485,23.2451925,11.4485025,4.41804975,17.655915,0,35.8068725,19.03785,0.07167125,1.42082475
"Chandler Jozwiak","sa3017307",6.16575,1.185,4.0959,0.269381,4.90026,16.35175,10.73635,3.0691665,13.27364,0,26.5343,14.2937,0.5105,1.02235
"Chandler Murphy","sa3023123",5.7294,1.491,3.7134,0.279927,5.36004,0.6366,0.4126,0.165667,0.59556,0,1.125,0.6369,0.0039,0.0495
"Charbel Gonzalez","sa3019703",4.6467,1.581,9.7722,0.289555,7.70247,0.5163,1.0858,0.175667,0.85583,0,1.1654,0.9005,0.0298,0.0524
"Chariel Radney","sa3019183",4.9239,1.406,9.9333,0.28324,7.21629,0.5471,1.1037,0.156222,0.80181,0,1.1284,0.8469,0.0297,0.0534
"Charlee Soto","sa3023450",5.6565,1.391,5.0706,0.281784,5.77449,0.6285,0.5634,0.154556,0.64161,0,1.1317,0.685,0.0034,0.0514
"Charles Hall","sa1170906",7.5429,1.162,4.7979,0.256446,4.72599,0.8381,0.5331,0.129111,0.52511,0,0.9986,0.5649,0.0258,0.0449
"Charles King","sa3023436",7.5681,1.305,3.9213,0.256135,4.63815,0.8409,0.4357,0.145,0.51535,0,0.9988,0.5524,0.025,0.0458
"Charlie Barnes","19865",5.9355,1.447,3.1581,0.275688,5.05683,0.6595,0.3509,0.160778,0.56187,0,1.1073,0.5994,0.0054,0.0496
"Charlie Cerny","sa3007230",5.1777,1.383,6.6366,0.283419,6.20118,0.5753,0.7374,0.153667,0.68902,0,1.1358,0.7332,0.0277,0.0471
"Charlie Morton","4676",8.86202823529412,1.20243058823529,3.68261882352941,0.245432588235294,4.34999176470588,149.045133748558,61.8842983803922,20.1367774152249,73.1017010446367,0,142.566142857143,79.9463428571429,0,11.6863
"Charlie Neuweiler","sa3004345",6.8733,1.192,3.9978,0.264539,4.71411,0.7637,0.4442,0.132444,0.52379,0,1.0421,0.5638,0.0256,0.0475
"Charlie Ruegger","sa3008427",7.5033,1.23,4.0392,0.258338,4.65939,0.8337,0.4488,0.136667,0.51771,0,1.0124,0.5556,0.0255,0.0453
"Chase Anderson","6895",6.99432916666667,1.59035416666667,3.62817916666667,0.26478625,5.3117,24.448974037037,14.6558781759259,6.07435181481481,20.9215307685185,0,34.5062,22.276,0.5139,1.5251
"Chase Antle","sa3020810",6.8139,1.372,5.8545,0.266824,5.59287,0.7571,0.6505,0.152444,0.62143,0,1.0531,0.6616,0.0212,0.0467
"Chase Chaney","sa3010369",5.05028,1.362745,3.05736,0.283505,5.17185,32.2797,19.1726,8.0810555,31.797605,0,65.5836,34.3185,0.5016,3.5248
"Chase Cohen","sa3007477",7.77028,1.025974,4.627815,0.2480805,4.45254,17.4195,10.74005,2.061778,9.746685,0,18.49305,10.7666,0.0127,1.022
"Chase Costello","sa3020799",7.50251,1.24396,3.586275,0.254049,4.574525,19.92135,9.2082,3.564222,12.74401,0,24.00175,13.76365,0.5126,1.52315
"Chase De Jong","15036",7.53485714285714,1.55714285714286,3.41928571428571,0.256716428571429,4.97082142857143,3.04067573696144,1.15814267573696,0.632493741496597,1.98594124716553,0,1.0303,0.5861,0.0494,0.0471
"Chase Dollander","sa3023361",8.41886666666667,1.38468,3.72184166666667,0.255051833333333,4.94371666666667,89.3118166666667,39.5311,14.7783666666667,52.5991333333333,0.0264045,95.8283833333333,56.7318,0,8.076035
"Chase Hampton","sa3020682",8.0029575,1.52696,3.0172075,0.249727,4.7477,22.05168,8.50519,4.02497925,12.6570975,0,23.7548475,13.7876325,0.021079475,0.62578975
"Chase Hopewell","sa3023252",5.4198,1.494,6.4179,0.279298,6.13602,0.6022,0.7131,0.166,0.68178,0,1.1118,0.7245,0.0274,0.0452
"Chase Isbell","sa3023209",6.6312,1.21,5.1039,0.271013,5.29578,0.7368,0.5671,0.134444,0.58842,0,1.0724,0.6288,0.0264,0.0439
"Chase Lee","sa3016946",8.74921833333333,0.931904666666667,2.99168666666667,0.236602666666667,3.668505,26.7992,9.19251833333333,2.75858833333333,11.1922683333333,0.775071666666667,25.1282333333333,12.2969983333333,0,1.354306
"Chase Petty","sa3017963",6.95551,1.30881,3.45602,0.262345428571429,4.90104,30.5124428571429,15.4320014285714,6.07996714285714,22.2264571428571,0.567028857142857,42.2596714285714,24.3669571428571,0,1.48700314285714
"Chase Plymell","sa3017985",5.99763,1.44281,3.84048,0.27272,5.272955,21.33465,13.71345,4.589222,18.793625,0,35.54635,20.31235,0.0129,0.51975
"Chase Shugart","21544",7.44294676470588,1.04112088235294,3.34722235294118,0.250735882352941,4.41858411764706,21.7267965348612,9.90983733930335,3.01043225215302,13.3062314114248,0.884919428571429,26.884,14.2019885714286,0,1.38251128571429
"Chase Silseth","30074",8.95032823529412,1.23711882352941,3.67302852941176,0.236026941176471,4.17746705882353,55.6988072415963,22.8434592990773,7.67110735643214,25.9539128225021,0.896767142857143,51.3974285714286,28.1394571428571,0,2.72142142857143
"Chase Solesky","sa3009940",5.11372,1.323868,3.065502,0.2791128,5.069172,15.13584,8.93878,3.955466,14.638062,0.72252,29.59342,15.93116,0,0.69336
"Chase Wallace","sa3015105",6.221985,1.21348,4.239435,0.2681745,4.938255,14.3556,10.71925,3.062889,12.260925,0,23.02995,13.2819,0.5128,2.02695
"Chase Watkins","sa3017842",6.9174,1.249,4.0104,0.260015,4.61538,0.7686,0.4456,0.138778,0.51282,0,1.0203,0.5509,0.0255,0.0454
"Chasen Shreve","10855",8.41352090909091,1.207105,3.21518045454545,0.255815818181818,4.51947272727273,16.0198990305008,5.64152972168843,2.16955930993802,8.60205456478348,0.3869475,11.95766,6.61894,0.060189675,0.40396925
"Chavez Fernander","sa3007240",6.4602,1.278,3.8628,0.263706,4.83444,0.7178,0.4292,0.142,0.53716,0,1.0457,0.5757,0.0257,0.0514
"Chay Yeager","sa3023254",5.6196,1.34,5.8122,0.277747,5.769,0.6244,0.6458,0.148889,0.641,0,1.1106,0.6844,0.0271,0.0526
"Chayce McDermott","29866",9.33790823529412,1.11451029411765,4.29693882352941,0.231024117647059,4.07591764705882,52.7390965006367,24.3997176309804,6.24478701253403,23.3286374777163,0.825678,44.5602571428571,25.6644714285714,0,2.26626571428571
"Chazz Martinez","sa3020468",6.3144,1.155,5.9724,0.269938,5.38119,0.7016,0.6636,0.128333,0.59791,0,1.0638,0.6398,0.0269,0.0535
"Chen ZhongAo Zhuang","sa3018174",6.43568,1.48248,2.33802,0.265715,4.6773,27.86115,9.14395,6.0875,19.768735,0,41.5314,21.2863,0.0025,1.52065
"ChenWei Lin","sa3022876",5.3946,1.314,4.3074,0.276868,5.25168,0.5994,0.4786,0.146,0.58352,0,1.1052,0.6268,0.0031,0.0506
"Chester Pimentel","sa877342",8.0379,1.173,4.5225,0.25276,4.61079,0.8931,0.5025,0.130333,0.51231,0,0.9822,0.5503,0.0256,0.0466
"Chi Chi Gonzalez","14663",6.08978571428572,1.43942857142857,2.07114285714286,0.280467857142857,4.90153571428571,4.07931485714286,1.0592380952381,0.985730857142857,3.25557152380952,0,1.1182,0.5475,0.0203,0.0414
"ChihJung Liu","sa3014675",7.732675,1.38334,4.108775,0.2615675,5.06413,33.91665,18.21875,6.0744445,21.778665,0,39.51955,23.2974,0.00395,2.02375
"Chris Archer","6345",7.3494,1.342,3.4992,0.263034,4.77774,0.8166,0.3888,0.149111,0.53086,0,1.0393,0.5685,0.0025,0.04
"Chris Barraza","sa3022649",5.7843,1.519,6.6312,0.277707,6.30756,0.6427,0.7368,0.168778,0.70084,0,1.1113,0.7417,0.0277,0.0505
"Chris Bassitt","12304",8.16091352941176,1.20485058823529,3.10601647058824,0.248061647058824,4.13886235294118,156.490279548166,59.5060663252595,23.1508661694118,79.4390986920415,0,165.255571428571,86.7731571428571,0,11.1980857142857
"Chris Campos","sa3020396",7.17292,1.64068,3.12619,0.2621975,5.000975,36.3879,15.1769,8.091389,24.777255,0,46.5236,26.79495,0.0028,1.02005
"Chris Clark","sa3022874",5.7141,1.66,4.8294,0.281255,5.97357,0.6349,0.5366,0.184444,0.66373,0,1.1318,0.7049,0.0031,0.0583
"Chris Clarke","sa3011411",5.871,1.129955,2.599325,0.2689065,4.545405,22.319,9.15245,4.0649445,16.755045,0,35.05135,18.2767,0.00185,2.02615
"Chris Devenski","12763",8.51549529411765,1.47217147058824,3.36720676470588,0.240887294117647,4.47374235294118,21.686245536,8.78500125058823,3.77734678824913,11.5264283930796,1.00849,21.1235285714286,12.2374557142857,0,0.752084
"Chris Ellis","16125",5.954015,1.480215,4.283805,0.2754,5.43489,18.8312,14.71705,4.584111,17.300305,0,31.5509,18.8197,0.00145,1.52245
"Chris Flexen","13896",7.04803470588235,1.36637882352941,3.19487529411765,0.266814470588235,4.96060058823529,30.2288388454748,14.2210622766936,5.86366470566705,21.843005201504,0.888091,40.6234571428571,22.0333142857143,0,0.977718571428571
"Chris Gau","sa3007728",6.85497,1.358525,3.65513,0.2625845,4.832715,17.87535,9.20745,3.084722,11.783105,0,24.02405,12.801,0.0062,0.52095
"Chris Gerard","sa3017507",6.5916,1.237,5.4387,0.265474,5.14836,0.7324,0.6043,0.137444,0.57204,0,1.0448,0.6129,0.0265,0.0491
"Chris Jefferson","sa3017816",6.7689,1.379,4.1841,0.261017,4.91481,0.7521,0.4649,0.153222,0.54609,0,1.03,0.5845,0.0217,0.048
"Chris Kachmar","sa1170503",6.57765,1.547205,3.54524,0.265331,5.20711,29.36515,16.19215,6.5899445,23.28853,0,42.5285,25.30625,0.0022,3.0246
"Chris Kean","sa3023576",6.354,1.631,5.625,0.272698,5.91093,0.706,0.625,0.181222,0.65677,0,1.0936,0.6963,0.0233,0.0477
"Chris Lincoln","sa3011130",5.9895,1.373,6.0912,0.275252,5.85702,0.6655,0.6768,0.152556,0.65078,0,1.0952,0.6927,0.0272,0.0523
"Chris Martin","11847",9.09587882352941,0.949949235294118,1.67884823529412,0.238670117647059,3.42009588235294,57.4549687623237,10.7455038225421,5.93106024481546,21.6905941840115,6.39447285714286,52.7835285714286,22.9757,0,2.47654
"Chris Mauloni","sa3014977",6.0849,1.412,5.6421,0.272389,5.72166,0.6761,0.6269,0.156889,0.63574,0,1.0831,0.6764,0.0269,0.0568
"Chris Mazza","14151",6.5988,1.334,3.357,0.268268,4.84164,0.7332,0.373,0.148222,0.53796,0,1.0643,0.5753,0.0245,0.0537
"Chris McElvain","sa3020806",5.5773,1.535,4.1967,0.276277,5.52384,0.6197,0.4663,0.170556,0.61376,0,1.1116,0.6543,0.0031,0.0412
"Chris McMahon","sa3014429",6.0228,1.765,2.9754,0.290096,5.81319,0.6692,0.3306,0.196111,0.64591,0,1.1851,0.6835,0.003,0.0462
"Chris Mokma","sa3011750",5.8878,1.456,4.7961,0.273776,5.517,0.6542,0.5329,0.161778,0.613,0,1.0936,0.6525,0.0264,0.0446
"Chris Muller","sa3006811",7.767,1.198,4.2057,0.253366,4.54428,0.863,0.4673,0.133111,0.50492,0,0.986,0.5427,0.0254,0.0421
"Chris Murphy","26214",7.96282,1.09270964705882,3.84758,0.257091235294118,4.63880294117647,15.9963408938962,8.14683255855286,2.28106520092657,9.86763400956908,0.810403571428571,18.1178685714286,10.06935,0,0.834900285714286
"Chris Paddack","20099",8.0367094117647,1.280795,2.36059176470588,0.254739235294118,4.28770705882353,99.2497128802768,29.1126486456286,15.817825242376,52.8981439483276,0.839832142857143,113.925571428571,57.6394714285714,0,3.13886714285714
"Chris Rodriguez","22310",7.076785,1.0477045,4.836,0.2579715,4.91869,17.3937,12.74865,2.070222,12.269385,0,22.5153,13.28965,0.00865,1.52505
"Chris Roycroft","31261",7.66494,0.778279705882353,3.86139647058824,0.244053176470588,3.96038823529412,41.5344006629758,21.1941207055363,4.31524796288927,21.6549118467128,3.80719571428571,47.3102571428571,24.6518714285714,0,2.87154857142857
"Chris Sale","10603",10.8395617647059,0.925367764705882,2.48813970588235,0.221424352941176,3.28802176470588,200.926217546252,45.9800967665744,17.2356932856747,60.7691475949712,0,139.884142857143,62.7112142857143,0,8.69238285714286
"Chris Stratton","13761",7.36396088235294,1.08800270588235,3.98592470588235,0.258186529411765,4.77681647058824,45.7668384298039,24.7262845877001,6.81539097679969,29.7153181612734,6.95810285714286,55.9321428571429,31.1391571428571,0,2.39941142857143
"Chris Vallimont","24935",7.48918,1.31486,3.950795,0.2549255,4.79784,27.91735,16.19765,4.578222,18.2616,0,34.001,19.77865,0.0126,2.0249
"Chris Villaman","sa3023559",5.8923,1.633,4.4946,0.277448,5.68791,0.6547,0.4994,0.181444,0.63199,0,1.1162,0.6701,0.0057,0.0445
"Chris Williams Jr","sa3020466",5.5773,1.166,6.5907,0.272034,5.57361,0.6197,0.7323,0.129556,0.61929,0,1.0772,0.6643,0.0174,0.0519
"Chris Wright","sa3011531",8.5815,1.171,4.6566,0.240192,4.3875,0.9535,0.5174,0.130111,0.4875,0,0.9288,0.5232,0.0231,0.0457
"Christian Avendano","sa3015777",5.3145,1.354,8.7066,0.27982,6.82965,0.5905,0.9674,0.150444,0.75885,0,1.1211,0.8042,0.029,0.0491
"Christian Chamberlain","sa3014486",8.4879,1.124,5.3631,0.245816,4.65813,0.9431,0.5959,0.124889,0.51757,0,0.9458,0.5542,0.026,0.0545
"Christian Ciuffetelli","sa3020455",5.7708,1.438,6.2568,0.277259,6.03387,0.6412,0.6952,0.159778,0.67043,0,1.1074,0.7121,0.0273,0.0457
"Christian Cosby","sa3007245",7.6356,1.37,3.9456,0.258326,4.84731,0.8484,0.4384,0.152222,0.53859,0,1.0169,0.5737,0.0255,0.0461
"Christian Edwards","sa3017691",5.5881,1.559,7.0092,0.278923,6.51276,0.6209,0.7788,0.173222,0.72364,0,1.1177,0.7646,0.0279,0.05
"Christian Fernandez","sa917688",6.0327,1.532,4.7457,0.273537,5.66208,0.6703,0.5273,0.170222,0.62912,0,1.0939,0.6683,0.0113,0.0546
"Christian MacLeod","sa3018005",7.41885,1.243375,4.141875,0.2573565,4.75459,35.8898,19.22765,5.5708335,21.76513,0,41.5133,23.2847,0.00165,2.0225
"Christian McGowan","sa3017896",7.085375,1.34078,3.986635,0.25963,4.973435,18.88245,10.7132,3.572389,13.26814,0,23.5209,14.28845,0.002,2.525
"Christian Mejias","sa946165",6.3027,1.48,3.5649,0.269338,5.13252,0.7003,0.3961,0.164444,0.57028,0,1.0735,0.6087,0.0035,0.0542
"Christian Montes De Oca","sa3018207",6.831075,1.13531,3.26589,0.26092,4.500695,22.38165,10.19135,3.566111,14.25994,0,30.02705,15.2791,0.5127,2.02545
"Christian Oppor","sa3022950",4.6008,1.54,7.2954,0.289235,6.79149,0.5112,0.8106,0.171111,0.75461,0,1.1701,0.7983,0.0049,0.0489
"Christian Roa","sa3014477",8.6995675,1.19201,5.096095,0.24749825,4.6500625,25.7322,15.9676625,3.596593,14.07334,0.2037305,25.8794,15.1722825,0.234232,1.8324925
"Christian Rodriguez","sa3022360",5.5926,1.441,6.3702,0.275954,6.03189,0.6214,0.7078,0.160111,0.67021,0,1.1023,0.7136,0.015,0.0507
"Christian Romero","sa3016260",5.61018,1.52171,3.311875,0.2752115,5.30281,26.809,15.19005,7.580111,25.78671,0,46.55965,27.80775,0.0032,4.5303
"Christian Ruebeck","sa3020900",6.714,1.629,6.7302,0.269667,6.23898,0.746,0.7478,0.181,0.69322,0,1.0688,0.7325,0.0276,0.0618
"Christian Scott","30107",8.43005583333333,1.25654083333333,2.57961194444444,0.238115694444444,4.06331944444444,40.0736964174074,12.444115151965,5.74791772401235,19.4852812106996,0,38.47765,20.74115,0.00135,2.0221
"Christian Suarez","sa3009222",7.362195,1.259945,4.777125,0.2565105,4.923455,20.9022,13.2671,3.569,14.263075,0,25.5057,15.28315,0.01295,1.023
"Christian Tripp","sa3007610",5.8284,1.442,5.8671,0.275408,5.88996,0.6476,0.6519,0.160222,0.65444,0,1.0991,0.6955,0.0271,0.0523
"Christian Young","sa3023437",5.6808,1.58,3.6369,0.278734,5.46948,0.6312,0.4041,0.175556,0.60772,0,1.125,0.646,0.0097,0.0448
"Christian Zazueta","sa3018867",5.6502,1.733,4.6791,0.281088,5.97195,0.6278,0.5199,0.192556,0.66355,0,1.1345,0.703,0.0095,0.049
"Christopher Hernandez","sa3024217",4.7313,1.618,7.2432,0.290411,6.99912,0.5257,0.8048,0.179778,0.77768,0,1.1766,0.8216,0.0047,0.0527
"Christopher Troye","sa3017530",8.892945,1.122715,5.517255,0.2454285,4.898065,21.9762,13.7916,2.565222,11.77042,0,19.9857,12.78915,0.01295,1.0219
"Christopher Vasquez","sa3015218",5.0112,1.457,6.2028,0.284567,6.24177,0.5568,0.6892,0.161889,0.69353,0,1.1443,0.7373,0.0177,0.0556
"Cionel Perez","19614",7.91313411764706,0.673689117647059,4.11725705882353,0.241485294117647,3.85720588235294,49.567969444466,25.8191941181569,4.21134166709996,24.2347984391696,7.90517142857143,52.1251285714286,25.7684857142857,0,2.9891
"Clark Cota","sa3006802",5.1291,1.564,6.2298,0.282214,6.29145,0.5699,0.6922,0.173778,0.69905,0,1.1321,0.7404,0.0275,0.0513
"Clarke Schmidt","19899",9.09983411764706,1.13530647058824,3.04407882352941,0.234443647058824,3.98799411764706,136.634467818685,45.7322529854672,17.0742018110727,59.8229724567474,0.843830714285714,123.037857142857,64.0550142857143,0,7.79512714285714
"Claudio Galva","sa3016274",4.6359,1.58,7.1658,0.289449,6.85278,0.5151,0.7962,0.175556,0.76142,0,1.1714,0.8051,0.0181,0.0518
"Claudio Gatier","sa3021477",4.7187,1.354,9.3879,0.285636,7.01505,0.5243,1.0431,0.150444,0.77945,0,1.1402,0.8254,0.0294,0.0571
"Clay Aguilar","sa3015003",8.0973,1.283,4.1814,0.249808,4.47201,0.8997,0.4646,0.142556,0.49689,0,0.9738,0.5338,0.0255,0.0602
"Clay Helvey","sa3007459",8.7141375,1.1543025,4.5733275,0.24190075,4.63141,19.79235,10.874925,2.914683,11.307155,0,19.78099,12.2819525,0.69566025,1.33132075
"Clay Holmes","13649",8.46345411764706,0.683852294117647,3.22368205882353,0.241457058823529,3.43729647058823,136.855183778823,52.1726445209804,11.0145882487082,55.562248359554,0.900188571428571,141.658,63.7307571428571,0,7.67612857142857
"Clayton Andrews","23631",8.76990416666667,1.11348333333333,4.60755,0.2452375,4.4613875,18.2986961111111,9.74821737037037,2.32735423148148,9.64627085185185,0,16.4662,9.74795,0.51255,1.02285
"Clayton Beeter","27494",9.90945470588235,1.08675352941176,4.17535294117647,0.216206235294118,3.91556588235294,40.137598938333,17.0382751060792,4.48668877403614,16.2130997688581,1.05428714285714,30.7194285714286,18.0912714285714,0,1.67577285714286
"Clayton Kershaw","2036",8.31920941176471,1.29198852941176,2.56552647058824,0.242120705882353,3.94035294117647,61.0266167191111,18.7548378214118,9.48691568333333,28.8729040470588,0,62.3048857142857,30.6429714285714,0,2.16883
"Clayton McGinness","sa1170265",7.4349,1.263,3.5964,0.258851,4.59351,0.8261,0.3996,0.140333,0.51039,0,1.017,0.5473,0.0253,0.0475
"Cleiber Maldonado","sa3016846",5.553,1.279,6.462,0.278984,5.86017,0.617,0.718,0.142111,0.65113,0,1.1139,0.6948,0.0236,0.0483
"Cleiverth Perez","sa3002985",5.4162,1.289,4.9329,0.27697,5.31747,0.6018,0.5481,0.143222,0.59083,0,1.1063,0.633,0.0246,0.0476
"Clevari Tejada","sa3021040",4.5738,1.34,5.5863,0.291539,6.11019,0.5082,0.6207,0.148889,0.67891,0,1.1805,0.7238,0.0098,0.0511
"Codi Heuer","23293",7.7652,1.267,3.3957,0.256441,4.44852,0.8628,0.3773,0.140778,0.49428,0,1.0053,0.5304,0.0261,0.0405
"Cody Adcock","sa3023175",6.6951,1.698,5.8608,0.274629,6.15159,0.7439,0.6512,0.188667,0.68351,0,1.0986,0.7231,0.0272,0.0565
"Cody Bolton","23265",8.66850588235294,1.02195458823529,3.88736235294118,0.232261294117647,3.84200676470588,38.8694131985928,17.501125944203,4.5428859797278,17.2364535089562,0.993168571428571,36.5561428571429,19.3393285714286,0,1.97872857142857
"Cody Bradford","27597",7.87611,1.35972558823529,1.92499882352941,0.247669882352941,4.19088,82.7293516480515,20.1102911733472,14.2733421558235,43.816741206233,0.98572,89.3172857142857,46.9808857142857,0,3.26268285714286
"Cody Carroll","17664",8.0946,1.294,3.9699,0.252995,4.626,0.8994,0.4411,0.143778,0.514,0,0.9884,0.549,0.0252,0.0401
"Cody Deason","sa3007958",6.318,1.552,3.717,0.272875,5.34654,0.702,0.413,0.172444,0.59406,0,1.0939,0.6316,0.0051,0.0452
"Cody Greenhill","sa3017608",6.4026,1.354,5.6223,0.266362,5.44716,0.7114,0.6247,0.150444,0.60524,0,1.0476,0.6455,0.0266,0.0463
"Cody Laweryson","sa3010633",7.544855,1.25902,3.3946,0.257088,4.55551,20.91995,9.6833,3.0786665,12.26127,0,25.50865,13.2781,0.0126,1.0209
"Cody Mincey","sa3016707",5.6142,1.712,2.9304,0.280935,5.51619,0.6238,0.3256,0.190222,0.61291,0,1.142,0.6493,0.0035,0.0544
"Cody Morris","25388",9.07831666666667,1.11032916666667,4.2691125,0.234810833333333,4.1539875,22.0783379814815,10.5867288703704,2.68950749074074,10.0847745740741,0,18.4533,10.7457,0.0119,1.02125
"Cody Ponce","17920",7.0326,1.422,2.9844,0.265708,4.75236,0.7814,0.3316,0.158,0.52804,0,1.0572,0.5636,0.0228,0.0416
"Cody Poteet","18769",7.94915705882353,1.10343411764706,3.23326970588235,0.248528,4.38465323529412,31.0585573864629,12.6438759479027,4.25625790202999,17.2815543829385,0.880234428571429,31.9820714285714,16.4632857142857,0,1.22510428571429
"Cody Reed","15232",7.9461,1.163,3.8862,0.255121,4.37004,0.8829,0.4318,0.129222,0.48556,0,0.9926,0.5236,0.0244,0.0485
"Cody Scroggins","sa3011417",6.427075,1.3269,4.625755,0.269888,5.353225,10.8721,8.7371,2.566,10.26907,0,17.52305,11.2895,0.01295,2.53145
"Cody Sedlock","19357",7.164295,1.195535,4.533955,0.2554145,4.887835,24.89895,16.73635,3.576111,16.77567,0,31.0113,18.294,0.0128,2.0256
"Cody Stashak","18088",7.725695,1.520075,2.945835,0.2588275,4.593285,13.4207,4.6758,2.584722,7.75784,0,16.49675,8.27415,0.01165,0.52025
"Cody Tucker","sa3022524",6.7581,1.296,4.9185,0.264027,5.21928,0.7509,0.5465,0.144,0.57992,0,1.0484,0.6193,0.0264,0.0487
"Colby Langford","sa3022800",6.5502,1.453,6.2433,0.266914,5.79276,0.7278,0.6937,0.161444,0.64364,0,1.051,0.6844,0.009,0.0557
"Colby Morris","sa3014805",6.7554,1.449,3.7917,0.266527,5.07555,0.7506,0.4213,0.161,0.56395,0,1.0587,0.6013,0.0111,0.0445
"Colby White","sa3011200",8.366165,1.294715,4.89106,0.24413,4.95865,18.447,10.76195,2.5768335,10.76946,0,17.4928,11.78815,0.0105,1.02215
"Cole Ayers","sa3018791",7.74467,1.34736,3.676785,0.2516215,4.63815,24.92535,11.21315,4.569778,15.24892,0,28.00045,16.26825,0.0127,1.5231
"Cole Duensing","sa918090",6.1101,1.541,5.0454,0.272354,5.70141,0.6789,0.5606,0.171222,0.63349,0,1.0886,0.6715,0.0266,0.0464
"Cole Henry","sa3014446",7.56907,1.24869,4.301728,0.2503878,4.986908,33.41488,18.78624,5.319112,21.73846,0.72252,38.16322,23.81796,0,2.98836
"Cole Hillier","sa3023232",5.6718,1.293,5.9967,0.274082,5.74155,0.6302,0.6663,0.143667,0.63795,0,1.0963,0.6812,0.0272,0.0488
"Cole Irvin","19244",6.65037272727273,1.44045454545455,2.4227,0.273645818181818,4.85728181818182,43.0811870446281,15.6914419487603,9.4905549338843,31.8592095239669,0.10721525,60.115875,31.77475,0.47007075,2.9605375
"Cole Kirschsieper","sa3020258",5.0382,1.472,4.9374,0.281682,5.73768,0.5598,0.5486,0.163556,0.63752,0,1.1347,0.6792,0.0057,0.0491
"Cole McDonald","sa3010652",8.366845,1.19635,4.648945,0.245378,4.511485,21.4491,12.24195,3.064278,11.24956,0,20.985,12.26885,0.0127,1.0227
"Cole Paplham","sa3020749",8.1864,1.115,4.0104,0.246923,4.20408,0.9096,0.4456,0.123889,0.46712,0,0.9488,0.5048,0.025,0.0469
"Cole Patten","sa3020623",5.0841,1.358,4.6296,0.285065,5.59854,0.5649,0.5144,0.150889,0.62206,0,1.1483,0.6661,0.0102,0.0464
"Cole Percival","sa3014919",6.13413,1.29743,4.44502,0.268763,4.940415,21.8403,17.22405,4.0806665,16.78703,0,34.0426,18.308,0.0024,2.52655
"Cole Ragans","21846",10.1008573529412,0.958831882352941,3.33885647058824,0.225438705882353,3.56536764705882,195.918591167157,64.7817003526643,18.6130747187697,69.1188922335678,0,148.236,73.8592857142857,0,6.20860428571429
"Cole Sands","21461",9.65787058823529,1.01314429411765,2.75245294117647,0.235225705882353,3.60165176470588,70.3377486151818,20.0242319302299,7.42480522173895,26.2766703195617,14.2818785714286,57.2900428571429,28.7179142857143,0,3.93743
"Cole Schoenwetter","sa3023567",5.7366,1.793,5.9598,0.286948,6.59934,0.6374,0.6622,0.199222,0.73326,0,1.1634,0.7758,0.0061,0.0474
"Cole Stupp","sa3021467",5.5791,1.425,5.8293,0.279242,5.9823,0.6199,0.6477,0.158333,0.6647,0,1.1175,0.7073,0.0177,0.0624
"Cole Sulser","15256",8.59840029411765,1.19329411764706,3.81776941176471,0.237596235294118,4.15502470588235,29.4681611665617,12.9889965094256,4.18207056021684,14.1276318890196,1.09358857142857,27.9298,15.5408571428571,0,0.746123428571429
"Cole Uvila","sa3006804",7.7022,1.313,4.0023,0.257659,4.69017,0.8558,0.4447,0.145889,0.52113,0,1.0101,0.5581,0.0254,0.04
"Cole Waites","25665",8.64077230769231,1.04704353846154,3.97895230769231,0.243147384615385,4.16819538461538,14.8698818867692,6.76824104028402,1.89881706668639,7.22778747621301,0.9131044,13.29624,7.262082,0,0.8154474
"Cole Wilcox","sa3014443",5.68929,1.20945,3.0364,0.273622,4.81693,37.81245,19.1754,7.5704445,31.270935,0,63.55975,33.7928,0.0015,4.02605
"Cole Winn","22113",7.81878818181818,1.02899636363636,3.83088227272727,0.238209090909091,4.70998272727273,20.1870930104441,10.5432050969642,2.74411054536639,13.0310537494678,0.112405,21.939675,14.428825,0.0499715,1.297457
"Coleman Crow","sa3015142",7.2873,1.347,2.7684,0.261667,4.50423,0.8097,0.3076,0.149667,0.50047,0,1.0339,0.5384,0.0029,0.0462
"Coleman Huntley III","sa3014912",7.7805,1.064,3.4272,0.254374,4.17276,0.8645,0.3808,0.118222,0.46364,0,0.99,0.5024,0.025,0.0493
"Colin Fields","sa3021985",5.9148,1.46,3.7872,0.26851,5.21496,0.6572,0.4208,0.162222,0.57944,0,1.0738,0.6183,0.0041,0.0581
"Colin Holderman","22361",9.16279852941176,0.902168882352941,3.92269235294118,0.230700941176471,3.88995235294118,62.3822708539619,26.7300265165744,6.15938304132834,26.4749305789273,13.8457571428571,54.2446142857143,28.2849571428571,0,3.99232
"Colin McKee","sa918482",7.8633,1.224,4.0122,0.254873,4.58838,0.8737,0.4458,0.136,0.50982,0,0.995,0.547,0.0222,0.0473
"Colin Peluse","sa3011126",5.893085,1.52739,3.198715,0.271695,5.13116,22.8287,12.1815,5.59,19.78752,0,38.04375,21.30535,0.0103,1.01985
"Colin Poche","19403",7.97386352941176,1.35084588235294,3.40053205882353,0.238017176470588,4.31054470588235,47.7069179073587,20.2069510681853,7.99520387197232,25.691851823391,9.94864285714286,49.0013142857143,27.5975142857143,0,1.85332571428571
"Colin Rea","12317",7.17664882352941,1.38037647058824,2.47513,0.258359294117647,4.52234117647059,98.1224246124952,33.7214271328335,18.7823753651672,61.8786024394464,0.825991857142857,125.300285714286,67.2098142857143,0,5.76841857142857
"Colin Schmid","sa3007712",6.048,1.342,6.0327,0.27196,5.63355,0.672,0.6703,0.149111,0.62595,0,1.0799,0.6669,0.0271,0.0469
"Colin Selby","24986",9.11079058823529,0.937947058823529,4.21674117647059,0.234414470588235,3.89138823529412,46.1737022952018,21.5271427376732,4.76654612501192,19.7135676691073,1.01019714285714,40.7408285714286,21.9220857142857,0,2.62118714285714
"Collin Baumgartner","sa3023002",8.09231,1.34646,4.001735,0.2590905,4.98075,21.9446,10.72265,3.575611,13.278575,0,24.0231,14.29705,0.0128,1.02255
"Collin Kober","sa913150",7.4133,1.432,3.4488,0.257975,4.81896,0.8237,0.3832,0.159111,0.53544,0,1.0173,0.5696,0.0229,0.0644
"Collin Lowe","sa3019850",5.236765,1.32854,2.368715,0.281811,4.794515,21.80155,9.14585,6.069389,21.25893,0,45.5574,22.7799,0.00765,2.52345
"Collin McHugh","7531",7.96564285714286,1.27514285714286,2.817,0.255705714285714,4.21610714285714,4.63853126530613,1.47746530612245,0.792057739229026,2.30917409977325,0,1.0062,0.5026,0.0274,0.047
"Collin Snider","23307",8.7431044117647,1.04912611764706,3.79898,0.234963294117647,3.92972352941176,60.8588735841349,26.5054627726044,7.34122074344637,27.4377946344452,11.8993714285714,58.4539,30.6209,0,2.97969428571429
"Collin Sullivan","sa3017192",6.5331,1.345,5.6349,0.269579,5.5377,0.7259,0.6261,0.149444,0.6153,0,1.0674,0.6559,0.0268,0.0464
"Collin Wiles","15106",6.100455,1.346555,2.128135,0.270399,4.61004,31.83655,10.6227,7.073778,24.252205,0,50.0481,26.27125,0.01225,2.0218
"Colson Lawrence","sa3023210",5.868,1.397,6.5637,0.278212,6.13458,0.652,0.7293,0.155222,0.68162,0,1.1109,0.7239,0.0276,0.0487
"Colten Brewer","12997",8.51495735294118,1.17371,3.82835882352941,0.243512941176471,4.54868352941176,22.4326199234429,10.1136698615917,3.14234013985006,12.0793750865052,0.934337142857143,22.2254142857143,12.6217571428571,0,1.23130142857143
"Colten Schmidt","sa3006765",6.7959,1.254,3.1698,0.264532,4.51098,0.7551,0.3522,0.139333,0.50122,0,1.0458,0.5399,0.0089,0.0464
"Colton Eastman","sa3008312",6.2109,1.355,4.0158,0.272113,5.14035,0.6901,0.4462,0.150556,0.57115,0,1.0835,0.6119,0.0074,0.048
"Colton Gordon","sa3019426",7.84345,1.28681333333333,2.96531,0.247393166666667,4.220385,33.0266333333333,12.8147166666667,5.24385666666667,17.773935,0.745476166666667,36.7824666666667,19.21695,0,1.83101283333333
"Colton Hock","sa915685",7.1586,1.218,3.1671,0.261419,4.43295,0.7954,0.3519,0.135333,0.49255,0,1.0296,0.5303,0.025,0.0406
"Colton Johnson","sa3017750",7.67975,1.13759,4.081625,0.2516945,4.472485,23.425,12.23005,3.561222,14.236235,0,26.9878,15.25565,0.01265,1.5223
"Connelly Early","sa3023308",7.836145,1.087845,3.54063,0.2548515,4.525195,45.4308,20.1979,6.5573335,27.23887,0,50.5052,29.2593,0.00145,7.0288
"Conner Greene","16455",8.07988,1.206155,4.331515,0.2504595,4.60417,20.955,12.2221,3.069222,12.252395,0,23.4883,13.27,0.01265,1.52335
"Conner Loeprich","sa3006986",6.0966,1.561,3.4119,0.273775,5.274,0.6774,0.3791,0.173444,0.586,0,1.0994,0.6237,0.003,0.0442
"Conner Menez","19199",7.9614,1.166,3.3525,0.249414,4.10103,0.8846,0.3725,0.129556,0.45567,0,0.9676,0.4917,0.0239,0.042
"Connery Peters","sa3023030",5.634,1.515,6.4566,0.279435,6.15528,0.626,0.7174,0.168333,0.68392,0,1.115,0.7265,0.0275,0.0564
"Connor Brogdon","21205",9.17240352941177,1.49246117647059,3.62416588235294,0.242801529411765,4.64239,34.9605540451211,13.6912998192941,5.55458656221453,17.5353567120761,0.929208571428571,31.4831857142857,18.3586285714286,0,1.61090428571429
"Connor Butler","sa3021727",5.8815,1.364,7.596,0.274185,6.21054,0.6535,0.844,0.151556,0.69006,0,1.0872,0.7325,0.0281,0.0518
"Connor Cooke","sa3017822",8.503745,1.22602,4.08337,0.240372,4.432595,19.4614,9.2247,2.572611,9.75078,0,18.4767,10.7681,0.01265,1.52315
"Connor Curlis","sa3006707",7.9011,1.364,3.0402,0.248694,4.31118,0.8779,0.3378,0.151556,0.47902,0,0.9714,0.5111,0.0248,0.0522
"Connor Fenlong","sa3023034",5.5116,1.255,5.3199,0.278574,5.48109,0.6124,0.5911,0.139444,0.60901,0,1.1102,0.653,0.0267,0.0486
"Connor Gillispie","26171",7.39954235294118,1.36584588235294,3.64004029411765,0.245662823529412,4.74506235294118,29.6079123991142,14.9374062278247,5.48211072509343,19.4392272800923,1.00163428571429,36.9967142857143,20.4678714285714,0,2.16299714285714
"Connor Grey","sa918420",6.1308,1.371,2.9871,0.272409,4.85568,0.6812,0.3319,0.152333,0.53952,0,1.088,0.5794,0.0033,0.0471
"Connor Higgins","sa3006808",7.7301,1.129,4.7646,0.253855,4.54023,0.8589,0.5294,0.125444,0.50447,0,0.986,0.5436,0.0258,0.0445
"Connor Holden","sa3020401",6.3486,1.263,3.3786,0.268232,4.7079,0.7054,0.3754,0.140333,0.5231,0,1.0644,0.5626,0.0254,0.0504
"Connor Housley","sa3024915",6.7851,1.492,5.9292,0.26718,5.68395,0.7539,0.6588,0.165778,0.63155,0,1.0544,0.6711,0.0269,0.0498
"Connor Johnstone","sa3004190",6.3945,1.159,3.2103,0.269402,4.51602,0.7105,0.3567,0.128778,0.50178,0,1.0681,0.5425,0.0252,0.0416
"Connor Jones","sa738697",6.1821,1.122,3.7026,0.272344,4.7205,0.6869,0.4114,0.124667,0.5245,0,1.079,0.5685,0.003,0.0497
"Connor Lunn","sa3011189",6.6951,1.499,2.5263,0.267098,4.68603,0.7439,0.2807,0.166556,0.52067,0,1.0646,0.5557,0.0249,0.0385
"Connor McCullough","sa3020603",7.169385,1.490505,2.55778,0.263949,4.79309,30.4085,9.6613,7.0750555,22.24796,0,41.5133,24.26665,0.0055,2.022
"Connor Noland","sa3020834",5.899725,1.25446,2.48126,0.27035,4.531555,38.32595,15.1456,8.07,28.756325,0,62.0508,31.2772,0.00155,0.51645
"Connor O'Halloran","sa3023219",5.598,1.465,4.7448,0.275904,5.55966,0.622,0.5272,0.162778,0.61774,0,1.1077,0.6591,0.0031,0.058
"Connor Oliver","sa3023200",5.0436,1.298,5.3271,0.284447,5.73849,0.5604,0.5919,0.144222,0.63761,0,1.1449,0.6807,0.0092,0.0501
"Connor Overton","18376",6.25920583333333,1.38275833333333,3.02604583333333,0.270080972222222,4.96876888888889,15.3623637925926,7.03912657253086,3.15155904012346,12.2616214415638,0,24.04225,13.2881,0.00135,1.52185
"Connor Pellerin","sa3015012",6.3009,1.343,6.903,0.271639,5.9787,0.7001,0.767,0.149222,0.6643,0,1.0736,0.7068,0.0276,0.0537
"Connor Phillips","27649",8.91078117647059,1.27245705882353,4.53668470588235,0.240538882352941,4.77269764705882,31.5859739331765,16.1823522563414,4.5737821273887,17.3321255812549,0.901338571428571,30.295,18.6148571428571,0,2.11992571428571
"Connor Prielipp","sa3020808",6.9984,1.307,4.3992,0.26469,5.00571,0.7776,0.4888,0.145222,0.55619,0,1.046,0.5954,0.003,0.0454
"Connor Prins","sa3022032",4.8915,1.536,8.9811,0.281268,7.06626,0.5435,0.9979,0.170667,0.78514,0,1.1242,0.8298,0.0292,0.0532
"Connor Sadzeck","13483",7.33333,1.236745,4.500805,0.259057,4.9172,20.4172,13.7317,3.5678335,14.758085,0,26.4987,15.77715,0.5127,3.52885
"Connor Schultz","sa3024948",5.6268,1.42,4.815,0.279902,5.62203,0.6252,0.535,0.157778,0.62467,0,1.1221,0.6664,0.0161,0.0451
"Connor Seabold","19695",7.72252277777778,1.37995222222222,2.61867555555556,0.246185777777778,4.54702222222222,7.5496944690731,2.50947295659588,1.23661353564856,4.24523109145678,0.254706666666667,6.44637333333333,3.61828333333333,0.141092333333333,0.402976666666667
"Connor Staine","sa3020739",5.6592,1.872,4.1679,0.290523,6.36489,0.6288,0.4631,0.208,0.70721,0,1.1858,0.7456,0.0034,0.0523
"Connor Thomas","sa3010784",6.60641571428571,0.955455857142857,2.39518571428571,0.259327142857143,3.99801714285714,41.3825857142857,15.0322714285714,6.06148142857143,25.5164857142857,4.052,58.2028285714286,27.6760714285714,0,2.71293571428571
"Connor Van Scoyoc","sa3010243",5.106295,1.425275,3.543565,0.2906575,5.598545,28.77655,19.69475,7.5818335,29.82104,0,57.6099,32.3432,0.0016,3.5266
"Conor Dryer","sa3017131",6.0651,1.391,4.3497,0.273752,5.30262,0.6739,0.4833,0.154556,0.58918,0,1.0932,0.6293,0.0193,0.0443
"Conor Grady","sa3017534",4.9329,1.454,4.7952,0.287747,5.87403,0.5481,0.5328,0.161556,0.65267,0,1.1648,0.6963,0.0057,0.0482
"Conor Grammes","sa3011651",8.07152,1.014715,5.735145,0.250665,4.91719,19.93255,14.792,2.553222,12.26064,0,20.4982,13.28175,0.01175,3.0317
"Conor Larkin","sa3018092",7.848,1.27,4.3236,0.253549,4.71681,0.872,0.4804,0.141111,0.52409,0,0.9913,0.5612,0.0256,0.0499
"Conor Steinbaugh","sa3023419",5.4909,1.365,4.9635,0.287021,5.85198,0.6101,0.5515,0.151667,0.65022,0,1.1548,0.6926,0.0227,0.0511
"Cooper Adams","sa3023457",4.9716,1.535,4.9158,0.292865,6.2721,0.5524,0.5462,0.170556,0.6969,0,1.1907,0.7388,0.0127,0.0571
"Cooper Benson","sa3019457",6.8022,1.354,5.9157,0.262198,5.42304,0.7558,0.6573,0.150444,0.60256,0,1.0312,0.6415,0.0268,0.0548
"Cooper Bradford","sa3010310",6.1857,1.289,5.13,0.272441,5.34996,0.6873,0.57,0.143222,0.59444,0,1.0808,0.6364,0.0236,0.0449
"Cooper Chandler","sa3020641",6.1677,1.518,4.1238,0.273329,5.33799,0.6853,0.4582,0.168667,0.59311,0,1.0937,0.6315,0.0242,0.0434
"Cooper Criswell","24975",6.84883764705882,1.12926352941176,2.62526470588235,0.264715235294118,4.46925823529412,33.2677179229835,12.8966196406767,5.44537270580546,21.9045665076547,0.884103571428571,44.3296285714286,22.6576142857143,0,3.38861428571429
"Cooper Hjerpe","sa3020736",8.192185,1.32636,4.58217,0.2453745,4.807275,26.93955,15.2427,4.5674445,16.24995,0,26.4817,17.76885,0.0015,3.0264
"Cooper McKeehan","sa3020183",6.4179,0.994,5.688,0.266223,4.81779,0.7131,0.632,0.110444,0.53531,0,1.0396,0.5805,0.0265,0.048
"Corbin Burnes","19361",8.85314117647059,0.984565176470588,2.420065,0.235346,3.54582352941176,183.04601475817,50.0184555165359,20.2429176201307,73.3782950878431,0,164.022714285714,76.7888,0,7.15174571428571
"Corbin Martin","19884",7.20906,1.27611,4.23287,0.2626815,4.962405,22.39585,13.7217,3.5773335,15.275135,0,28.52385,16.29425,0.0082,1.02075
"Corey Avant","sa3023137",6.634035,1.294675,4.609075,0.26461,5.18712,25.86755,18.25125,5.071389,20.779245,0,37.5248,22.29965,0.50705,2.0238
"Corey Kluber","2429",6.91535714285714,1.50971428571429,2.27528571428571,0.268654285714286,4.79464285714286,4.48753356009071,1.4493180952381,0.935623628117915,3.093548707483,0,1.0703,0.5627,0.0056,0.0499
"Corey Knebel","15010",8.399925,1.1485,4.257,0.2464875,4.26825,14.9802,8.223,2.065111,7.739875,0,15.4725,8.25745,0.51515,0.52075
"Corey Oswalt","13677",6.5079,1.473,2.9745,0.269424,4.89708,0.7231,0.3305,0.163667,0.54412,0,1.0781,0.5803,0.016,0.044
"Cory Abbott","20277",8.65679583333333,1.39445,3.81544583333333,0.249760416666667,4.8095625,36.1759072746914,16.8484850771605,5.88432820987654,20.8593507901235,0,37.98145,22.7645,0.0107,2.0223
"Cory Lewis","sa3020702",8.124315,1.28034,3.757245,0.248917666666667,4.47040666666667,22.4604866666667,10.6162916666667,3.700485,12.71855,0.751483833333333,24.75768,13.8684933333333,0,0.452293666666667
"Cory Wall","sa3022944",6.0867,1.511,4.0086,0.276813,5.46048,0.6763,0.4454,0.167889,0.60672,0,1.1129,0.6455,0.01,0.0452
"Craig Kimbrel","6655",11.0150352941176,1.09843882352941,4.37923882352941,0.215171058823529,3.84735411764706,52.909885333564,21.0022261351788,5.34077724129181,18.4721215400231,0.537762857142857,35.3015,20.9022714285714,0,2.90485714285714
"Craig Stammen","7274",7.0254,1.181,2.4309,0.262963,4.18266,0.7806,0.2701,0.131222,0.46474,0,1.0346,0.5034,0.0213,0.0415
"Craig Yoho","sa3023032",10.5560666666667,1.0313785,3.75037333333333,0.218220666666667,3.60879166666667,54.8292166666667,19.4187333333333,5.36668,18.6270666666667,0.926521666666667,38.1565666666667,20.2922166666667,0,3.042235
"Cre Finfrock","sa829399",7.5096,1.275,4.8411,0.257259,4.93191,0.8344,0.5379,0.141667,0.54799,0,1.0056,0.5861,0.0259,0.0452
"Cristhian Tortosa","sa920454",6.3009,1.251,6.084,0.268502,5.44617,0.7001,0.676,0.139,0.60513,0,1.0583,0.6474,0.0235,0.0565
"Cristhofer Gonzalez","sa3019156",5.0994,1.443,8.7651,0.284219,6.99633,0.5666,0.9739,0.160333,0.77737,0,1.135,0.8225,0.029,0.0507
"Cristian Charle","sa3006407",7.2639,1.321,3.9735,0.259221,4.77882,0.8071,0.4415,0.146778,0.53098,0,1.0191,0.5678,0.0255,0.0441
"Cristian Diaz","sa3022040",4.8078,1.486,8.7858,0.287196,7.15311,0.5342,0.9762,0.165111,0.79479,0,1.152,0.8399,0.0291,0.0526
"Cristian Galindo","sa3017986",5.2902,1.647,9.0126,0.287723,7.31484,0.5878,1.0014,0.183,0.81276,0,1.1582,0.8574,0.0294,0.0592
"Cristian Hernandez","sa3005836",7.31211,1.53062,3.39419,0.258317,4.93117,20.4203,10.67125,4.5818335,15.25379,0,27.0042,16.27125,0.01125,2.02475
"Cristian Hernandez","sa3021788",4.5495,1.673,7.2324,0.292331,7.12674,0.5055,0.8036,0.185889,0.79186,0,1.1885,0.8354,0.0041,0.0518
"Cristian Javier","17606",9.12022852941176,1.44129529411765,3.73189970588235,0.232301411764706,4.37093882352941,32.4002016896609,13.6437826142468,5.24732919861592,15.6404537654256,0.860476285714286,27.3594,15.6404285714286,0,1.536733
"Cristian Jimenez","sa3017614",5.067,1.378,7.9299,0.284624,6.63516,0.563,0.8811,0.153111,0.73724,0,1.1373,0.7828,0.0285,0.0521
"Cristian Mena","27974",8.21660352941177,1.12365141176471,3.63763911764706,0.244414470588235,4.34031882352941,29.6632736525675,13.4004607265063,4.28536847914418,15.6647325677093,0.843577285714286,31.2984285714286,16.1750171428571,0,1.47401042857143
"Cristian Nunez","sa3019130",4.8906,1.499,4.9617,0.294273,6.28137,0.5434,0.5513,0.166556,0.69793,0,1.1961,0.7411,0.0055,0.0581
"Cristian Rueda","sa3019172",4.1139,1.576,7.0668,0.296327,6.99597,0.4571,0.7852,0.175111,0.77733,0,1.207,0.8226,0.0107,0.0526
"Cristobal Abreu","sa3022169",4.0356,1.684,7.3854,0.301361,7.41672,0.4484,0.8206,0.187111,0.82408,0,1.2376,0.8684,0.0108,0.0517
"Cristofer Gomez","sa3019567",6.2685,1.336,6.5583,0.268395,5.73579,0.6965,0.7287,0.148444,0.63731,0,1.0611,0.6799,0.0273,0.0478
"Cristofer Melendez","sa873429",8.4762,1.159,4.851,0.248339,4.65849,0.9418,0.539,0.128778,0.51761,0,0.9607,0.5536,0.0257,0.0465
"Cristofer Mezquita","sa3006374",4.2219,1.454,6.9552,0.292259,6.60087,0.4691,0.7728,0.161556,0.73343,0,1.184,0.7786,0.0089,0.051
"Cristofer Ogando","20667",7.3809,1.465,3.8187,0.261012,4.96836,0.8201,0.4243,0.162778,0.55204,0,1.0305,0.5874,0.0254,0.0566
"Cristofer Soriano","sa3021827",4.7079,1.499,9.5877,0.288756,7.47162,0.5231,1.0653,0.166556,0.83018,0,1.1582,0.8757,0.0296,0.0517
"Cristofher Carrasco","sa3020335",6.0732,1.564,6.561,0.275531,6.24852,0.6748,0.729,0.173778,0.69428,0,1.1005,0.7354,0.0204,0.0509
"Cristopher Castro","sa3016218",5.4009,1.4,5.6736,0.278729,5.77467,0.6001,0.6304,0.155556,0.64163,0,1.1179,0.6851,0.005,0.0459
"Cristopher Cruz","sa3015301",4.1121,1.659,7.9299,0.296265,7.40862,0.4569,0.8811,0.184333,0.82318,0,1.2074,0.8675,0.015,0.0525
"Cristopher Molina","sa828598",7.1784,1.332,3.4479,0.262001,4.73292,0.7976,0.3831,0.148,0.52588,0,1.0343,0.563,0.0163,0.0512
"Cristopher Presinal","sa3022233",4.473,1.593,8.793,0.292272,7.49016,0.497,0.977,0.177,0.83224,0,1.1811,0.8774,0.014,0.0539
"Cristopher Sanchez","20778",7.71991117647059,0.884427470588235,2.36719529411765,0.251796588235294,3.77865882352941,144.464611526355,44.2968683824452,16.5109558543618,70.6923837737793,0,163.306571428571,76.0033714285714,0,5.72454714285714
"Cruz Noriega","sa3005702",5.947725,1.27786,2.70398,0.2739435,4.77129,22.33875,9.66135,5.068778,18.2666,0,38.0526,19.7865,0.0052,1.52155
"Cullen Kafka","sa3017818",5.1183,1.33,4.3443,0.283595,5.43708,0.5687,0.4827,0.147778,0.60412,0,1.1411,0.648,0.0111,0.0476
"Curtis Taylor","sa917970",7.4376,1.216,3.7179,0.254917,4.47822,0.8264,0.4131,0.135111,0.49758,0,0.9954,0.5348,0.0224,0.0511
"Cy Nielson","sa3020321",7.41967,1.021565,4.43162,0.2534535,4.704975,22.41165,13.2485,3.057222,14.75073,0,26.5029,15.7707,0.5119,4.53355
"DJ Herz","26389",9.61113764705882,1.19015882352941,4.292215,0.229613,4.29499411764706,121.743912501346,54.2666141608189,15.0768599414687,54.234994260792,0.816969,97.1117142857143,57.6566,0,6.40547
"DJ McCarty","sa3015222",6.3711,1.36,4.0815,0.272807,5.21577,0.7079,0.4535,0.151111,0.57953,0,1.0882,0.6213,0.0035,0.0706
"DJ Snelten","15949",8.5932,1.209,4.8807,0.244218,4.41216,0.9548,0.5423,0.134333,0.49024,0,0.9429,0.528,0.0257,0.0468
"DL Hall","22207",9.63516705882353,1.05744947058824,4.03138941176471,0.229497058823529,3.95426941176471,66.8359849268235,27.9666156478339,7.2970989090692,27.4076573345913,1.3278,55.0223285714286,30.1395571428571,0,3.47022857142857
"Dahian Santos","sa3015282",8.43923,1.35752,4.837765,0.2403045,4.97983,22.4666,13.74845,3.575889,13.764235,0,21.4748,14.7816,0.0085,3.02985
"Dailoui Abad","sa3016027",5.8122,1.535,6.2307,0.278984,6.1101,0.6458,0.6923,0.170556,0.6789,0,1.1144,0.721,0.0274,0.0502
"Dairon De Jesus","sa3017765",4.9437,1.595,8.6427,0.287059,7.30269,0.5493,0.9603,0.177222,0.81141,0,1.1559,0.8546,0.0291,0.053
"Daison Acosta","sa944989",7.99779,1.116315,4.80871,0.24624,4.68841,23.4403,14.75165,3.0655555,14.24803,0,24.9735,15.2668,1.5127,2.025
"Daiveyon Whittle","sa3007617",4.6395,1.508,4.5891,0.288696,5.8896,0.5155,0.5099,0.167556,0.6544,0,1.1717,0.6977,0.0049,0.0445
"Dakody Clemmer","sa918421",7.9452,1.266,5.0427,0.252347,4.91715,0.8828,0.5603,0.140667,0.54635,0,0.9813,0.5837,0.026,0.058
"Dakota Chalmers","sa875017",9.3067,1.10546,6.397595,0.2357435,4.871565,17.5142,13.798,2.0616665,9.750765,0,14.9573,10.76925,0.0129,2.0265
"Dakota Donovan","sa3014783",7.2603,1.211,3.987,0.259458,4.66776,0.8067,0.443,0.134556,0.51864,0,1.0171,0.5574,0.0255,0.0599
"Dakota Hawkins","sa3023103",6.270485,1.30158,3.35075,0.2649165,4.815105,27.35795,15.1841,5.575611,21.76525,0,43.03055,23.285,0.0044,1.0204
"Dakota Hudson","19206",5.86899529411765,1.13493411764706,3.71980470588235,0.273288470588235,4.98808823529412,21.3811971967889,13.8969366979531,4.26102418269896,18.6814861487059,0.859114571428571,34.1533857142857,19.1649,0,1.75656571428571
"Dakota Mekkes","sa915807",7.1883,1.306,4.0212,0.261489,4.84335,0.7987,0.4468,0.145111,0.53815,0,1.0282,0.5761,0.0218,0.0531
"Dale Stanavich","sa3019833",8.61667,1.165305,4.45643,0.24751,4.387175,24.96445,12.74365,3.5590555,12.735955,0,24.47775,13.75495,0.5127,2.0238
"Dallas Keuchel","9434",5.56234583333333,1.21949166666667,3.6234375,0.28323625,4.83764166666667,23.2814403333333,15.5853399444444,5.45429121296296,20.5995457407407,0,42.0641,21.27305,0.00245,1.01825
"Dallas Woolfolk","sa3007771",5.2551,1.645,6.0813,0.282079,6.43383,0.5839,0.6757,0.182778,0.71487,0,1.1396,0.7545,0.0276,0.0553
"Dalton Fowler","sa3023125",5.9202,1.311,6.8184,0.275882,5.84478,0.6578,0.7576,0.145667,0.64942,0,1.0923,0.6933,0.0243,0.0481
"Dalton Moats","sa738506",7.723125,1.2065,3.573,0.250157,4.45671,13.93625,6.2095,2.0715555,8.24519,0,16.48785,8.7625,0.5126,0.52005
"Dalton Roach","sa3010567",7.26354,1.49558,3.207285,0.260407,4.85197,25.89775,11.1798,4.5939445,16.77426,0,33.01195,18.29035,0.5126,1.5229
"Dalton Rogers","sa3020479",6.5088,1.253,5.4513,0.273114,5.42529,0.7232,0.6057,0.139222,0.60281,0,1.0776,0.6455,0.0035,0.0407
"Dalton Stambaugh","sa3011252",6.9912,1.38,3.8358,0.259131,4.73202,0.7768,0.4262,0.153333,0.52578,0,1.0202,0.5613,0.0254,0.0418
"Damian Jimenez","sa3021491",4.0113,1.511,7.2684,0.297322,6.97221,0.4457,0.8076,0.167889,0.77469,0,1.209,0.8213,0.0077,0.0491
"Damian Mendoza","sa3005430",6.65027,1.383,3.69622,0.266412,5.19937,19.8689,10.71145,4.568278,16.764615,0,29.02645,18.2847,0.0111,2.5259
"Damon CasettaStubbs","sa3008387",5.4738,1.482,5.8797,0.280155,6.06384,0.6082,0.6533,0.164667,0.67376,0,1.1246,0.7151,0.0273,0.0515
"Dan Altavilla","16507",8.52230088235294,1.38500235294118,4.23958029411765,0.252247117647059,4.51202588235294,23.4936816391096,11.7262385040969,3.83707400692042,12.4449703240415,0.878738571428571,24.2832857142857,14.0796857142857,0,1.09861285714286
"Dan Hammer","sa3011525",7.989815,1.377475,6.460015,0.252958,5.566955,18.9287,16.80835,3.078611,13.29597,0,20.00335,14.31475,0.0132,2.52645
"Dan Straily","9460",6.621765,1.64172,3.683475,0.269738,5.30775,21.36275,12.68725,5.584722,17.778915,0,31.53235,19.29745,0.0016,1.5195
"Dan Winkler","12237",7.5924,1.266,4.5963,0.256341,4.8708,0.8436,0.5107,0.140667,0.5412,0,1.0005,0.5789,0.0251,0.0623
"Dane Acker","sa3014924",7.44237571428571,1.44421571428571,3.94773,0.252027428571429,5.00309428571429,15.7844157142857,8.30958285714286,2.89237142857143,10.6402128571429,0,18.4802285714286,11.3986385714286,0,0.926031571428571
"Dane Dunning","19409",7.95663764705882,1.25025382352941,3.365345,0.252337764705882,4.49065117647059,74.4457489029727,31.5476559316286,11.7630553089712,42.162778819474,4.84297714285714,82.1255,44.6635285714286,0,4.81553571428571
"Danery Tejada","sa3019673",4.8078,1.553,8.883,0.287303,7.31826,0.5342,0.987,0.172556,0.81314,0,1.1547,0.8573,0.0292,0.0569
"Daniel Bard","7115",8.54258705882353,1.15854482352941,4.99310941176471,0.240195764705882,4.77348,27.8991145688581,16.6584750975778,3.80634392618224,15.8158626763552,0.185522857142857,27.0021,17.0668842857143,0,2.53825142857143
"Daniel Blair","sa3020744",5.6637,1.328,4.1616,0.274204,5.26185,0.6293,0.4624,0.147556,0.58465,0,1.1023,0.6258,0.0207,0.0536
"Daniel Camarena","14467",5.828525,1.37837,3.208785,0.2731855,4.9141,17.3402,10.1757,4.571778,16.25668,0,32.0348,17.7758,0.5132,1.523
"Daniel Castano","19805",6.751,1.16971428571429,2.85135714285714,0.261295,4.14461428571429,2.64218515192745,1.22237762358277,0.565927022675739,1.93169751473924,0,1.0116,0.4957,0.0218,0.0416
"Daniel Corniel","sa3019395",5.4603,1.643,5.0382,0.279335,5.97807,0.6067,0.5598,0.182556,0.66423,0,1.1248,0.7055,0.0031,0.0515
"Daniel Duarte","17480",8.12340472222222,1.1390225,4.10195916666667,0.244677083333333,4.52223194444444,18.6086175929218,9.83375531067901,2.6469480637963,10.8083525766461,0,18.98485,11.7624,0.01195,2.02565
"Daniel Federman","sa3017460",5.796,1.582,3.6261,0.278211,5.40162,0.644,0.4029,0.175778,0.60018,0,1.1203,0.6398,0.0057,0.0463
"Daniel Gonzalez","sa3015957",6.1506,1.436,7.3494,0.271334,6.06042,0.6834,0.8166,0.159556,0.67338,0,1.0712,0.7155,0.0278,0.0575
"Daniel Gossett","16164",6.561,1.339,3.5334,0.270871,4.94604,0.729,0.3926,0.148778,0.54956,0,1.0798,0.5895,0.0056,0.042
"Daniel Guerra","sa3019786",5.193,1.738,5.1876,0.284539,6.35706,0.577,0.5764,0.193111,0.70634,0,1.1587,0.7461,0.0038,0.0464
"Daniel Guerrero","sa3017789",4.2696,1.549,6.6645,0.29479,6.80472,0.4744,0.7405,0.172111,0.75608,0,1.199,0.8013,0.0061,0.0552
"Daniel Harper","sa3020316",7.083,1.361,4.53825,0.258907,5.15952,15.8995,10.74175,3.076222,12.27328,0,21.00905,13.2921,0.51285,0.521
"Daniel Hudson","7146",9.319075,1.35542916666667,3.37337916666667,0.234912916666667,4.10019166666667,25.660775037037,9.92926413580247,3.93872009876543,11.7466054135802,0,21.45325,12.23145,0.511,0.5195
"Daniel Juarez","sa3011139",7.75958,1.232325,4.483215,0.245225,4.708845,17.9322,10.74015,2.5755,11.252935,0,19.9768,12.27025,0.01275,1.52355
"Daniel Keaney","sa3023598",4.8609,1.685,7.1343,0.292108,7.0425,0.5401,0.7927,0.187222,0.7825,0,1.1899,0.8259,0.013,0.0528
"Daniel Lloyd","sa3017538",6.0273,1.466,3.6018,0.274302,5.14413,0.6697,0.4002,0.162889,0.57157,0,1.0974,0.6117,0.0097,0.0471
"Daniel Lynch IV","21537",7.18325558823529,1.21404735294118,2.88064,0.262461294117647,4.57827529411765,52.9905346779412,21.279270553787,8.98853824460784,33.7397212636294,3.92598714285714,68.6379571428571,35.4996,0,2.57301714285714
"Daniel Martinez","sa3007734",6.8058,1.459,3.6774,0.264432,5.03037,0.7562,0.4086,0.162111,0.55893,0,1.049,0.5954,0.0145,0.0534
"Daniel Mejia","sa3017144",4.0923,1.654,6.8931,0.296971,7.10361,0.4547,0.7659,0.183778,0.78929,0,1.2136,0.8337,0.0047,0.0545
"Daniel Mengden","16980",6.6924,1.294,3.4677,0.266149,4.73517,0.7436,0.3853,0.143778,0.52613,0,1.0548,0.5652,0.0162,0.0465
"Daniel Missaki","sa741947",8.87318,1.166825,4.678305,0.2399335,4.59674,15.99695,9.2359,2.0665555,8.74261,0,14.97125,9.2606,0.011,0.5215
"Daniel Norris","13475",7.44442857142857,1.14542857142857,3.52578571428571,0.257154285714286,4.74402857142857,3.03867874829932,1.32311703401361,0.433219380952381,2.1264478367347,0,1.0114,0.5291,0.0216,0.0507
"Daniel Nunan","sa3011529",5.6205,1.523,6.2244,0.275439,6.05817,0.6245,0.6916,0.169222,0.67313,0,1.1033,0.7123,0.0274,0.0468
"Daniel Nunez","sa3018805",4.6359,1.496,7.9056,0.287488,6.88302,0.5151,0.8784,0.166222,0.76478,0,1.1576,0.8093,0.0065,0.057
"Daniel Nunez","sa3023597",5.5935,1.372,4.1895,0.282536,5.54157,0.6215,0.4655,0.152444,0.61573,0,1.1391,0.657,0.0081,0.0468
"Daniel Palencia","27914",10.2717333333333,0.884673866666667,4.54093966666667,0.221709466666667,3.94465933333333,44.6932563147654,19.6232339581852,3.86809351836049,17.1179578535615,0.973496666666667,32.3709666666667,18.41675,0,2.39041166666667
"Daniel Ponce de Leon","16110",7.0758,1.491,3.8565,0.26056,4.9932,0.7862,0.4285,0.165667,0.5548,0,1.0289,0.589,0.0224,0.0467
"Daniel Robert","21229",8.94939588235294,1.156115,3.81058058823529,0.227892117647059,4.12716058823529,30.6929032313087,12.9890443299769,3.95935180971972,14.111960996293,1.03787,27.3641571428571,15.8961428571429,0,1.96982
"Daniel Tillo","sa876284",6.3063,1.07,4.1274,0.269288,4.60854,0.7007,0.4586,0.118889,0.51206,0,1.0621,0.5556,0.0119,0.0503
"Daniel Zamora","17811",7.2306,1.22,3.9789,0.257534,4.5621,0.8034,0.4421,0.135556,0.5069,0,1.0076,0.5448,0.0253,0.0584
"Daniele Di Monte","sa3011340",4.365,1.574,9.7551,0.293045,7.80201,0.485,1.0839,0.174889,0.86689,0,1.1832,0.9121,0.0299,0.0625
"Danis Correa","sa3002980",7.848615,1.211605,4.81964,0.249485,4.84673,17.4247,10.7592,2.5688335,10.76221,0,18.4888,11.7813,0.01215,2.02915
"Dannel Diaz","sa3020822",6.8013,1.13,5.9463,0.262925,5.07123,0.7557,0.6607,0.125556,0.56347,0,1.0263,0.6065,0.0204,0.0499
"Danny Carrion","sa3023214",5.4297,1.405,7.0893,0.28278,6.47613,0.6033,0.7877,0.156111,0.71957,0,1.1344,0.7618,0.028,0.0507
"Danny Cody","sa3010662",5.5359,1.45,6.0111,0.279925,6.04908,0.6151,0.6679,0.161111,0.67212,0,1.1218,0.7139,0.0273,0.0506
"Danny Coulombe","13293",9.06778235294118,1.09455541176471,2.84656794117647,0.236434882352941,3.69651411764706,49.5353012771088,15.5278994589519,5.9766667207797,20.2350074181469,5.21302857142857,44.0480714285714,21.0825714285714,0,1.65683571428571
"Danny Denz","sa3015368",5.8167,1.483,5.8599,0.274859,5.89554,0.6463,0.6511,0.164778,0.65506,0,1.0985,0.6951,0.0155,0.0513
"Danny Dopico","sa875346",8.0793,1.211,4.2786,0.252633,4.59333,0.8977,0.4754,0.134556,0.51037,0,0.9833,0.5473,0.0255,0.0454
"Danny Duffy","3542",7.88935,1.392665,5.1321,0.2529165,5.080015,12.43215,9.2369,2.0806665,8.26815,0,13.98925,8.78525,0.00215,0.0188
"Danny Flatt","sa3023618",5.13,1.777,5.2686,0.287069,6.33978,0.57,0.5854,0.197444,0.70442,0,1.1715,0.7461,0.0053,0.0457
"Danny Hilario","sa3018865",4.8591,1.568,9.0792,0.2865,7.37424,0.5399,1.0088,0.174222,0.81936,0,1.1511,0.8634,0.0293,0.0524
"Danny Kirwin","sa3023553",5.2299,1.425,4.9869,0.289762,6.01299,0.5811,0.5541,0.158333,0.66811,0,1.17,0.7111,0.0121,0.0451
"Danny Mendick","18889",1.28571,2.57143,2.57143,0.323529,7.71429,1,2,2,6,0,11,6,0,0
"Danny Moreno","sa3006615",4.9932,1.255,6.3324,0.284471,5.94198,0.5548,0.7036,0.139444,0.66022,0,1.1374,0.7063,0.0275,0.0581
"Danny Watson","sa3017952",7.201595,1.49641,3.83711,0.255806,5.078035,17.90245,9.2218,3.586722,12.780135,0,22.012,13.7979,0.0129,2.53085
"Danny Wilkinson","sa3020747",7.8624,1.382,6.9228,0.248929,5.3991,0.8736,0.7692,0.153556,0.5999,0,0.9591,0.6381,0.027,0.0489
"Danny Wirchansky","sa3023469",6.260935,1.35292,2.78809,0.264235,4.49634,31.85695,14.15925,7.0750555,23.746905,0,50.01975,25.7661,0.0026,1.01955
"Danny Young","18439",9.94761176470588,0.782930764705882,4.16016147058824,0.223340470588235,4.06376235294118,58.6917060710588,24.4838464678497,4.60874050421338,23.9960150274817,10.0317357142857,45.4361857142857,25.0077285714286,0,5.92348
"Dante Biasi","sa3010647",7.4196,1.442,4.6179,0.253148,4.9626,0.8244,0.5131,0.160222,0.5514,0,0.9911,0.5864,0.0187,0.0488
"Dante Mendoza","sa3005361",6.8013,1.275,5.6907,0.265295,5.35203,0.7557,0.6323,0.141667,0.59467,0,1.0433,0.6357,0.0266,0.0481
"Dany Jimenez","21170",9.07745181818182,1.40081863636364,4.62817545454546,0.236905636363636,4.81647545454545,18.9461455915978,9.74047220730028,2.86405385158402,10.1625291696511,0.6196925,14.6877925,9.92314,0.43734975,0.85042825
"Danyony Pulido","sa3015502",5.2902,1.583,5.6952,0.281045,6.13224,0.5878,0.6328,0.175889,0.68136,0,1.1239,0.7242,0.0041,0.0522
"Darcy Longstaff","sa3022180",4.3317,2.098,6.741,0.303147,7.69356,0.4813,0.749,0.233111,0.85484,0,1.2563,0.8976,0.007,0.0498
"Darian Rivero","sa3024528",3.9285,1.735,6.9084,0.299893,7.32195,0.4365,0.7676,0.192778,0.81355,0,1.2322,0.8573,0.0038,0.0556
"Dariel Francia","sa3021526",5.2002,1.499,8.1279,0.283025,6.8697,0.5778,0.9031,0.166556,0.7633,0,1.1323,0.8075,0.0208,0.0512
"Dariel Polanco","sa3022419",3.4614,1.713,5.9787,0.302178,6.99102,0.3846,0.6643,0.190333,0.77678,0,1.246,0.8212,0.0038,0.0493
"Darien Nunez","21197",8.8074,1.348,4.1013,0.245534,4.42719,0.9786,0.4557,0.149778,0.49191,0,0.9484,0.5264,0.0192,0.0407
"Darin Gillies","sa875269",7.9182,1.256,3.6927,0.252966,4.48281,0.8798,0.4103,0.139556,0.49809,0,0.9872,0.5337,0.0252,0.0422
"Dario Gardea","sa3007598",6.9822,1.36,3.6828,0.256375,4.75002,0.7758,0.4092,0.151111,0.52778,0,1.0115,0.5632,0.0255,0.0524
"Darius Vines","25928",6.57481666666667,1.45788916666667,2.7898675,0.272244027777778,4.84186666666667,33.8772113277778,14.3610300336728,7.40221535114198,24.2108428231481,0,49.5442,26.29005,0.00445,1.0198
"Darlin Alcantara","sa3011436",5.0544,1.379,6.4071,0.284654,6.15879,0.5616,0.7119,0.153222,0.68431,0,1.1426,0.7286,0.0276,0.0501
"Darlin Mendez","sa3021035",4.7088,1.548,9.3663,0.289227,7.51329,0.5232,1.0407,0.172,0.83481,0,1.1633,0.8796,0.0296,0.0552
"Darlin Noboa","sa3006821",4.8861,1.505,8.4429,0.287317,7.08255,0.5429,0.9381,0.167222,0.78695,0,1.1547,0.8314,0.0289,0.051
"Darlin Pinales","sa3016211",6.2028,1.111,7.812,0.275818,6.04755,0.6892,0.868,0.123444,0.67195,0,1.0846,0.718,0.028,0.0517
"Darlin Saladin","sa3015949",5.8401,1.362,3.879,0.271359,5.06043,0.6489,0.431,0.151333,0.56227,0,1.0799,0.6032,0.0035,0.0454
"Darling Florentino","sa3006901",5.4135,1.401,6.4494,0.280027,6.10236,0.6015,0.7166,0.155667,0.67804,0,1.1191,0.7212,0.0275,0.051
"Darling Solano","sa3019246",4.5441,1.529,8.2719,0.291371,7.22853,0.5049,0.9191,0.169889,0.80317,0,1.1758,0.8487,0.015,0.0675
"Darlyn De La Cruz","sa3019139",4.9806,1.535,8.6652,0.286127,7.1919,0.5534,0.9628,0.170556,0.7991,0,1.149,0.8431,0.0291,0.0565
"Darrell Thompson","sa3020814",8.83649,1.241915,4.331395,0.241713,4.48066,18.4631,9.2219,2.5659445,9.238485,0,15.9778,9.7562,0.0126,1.5245
"Darren Bowen","sa3020945",5.7681,1.621,4.0842,0.280021,5.7564,0.6409,0.4538,0.180111,0.6396,0,1.1326,0.6784,0.0033,0.0525
"Darren McCaughan","20038",7.02119818181818,1.66699090909091,2.82290954545455,0.258371636363636,4.77242727272727,29.5804373709091,11.4134433397107,6.47779102696051,19.1787028768595,0.02829275,41.295675,22.401375,0.12138675,2.49638675
"Darren O'Day","3321",7.6707,1.372,3.4074,0.256644,4.69188,0.8523,0.3786,0.152444,0.52132,0,1.0092,0.5554,0.0268,0.0461
"Darvin Garcia","sa3011716",6.1101,1.194,5.3667,0.278774,5.5134,0.6789,0.5963,0.132667,0.6126,0,1.1057,0.6561,0.0267,0.0524
"Darwin Rodriguez","sa3018877",4.6116,1.556,9.1827,0.290415,7.53507,0.5124,1.0203,0.172889,0.83723,0,1.1711,0.8817,0.0295,0.0542
"Darwin Rodriguez","sa3021497",4.3389,1.412,7.0407,0.291364,6.53337,0.4821,0.7823,0.156889,0.72593,0,1.1774,0.7714,0.0099,0.0517
"Darwinzon Hernandez","19848",9.9576,1.012,4.734,0.227701,3.90663,1.1064,0.526,0.112444,0.43407,0,0.8547,0.4698,0.0229,0.0664
"Daulton Jefferies","19345",6.72257944444444,1.23238361111111,2.86557333333333,0.269500555555556,4.642065,20.7299168370885,8.66224995817901,3.77714770360082,14.8160168509259,0,30.03325,15.773,0.00945,1.5227
"Dauri Moreta","21101",9.25250676470588,1.21596205882353,3.60959941176471,0.232915647058824,4.05030588235294,38.1787174783772,14.9040858716747,4.90747374593426,16.6804284882491,1.05382571428571,32.7437142857143,18.1046285714286,0,1.88984142857143
"Daury Cabrera","sa3005706",5.2362,1.503,5.229,0.283817,5.985,0.5818,0.581,0.167,0.665,0,1.1452,0.707,0.0133,0.049
"Daury Vasquez","sa3021767",4.2561,1.61,7.2099,0.294336,7.06401,0.4729,0.8011,0.178889,0.78489,0,1.1968,0.8296,0.007,0.0558
"Daury Zapata","sa3020986",4.4289,1.624,9.1683,0.291698,7.63722,0.4921,1.0187,0.180444,0.84858,0,1.1798,0.8927,0.0296,0.0547
"David  Landeta","sa3019523",4.6521,1.542,7.7193,0.290691,6.99714,0.5169,0.8577,0.171333,0.77746,0,1.1698,0.8229,0.0192,0.0531
"David Bednar","19569",9.41189323529412,1.00215535294118,3.39251588235294,0.229466058823529,3.87621352941176,66.41215806306,23.8384017027889,7.01210515261246,27.4345954520115,3.88766285714286,56.0318857142857,28.9957428571429,0,2.55314571428571
"David Bracho","sa3019080",4.1184,1.56,7.497,0.296329,7.09722,0.4576,0.833,0.173333,0.78858,0,1.2028,0.8343,0.0119,0.052
"David Buchanan","11176",6.05512090909091,1.47754590909091,2.94101772727273,0.286319636363636,5.75968,24.5086619876731,10.6369121570292,5.69082925797025,22.0276910949025,0,41.0549575,22.4393975,0.04930505,1.21191175
"David Davalillo","sa3020448",5.94,1.412,3.7539,0.277588,5.21118,0.66,0.4171,0.156889,0.57902,0,1.1151,0.6208,0.0032,0.0418
"David Dominguez","sa3018885",4.9374,1.442,9.639,0.283316,7.20963,0.5486,1.071,0.160222,0.80107,0,1.1308,0.8455,0.0296,0.0577
"David Ellingson","sa873708",7.4835,1.211,3.8052,0.259102,4.60953,0.8315,0.4228,0.134556,0.51217,0,1.0163,0.5501,0.0254,0.0558
"David Festa","30056",9.58343529411765,1.09313264705882,3.25626,0.235023764705882,3.99750058823529,113.239898081907,38.4261901670819,12.9520160580219,47.2242245528451,0.856901142857143,96.9043714285714,51.0313142857143,0,4.40187428571429
"David Fletcher","17992",2.97111,1.73315,4.58047,0.304918,6.9326,24,37,14,56,0,93,61,0,14
"David Griffin","sa3015136",6.15438,1.412845,3.515665,0.268419,5.030495,21.84945,14.1729,5.079222,18.77123,0,35.03735,20.29,0.00845,2.02245
"David Hale","9756",6.921,1.287,3.2013,0.265247,4.60836,0.769,0.3557,0.143,0.51204,0,1.0499,0.5497,0.0239,0.0431
"David Hess","16130",6.7968,1.599,3.6657,0.269321,5.28165,0.7552,0.4073,0.177667,0.58685,0,1.0789,0.6213,0.0258,0.0437
"David Leal","sa1171029",5.755115,1.34537,2.298965,0.2694005,4.633705,24.32655,9.1381,5.577778,20.2541,0,42.0367,21.77255,0.00935,3.0276
"David Lorduy","sa3019135",5.6178,1.842,4.6323,0.286837,6.21315,0.6242,0.5147,0.204667,0.69035,0,1.1682,0.731,0.0088,0.0446
"David McKay","19814",7.0389,1.372,3.8016,0.264299,4.90392,0.7821,0.4224,0.152444,0.54488,0,1.0471,0.5816,0.0253,0.0408
"David Morgan","sa3020260",7.050125,1.345825,3.71451,0.2560175,4.758685,20.3965,10.2193,4.0721665,14.25795,0,26.50155,15.2768,0.5127,2.52515
"David Morillo","sa3009610",4.9572,1.517,8.2899,0.285373,7.02594,0.5508,0.9211,0.168556,0.78066,0,1.1454,0.8247,0.0289,0.0602
"David Olivo","sa3016048",4.3956,1.537,9.594,0.29229,7.65063,0.4884,1.066,0.170778,0.85007,0,1.1779,0.8957,0.0298,0.0591
"David Parkinson","sa3004857",5.968085,1.36198,3.314385,0.271442,5.0648,26.3285,14.68165,6.074111,23.266745,0,43.04105,25.2867,0.0029,2.5257
"David Peterson","20302",8.48524705882353,0.968342529411765,3.67623794117647,0.244931764705882,4.02571764705882,131.747586988235,57.033361986732,15.000388791707,62.4626533838985,0.837000285714286,134.153857142857,67.5073857142857,0,7.09700857142857
"David Phelps","6316",8.379,1.202,3.8277,0.249158,4.40226,0.931,0.4253,0.133556,0.48914,0,0.9696,0.5246,0.0218,0.0472
"David Price","3184",7.209,1.061,2.9232,0.259574,4.00104,0.801,0.3248,0.117889,0.44456,0,1.0181,0.4834,0.0398,0.041
"David Robertson","8241",10.8735764705882,0.902720117647059,3.66796705882353,0.212796823529412,3.30997058823529,66.4970556530565,22.321288839677,5.56949769134948,20.2265261693195,1.41981285714286,43.9372142857143,22.9809,0,2.83734
"David Rodriguez","sa3018810",4.2291,1.536,6.1875,0.291741,6.48936,0.4699,0.6875,0.170667,0.72104,0,1.1866,0.7647,0.0038,0.0512
"David Rodriguez","sa3023659",5.0337,1.617,4.9923,0.289937,6.22593,0.5593,0.5547,0.179667,0.69177,0,1.1819,0.7331,0.0078,0.0439
"David Sanchez","sa917183",5.3145,1.361,7.1919,0.285654,6.55146,0.5905,0.7991,0.151222,0.72794,0,1.1463,0.7715,0.0281,0.059
"David Sandlin","sa3020606",7.92215,1.5165,2.92975,0.261951,4.77503,32.92885,11.17275,6.578222,19.26667,0,38.5161,20.78415,0.00145,0.51965
"David Tiburcio","sa3016010",4.8231,1.478,5.9472,0.287238,6.23133,0.5359,0.6608,0.164222,0.69237,0,1.1605,0.7357,0.0237,0.049
"Davidxon Lara","sa3022127",4.7727,1.433,7.7895,0.287539,6.7473,0.5303,0.8655,0.159222,0.7497,0,1.1547,0.7949,0.0285,0.0517
"Davis Daniel","27582",7.85193764705882,1.19487176470588,2.59371911764706,0.25415,4.22917411764706,28.8641506973779,9.69133023726067,4.37994478119954,15.7031808218685,0.851478,32.0389,16.3451285714286,0,1.62834657142857
"Davis Feldman","sa3021464",6.6231,1.34,3.4974,0.268976,4.89492,0.7359,0.3886,0.148889,0.54388,0,1.0691,0.5832,0.0078,0.0447
"Davis Martin","21448",7.86137147058824,1.28740705882353,3.29517970588235,0.252328411764706,4.43198294117647,100.660425755571,42.2325613226298,16.6042141730104,56.8968927811765,0,116.528571428571,63.4350285714286,0,6.36711142857143
"Davis Polo","sa3019637",4.9554,1.556,4.2291,0.289194,5.8644,0.5506,0.4699,0.172889,0.6516,0,1.1776,0.6935,0.0043,0.0431
"Davis Schwab","sa3010651",6.3684,1.265,6.1164,0.268068,5.43294,0.7076,0.6796,0.140556,0.60366,0,1.0571,0.6453,0.027,0.043
"Davis Sharpe","sa3018112",6.900235,1.34008,2.914855,0.2617515,4.52207,21.8895,8.67475,4.078722,13.76561,0,30.02415,14.7835,0.51265,2.02475
"Davison Palermo","sa3020480",5.6457,1.467,5.2911,0.293136,6.21675,0.6273,0.5879,0.163,0.69075,0,1.1872,0.7339,0.0271,0.0611
"Dawel Serda","sa3021486",4.2867,1.675,6.7203,0.294308,6.99885,0.4763,0.7467,0.186111,0.77765,0,1.2006,0.8213,0.0051,0.0509
"Dawil Almonte","sa3019084",6.0696,1.481,5.04,0.274607,5.6628,0.6744,0.56,0.164556,0.6292,0,1.0942,0.6691,0.0265,0.0464
"Dawry Segura","sa3017102",5.3298,1.791,5.9103,0.285845,6.55416,0.5922,0.6567,0.199,0.72824,0,1.1587,0.7679,0.0275,0.0467
"Dax Fulton","sa3014535",7.2891,1.099,3.5928,0.260074,4.35996,0.8099,0.3992,0.122111,0.48444,0,1.0185,0.5249,0.0037,0.0466
"Dayan Reinoso","sa3017900",5.7951,1.401,6.5016,0.277082,6.04665,0.6439,0.7224,0.155667,0.67185,0,1.1042,0.7143,0.0275,0.0455
"Dayeison Arias","sa3002812",7.9884,1.388,4.2957,0.249313,4.80591,0.8876,0.4773,0.154222,0.53399,0,0.9714,0.5681,0.0256,0.0574
"Daysbel Hernandez","20271",10.7786135294118,0.971707411764706,4.65621676470588,0.220745882352941,3.72300176470588,65.3003171835309,28.209225904985,5.97150876585006,22.6088909789081,10.6551914285714,46.4328285714286,25.1859857142857,0,3.38840142857143
"Dean Kremer","19350",7.84322117647059,1.28744441176471,3.01600294117647,0.248540470588235,4.22272764705882,118.128648815502,45.4341875866666,19.3853030707343,63.6782262215917,0,130.636428571429,69.0872142857143,0,4.74369285714286
"Deck McGuire","11596",6.5529,1.842,3.6558,0.277087,5.69376,0.7281,0.4062,0.204667,0.63264,0,1.1191,0.67,0.0048,0.046
"Declan Cronin","25645",7.93087882352941,0.756406176470588,3.36977529411765,0.252949058823529,3.84980176470588,58.6070567169935,24.9938689104575,5.57659171911765,28.3705693251634,12.6865714285714,66.4169,31.8326571428571,0,4.17349285714286
"Dedniel Nunez","23055",10.6964282352941,0.940907,3.26841970588235,0.214241529411765,3.33469176470588,58.0662266228235,17.8262543562418,5.08719288185121,18.1226085387897,5.08911428571429,40.4966142857143,20.4333285714286,0,1.25021571428571
"Deibi Rodriguez","sa3022137",4.2174,1.62,6.3378,0.295718,6.82992,0.4686,0.7042,0.18,0.75888,0,1.2073,0.8032,0.0038,0.0522
"Deiver Oliveros","sa3021994",4.122,1.508,8.3133,0.294333,7.21737,0.458,0.9237,0.167556,0.80193,0,1.1914,0.8477,0.029,0.0565
"Deivi Garcia","20276",9.57968727272727,1.39119454545455,4.61792272727273,0.230581090909091,4.70482181818182,29.5368459246942,14.3713159833884,4.36643517180165,14.6318855693003,0.2895425,24.68055,15.969025,0.33684675,2.538495
"Deivy Cruz","sa3016013",6.7131,1.289,6.2523,0.264257,5.42088,0.7459,0.6947,0.143222,0.60232,0,1.0366,0.6439,0.0271,0.0666
"Deivy Paulino","sa3024516",4.221,1.634,6.318,0.29603,6.85692,0.469,0.702,0.181556,0.76188,0,1.2094,0.806,0.0038,0.0536
"Dellin Betances","6216",7.3134,1.27,4.0455,0.259225,4.8159,0.8126,0.4495,0.141111,0.5351,0,1.0165,0.5725,0.025,0.0542
"Delvin Capellan","sa3002996",5.913,1.428,5.3181,0.275444,5.6943,0.657,0.5909,0.158667,0.6327,0,1.1004,0.6732,0.0268,0.0481
"Delvis Alegre","sa3006352",5.5008,1.31,5.8347,0.27988,5.74893,0.6112,0.6483,0.145556,0.63877,0,1.1177,0.6825,0.0271,0.0442
"Demarcus Evans","21087",8.082,1.413,4.3407,0.251381,4.86837,0.898,0.4823,0.157,0.54093,0,0.9833,0.5745,0.0245,0.0411
"Dencer Geraldo","sa3017619",4.5603,1.463,9.0117,0.290162,7.27488,0.5067,1.0013,0.162556,0.80832,0,1.1659,0.8543,0.0293,0.0596
"Denis Reguillo","sa3019535",4.9167,1.372,6.8472,0.285034,6.30261,0.5463,0.7608,0.152444,0.70029,0,1.1427,0.7453,0.0279,0.0562
"Denison Sanchez","sa3018907",4.6881,1.53,9.8361,0.28777,7.62894,0.5209,1.0929,0.17,0.84766,0,1.1537,0.8929,0.0299,0.069
"Dennis Boatman","sa3017778",6.5898,1.508,5.9373,0.27512,5.87466,0.7322,0.6597,0.167556,0.65274,0,1.0955,0.6951,0.0271,0.0464
"Dennis Santana","17878",8.76704617647059,0.994092176470588,3.52206529411765,0.240894882352941,4.11134705882353,63.5778835277474,25.7718957625306,7.07023993330911,29.854253725138,12.1292428571429,60.3657571428571,32.0445285714286,0,3.35711285714286
"Denny Bentley","sa3007931",7.488,1.166,4.0563,0.254878,4.41153,0.832,0.4507,0.129556,0.49017,0,0.994,0.5282,0.0254,0.0434
"Denny Larrondo","sa3010654",5.6538,1.481,6.0894,0.280706,6.31782,0.6282,0.6766,0.164556,0.70198,0,1.1265,0.7436,0.0032,0.0613
"Denny Lima","sa3021787",4.3542,1.65,6.8346,0.29317,6.95385,0.4838,0.7594,0.183333,0.77265,0,1.1937,0.8161,0.0128,0.0519
"Denny Roman","sa3007608",5.7888,1.283,5.7726,0.276371,5.63247,0.6432,0.6414,0.142556,0.62583,0,1.1033,0.6666,0.027,0.0435
"Denyi Reyes","20526",6.77571428571429,1.37242857142857,2.67378571428571,0.262272142857143,4.77567857142857,3.46575314285714,1.32002774603175,0.494276634920635,2.09297761904762,0,1.0773,0.5767,0.0121,0.0407
"Deolis Guerra","8410",7.2621,1.427,3.2796,0.258127,4.71627,0.8069,0.3644,0.158556,0.52403,0,1.0164,0.5582,0.0227,0.046
"Dereck Rodriguez","14509",7.35728571428572,1.37442857142857,3.31264285714286,0.270915,4.80467857142857,4.10704506122449,1.80051208163265,0.576228918367346,2.37494806802721,0,1.047,0.5724,0.0259,0.0398
"Derek Casey","sa3008259",6.7707,1.407,5.0256,0.267722,5.41134,0.7523,0.5584,0.156333,0.60126,0,1.0609,0.6401,0.0206,0.0449
"Derek Corro","sa3019259",4.9446,1.301,7.0362,0.281197,6.04854,0.5494,0.7818,0.144556,0.67206,0,1.117,0.7172,0.0218,0.0589
"Derek Craft","sa3006824",8.0622,1.206,3.933,0.25281,4.49559,0.8958,0.437,0.134,0.49951,0,0.985,0.5361,0.0253,0.0468
"Derek Diamond","sa3020470",4.6863,1.417,3.1707,0.289206,5.3802,0.5207,0.3523,0.157444,0.5978,0,1.1786,0.6395,0.0039,0.0404
"Derek Holland","4141",7.857,1.169,3.5127,0.251318,4.17321,0.873,0.3903,0.129889,0.46369,0,0.9774,0.5007,0.0226,0.0396
"Derek Law","13133",7.59421882352941,0.994970823529412,3.36956088235294,0.247972058823529,3.85644941176471,60.6306225449043,26.9565034586928,7.93979482789081,30.93783329998,13.4583142857143,70.6702142857143,34.5286428571429,0,2.64185857142857
"Derek Molina","sa3005202",6.1371,1.388,5.085,0.272896,5.50089,0.6819,0.565,0.154222,0.61121,0,1.0864,0.6515,0.0265,0.047
"Derek True","sa3023126",5.9994,1.576,4.2147,0.274917,5.57829,0.6666,0.4683,0.175111,0.61981,0,1.0992,0.6593,0.0047,0.0474
"Derek West","sa3010557",7.7454,1.304,4.2993,0.255464,4.76973,0.8606,0.4777,0.144889,0.52997,0,0.9959,0.5671,0.0255,0.0409
"Deretd Parra","sa3011624",5.7456,1.368,5.8689,0.278874,5.86602,0.6384,0.6521,0.152,0.65178,0,1.1177,0.695,0.0272,0.053
"Dermis Ordonez","sa3019145",4.545,1.443,9.8649,0.289281,7.47621,0.505,1.0961,0.160333,0.83069,0,1.1575,0.8774,0.0298,0.0576
"Derrick Edington","sa3023665",6.4773,1.39,5.3199,0.272475,5.52573,0.7197,0.5911,0.154444,0.61397,0,1.0811,0.6548,0.0266,0.0492
"Destin Dotson","sa3009988",6.8454,1.273,6.3585,0.262199,5.40369,0.7606,0.7065,0.141444,0.60041,0,1.0274,0.6411,0.027,0.0481
"Develson Aria","sa3008726",5.5314,1.369,7.0065,0.277588,6.15528,0.6146,0.7785,0.152111,0.68392,0,1.1043,0.7279,0.0077,0.0593
"Devereaux Harrison","sa3020259",5.99424,1.59342,3.725305,0.2692455,5.25915,36.829,23.20155,9.0939445,30.802725,0,58.5471,33.3211,0.0015,1.01875
"Devin Conn","sa3007252",6.6483,1.241,4.3128,0.264954,4.87782,0.7387,0.4792,0.137889,0.54198,0,1.044,0.5822,0.0258,0.0485
"Devin Kirby","sa3022908",6.2982,1.289,6.4341,0.273654,5.81661,0.6998,0.7149,0.143222,0.64629,0,1.0846,0.6892,0.0273,0.0497
"Devin Smeltzer","19487",6.11865833333333,1.47850833333333,3.05014583333333,0.27139,5.11249583333333,25.8951638888889,13.8749441111111,6.27577761111111,22.7422581666667,0,42.53135,24.28255,0.00915,2.526
"Devin Sweet","25348",9.00115352941176,1.37034794117647,3.69269176470588,0.241744823529412,4.52137882352941,38.0515078146098,15.7744194490427,5.79812417237216,19.2740844035063,1.05121142857143,34.6443285714286,20.6750857142857,0,2.40397428571429
"Devin Williams","15816",12.3045102941176,0.818795529411765,4.1995,0.191846588235294,2.95875764705882,81.9240207866724,27.9126336551619,5.44224734172318,19.7357397683968,2.84136142857143,41.7826857142857,21.1923714285714,0,2.95176857142857
"Devon Roedahl","sa3010774",5.5278,1.3,5.0364,0.279243,5.49477,0.6142,0.5596,0.144444,0.61053,0,1.1163,0.6536,0.0266,0.0508
"Deybi Salcedo","sa3022389",4.3992,1.661,6.777,0.293426,6.96897,0.4888,0.753,0.184556,0.77433,0,1.1958,0.8179,0.006,0.0487
"Deyer Zapata","sa3016063",5.1579,1.394,8.8011,0.280837,6.78033,0.5731,0.9779,0.154889,0.75337,0,1.1188,0.7976,0.029,0.0513
"Deylen Miley","sa3017366",6.5016,1.466,5.4576,0.268143,5.65632,0.7224,0.6064,0.162889,0.62848,0,1.0619,0.6686,0.0067,0.0484
"Deyni Olivero","sa917869",4.9077,1.336,3.4011,0.289178,5.37363,0.5453,0.3779,0.148444,0.59707,0,1.1747,0.64,0.003,0.0419
"Dheygler Gimenez","sa3011879",5.0994,1.75,5.1975,0.284243,6.39027,0.5666,0.5775,0.194444,0.71003,0,1.154,0.7495,0.0035,0.0596
"Dianye Florentino","sa3016252",4.8906,1.561,8.7039,0.286006,7.23942,0.5434,0.9671,0.173444,0.80438,0,1.1486,0.8482,0.0291,0.0569
"Didier Fuentes","sa3018841",6.3477,1.5,4.2723,0.274998,5.50008,0.7053,0.4747,0.166667,0.61112,0,1.1023,0.6503,0.0033,0.0439
"Didier Vargas","sa3002981",6.0768,1.26,5.0931,0.270909,5.21442,0.6752,0.5659,0.14,0.57938,0,1.0744,0.6206,0.0265,0.0552
"Diego A Castillo","19906",8.81306,1.33531,4.00593,0.24031,5.34125,33,15,5,20,0,31,22,1,4
"Diego Barrera","sa3023203",6.8274,1.218,3.9186,0.259493,4.48767,0.7586,0.4354,0.135333,0.49863,0,1.0148,0.5373,0.0246,0.0409
"Diego Castillo","17496",7.50668533333333,1.18527466666667,4.35304466666667,0.263808933333333,4.77003066666667,26.4227975556622,15.2615813662281,4.23355570616889,16.7823950969244,0.956241666666667,33.0258166666667,19.3308,0,1.80835
"Diego Chiquillo","sa3016582",5.319,1.353,9.4104,0.278158,6.82326,0.591,1.0456,0.150333,0.75814,0,1.1017,0.8031,0.0292,0.0517
"Diego Dominguez","sa3019063",4.6215,1.436,9.018,0.289234,7.17903,0.5135,1.002,0.159556,0.79767,0,1.1598,0.8439,0.0292,0.0511
"Diego Dugarte","sa3019293",3.9582,1.764,6.5826,0.298025,7.19883,0.4398,0.7314,0.196,0.79987,0,1.2236,0.8428,0.0065,0.0579
"Diego Granado","sa3014931",5.5854,1.37,5.3964,0.277501,5.63976,0.6206,0.5996,0.152222,0.62664,0,1.1044,0.6691,0.023,0.0526
"Diego Hernandez","sa3019385",5.1165,1.517,9.3186,0.290895,7.60374,0.5685,1.0354,0.168556,0.84486,0,1.1662,0.8893,0.0294,0.0526
"Diego Navarro","sa3016591",4.2408,1.695,7.7121,0.293975,7.31646,0.4712,0.8569,0.188333,0.81294,0,1.1978,0.8561,0.021,0.0496
"Diego Palmero","sa3021573",3.9429,1.608,7.6185,0.299029,7.3377,0.4381,0.8465,0.178667,0.8153,0,1.2201,0.8612,0.0043,0.0603
"Dielmon Urena","sa3016485",4.2759,1.577,10.5075,0.292385,8.02215,0.4751,1.1675,0.175222,0.89135,0,1.1772,0.937,0.0304,0.0613
"Dietrich Enns","13932",8.81406,1.1864775,3.4102775,0.23702225,4.05691,14.6942,5.614625,1.97375,6.5983,0.8947,14.161125,7.4698,0,0.90125
"Dikember Sanchez","sa3016033",6.3657,1.276,5.4342,0.270546,5.33997,0.7073,0.6038,0.141778,0.59333,0,1.0702,0.636,0.0266,0.0505
"Dilan Figueredo","sa3019555",5.4198,1.663,6.8004,0.2837,6.5871,0.6022,0.7556,0.184778,0.7319,0,1.1407,0.7738,0.0279,0.0496
"Dillon Larsen","sa3018263",6.8553,1.062,6.1083,0.262087,4.98267,0.7617,0.6787,0.118,0.55363,0,1.0197,0.5976,0.0219,0.0496
"Dillon Maples","14672",8.5491,1.134,5.0715,0.246327,4.66218,0.9499,0.5635,0.126,0.51802,0,0.9474,0.5559,0.0246,0.0684
"Dillon Overton","15627",6.1803,1.636,2.9331,0.287504,5.51061,0.6867,0.3259,0.181778,0.61229,0,1.1702,0.6502,0.0035,0.0459
"Dillon Peters","18790",7.6815,1.217,3.3588,0.254469,4.2777,0.8535,0.3732,0.135222,0.4753,0,0.995,0.5114,0.018,0.0387
"Dillon Tate","17796",6.88498941176471,0.961153529411765,2.91753294117647,0.254506352941176,4.14365882352941,28.5648270449827,12.0870303944637,3.96411541868512,17.1754358615917,0.355407142857143,36.5739285714286,18.7238714285714,0,3.11567142857143
"Dinelson Lamet","17186",7.95383333333333,1.2065,4.00970833333333,0.2500825,4.53922083333333,31.8395895061728,17.214070617284,5.15352,19.7648040432099,0,38.97945,21.2527,0.5104,2.02155
"Diogenes Almengo","sa835215",7.8714,1.246,4.2111,0.255502,4.61583,0.8746,0.4679,0.138444,0.51287,0,0.9972,0.5507,0.0255,0.0422
"Diomede Sierra","sa3009586",6.2622,1.066,6.4017,0.272478,5.41521,0.6958,0.7113,0.118444,0.60169,0,1.0725,0.646,0.0272,0.0586
"Dioni Baez","sa3018309",4.7529,1.39,8.6535,0.290581,7.17777,0.5281,0.9615,0.154444,0.79753,0,1.1677,0.8425,0.0291,0.053
"Dionys Rodriguez","sa3005877",5.8365,1.595,5.0472,0.267317,5.65731,0.6485,0.5608,0.177222,0.62859,0,1.064,0.6653,0.0265,0.0549
"Dioris De La Rosa","sa3024240",4.4982,1.654,6.4809,0.292333,6.83424,0.4998,0.7201,0.183778,0.75936,0,1.19,0.8027,0.0038,0.0482
"Diorys Guerrero","sa3009503",5.9184,1.334,7.1181,0.272941,5.99085,0.6576,0.7909,0.148222,0.66565,0,1.0815,0.7081,0.0278,0.0547
"Diosmerky Taveras","sa3004872",7.5627,1.238,4.0806,0.254734,4.60863,0.8403,0.4534,0.137556,0.51207,0,0.9941,0.5496,0.0254,0.0491
"Diovel Mariano","sa3018363",4.2255,1.588,8.3466,0.294179,7.35543,0.4695,0.9274,0.176444,0.81727,0,1.1941,0.8618,0.0291,0.0515
"Doimil Perez","sa3017104",4.8483,1.509,8.1612,0.282593,6.85944,0.5387,0.9068,0.167667,0.76216,0,1.1265,0.8059,0.0286,0.0549
"Dom Hamel","sa3017949",7.410805,1.334435,4.08454,0.2537965,4.874115,47.90195,26.7187,7.581722,30.275375,0,55.50975,32.7938,0.0015,2.52125
"Domingo Acevedo","17092",7.36492857142857,1.36914285714286,3.08121428571429,0.25577,4.57498571428571,2.21141326984127,0.987065714285714,0.444036857142857,1.5042473015873,0,1.0037,0.5242,0.0287,0.0433
"Domingo German","17149",7.55072,1.52529818181818,3.46968545454545,0.250751454545455,4.91348,33.0098577046832,15.4993716639118,6.59396517575757,21.6901165013774,0,37.492625,21.89315,0.20340925,1.86561
"Domingo Geronimo","sa3018851",4.7277,1.535,8.3448,0.288311,7.12017,0.5253,0.9272,0.170556,0.79113,0,1.161,0.8354,0.0289,0.0509
"Domingo Gonzalez","sa3007495",9.43084428571429,1.08127571428571,3.91733428571429,0.235618857142857,4.17657285714286,46.7022857142857,19.5397571428571,5.36956857142857,20.9362285714286,0.955381428571429,40.4736285714286,22.8318,0,4.01410142857143
"Domingo Robles","sa872881",6.383965,1.19306,3.0071,0.2621185,4.438865,31.8542,14.67065,5.5705555,22.24518,0,46.51715,24.26495,0.0026,2.02205
"Domingo Tapia","12178",7.83792857142857,0.995142857142857,4.19085714285714,0.252540714285714,4.66477142857143,2.83806854421769,1.45603468480726,0.319851546485261,1.83607141950113,0,0.9837,0.5236,0.0282,0.0442
"Dominic Hambley","sa3017999",5.5611,1.205,7.6437,0.278172,6.14844,0.6179,0.8493,0.133889,0.68316,0,1.097,0.7299,0.0281,0.0761
"Dominic Leone","13763",8.68907090909091,1.46488727272727,4.09721090909091,0.242650181818182,4.78023272727273,19.5350587504132,9.18592253223141,3.32567603305785,10.7231120793388,0.5090125,17.6157,10.560145,0.778949,0.64081625
"Dominic Perachi","sa3020841",6.399015,1.194285,3.97067,0.267209,4.932735,34.8505,21.22175,6.564778,27.26595,0,51.5317,29.2865,0.00245,4.02665
"Dominic Pipkin","sa3007896",7.2684,1.249,4.3758,0.259349,4.82364,0.8076,0.4862,0.138778,0.53596,0,1.0167,0.5746,0.0258,0.0556
"Donal Montas","sa3019394",4.4064,1.562,7.7868,0.290183,7.02639,0.4896,0.8652,0.173556,0.78071,0,1.1735,0.8248,0.0287,0.0538
"Donny Troconis","sa3020992",4.3128,1.677,6.2595,0.29405,6.84378,0.4792,0.6955,0.186333,0.76042,0,1.2009,0.8035,0.0056,0.0515
"Donovan Benoit","sa3017464",7.077,1.36225,4.65915,0.2654365,5.50176,19.3905,13.24685,3.5784445,15.78839,0,25.53345,17.3087,0.01305,3.02925
"Donovan Walton","19314",1.03448,2.06897,5.17241,0.307692,8.27586,1,5,2,8,0,12,9,3,0
"Donye Evans","sa3023037",5.8716,1.32,6.1362,0.272061,5.77242,0.6524,0.6818,0.146667,0.64138,0,1.0837,0.6837,0.0235,0.0509
"Donys Garcia","sa3015941",5.0427,1.565,8.3493,0.284298,7.07328,0.5603,0.9277,0.173889,0.78592,0,1.1416,0.8291,0.0288,0.0498
"Doug Kirkland","sa3023095",6.4557,1.311,7.245,0.271772,6.13242,0.7173,0.805,0.145667,0.68138,0,1.0729,0.7228,0.0277,0.0452
"Doug Nikhazy","sa3018110",8.60019714285714,1.11260514285714,4.78578571428571,0.236884,4.36066857142857,35.7252571428571,20.2837,4.61957142857143,18.4307857142857,0.750242857142857,34.2198857142857,19.7535428571429,0,1.63957285714286
"Douglas Orellana","sa3016817",6.7536,1.474,4.9581,0.261434,5.3271,0.7504,0.5509,0.163778,0.5919,0,1.0329,0.6311,0.0049,0.0442
"Drake Fellows","sa3015208",6.25005,1.24831,4.44611,0.2705425,5.164625,22.3507,16.7362,4.568389,18.784785,0,35.04455,20.3054,0.00405,1.5218
"Drew Anderson","15130",7.39383,1.272615,3.78319,0.256721,4.75317,43.3841,22.19655,6.575278,25.76872,0,48.02475,27.7871,0.0113,2.0214
"Drew Carlton","19868",7.39614285714286,1.30771428571429,2.89235714285714,0.264741428571429,4.55734285714286,2.51780430839002,1.06878820861678,0.505475396825397,1.79246204081633,0,1.0043,0.51,0.0236,0.0419
"Drew Conover","sa3023279",6.8031,1.329,5.895,0.264978,5.50359,0.7559,0.655,0.147667,0.61151,0,1.0376,0.6533,0.0094,0.0592
"Drew Dowd","sa3023509",4.9797,1.517,4.9707,0.285219,5.8608,0.5533,0.5523,0.168556,0.6512,0,1.1518,0.6936,0.0038,0.0524
"Drew Garrett","sa3022322",6.1524,1.474,8.2701,0.27116,6.51528,0.6836,0.9189,0.163778,0.72392,0,1.0649,0.767,0.0283,0.0509
"Drew Gray","sa3017964",6.8733,1.377,6.9084,0.262243,5.74884,0.7637,0.7676,0.153,0.63876,0,1.0255,0.6802,0.0032,0.0519
"Drew Hutchison","10732",6.1317,1.299,3.6702,0.269129,4.93272,0.6813,0.4078,0.144333,0.54808,0,1.0735,0.5884,0.0076,0.0394
"Drew Irvine","sa3019642",6.1335,1.355,5.9796,0.273334,5.72886,0.6815,0.6644,0.150556,0.63654,0,1.085,0.6783,0.027,0.0451
"Drew McDaniel","sa3020384",5.2578,1.728,3.9348,0.285887,5.82768,0.5842,0.4372,0.192,0.64752,0,1.1615,0.6874,0.0031,0.048
"Drew Parrish","sa3011395",6.399065,1.75513,3.417215,0.2744855,5.54738,35.84765,19.6801,9.597778,31.79396,0,54.55045,34.31245,0.0027,2.02
"Drew Pomeranz","11426",9.50572571428572,1.02776714285714,3.82999,0.229403428571429,3.89133142857143,15.1106142857143,6.10451428571429,1.58388142857143,6.25220285714286,0.875634571428571,12.4049,6.49236857142857,0,0.403583285714286
"Drew Rasmussen","25385",8.99311823529412,0.856915117647059,2.21858117647059,0.231440823529412,3.17876470588235,111.395077049116,27.5565737239985,10.7025555369377,39.6063394053056,0.990974285714286,100.023028571429,44.8892142857143,0,3.60619142857143
"Drew Rom","24602",8.17367818181818,0.913213545454545,3.14597818181818,0.249356909090909,4.30951545454545,25.1210390216786,9.51979172896235,2.94539277808815,13.3817099691644,0,26.2145,13.07133,0.13219425,1.510986
"Drew Rucinski","12499",6.88371428571429,1.28442857142857,3.036,0.274308571428571,4.95603571428571,3.13568130612245,1.67065779591837,0.508269408163266,2.50064885714286,0,1.0633,0.5621,0.0028,0.046
"Drew Smith","17755",9.35234,1.34226794117647,3.83997852941176,0.231686823529412,4.38203176470588,18.8624616011294,7.87359619151896,2.69238214051949,9.06125859952942,0.972247142857143,15.0343485714286,8.58446571428571,0,0.954062571428571
"Drew Smyly","11760",8.42308352941176,1.38247058823529,3.30100470588235,0.246347058823529,4.24524941176471,43.4989831363322,17.2437296595156,7.18344356747405,22.2336035820069,0.372501428571429,45.1357,24.4197428571429,0,2.18525571428571
"Drew Sommers","sa3020885",6.6744,0.887,4.6503,0.259903,4.27059,0.7416,0.5167,0.0985556,0.47451,0,1.0131,0.5189,0.0258,0.0453
"Drew Steckenrider","18806",6.8328,1.298,3.4011,0.261304,4.58154,0.7592,0.3779,0.144222,0.50906,0,1.0281,0.5462,0.0252,0.0426
"Drew Strotman","sa3004584",7.183705,1.0302725,4.767775,0.258548,4.79495,26.40425,18.74945,3.5614445,18.260045,0,34.00615,19.7805,0.0129,3.53535
"Drew Thorpe","31967",6.96725147058824,1.36290352941176,3.19387470588235,0.257662823529412,4.64679058823529,70.0140004177059,32.063087898,13.6940279215686,46.6610908474248,0,90.8894285714286,51.1622,0,2.50340285714286
"Drew VerHagen","13424",8.02678571428571,1.30771428571429,3.48121428571429,0.25196,4.68420714285714,3.47282195011339,1.28118961451247,0.543040181405897,1.95856188208617,0,1.0003,0.5509,0.0264,0.0567
"Drey Jameson","26260",8.00306235294117,0.997782529411765,3.15507352941176,0.251887411764706,4.08313176470588,46.777521117564,18.3826803393864,5.76614975905421,23.8749187874879,3.69988142857143,51.4431428571429,25.2328857142857,0,2.77143285714286
"Drue Hackenberg","sa3023304",7.80240166666667,1.03814833333333,4.27623833333333,0.253592833333333,4.573945,21.861205,12.00069,2.964088,12.8097116666667,0,24.6451733333333,14.0895966666667,0,2.501765
"Dualvert Gutierrez","sa3015452",5.0328,1.61,4.9068,0.286443,6.09984,0.5592,0.5452,0.178889,0.67776,0,1.1625,0.719,0.006,0.0444
"Duane Underwood Jr","14677",7.3728,1.08429583333333,3.8165,0.257246666666667,4.7341375,19.3481751851852,10.0252596296296,2.66258194444444,12.4628892592593,0,22.0099,12.7738,0.5119,1.5262
"Dugan Darnell","sa3014876",7.9385,1.278,3.95255,0.261282,4.92981,20.9265,10.21695,3.0753335,12.28109,0,23.03375,13.3001,1.01155,1.0209
"Duncan Davitt","sa3020394",6.671115,1.46627,3.11574,0.26638,4.97177,41.36405,18.1806,8.584722,29.78103,0,57.53835,32.3001,0.0015,3.52515
"Duncan Snider","sa3019695",6.0651,1.348,3.6702,0.274338,5.08131,0.6739,0.4078,0.149778,0.56459,0,1.0959,0.6057,0.0038,0.0485
"Duque Hebbert","sa3021026",4.842,1.532,4.3866,0.280826,5.74362,0.538,0.4874,0.170222,0.63818,0,1.1383,0.6788,0.0106,0.0502
"Durbin Feltman","sa3007959",7.6374,1.312,3.735,0.253899,4.55121,0.8486,0.415,0.145778,0.50569,0,0.9897,0.5412,0.0252,0.042
"Dusten Knight","16537",7.2135,1.242,3.9195,0.258108,4.58865,0.8015,0.4355,0.138,0.50985,0,1.0099,0.5481,0.026,0.0378
"Dustin May","19716",9.05067176470588,1.03525488235294,2.98255588235294,0.234263941176471,3.77276588235294,67.9593050023406,22.3650842315156,7.79455296754248,28.3704291566321,6.37008571428571,58.6593142857143,29.9051571428571,0,4.13449428571429
"Dustin Saenz","sa3017610",4.987125,1.293905,2.948795,0.2771375,4.971785,20.2775,11.1755,5.074611,20.76888,0,41.5523,22.2897,0.0015,2.02265
"Dwayne Matos","sa3009508",5.958,1.512,4.0023,0.270741,5.24745,0.662,0.4447,0.168,0.58305,0,1.0769,0.6208,0.0259,0.0557
"Dylan Bice","sa918551",6.9723,1.449,3.8331,0.263495,5.00472,0.7747,0.4259,0.161,0.55608,0,1.0446,0.5919,0.0214,0.0397
"Dylan Bundy","12917",5.9346,1.632,2.4066,0.278249,5.17815,0.6594,0.2674,0.181333,0.57535,0,1.1278,0.6113,0.0031,0.0404
"Dylan Burns","sa3018793",5.2056,1.205,4.9329,0.282486,5.3883,0.5784,0.5481,0.133889,0.5987,0,1.1302,0.6442,0.019,0.049
"Dylan Carmouche","sa3023412",5.9283,1.322,4.2381,0.270282,5.1273,0.6587,0.4709,0.146889,0.5697,0,1.0824,0.6104,0.0036,0.0424
"Dylan Castaneda","sa3011731",5.301,1.473,5.1984,0.284262,5.94117,0.589,0.5776,0.163667,0.66013,0,1.1464,0.7027,0.0099,0.0455
"Dylan Cease","18525",10.5346620588235,1.02794705882353,3.32676588235294,0.213873294117647,3.51408617647059,212.511578569735,67.119212303637,20.7530041860208,70.859807153787,0,146.504428571429,75.9596142857143,0,6.19973428571429
"Dylan Coleman","22276",9.39929692307692,1.11276361538462,5.77142153846154,0.225580923076923,4.99582538461538,34.1800655409467,21.0319043084024,3.98509707949704,18.0281363397041,0.92688,28.12506,18.0735,0,3.40678
"Dylan Covey","14825",6.81214454545454,1.18356545454545,3.57064090909091,0.271339818181818,4.88035363636364,13.4078196360422,7.23119361363637,2.43217930082645,9.99004231923784,0,16.985875,8.860975,0.2047645,0.68009925
"Dylan Cumming","sa3020818",6.73853,1.168285,3.36589,0.2640385,4.762415,36.37255,18.1859,6.561889,26.75225,0,51.02345,28.7733,0.00225,5.5306
"Dylan DeLucia","sa3024964",6.3081,1.46,3.7773,0.275302,5.29722,0.7009,0.4197,0.162222,0.58858,0,1.106,0.6287,0.003,0.0449
"Dylan Dodd","29928",7.33717294117647,1.25503647058824,2.70587470588235,0.268677764705882,4.39241470588235,33.8371795027605,12.5019939338639,5.91132994422145,20.4959774568627,0.933868571428571,43.3965714285714,22.0086714285714,0,1.11628428571429
"Dylan File","sa3004197",5.501225,1.36987,2.271075,0.272838,4.757095,27.80805,11.62555,6.0860555,23.76947,0,50.55175,25.7887,0.00155,3.0258
"Dylan Floro","13394",6.72235352941177,0.844717882352941,2.66007235294118,0.258390117647059,3.96752705882353,39.4802104445098,15.6373239269089,4.98892887029758,23.4115125097716,1.54927857142857,53.4615857142857,24.6810428571429,0,1.61090857142857
"Dylan Hall","sa3015008",6.354,1.488,4.2561,0.266456,5.19066,0.706,0.4729,0.165333,0.57674,0,1.0549,0.6138,0.0258,0.0421
"Dylan Heid","sa3019113",7.44002,1.280645,4.74894,0.2580625,4.850425,21.9051,14.25315,3.5736665,13.77423,0,26.01285,14.79355,0.01295,1.02085
"Dylan King","sa3009924",8.4384,1.349,3.8907,0.250559,4.56336,0.9376,0.4323,0.149889,0.50704,0,0.9743,0.5421,0.0252,0.0442
"Dylan Lee","19996",10.3555294117647,1.23592294117647,2.48486352941176,0.227095411764706,3.39465058823529,71.3145268404383,17.1440898801615,8.50341966182468,23.4259156837509,12.8225285714286,53.8485142857143,25.1606142857143,0,1.30251
"Dylan Lesko","sa3020677",6.8346,1.693,6.5034,0.267012,6.282,0.7594,0.7226,0.188111,0.698,0,1.0567,0.7368,0.004,0.0639
"Dylan MacLean","sa3014508",5.265,1.608,5.2011,0.280613,5.94495,0.585,0.5779,0.178667,0.66055,0,1.1348,0.7006,0.0107,0.0451
"Dylan Nedved","sa3020326",5.1615,1.448,5.958,0.283549,6.12351,0.5735,0.662,0.160889,0.68039,0,1.141,0.723,0.0274,0.056
"Dylan Phillips","sa3019862",7.5645,1.342,3.9672,0.255809,4.62213,0.8405,0.4408,0.149111,0.51357,0,0.9997,0.5505,0.0255,0.0582
"Dylan Ray","sa3020392",6.89207,1.271795,3.50897,0.2631275,4.73122,33.37755,16.20165,6.070722,21.77275,0,44.03135,23.2924,0.0015,2.0229
"Dylan Simmons","sa3023468",6.3495,1.568,5.2596,0.277384,5.80266,0.7055,0.5844,0.174222,0.64474,0,1.1107,0.6862,0.0268,0.0474
"Dylan Smith","sa3018113",6.2208,1.265,3.249,0.267564,4.71753,0.6912,0.361,0.140556,0.52417,0,1.0652,0.5646,0.0033,0.0409
"Dylan Spacke","sa3010812",6.5664,1.262,4.1472,0.268288,4.9689,0.7296,0.4608,0.140222,0.5521,0,1.0625,0.5921,0.0259,0.0589
"Dylan Spain","sa3017134",6.28904,1.52342,3.023405,0.2742155,5.252825,9.87455,4.68235,2.5839445,9.27648,0,17.52785,9.7937,0.0127,1.0255
"Dylan Tebrake","sa3020477",8.9226,1.147,3.7584,0.240123,4.08564,0.9914,0.4176,0.127444,0.45396,0,0.9244,0.4895,0.0199,0.0407
"Dylan Wilson","sa3021017",4.6917,1.66,7.1586,0.285149,6.80013,0.5213,0.7954,0.184444,0.75557,0,1.1524,0.799,0.0075,0.0492
"Easton Lucas","26058",8.14059470588235,1.16043764705882,3.79957411764706,0.244094294117647,4.28391058823529,30.4600444478616,14.3195285169458,4.32605558776471,16.1658440987313,0.995037142857143,33.0684,18.0242285714286,0,1.75403185714286
"Easton McGee","22176",6.21060333333333,1.38109833333333,2.48178166666667,0.266739166666667,4.81689527777778,22.3689454237654,8.17373633441358,4.323746775,15.9156755427984,0,32.5615,15.7945,0.00145,2.02535
"Easton Sikorski","sa3020250",5.8392,1.545,5.3784,0.282114,5.90499,0.6488,0.5976,0.171667,0.65611,0,1.1339,0.6994,0.0229,0.0461
"Eccel Correa","sa3021019",4.7331,1.416,4.8402,0.290012,5.80932,0.5259,0.5378,0.157333,0.64548,0,1.1731,0.691,0.0056,0.0522
"Eddy Alberto","sa3019491",5.9049,1.4,6.4098,0.277814,5.99283,0.6561,0.7122,0.155556,0.66587,0,1.1067,0.709,0.0274,0.0552
"Eddy Demurias","sa3007852",7.36822,1.33732,4.34633,0.261661,4.972895,13.9096,8.72535,2.5728335,9.764665,0,18.0068,10.7831,0.01275,1.0211
"Eddy Felix","sa3019646",4.9293,1.566,6.0642,0.287762,6.45903,0.5477,0.6738,0.174,0.71767,0,1.1644,0.761,0.0032,0.0488
"Eddy Peralta","sa3021757",5.8311,1.387,9.0288,0.276903,6.84612,0.6479,1.0032,0.154111,0.76068,0,1.0954,0.8054,0.029,0.0609
"Eddy Yean","sa3006543",6.22564,1.127,3.80554,0.2685585,4.828255,21.8558,13.7119,4.062722,17.763035,0,35.03405,19.28335,0.5128,2.52525
"Edelvis Perez","sa3024783",4.0149,1.705,6.5628,0.297487,7.07103,0.4461,0.7292,0.189444,0.78567,0,1.2191,0.8294,0.0038,0.0498
"Edgar Barclay","sa1170012",6.57143,1.472215,3.78763,0.2625495,5.126995,44.34755,23.7165,8.5896665,32.291405,0,58.54095,34.8103,0.0015,3.52295
"Edgar Escobar","sa3007244",5.7726,1.66,3.6234,0.275668,5.51358,0.6414,0.4026,0.184444,0.61262,0,1.1113,0.6494,0.0107,0.0491
"Edgar Garcia","19276",6.9399,1.385,4.2516,0.265912,5.08779,0.7711,0.4724,0.153889,0.56531,0,1.0541,0.603,0.0251,0.0435
"Edgar Isea","sa3009936",6.6276,1.202,7.5177,0.27064,6.01785,0.7364,0.8353,0.133556,0.66865,0,1.0631,0.7121,0.0278,0.0556
"Edgar Leon","sa3019161",4.3173,1.648,6.7005,0.293361,6.92721,0.4797,0.7445,0.183111,0.76969,0,1.1943,0.8136,0.0038,0.0514
"Edgar Manzo","sa3009638",6.0363,1.358,3.5766,0.273376,5.01525,0.6707,0.3974,0.150889,0.55725,0,1.092,0.5972,0.016,0.0451
"Edgar Moreta","sa3020989",5.364,1.445,4.5828,0.279137,5.59854,0.596,0.5092,0.160556,0.62206,0,1.1235,0.6647,0.0055,0.0579
"Edgar Navarro","24363",7.32135714285714,1.10585714285714,4.1665,0.264199285714286,4.64679285714286,3.49134266666666,1.60501341496598,0.56371451020408,2.18473625850339,0,1.0167,0.5526,0.0255,0.0631
"Edgar Portes","sa3015386",6.3567,1.626,4.9599,0.269759,5.67981,0.7063,0.5511,0.180667,0.63109,0,1.0741,0.6699,0.0067,0.0442
"Edgar Sanchez","sa3011131",5.7528,1.176,5.3298,0.273283,5.22675,0.6392,0.5922,0.130667,0.58075,0,1.0766,0.6252,0.0265,0.0593
"Edgar Santana","17355",7.0479,1.246,3.15,0.266435,4.56714,0.7831,0.35,0.138444,0.50746,0,1.0566,0.5456,0.0251,0.0393
"Edgardo Henriquez","26944",9.798768,1.20649666666667,4.624308,0.2233922,4.338776,40.6923305482272,19.2314643997333,5.07599972455803,18.1400068518519,1.280405,31.4886833333333,18.7584666666667,0,2.66935333333333
"Edgardo Ibarra","sa3015348",4.9914,1.465,6.0525,0.282615,6.11604,0.5546,0.6725,0.162778,0.67956,0,1.136,0.7225,0.0042,0.0529
"Edinson Batista","sa3009266",5.6106,1.299,4.6818,0.278388,5.45013,0.6234,0.5202,0.144333,0.60557,0,1.1079,0.6501,0.0057,0.0691
"Edinson Salgado","sa3019598",4.3965,1.503,7.7571,0.28982,6.88716,0.4885,0.8619,0.167,0.76524,0,1.1698,0.81,0.0054,0.0518
"Edinson Valdespina","sa3017875",4.6395,1.549,8.7876,0.28979,7.3485,0.5155,0.9764,0.172111,0.8165,0,1.1682,0.861,0.0293,0.0584
"Edinzo Marquez","sa3019300",4.5405,1.583,6.4782,0.291919,6.71436,0.5045,0.7198,0.175889,0.74604,0,1.1856,0.7903,0.0033,0.0478
"Edison Suriel","sa917807",5.7276,1.247,6.4431,0.276408,5.74119,0.6364,0.7159,0.138556,0.63791,0,1.099,0.6813,0.0274,0.0501
"Eduar Gonzalez","sa3020993",4.2588,1.616,6.6465,0.291382,6.7509,0.4732,0.7385,0.179556,0.7501,0,1.1861,0.7929,0.0037,0.0479
"Eduar Segovia","sa3008374",6.2406,1.359,7.3062,0.272854,6.15564,0.6934,0.8118,0.151,0.68396,0,1.079,0.7268,0.0278,0.0527
"Eduard Bazardo","20997",9.28965911764706,0.974518,2.91331176470588,0.223249294117647,3.59318323529412,48.1260081587255,15.150487973281,5.06183178295271,18.5620809725117,1.01155428571429,40.9319428571429,20.6138571428571,0,1.96219428571429
"Eduard Monroy","sa3011243",5.3865,1.426,7.0011,0.279379,6.17139,0.5985,0.7779,0.158444,0.68571,0,1.1157,0.7287,0.0279,0.0546
"Eduardo Fernandez","sa3021005",4.8276,1.371,9.5787,0.28446,7.06914,0.5364,1.0643,0.152333,0.78546,0,1.1342,0.8311,0.0295,0.0535
"Eduardo Herrera","sa3002702",8.3268,1.18,4.8285,0.244912,4.51926,0.9252,0.5365,0.131111,0.50214,0,0.9459,0.5399,0.0257,0.0473
"Eduardo Rivera","sa3017951",5.7933,1.306,5.3829,0.27856,5.61348,0.6437,0.5981,0.145111,0.62372,0,1.1075,0.6667,0.0081,0.0481
"Eduardo Robles","sa3022261",3.9906,1.626,6.3378,0.297151,6.85467,0.4434,0.7042,0.180667,0.76163,0,1.2149,0.8063,0.0043,0.0493
"Eduardo Rodriguez","13164",8.00598823529412,1.12664735294118,2.96656882352941,0.251285882352941,4.07734411764706,119.155894515648,44.161447003045,16.7197621835525,60.8226503662745,0.790733857142857,131.590857142857,64.8197714285714,0,3.91494571428571
"Eduardo Salazar","23135",6.95546235294118,1.00520729411765,3.65662794117647,0.262154823529412,4.42626352941176,42.4184369955063,22.3067680721534,6.18460049685813,26.967491040812,4.24831,56.4511857142857,29.6446714285714,0,4.27474714285714
"Eduardo Soriano","sa3017278",4.4415,1.538,6.9903,0.291005,6.76611,0.4935,0.7767,0.170889,0.75179,0,1.1779,0.7966,0.0134,0.0516
"Eduardo Tovar","sa3019647",4.806,1.426,9.3024,0.287794,7.23168,0.534,1.0336,0.158444,0.80352,0,1.1506,0.8497,0.0294,0.0544
"Eduardo Zapata","sa3017656",4.5873,1.537,10.0953,0.290215,7.74135,0.5097,1.1217,0.170778,0.86015,0,1.1653,0.9057,0.03,0.052
"Eduarniel Nunez","sa3005284",7.78036,1.216675,5.45545,0.248143,4.92264,21.91935,15.78525,3.562722,14.257105,0,23.4839,15.27745,0.0129,2.5275
"Edwar Chirinos","sa3018842",4.6665,1.368,8.3772,0.286785,6.75117,0.5185,0.9308,0.152,0.75013,0,1.1484,0.7962,0.0154,0.0508
"Edwar Colina","20589",9.054,1.108,3.8628,0.240011,4.07961,1.006,0.4292,0.123111,0.45329,0,0.9203,0.4885,0.0248,0.0444
"Edwar Polimir","sa3017552",5.9508,1.287,6.2982,0.273551,5.66919,0.6612,0.6998,0.143,0.62991,0,1.0837,0.6731,0.0157,0.0486
"Edward Baram","sa3010664",5.508,1.474,5.9715,0.279546,6.07023,0.612,0.6635,0.163778,0.67447,0,1.1207,0.7159,0.0273,0.0535
"Edward Cabrera","21690",9.35597764705882,1.06366582352941,4.36250441176471,0.232171058823529,4.15003235294118,126.584730579777,58.8513612358708,14.3470740882353,56.0574905940023,0.785270142857143,106.732571428571,60.8650428571429,0,6.85146285714286
"Edward Cedano","sa3021792",4.1724,1.601,7.9461,0.295494,7.31898,0.4636,0.8829,0.177889,0.81322,0,1.2,0.8589,0.0048,0.0531
"Edwin Cervantes","sa3020965",4.9878,1.739,8.5761,0.290972,7.38567,0.5542,0.9529,0.193222,0.82063,0,1.1787,0.8647,0.0226,0.0512
"Edwin Diaz","14710",12.8320423529412,0.833914117647059,3.32855352941176,0.190952235294118,2.94767647058824,92.0770766263529,23.7907502093464,6.04628579067128,21.077847722922,1.79065714285714,45.096,22.7398714285714,0,3.91305428571429
"Edwin Escobar","10337",7.43396,1.0852985,4.530685,0.252367,4.587565,18.92985,12.24645,2.5670555,12.25277,0,23.4928,13.27145,0.5128,1.52205
"Edwin Gonzalez","sa3019263",4.4064,1.465,7.5888,0.292143,6.8976,0.4896,0.8432,0.162778,0.7664,0,1.179,0.8128,0.0096,0.0591
"Edwin Jimenez","sa3010800",5.4684,1.65,3.6189,0.281731,5.57766,0.6076,0.4021,0.183333,0.61974,0,1.1418,0.6594,0.0045,0.0451
"Edwin Moreno","sa3019166",4.302,1.695,6.561,0.294462,7.00227,0.478,0.729,0.188333,0.77803,0,1.2027,0.8212,0.0056,0.0576
"Edwin Nunez","sa3014813",6.123835,1.48789,5.50708,0.2665985,5.96091,24.3326,21.30755,5.585611,23.32899,0,36.03975,25.3487,0.00305,6.03725
"Edwin Rodriguez","sa3016058",4.3803,1.525,9.2016,0.291008,7.4646,0.4867,1.0224,0.169444,0.8294,0,1.1718,0.875,0.0295,0.0609
"Edwin Uceta","20539",10.0323097058824,1.09808864705882,3.38691529411765,0.214557176470588,3.62564235294118,73.4522903176863,24.751793180549,8.07183624944944,26.4565610242368,11.4166142857143,54.6353714285714,29.6446428571429,0,3.48513
"Edwin Zamudio","sa3015951",4.4055,1.527,8.4105,0.292011,7.22772,0.4895,0.9345,0.169667,0.80308,0,1.1799,0.8481,0.0291,0.0549
"Edwuin Bencomo","sa917763",5.742,1.604,3.0807,0.274736,5.23683,0.638,0.3423,0.178222,0.58187,0,1.1065,0.6186,0.0134,0.0492
"Efrain Contreras","sa3005692",7.59412,1.512895,4.10867,0.2562,5.04501,25.90185,13.72255,5.0814445,16.774595,0,29.50545,18.2929,0.0029,2.02445
"Eiberson Castellano","sa3015414",8.47418333333333,1.17914166666667,3.44757,0.2492965,4.42297,44.2048833333333,18.3531,6.27284166666667,23.32735,1.01234333333333,46.2728,25.4589,0,4.64268333333333
"Eider Machuca","sa3019430",4.6845,1.64,8.4447,0.292302,7.49286,0.5205,0.9383,0.182222,0.83254,0,1.1859,0.8767,0.0133,0.0526
"Eiker Huizi","sa3007842",5.8824,1.258,6.0129,0.270731,5.48937,0.6536,0.6681,0.139778,0.60993,0,1.0627,0.6538,0.0269,0.0646
"Eiver Espinoza","sa3018908",4.8051,1.415,7.3026,0.28732,6.56766,0.5339,0.8114,0.157222,0.72974,0,1.1531,0.7756,0.0152,0.0503
"Eli Ankeney","sa3020390",7.0929,1.382,5.8023,0.257992,5.29452,0.7881,0.6447,0.153556,0.58828,0,1.0144,0.6267,0.0229,0.0454
"Eli Lingos","sa3006798",6.7887,1.271,3.6639,0.262597,4.60404,0.7543,0.4071,0.141222,0.51156,0,1.0366,0.5491,0.0254,0.0414
"Eli Morgan","20203",8.43040588235294,1.26712705882353,2.88309852941176,0.240658235294118,4.12112823529412,48.5157889662745,16.592965754233,7.27723398034602,23.6934727268835,1.28032714285714,48.0258,25.2676571428571,0,1.99469428571429
"Eli Saul","sa3020471",6.0633,1.028,4.1517,0.277314,4.8744,0.6737,0.4613,0.114222,0.5416,0,1.1016,0.5854,0.0259,0.0563
"Eli Villalobos","20408",7.5887,1.2925875,4.45306666666667,0.25330375,4.8988875,18.9512389783951,11.3999313117284,3.15577916358025,12.2146816111111,0,22.0045,13.29065,0.5128,1.5243
"Elian Serrata","sa3018871",5.148,1.426,8.4744,0.283169,6.8697,0.572,0.9416,0.158444,0.7633,0,1.1299,0.8083,0.0288,0.0582
"Eliander Alcalde","sa3016519",5.4639,1.569,5.8923,0.276129,6.07608,0.6071,0.6547,0.174333,0.67512,0,1.1091,0.7155,0.0272,0.0457
"Elias Moscoso","sa3019159",4.8942,1.493,9.243,0.28615,7.31151,0.5438,1.027,0.165889,0.81239,0,1.1458,0.8575,0.0294,0.0608
"Eliazar De Los Santos","sa3019709",4.2678,1.508,7.3908,0.294694,6.97311,0.4742,0.8212,0.167556,0.77479,0,1.1946,0.821,0.006,0.0561
"Eliazar Dishmey","sa3019181",5.4333,1.532,4.8357,0.28367,5.94693,0.6037,0.5373,0.170222,0.66077,0,1.146,0.7021,0.0034,0.0478
"Eliecer Bata","sa3019254",4.3758,1.646,6.9777,0.29213,6.94548,0.4862,0.7753,0.182889,0.77172,0,1.1885,0.8148,0.02,0.0483
"Eliecer Romero","sa3015945",4.6305,1.635,8.8344,0.289086,7.46973,0.5145,0.9816,0.181667,0.82997,0,1.1673,0.8733,0.0293,0.0515
"Elieser Hernandez","16933",8.03925,1.72040833333333,2.7635,0.250974583333333,4.62170833333333,36.8870723703704,12.7217037901235,8.16485496296296,21.2478021111111,0,38.9945,22.76935,0.5172,1.52065
"Eliezer Pena","sa3022119",4.2363,1.613,7.2621,0.29445,7.06536,0.4707,0.8069,0.179222,0.78504,0,1.198,0.8294,0.0136,0.0525
"Eligio Paredes","sa3019129",6.3945,1.39,6.174,0.270025,5.7906,0.7105,0.686,0.154444,0.6434,0,1.069,0.6842,0.0271,0.0521
"Elijah Birdsong","sa3020377",4.9086,1.127,6.0147,0.287213,5.76882,0.5454,0.6683,0.125222,0.64098,0,1.1502,0.6875,0.0273,0.055
"Elijah Dale","sa3023501",5.3028,1.236,4.7304,0.276318,5.24448,0.5892,0.5256,0.137333,0.58272,0,1.0998,0.6286,0.0034,0.0682
"Elijah Pleasants","sa3024979",5.3775,1.231,6.0741,0.278556,5.7735,0.5975,0.6749,0.136778,0.6415,0,1.1162,0.6868,0.0224,0.05
"Eliseo Mota","sa3019718",3.996,1.493,6.3504,0.291586,6.58188,0.444,0.7056,0.165889,0.73132,0,1.1883,0.7764,0.0081,0.0521
"Elison Joseph","sa3015306",8.80335,1.29341,5.190465,0.245602,4.83913,22.47815,13.7699,3.5641665,12.75359,0,21.47635,13.77225,0.01285,1.5237
"Elliot Johnstone","sa3020801",5.6277,1.339,6.147,0.278413,5.89167,0.6253,0.683,0.148778,0.65463,0,1.1102,0.698,0.0273,0.0554
"Elmer RodriguezCruz","sa3019459",6.0903,1.404,4.7025,0.273473,5.31855,0.6767,0.5225,0.156,0.59095,0,1.0908,0.6345,0.0034,0.0438
"Elvin Jimenez","sa3019756",5.0859,1.463,9.6021,0.284561,7.32195,0.5651,1.0669,0.162556,0.81355,0,1.135,0.859,0.0295,0.0565
"Elvin Rodriguez","20962",8.60271333333333,1.34513166666667,3.34496266666667,0.238241066666667,4.49284933333333,20.2885181287822,7.78252588942222,3.2225597842,10.7066469827319,0.815897833333333,19.0631716666667,10.8112133333333,0,1.01998333333333
"Elvis Alvarado","sa919291",8.86297571428571,1.12301542857143,4.56082571428571,0.236466857142857,4.41975,27.2348857142857,14.2373857142857,3.58696714285714,13.8184828571429,0.790387142857143,25.6935428571429,14.8948142857143,0,2.04153571428571
"Elvis Garcia","sa3015360",5.0742,1.525,5.6673,0.286177,6.20685,0.5638,0.6297,0.169444,0.68965,0,1.1567,0.7323,0.0116,0.0454
"Elvis Jerez","sa3009469",6.4647,1.529,6.3693,0.269274,6.05457,0.7183,0.7077,0.169889,0.67273,0,1.0698,0.7115,0.0273,0.0524
"Elvis Novas","sa3016816",5.0247,1.375,5.8563,0.286943,6.15834,0.5583,0.6507,0.152778,0.68426,0,1.1575,0.7267,0.0273,0.0504
"Elvis Peguero","21652",8.42088352941177,0.893761764705882,3.67634470588235,0.234516,3.97676470588235,53.1160105647982,23.2380465046367,5.66661048692042,25.2078456273741,9.4829,52.0731857142857,26.3295857142857,0,2.99607285714286
"Elvis Soto","sa3019556",5.2317,1.541,5.0157,0.283559,5.97816,0.5813,0.5573,0.171222,0.66424,0,1.1445,0.7062,0.004,0.0485
"Elwis Mijares","sa3021009",4.7007,1.566,6.3171,0.289517,6.57819,0.5223,0.7019,0.174,0.73091,0,1.1724,0.7748,0.0045,0.0506
"Emailin Montilla","sa3020956",7.0866,1.183,4.041,0.260787,4.54968,0.7874,0.449,0.131444,0.50552,0,1.0239,0.5444,0.0255,0.0418
"Emannoel Madeira","sa3021737",4.3398,1.672,6.8796,0.293859,7.03917,0.4822,0.7644,0.185778,0.78213,0,1.1973,0.8259,0.0042,0.0512
"Emerson Hancock","27470",6.56803705882353,1.41397764705882,2.89239176470588,0.249517529411765,4.46829323529412,43.5301494919608,19.1873632156217,9.33990415286736,29.6942144308962,0.868367571428571,60.1788714285714,33.0277428571429,0,2.99148571428571
"Emerson Talavera","sa3016005",5.2326,1.624,5.9553,0.280471,6.3036,0.5814,0.6617,0.180444,0.7004,0,1.1301,0.7402,0.0274,0.053
"Emiliano Teodo","sa3015158",8.70997142857143,1.21234,4.71707857142857,0.237793,4.67358714285714,26.39475,14.8585242857143,3.70828928571429,14.4117257142857,0.519,24.8788485714286,15.4886357142857,0,1.70640057142857
"Emilio Castillo","sa3016812",5.1678,1.412,8.9748,0.281246,6.87852,0.5742,0.9972,0.156889,0.76428,0,1.1213,0.8084,0.0291,0.0509
"Emilio Marquez","sa3006145",7.0587,1.381,3.6819,0.261053,4.85415,0.7843,0.4091,0.153444,0.53935,0,1.0327,0.5727,0.0255,0.048
"Emilio Pagan","14771",9.24877882352941,1.54089705882353,2.90978941176471,0.237682,4.40108470588235,63.4469671868235,20.0160743642353,10.68435335391,30.1477490546713,12.0315857142857,57.0663571428571,33.0306857142857,0,1.96182
"Emilio Vargas","sa736761",6.5925,1.532,3.5649,0.270695,5.12091,0.7325,0.3961,0.170222,0.56899,0,1.0788,0.6075,0.0045,0.0486
"Emilker Guzman","sa3003158",6.5331,1.429,5.1795,0.270148,5.43024,0.7259,0.5755,0.158778,0.60336,0,1.0693,0.6441,0.0264,0.0433
"Eminen Flores","sa3019632",4.9896,1.635,5.4324,0.284564,6.28767,0.5544,0.6036,0.181667,0.69863,0,1.1553,0.7402,0.0079,0.0525
"Emmanuel Chapman","sa3023456",6.995115,1.29102,3.911765,0.26272,4.90094,26.8915,15.2163,4.5779445,18.28254,0,36.0269,19.80035,0.5068,1.02115
"Emmanuel Clase","21032",8.76002911764706,0.609332823529412,1.78111823529412,0.219239647058824,2.55648352941176,66.6570176513137,13.5413419277778,4.67795855372549,19.481322904732,1.71043542857143,56.1816,21.1223857142857,0,2.02838714285714
"Emmanuel Martinez","sa3019055",5.8338,1.373,7.7715,0.274579,6.31134,0.6482,0.8635,0.152556,0.70126,0,1.0878,0.7447,0.0159,0.0578
"Emmanuel Ramirez","17304",8.67867916666667,1.15657916666667,3.61963333333333,0.2427425,4.2883375,26.7860793333333,11.3972016666667,3.52824016666667,13.3477775,0,25.9763,14.25015,0.012,1.0221
"Emmanuel Reyes","sa3019071",4.41,1.503,3.9762,0.292383,5.88915,0.49,0.4418,0.167,0.65435,0,1.1938,0.6961,0.0035,0.0472
"Emmet Sheehan","29839",9.28583111111111,1.42564,4.09134888888889,0.229454555555556,4.58046222222222,30.9663455474568,13.9984680334815,4.50454881269684,15.4606972345679,0,23.9441366666667,15.1690433333333,0.00203333333333333,1.40677666666667
"Emmett Olson","sa3023223",5.4126,1.31,4.1535,0.27964,5.24925,0.6014,0.4615,0.145556,0.58325,0,1.1227,0.6256,0.0031,0.0447
"Enderjer Sifontes","sa3016458",5.2623,1.681,6.3396,0.287337,6.58071,0.5847,0.7044,0.186778,0.73119,0,1.1609,0.7737,0.0178,0.0484
"Enderson Mercado","sa3024254",4.5243,1.49,7.0524,0.289359,6.63021,0.5027,0.7836,0.165556,0.73669,0,1.1693,0.781,0.0051,0.0504
"Endrys Briceno","sa505062",8.2557,1.335,3.7449,0.252579,4.55076,0.9173,0.4161,0.148333,0.50564,0,0.9842,0.5413,0.0252,0.0483
"Engel Daniel Peralta","sa3019538",5.7798,1.516,5.6196,0.278185,6.00444,0.6422,0.6244,0.168444,0.66716,0,1.1111,0.7091,0.012,0.0495
"Engel Silvestre","sa3022397",4.7754,1.532,9.0594,0.288833,7.36929,0.5306,1.0066,0.170222,0.81881,0,1.1616,0.8635,0.0293,0.0527
"Enger Sanchez","sa3019387",4.8591,1.598,7.8696,0.286564,7.04259,0.5399,0.8744,0.177556,0.78251,0,1.156,0.8253,0.0287,0.0546
"Engert Garcia","sa3021817",5.1165,1.527,5.3073,0.286171,6.03576,0.5685,0.5897,0.169667,0.67064,0,1.1537,0.7141,0.0104,0.0498
"Enmanuel Acosta","sa3010325",5.6745,1.475,6.5007,0.279332,6.23799,0.6305,0.7223,0.163889,0.69311,0,1.1185,0.7347,0.0276,0.0515
"Enmanuel De Jesus","18554",7.42357142857143,1.231,3.39392857142857,0.253277857142857,4.48236428571429,2.55352154195011,1.06010997732426,0.475852369614513,1.67555068027211,0,0.9879,0.5089,0.0248,0.0567
"Enmanuel Mejia","sa3009262",7.47707,1.281745,4.78287,0.254694,5.01998,21.90335,14.2531,3.5728335,14.769505,0,25.49965,15.78915,0.5082,1.5247
"Enmanuel Pinales","sa3018832",5.5917,1.733,4.2489,0.275577,5.72247,0.6213,0.4721,0.192556,0.63583,0,1.1049,0.6736,0.0032,0.0425
"Enmanuel Solano","sa921578",5.2749,1.385,5.8167,0.283029,5.96673,0.5861,0.6463,0.153889,0.66297,0,1.1367,0.7062,0.0272,0.0545
"Enniel Cortez","sa3021525",5.4855,1.73,4.4496,0.283206,6.00381,0.6095,0.4944,0.192222,0.66709,0,1.1501,0.7066,0.004,0.0476
"Enoli Paredes","20447",8.74427636363636,0.954033636363636,4.75981681818182,0.223443636363636,4.00769818181818,23.3209913865197,13.0341138570937,2.54248454732782,10.7479418056198,0.7980725,18.637425,10.967275,0.2338425,1.4850075
"Enrique Carta","sa3022048",4.8933,1.563,8.9433,0.287327,7.34382,0.5437,0.9937,0.173667,0.81598,0,1.1556,0.8599,0.0293,0.0504
"Enrique Coronel","sa3019739",5.0589,1.556,7.3521,0.285466,6.77412,0.5621,0.8169,0.172889,0.75268,0,1.1498,0.7958,0.0211,0.0493
"Enrique Santana","sa3007496",6.2433,1.454,6.2208,0.272588,5.8428,0.6937,0.6912,0.161556,0.6492,0,1.0858,0.6916,0.0273,0.0555
"Enrique Segura","sa3019147",4.7691,1.62,5.6799,0.286796,6.3441,0.5299,0.6311,0.18,0.7049,0,1.1549,0.7485,0.0036,0.063
"Enyel De Los Santos","18403",9.28154647058824,1.284745,3.29021705882353,0.239003647058824,4.20284294117647,30.9873021787474,10.8649449828581,4.3589096099481,13.9409280997439,1.20048142857143,26.6497714285714,14.3961,0,1.6536
"Enyer Burgos","sa3019481",5.0508,1.5,9.6201,0.284777,7.41852,0.5612,1.0689,0.166667,0.82428,0,1.1378,0.8692,0.0296,0.0617
"Enyerber Rivero","sa3022129",4.1733,1.568,9.0612,0.294234,7.55811,0.4637,1.0068,0.174222,0.83979,0,1.1905,0.8851,0.0295,0.0541
"Erasmo Ramirez","10314",7.12656472222222,1.42508916666667,2.75763472222222,0.262649583333333,4.59795694444445,25.0586885393004,9.84801732548869,5.22657836396605,16.3651305545268,0,33.0283,17.76955,0.5111,1.52305
"Erian Rodriguez","sa3019625",5.2731,1.433,5.1417,0.280538,5.78448,0.5859,0.5713,0.159222,0.64272,0,1.1235,0.6858,0.009,0.0559
"Eriberto Vasquez","sa3020970",4.3929,1.592,9.4446,0.292554,7.69041,0.4881,1.0494,0.176889,0.85449,0,1.1823,0.8993,0.0297,0.0533
"Eric Adler","sa3020592",8.661745,1.162815,5.19336,0.246496,4.716085,18.9717,11.772,2.562889,10.745495,0,18.4728,11.765,0.0128,1.0218
"Eric Cerantola","sa3017914",8.629605,1.06595516666667,5.20632833333333,0.242655166666667,4.69387666666667,21.4733333333333,13.205305,2.90651166666667,12.0092066666667,0.806961666666667,21.0626833333333,13.0508233333333,0,1.7943215
"Eric Dominguez","sa3019284",5.8068,1.241,5.8032,0.278254,5.66127,0.6452,0.6448,0.137889,0.62903,0,1.1094,0.6717,0.0153,0.0492
"Eric Foggo","sa3020948",5.6106,1.458,6.8139,0.279862,6.33591,0.6234,0.7571,0.162,0.70399,0,1.1197,0.7463,0.0278,0.057
"Eric Hanhold","18332",7.2783,1.07,4.0086,0.259904,4.46544,0.8087,0.4454,0.118889,0.49616,0,1.0156,0.537,0.0265,0.048
"Eric Lauer","19316",8.38963636363636,1.49659818181818,3.77929272727273,0.258462818181818,4.92649272727273,27.8696150845091,12.7641384503317,5.2015668578876,16.7822198867769,0,28.97081,15.666335,0.05416295,0.89516025
"Eric Mendez","sa3005433",5.7078,1.487,5.5872,0.274907,5.85252,0.6342,0.6208,0.165222,0.65028,0,1.0985,0.6906,0.027,0.0523
"Eric Orze","27626",9.33058411764706,1.16921358823529,3.87591058823529,0.232388235294118,3.95306117647059,40.533688829827,17.0527391620146,5.04736629913495,17.0240259477893,0.928617142857143,35.0490714285714,19.4011142857143,0,2.07403571428571
"Eric Pardinho","sa968102",7.921405,1.241305,4.499725,0.24812,4.628605,22.4375,13.2384,3.5675,13.25272,0,24.4894,14.2716,0.01275,0.51995
"Eric Prado","sa3021780",5.2578,1.752,5.2596,0.285398,6.3369,0.5842,0.5844,0.194667,0.7041,0,1.1602,0.7444,0.0087,0.0464
"Eric Reyzelman","sa3020611",9.60509,1.33431,4.25826,0.234152,4.33881,22.01595,9.72955,3.0713335,9.7385,0,17.4596,10.75565,0.0117,1.022
"Eric Silva","sa3017965",7.297535,1.19058,3.942945,0.250429,4.67432,24.41545,13.7157,4.066389,16.74754,0,30.4897,18.2661,0.51265,2.5252
"Eric Skoglund","16155",7.0425,1.232,3.5424,0.265587,4.70277,0.7825,0.3936,0.136889,0.52253,0,1.0509,0.5595,0.0159,0.0485
"Eric Stout","16873",8.3331,1.249,4.1571,0.244937,4.40136,0.9259,0.4619,0.138778,0.48904,0,0.9506,0.5238,0.0259,0.0511
"Eric Torres","sa3017262",9.248085,1.2933,5.778355,0.2367745,5.13665,22.99565,14.79925,3.072778,13.26341,0,18.9617,14.2814,0.51305,4.53925
"Eric Veras","sa3024462",3.8493,1.492,6.7185,0.295466,6.67566,0.4277,0.7465,0.165778,0.74174,0,1.2029,0.7872,0.0033,0.0513
"Eric Yardley","15538",5.3136,1.171,3.8853,0.282061,5.0409,0.5904,0.4317,0.130111,0.5601,0,1.1327,0.6044,0.0273,0.0595
"Eric Yost","sa3022858",5.0283,1.37,3.9906,0.282899,5.31558,0.5587,0.4434,0.152222,0.59062,0,1.1342,0.6344,0.0045,0.0484
"Erich Uelmen","20323",7.41645833333333,1.17125,3.91258333333333,0.254473333333333,4.677975,19.5717105555556,10.5094322222222,3.12853333333333,12.7929105555556,0,23.01305,14.2731,0.0129,3.5309
"Erick Fedde","17425",7.54283647058823,1.21253176470588,2.87174352941176,0.255357882352941,4.24618882352941,135.412680409689,51.3819228959938,21.7800337880507,76.1912513372087,0,159.522428571429,82.6090571428571,0,4.75713428571429
"Erick Padilla","sa3019392",4.5324,1.39,9.2889,0.290437,7.22484,0.5036,1.0321,0.154444,0.80276,0,1.1632,0.85,0.0294,0.0549
"Erick Pinales","sa3007963",6.4647,1.324,6.5565,0.268197,5.75271,0.7183,0.7285,0.147111,0.63919,0,1.0564,0.6812,0.0273,0.0516
"Erick Reynoso","sa3021749",4.0599,1.832,7.2324,0.297185,7.50141,0.4511,0.8036,0.203556,0.83349,0,1.2195,0.8758,0.006,0.0559
"Erick Rodriguez","sa3015155",4.7646,1.537,4.9203,0.28858,6.0579,0.5294,0.5467,0.170778,0.6731,0,1.171,0.7161,0.0032,0.0485
"Erik Martinez","sa3020835",7.4025,1.34,3.4011,0.258711,4.65066,0.8225,0.3779,0.148889,0.51674,0,1.018,0.5532,0.0137,0.0462
"Erik Miller","26252",10.9614129411765,0.758668176470588,4.73423058823529,0.213493764705882,3.48486470588235,74.6272574596509,32.1462790479723,5.04659823066897,23.746043002476,12.2877714285714,47.6353571428571,26.0275857142857,0,2.39362571428571
"Erik Rivera","sa3010867",5.913,1.35,5.2065,0.279956,5.67117,0.657,0.5785,0.15,0.63013,0,1.1168,0.6724,0.0043,0.0453
"Erik Sabrowski","24978",10.242174,1.01818546666667,4.58140266666667,0.221744,3.67054533333333,60.3452883384533,27.1320493952,6.01447040853333,21.64051761792,7.12836833333333,44.9620666666667,23.8936333333333,0,1.76829833333333
"Erik Swanson","16587",8.71415588235294,1.36376941176471,3.13000705882353,0.239780764705882,4.24423529411765,57.5771718099792,20.6577660973718,9.04069046447059,28.0968987427912,12.83,55.5065285714286,29.5399285714286,0,2.02690714285714
"Erik Tolman","sa3021719",4.8312,1.441,4.9347,0.280659,5.64048,0.5368,0.5483,0.160111,0.62672,0,1.1246,0.6691,0.0031,0.0467
"Eriq Swan","sa3023514",5.4477,1.716,5.202,0.285711,6.23448,0.6053,0.578,0.190667,0.69272,0,1.1565,0.7339,0.0051,0.0472
"Eris Rodriguez","sa3017859",5.1282,1.427,6.6006,0.282393,6.24474,0.5698,0.7334,0.158556,0.69386,0,1.132,0.7374,0.0277,0.052
"Ernesto Jaquez","sa3004869",5.9355,1.59,6.0084,0.274551,6.00588,0.6595,0.6676,0.176667,0.66732,0,1.0937,0.7077,0.0272,0.0528
"Ernesto Mercedes","sa3018835",6.1992,1.431,6.7428,0.26938,6.02667,0.6888,0.7492,0.159,0.66963,0,1.0668,0.7127,0.005,0.0586
"Ernie Day","sa3023004",5.3271,1.373,7.542,0.279539,6.39081,0.5919,0.838,0.152556,0.71009,0,1.1129,0.7541,0.0282,0.0568
"Erubiel Armenta","sa3015125",6.8634,1.378,6.5565,0.260874,5.54832,0.7626,0.7285,0.153111,0.61648,0,1.0178,0.6565,0.027,0.052
"Ervin Santana","3200",7.1037,1.412,3.0789,0.265805,4.80087,0.7893,0.3421,0.156889,0.53343,0,1.0595,0.5686,0.0233,0.0419
"Ervin Torres","sa3018827",4.1625,1.525,6.0291,0.292197,6.42771,0.4625,0.6699,0.169444,0.71419,0,1.1886,0.7581,0.0038,0.0513
"Esmerlin Vinicio","sa3014708",5.5179,1.157,5.5098,0.274029,5.37867,0.6131,0.6122,0.128556,0.59763,0,1.0931,0.6428,0.0089,0.0668
"Estarlin Cruz","sa3021000",4.8267,1.441,11.0007,0.284132,7.63965,0.5363,1.2223,0.160111,0.84885,0,1.1311,0.8941,0.0304,0.0518
"Estarlin Escalante","sa3018906",5.742,1.363,6.696,0.273432,5.9409,0.638,0.744,0.151444,0.6601,0,1.0867,0.7037,0.0276,0.0547
"Estarlin Francisco","sa3023693",3.9366,1.718,6.9417,0.298372,7.24851,0.4374,0.7713,0.190889,0.80539,0,1.2224,0.8494,0.0033,0.0528
"Estarlin Rodriguez","sa3004871",5.5827,1.321,5.6862,0.277291,5.67378,0.6203,0.6318,0.146778,0.63042,0,1.1047,0.6736,0.027,0.0503
"Esteban Luna","sa3024100",4.3443,1.598,6.7752,0.29399,6.88851,0.4827,0.7528,0.177556,0.76539,0,1.1961,0.8101,0.0033,0.0497
"Estibenzon Jimenez","sa3015983",5.2722,1.67,4.2984,0.280665,5.81337,0.5858,0.4776,0.185556,0.64593,0,1.1292,0.6861,0.0067,0.0561
"Ethan Bosacker","sa3023163",4.7151,1.589,3.5658,0.28781,5.75532,0.5239,0.3962,0.176556,0.63948,0,1.1734,0.6786,0.0047,0.0438
"Ethan Chenault","sa3023445",6.9435,1.332,6.1416,0.262244,5.46237,0.7715,0.6824,0.148,0.60693,0,1.0227,0.6481,0.0268,0.0538
"Ethan Hammerberg","sa3019849",6.4494,1.512,6.7986,0.271435,6.06132,0.7166,0.7554,0.168,0.67348,0,1.0735,0.7146,0.0275,0.0467
"Ethan Hankins","sa3008589",7.0929,1.281,3.7386,0.263408,4.76784,0.7881,0.4154,0.142333,0.52976,0,1.0378,0.5694,0.003,0.0437
"Ethan Lindow","sa3005028",5.7852,1.503,3.0627,0.274062,5.02704,0.6428,0.3403,0.167,0.55856,0,1.1014,0.5961,0.0044,0.0449
"Ethan Pecko","sa3022997",7.69936,1.266295,3.5878,0.2528265,4.475055,39.4158,17.70135,6.0730555,21.260475,0,43.50775,22.7797,0.00295,1.02
"Ethan Roberts","24930",8.711582,1.158432,3.54041033333333,0.2417768,4.275337,33.8526413260296,13.719058298437,4.45198469807407,16.5544208666504,1.08538166666667,31.72985,17.53295,0,2.52346833333333
"Ethan Routzahn","sa3017206",6.160625,1.341305,3.446515,0.266918,4.87001,19.8442,10.6997,4.5705,16.26188,0,31.02735,17.78195,0.0127,3.0281
"Ethan Small","26364",8.70107705882353,0.921717823529412,3.87653176470588,0.236872588235294,4.00466,20.9485699650265,9.52965861591695,2.16305306184352,9.80659745907728,0.909334285714286,20.0778,10.3314671428571,0,0.689005428571429
"Ettore Giulianelli","sa3015281",6.5943,1.302,8.0082,0.26843,6.16275,0.7327,0.8898,0.144667,0.68475,0,1.0527,0.7283,0.0281,0.0495
"Eudry Alcantara","sa3019701",4.2552,1.636,7.6932,0.295209,7.28469,0.4728,0.8548,0.181778,0.80941,0,1.2015,0.854,0.0099,0.0542
"Eudrys Manon","sa3009631",7.7886,1.3,5.2011,0.252551,4.98195,0.8654,0.5779,0.144444,0.55355,0,0.9827,0.591,0.0261,0.048
"Eudy Liriano","sa3021765",4.3029,1.719,7.6707,0.294507,7.37289,0.4781,0.8523,0.191,0.81921,0,1.2015,0.8622,0.0169,0.051
"Euri Montero","sa3015989",4.6143,1.345,6.0795,0.289431,6.14331,0.5127,0.6755,0.149444,0.68259,0,1.1671,0.728,0.0276,0.0631
"Eury Perez","27768",9.57166823529412,1.26161941176471,3.08173676470588,0.234434705882353,4.04776235294118,79.2312480157847,25.2578232003883,10.2948502022653,33.3689887653825,0,65.8974428571429,34.3130571428571,0,2.37814285714286
"Eury Ramos","sa873729",7.04444,1.19973,5.17448,0.2535805,5.107605,10.3981,8.26725,1.575611,7.77905,0,13.00725,8.2983,0.01295,0.52005
"Eury Rosado","sa3016489",7.2063,1.426,4.0014,0.261748,5.01939,0.8007,0.4446,0.158444,0.55771,0,1.0338,0.5942,0.0152,0.0488
"Evan Fitterer","sa3011433",6.09818,1.103055,4.599555,0.271799,5.01897,37.82145,26.7594,6.5608335,29.28226,0,57.04605,31.80535,0.00155,5.0314
"Evan Gates","sa3017311",7.25422,1.065945,3.666875,0.257354,4.3913,24.9024,12.7015,3.560778,15.240805,0,32.00375,16.26065,0.0126,0.51815
"Evan Johnson","sa3010000",6.7509,1.421,5.643,0.265911,5.57802,0.7501,0.627,0.157889,0.61978,0,1.0508,0.6586,0.0267,0.0483
"Evan Justice","30008",8.47498117647059,1.14095047058824,5.65310647058824,0.255871411764706,5.39323058823529,36.3278457488351,24.3085572526067,4.97929160333333,23.1207053507574,0.891295714285714,38.8025285714286,25.2078714285714,0,4.37977714285714
"Evan Kravetz","27536",7.870465,1.51565,4.211845,0.2592575,5.141715,23.9311,13.2227,4.5835,16.269415,0,28.00745,17.78745,0.0128,1.5228
"Evan Lee","24988",7.6995,1.17,5.049,0.25439,4.72653,0.8555,0.561,0.13,0.52517,0,0.9881,0.5648,0.016,0.0508
"Evan Marshall","12297",7.9281,1.277,3.2796,0.256663,4.39317,0.8809,0.3644,0.141889,0.48813,0,1.0044,0.5249,0.0246,0.0403
"Evan McKendry","sa3010787",6.507435,1.496175,2.62948,0.263252,4.76943,33.3576,13.1482,7.088722,23.27523,0,46.0398,25.2933,0.00385,3.0249
"Evan Miller","sa915725",7.0839,1.296,3.6297,0.263149,4.74147,0.7871,0.4033,0.144,0.52683,0,1.0387,0.5647,0.0196,0.0465
"Evan Phillips","17734",10.0057,0.937298529411765,2.81875588235294,0.219602764705882,3.27629764705882,54.7906200019193,15.5164355498201,5.21967279605882,17.9212450692042,2.01457857142857,39.9708714285714,19.8236571428571,0,2.12583285714286
"Evan Reifert","sa3014860",9.85675428571429,1.09820185714286,4.73589428571429,0.226865285714286,4.33790714285714,52.7861428571429,25.3483142857143,5.87704714285714,23.1073285714286,4.25983714285714,41.1873428571429,25.1080428571429,0,4.15951857142857
"Evan Shawver","sa3017780",6.478845,1.384345,4.8265,0.27436,5.581845,16.8635,13.2555,3.578222,14.80703,0,25.5594,15.8275,0.00735,2.02645
"Evan Sisk","sa3007612",8.62861857142857,0.79198,4.30655571428571,0.240362142857143,4.01652285714286,33.2143142857143,16.7843285714286,2.97462857142857,15.6510514285714,0.719937142857143,32.295,17.0805857142857,0,2.18742571428571
"Evan Taylor","sa3019950",6.6402,1.094,5.265,0.264992,4.90068,0.7378,0.585,0.121556,0.54452,0,1.0389,0.5871,0.0264,0.0565
"Evelio Hernandez","sa3019487",4.9527,1.625,6.7014,0.2875,6.7392,0.5503,0.7446,0.180556,0.7488,0,1.1636,0.7913,0.0104,0.0491
"Ever Moya","sa917836",4.9743,1.346,6.8976,0.282217,6.14844,0.5527,0.7664,0.149556,0.68316,0,1.1298,0.7271,0.0279,0.0563
"Everhett Hazelwood","sa3017197",5.8275,1.532,5.7699,0.277136,5.91057,0.6475,0.6411,0.170222,0.65673,0,1.1063,0.6979,0.0271,0.053
"Eward Rodriguez","sa3018293",4.3965,1.675,7.083,0.294132,7.1082,0.4885,0.787,0.186111,0.7898,0,1.1995,0.833,0.0125,0.0509
"Eybersson Polanco","sa3018301",3.987,1.67,6.4089,0.304574,7.26192,0.443,0.7121,0.185556,0.80688,0,1.2518,0.8511,0.004,0.0499
"Ezequiel Bonilla","sa3018334",4.5513,1.638,7.9956,0.289692,7.22952,0.5057,0.8884,0.182,0.80328,0,1.1714,0.8471,0.0161,0.055
"Ezequiel Jimenez","sa3022146",4.3047,1.693,6.7473,0.293594,7.00623,0.4783,0.7497,0.188111,0.77847,0,1.1971,0.8217,0.0067,0.0499
"Ezequiel Ventura","sa3011859",5.4486,1.53,5.8527,0.282028,6.19533,0.6054,0.6503,0.17,0.68837,0,1.1379,0.7291,0.0273,0.048
"Fabian Gallardo","sa3024091",4.1715,1.611,6.8706,0.296118,6.99264,0.4635,0.7634,0.179,0.77696,0,1.2076,0.8217,0.0076,0.0525
"Fabian Soto","sa3023829",4.3119,1.682,7.1928,0.294555,7.19118,0.4791,0.7992,0.186889,0.79902,0,1.2004,0.8429,0.0033,0.0545
"Fabian Ysalla","sa3021020",3.996,1.517,7.4664,0.297071,7.03296,0.444,0.8296,0.168556,0.78144,0,1.2081,0.8277,0.0147,0.0517
"Fabricio Reina","sa3003143",5.7375,1.456,6.6888,0.278066,6.2271,0.6375,0.7432,0.161778,0.6919,0,1.1109,0.7338,0.0276,0.0487
"Federik Jimenez","sa3019645",4.941,1.542,10.0764,0.286061,7.66557,0.549,1.1196,0.171333,0.85173,0,1.1447,0.8965,0.0299,0.0598
"Felipe Bello","sa3020084",4.8051,1.475,5.8833,0.28766,6.20568,0.5339,0.6537,0.163889,0.68952,0,1.1637,0.7325,0.0274,0.0449
"Felipe De La Cruz","sa3016065",6.3927,1.289,4.3371,0.263882,4.85397,0.7103,0.4819,0.143222,0.53933,0,1.0422,0.5806,0.0032,0.0476
"Felipe De Los Santos","sa3019262",4.698,1.478,8.6112,0.288823,7.14015,0.522,0.9568,0.164222,0.79335,0,1.16,0.839,0.0231,0.0569
"Felipito Santos","sa3010805",4.3128,1.535,9.0315,0.293139,7.48404,0.4792,1.0035,0.170556,0.83156,0,1.1839,0.877,0.0295,0.0598
"Felix Arronde","sa3016526",5.0805,1.273,4.3443,0.286122,5.53869,0.5645,0.4827,0.141444,0.61541,0,1.1525,0.6593,0.0035,0.0523
"Felix Bautista","20666",12.3435552941176,0.900230647058823,3.60937294117647,0.189966470588235,3.06385,80.1815870697855,23.4927668007059,5.92158950895617,19.8526630111765,3.61640142857143,39.3541285714286,18.9754285714286,0,2.13858
"Felix Cabrera","sa3016496",5.3028,1.368,7.0182,0.280886,6.05952,0.5892,0.7798,0.152,0.67328,0,1.1179,0.7182,0.0278,0.0553
"Felix Castro","sa3018361",4.8231,1.527,6.0354,0.287341,6.32808,0.5359,0.6706,0.169667,0.70312,0,1.156,0.7469,0.0079,0.0543
"Felix Cepeda","sa3005445",6.864305,1.2628,5.17481,0.2622595,5.26787,16.38445,13.26765,3.069389,13.27799,0,22.5158,14.298,0.51305,2.02575
"Felix Minjarez","sa3007272",7.8129,1.382,4.0167,0.252799,4.69539,0.8681,0.4463,0.153556,0.52171,0,0.9845,0.5563,0.0253,0.0433
"Felix Paulino","sa828972",7.3314,1.193,3.1914,0.259377,4.37958,0.8146,0.3546,0.132556,0.48662,0,1.0186,0.5245,0.022,0.0453
"Felix Pena","13403",7.245,1.157,3.1896,0.260902,4.35303,0.805,0.3544,0.128556,0.48367,0,1.0249,0.522,0.0239,0.0423
"Felix Polanco","sa3008709",4.9113,1.462,8.7102,0.283578,6.9399,0.5457,0.9678,0.162444,0.7711,0,1.1361,0.8147,0.029,0.0509
"Felix Ramires","sa3005828",5.8266,1.32,5.7087,0.288302,5.91678,0.6474,0.6343,0.146667,0.65742,0,1.1573,0.7014,0.0272,0.0575
"Fermin Magallanes","sa3021544",5.2659,1.43,9.414,0.282616,7.15257,0.5851,1.046,0.158889,0.79473,0,1.1245,0.8401,0.0293,0.0541
"Fernando Abad","4994",6.33671428571429,1.42557142857143,3.28407142857143,0.283982857142857,5.14537142857143,2.6063222675737,1.67371460317461,0.667506349206351,2.38706104308391,0,1.1265,0.588,0.0258,0.0378
"Fernando Cruz","7048",12.3178744117647,1.07922764705882,4.26591764705882,0.208801647058824,3.57547647058824,85.3997753398347,29.6352123632757,7.44383574044598,24.9087090357555,13.6981714285714,48.1134571428571,26.0444714285714,0,3.06515142857143
"Fernando Guanare","sa3015496",5.0481,1.454,5.3316,0.283608,5.96025,0.5609,0.5924,0.161556,0.66225,0,1.1426,0.7045,0.0271,0.0668
"Fernando Lozano","sa3008585",5.0283,1.552,5.5836,0.284424,6.09759,0.5587,0.6204,0.172444,0.67751,0,1.1427,0.7201,0.0191,0.047
"Fernando Olguin","sa3008571",6.084,1.597,5.6763,0.274194,5.98707,0.676,0.6307,0.177444,0.66523,0,1.0976,0.7044,0.0271,0.0543
"Fernando Ortega","sa3009459",4.2435,1.531,8.3052,0.293779,7.23123,0.4715,0.9228,0.170111,0.80347,0,1.1896,0.8487,0.029,0.0509
"Fernando Perez","sa3018826",5.5629,1.472,3.9213,0.279563,5.46768,0.6181,0.4357,0.163556,0.60752,0,1.1284,0.6489,0.0031,0.051
"Fernando Sanchez","sa3010134",6.6078,1.302,3.906,0.261962,4.70538,0.7342,0.434,0.144667,0.52282,0,1.0271,0.5624,0.008,0.0592
"Fineas Del BontaSmith","sa3010821",6.953785,1.29498,3.56082,0.263173,4.790105,16.38895,8.2038,3.0719445,11.268445,0,22.5235,12.2865,0.01275,1.02305
"Fitz Stadler","sa876081",8.0235,1.164,4.6044,0.25246,4.61619,0.8915,0.5116,0.129333,0.51291,0,0.98,0.5512,0.0257,0.0486
"Florencio Serrano","sa3010124",5.786105,1.5442,4.42418,0.273781,5.742685,14.33385,11.24875,4.083278,15.30695,0,25.5537,16.327,0.5089,1.5258
"Forrest Whitley","19586",9.63778088235294,1.01319494117647,4.27405911764706,0.234141411764706,4.25171764705882,55.1577576506436,24.3885406239031,5.68241164733564,24.3376377453287,9.94160428571429,45.0172142857143,24.1981428571429,0,3.49793
"Foster Griffin","16432",8.1423,1.001,3.5415,0.24901,3.91977,0.9047,0.3935,0.111222,0.43553,0,0.962,0.4739,0.0245,0.0442
"Fraimin Marte","sa3015462",4.7871,1.53,8.5743,0.286192,7.13241,0.5319,0.9527,0.17,0.79249,0,1.147,0.8369,0.029,0.0575
"Frainer Mejias","sa3021535",5.0913,1.508,8.2341,0.285348,6.99021,0.5657,0.9149,0.167556,0.77669,0,1.1449,0.8209,0.0236,0.0548
"Frainger Aranguren","sa3003132",6.1956,1.319,3.9735,0.272442,5.05719,0.6884,0.4415,0.146556,0.56191,0,1.0853,0.6022,0.0207,0.0459
"Framber Valdez","17295",8.59844411764706,0.817050705882353,2.91941235294118,0.235525764705882,3.39824235294118,171.298248168512,58.0461401562553,16.2673490292195,67.6839580503652,0,160.578142857143,73.6971,0,8.77850571428571
"Fran Castro","sa3010675",5.3613,1.463,6.3846,0.280281,6.19362,0.5957,0.7094,0.162556,0.68818,0,1.123,0.7305,0.0275,0.0529
"Francis Hernandez","sa3016223",5.0589,1.534,6.1326,0.284162,6.32763,0.5621,0.6814,0.170444,0.70307,0,1.1456,0.7451,0.0241,0.0561
"Francis Marte","sa3022118",4.1517,1.592,6.939,0.296083,6.96816,0.4613,0.771,0.176889,0.77424,0,1.2063,0.8192,0.0083,0.0488
"Francis Peguero","sa3005209",6.7779,1.301,3.1761,0.263983,4.61547,0.7531,0.3529,0.144556,0.51283,0,1.0445,0.5505,0.0229,0.0464
"Francis Pena","sa3019374",7.461165,1.1052765,3.26765,0.250445166666667,4.25155333333333,27.88825,12.0682833333333,4.16560166666667,16.0821216666667,0.761326666666667,33.0239166666667,17.4231266666667,0,1.87594716666667
"Francis Reynoso","sa3015619",6.255,1.433,6.6546,0.272099,6.04944,0.695,0.7394,0.159222,0.67216,0,1.0795,0.7132,0.0275,0.0503
"Francis Rivera","sa3009217",4.7412,1.689,5.2506,0.305269,6.83001,0.5268,0.5834,0.187667,0.75889,0,1.2578,0.8024,0.0124,0.0513
"Francis Texido","sa3021028",5.4234,1.797,6.2469,0.281534,6.5736,0.6026,0.6941,0.199667,0.7304,0,1.1352,0.7703,0.0034,0.0557
"Francisco Frias","sa3022278",5.1408,1.607,8.9532,0.285061,7.36965,0.5712,0.9948,0.178556,0.81885,0,1.1403,0.8626,0.0292,0.053
"Francisco Lucumi","sa3015460",4.545,1.548,8.1063,0.290897,7.14087,0.505,0.9007,0.172,0.79343,0,1.1763,0.8377,0.0289,0.0536
"Francisco Mercado","sa3019652",4.2858,1.694,6.8904,0.291505,6.97185,0.4762,0.7656,0.188222,0.77465,0,1.1894,0.8183,0.0063,0.0502
"Francisco Morales","22913",9.19769,0.9398995,5.92462,0.2323535,4.50955,23.49565,15.8036,2.0586665,11.249345,0,18.95835,12.2688,0.01285,3.0323
"Francisco Morao","sa3022130",4.6089,1.573,7.0713,0.290094,6.74559,0.5121,0.7857,0.174778,0.74951,0,1.1752,0.7932,0.0045,0.0522
"Francisco Pazos","sa3022380",4.4883,1.613,8.3664,0.286097,7.12098,0.4987,0.9296,0.179222,0.79122,0,1.1542,0.8353,0.029,0.0541
"Francisco Perez","21018",8.29345138888889,1.02904375,4.39740416666667,0.237418333333333,4.34849583333333,22.6972898773148,12.0264086305556,2.54625882055556,11.6211375444444,0,21.4685,12.25085,0.5123,0.5188
"Franck De La Rosa","sa3015964",5.8122,1.384,6.0921,0.277708,6.0183,0.6458,0.6769,0.153778,0.6687,0,1.1095,0.7101,0.018,0.0519
"Franco Aleman","sa3018178",9.299465,1.06120483333333,3.32451833333333,0.236273666666667,3.88454166666667,35.7041833333333,12.4861833333333,4.08787333333333,14.78965,1.010285,31.3081,16.0144333333333,0,2.61378166666667
"Francys Peguero","sa748442",7.3809,1.362,3.8772,0.257955,4.78692,0.8201,0.4308,0.151333,0.53188,0,1.0141,0.5676,0.0255,0.0449
"Frander Veras","sa3008723",5.6178,1.445,6.3432,0.278359,5.98329,0.6242,0.7048,0.160556,0.66481,0,1.1072,0.7082,0.0274,0.0566
"Franderly Morel","sa3020980",5.1219,1.356,8.9874,0.280993,6.7671,0.5691,0.9986,0.150667,0.7519,0,1.1172,0.7969,0.029,0.0505
"Frandy Rodriguez","sa3022144",4.608,1.632,8.2377,0.289482,7.2711,0.512,0.9153,0.181333,0.8079,0,1.1711,0.851,0.0289,0.0492
"Frank Duncan","sa738963",6.6519,1.385,3.0528,0.269575,4.8546,0.7391,0.3392,0.153889,0.5394,0,1.0745,0.5779,0.003,0.0479
"Frank German","24750",9.3303,1.053,3.9906,0.236451,3.98394,1.0367,0.4434,0.117,0.44266,0,0.9014,0.4782,0.0247,0.0514
"Frank Martinez","sa3022132",4.8843,1.503,8.9415,0.28668,7.22835,0.5427,0.9935,0.167,0.80315,0,1.1497,0.8479,0.0292,0.0541
"Frank Moreno","sa3019294",4.0284,1.471,6.5115,0.290388,6.56064,0.4476,0.7235,0.163444,0.72896,0,1.1806,0.7743,0.0083,0.0509
"Frank Mozzicato","sa3018242",5.8095,1.354,6.0894,0.272133,5.77269,0.6455,0.6766,0.150444,0.64141,0,1.0786,0.683,0.0032,0.0419
"Frank Rubio","sa3005162",7.6635,1.243,3.7503,0.256879,4.58001,0.8515,0.4167,0.138111,0.50889,0,1.0064,0.5457,0.0253,0.0495
"Frankeli Arias","sa3018352",5.283,1.704,5.3091,0.278605,5.9958,0.587,0.5899,0.189333,0.6662,0,1.1203,0.7055,0.0111,0.052
"Frankie Montas","14309",8.55368470588235,1.29411941176471,3.52145794117647,0.243217647058824,4.34129764705882,98.9352089275294,40.8296080611961,15.0199415173172,50.3385292916386,0,96.4985142857143,53.6089857142857,0,4.21042142857143
"Frankie Scalzo Jr","sa3017724",6.760625,1.290635,3.655855,0.2591325,4.744145,20.38555,10.71425,4.070278,14.762045,0,28.01615,15.78135,0.01275,1.5226
"Franklin Dacosta","sa3002925",7.3098,1.263,4.0329,0.255768,4.57119,0.8122,0.4481,0.140333,0.50791,0,1.0011,0.5447,0.0255,0.0468
"Franklin De La Paz","sa3002811",6.4944,1.193,6.4206,0.265282,5.38047,0.7216,0.7134,0.132556,0.59783,0,1.0398,0.6406,0.0271,0.06
"Franklin Gil","sa3019626",4.8222,1.69,5.9778,0.28942,6.63831,0.5358,0.6642,0.187778,0.73759,0,1.1725,0.78,0.0068,0.0456
"Franklin Gomez","sa3019153",5.4468,1.279,5.3136,0.273648,5.33844,0.6052,0.5904,0.142111,0.59316,0,1.0892,0.6375,0.005,0.0513
"Franklin Marquez","sa3015305",5.1156,1.27,7.3143,0.281346,6.10695,0.5684,0.8127,0.141111,0.67855,0,1.1208,0.7237,0.028,0.0506
"Franklin Perez","sa873722",5.1363,1.499,6.8967,0.284283,6.51564,0.5707,0.7663,0.166556,0.72396,0,1.1437,0.7668,0.028,0.0536
"Franklin Sanchez","sa3015157",6.5079,1.185,6.8049,0.269784,5.69835,0.7231,0.7561,0.131667,0.63315,0,1.0599,0.6773,0.0274,0.0612
"Franklyn Kilome","17861",7.7742,1.272,3.4524,0.254678,4.48371,0.8638,0.3836,0.141333,0.49819,0,0.9963,0.534,0.0246,0.0504
"Franklyn Moreta","sa3018888",4.7205,1.517,8.4096,0.28838,7.1199,0.5245,0.9344,0.168556,0.7911,0,1.1607,0.8357,0.029,0.0537
"Franly Urena","sa3022050",5.4531,1.544,6.0039,0.280745,6.23835,0.6059,0.6671,0.171556,0.69315,0,1.1316,0.7352,0.0134,0.0512
"Franny Cobos","sa3006494",7.2504,1.304,4.3236,0.258465,4.84524,0.8056,0.4804,0.144889,0.53836,0,1.0137,0.576,0.0257,0.0476
"Franyel Diaz","sa3020976",4.5126,1.535,6.6528,0.292385,6.71184,0.5014,0.7392,0.170556,0.74576,0,1.1853,0.7908,0.0043,0.0509
"Franyelson Rodriguez","sa3015456",5.0922,1.425,5.1534,0.284123,5.81517,0.5658,0.5726,0.158333,0.64613,0,1.1453,0.6885,0.0269,0.0454
"Franyer Herrera","sa3019520",4.752,1.528,6.5358,0.286944,6.47091,0.528,0.7262,0.169778,0.71899,0,1.1598,0.762,0.0037,0.0489
"Franyerson Reyes","sa3024586",4.0905,1.712,6.2127,0.297024,6.96483,0.4545,0.6903,0.190222,0.77387,0,1.2175,0.8171,0.0038,0.0537
"Fraser Ellard","29530",8.98539558823529,0.956202470588235,4.47189352941176,0.240807941176471,4.18987117647059,61.5292442218777,30.587966984526,6.47643940207613,28.6618104750235,9.75729142857143,57.2382428571429,31.3090428571429,0,4.05435714285714
"Fraylin Suriel","sa3018357",4.4928,1.577,9.792,0.289869,7.72074,0.4992,1.088,0.175222,0.85786,0,1.1662,0.9028,0.0299,0.0598
"Fraynel Nova","sa3019696",4.293,1.432,7.1676,0.296454,6.90147,0.477,0.7964,0.159111,0.76683,0,1.2039,0.8117,0.0196,0.0466
"Fred Schlichtholz","sa3004455",8.0379,1.066,3.3984,0.250934,4.00545,0.8931,0.3776,0.118444,0.44505,0,0.9736,0.4825,0.0248,0.0415
"Fred Villarreal","sa3011477",6.9183,1.211,3.663,0.257703,4.45608,0.7687,0.407,0.134556,0.49512,0,1.0103,0.5346,0.0253,0.0526
"Freddery Paulino","sa3005881",3.6882,1.622,6.2064,0.300197,6.87411,0.4098,0.6896,0.180222,0.76379,0,1.2318,0.8089,0.0056,0.0491
"Freddy Pacheco","sa3006164",7.2117,1.401,3.5676,0.256707,4.80312,0.8013,0.3964,0.155667,0.53368,0,1.0133,0.5697,0.003,0.0463
"Freddy Peralta","18679",10.2294317647059,1.22624117647059,3.26168294117647,0.215291647058824,3.64174941176471,191.397556167197,60.9985391183391,23.0189980318339,68.1503539385775,0,136.718,75.2254142857143,0,7.85599285714286
"Freddy Tarnok","23324",8.22838416666667,1.21749833333333,4.05081777777778,0.251556666666667,4.73176388888889,28.8395489190741,14.8970542391152,3.99627375421296,16.6525807440329,0,30.98605,17.7707,0.51025,1.52215
"Frederic Frias","sa3021480",4.4451,1.394,9.5706,0.291534,7.35498,0.4939,1.0634,0.154889,0.81722,0,1.168,0.8647,0.0296,0.0582
"Frederic Garcia","sa3006575",5.5305,1.384,8.5608,0.279612,6.72552,0.6145,0.9512,0.153778,0.74728,0,1.1102,0.7922,0.0287,0.0513
"Freilyn Guzman","sa3021760",3.7557,1.631,7.0848,0.300159,7.19721,0.4173,0.7872,0.181222,0.79969,0,1.229,0.8452,0.0057,0.0533
"Freilyn Silverio","sa3019271",4.23,1.706,7.3161,0.294369,7.26066,0.47,0.8129,0.189556,0.80674,0,1.2002,0.8503,0.0077,0.0589
"Frelianderson Seijas","sa3018325",4.6863,1.552,9.0873,0.289322,7.43139,0.5207,1.0097,0.172444,0.82571,0,1.1651,0.8703,0.0294,0.0553
"Frenny Grant","sa3021572",5.0229,1.376,8.8344,0.282514,6.80571,0.5581,0.9816,0.152889,0.75619,0,1.1261,0.8013,0.0236,0.0534
"Freylin Garcia","sa941791",7.6734,1.195,4.1364,0.256439,4.59306,0.8526,0.4596,0.132778,0.51034,0,1.0016,0.5484,0.0255,0.0436
"Gabe Bierman","sa3016939",5.9742,1.309,4.527,0.275279,5.29929,0.6638,0.503,0.145444,0.58881,0,1.0985,0.6299,0.0262,0.0495
"Gabe Emmett","sa3017938",4.7808,1.408,6.1335,0.289396,6.18111,0.5312,0.6815,0.156444,0.68679,0,1.1632,0.7333,0.015,0.0681
"Gabe Klobosits","19881",6.9111,1.383,3.7917,0.265476,4.96746,0.7679,0.4213,0.153667,0.55194,0,1.0537,0.5884,0.0267,0.0466
"Gabe Morales","sa3002781",7.2036,1.282,4.9752,0.256792,4.83993,0.8004,0.5528,0.142444,0.53777,0,0.9972,0.578,0.003,0.0419
"Gabe Mosser","sa3006834",5.67742,1.45857,3.074845,0.2758045,5.1838,33.3095,17.67125,8.0841665,30.283865,0,57.55635,32.80405,0.00165,2.0204
"Gabe Speier","17170",9.64471352941176,1.01169917647059,3.04125176470588,0.222908705882353,3.64651588235294,58.3040323423529,18.3380569173333,6.17508261482353,21.9804634498039,10.1926714285714,47.2801142857143,23.3162,0,2.94229
"Gabe Starks","sa3023443",5.94,1.727,6.7383,0.284206,6.66594,0.66,0.7487,0.191889,0.74066,0,1.147,0.7827,0.0279,0.0465
"Gabriel Agostini","sa3015488",4.5594,1.575,5.5521,0.282629,6.09705,0.5066,0.6169,0.175,0.67745,0,1.1373,0.719,0.0032,0.0521
"Gabriel Agrazal","sa3017143",4.5738,1.598,7.9614,0.29037,7.13709,0.5082,0.8846,0.177556,0.79301,0,1.1733,0.8366,0.0287,0.0497
"Gabriel Aguilera","sa3009494",4.9878,1.794,5.049,0.293995,6.48288,0.5542,0.561,0.199333,0.72032,0,1.2035,0.7638,0.0049,0.0534
"Gabriel Barbosa","sa3009593",4.8996,1.408,3.7287,0.28338,5.29983,0.5444,0.4143,0.156444,0.58887,0,1.1376,0.6329,0.0039,0.0493
"Gabriel Colmenarez","sa3022020",3.9744,1.648,6.7347,0.297486,7.04466,0.4416,0.7483,0.183111,0.78274,0,1.2163,0.8274,0.0047,0.0541
"Gabriel Cotto","sa3007934",5.0067,1.336,4.9401,0.282396,5.57325,0.5563,0.5489,0.148444,0.61925,0,1.1343,0.6632,0.0041,0.0584
"Gabriel Hernandez","sa3015147",4.9554,1.438,6.2532,0.285381,6.21693,0.5506,0.6948,0.159778,0.69077,0,1.1488,0.7343,0.0275,0.0487
"Gabriel Hughes","sa3020661",8.06907,1.2778275,3.6761825,0.25979625,4.8820575,10.7116,4.9058,1.9273325,6.5707425,0.889325,12.63265,6.931775,0,0.8762
"Gabriel Jackson","sa3009463",5.4126,1.142,3.9519,0.285279,5.15007,0.6014,0.4391,0.126889,0.57223,0,1.1422,0.6169,0.0197,0.0521
"Gabriel Jaramillo","sa3008559",6.0669,1.488,5.3667,0.273139,5.75181,0.6741,0.5963,0.165333,0.63909,0,1.0904,0.6783,0.0268,0.0496
"Gabriel Ponce","sa3009985",8.0955,1.341,4.4352,0.249904,4.78377,0.8995,0.4928,0.149,0.53153,0,0.9731,0.5664,0.0256,0.0523
"Gabriel Reyes","sa3016833",5.8635,1.219,4.5927,0.270299,5.04207,0.6515,0.5103,0.135444,0.56023,0,1.0756,0.6028,0.0049,0.0454
"Gabriel Rodriguez","sa3007219",5.5485,1.508,8.0721,0.291491,7.05285,0.6165,0.8969,0.167556,0.78365,0,1.1729,0.8277,0.0288,0.0573
"Gabriel Rodriguez","sa3016784",4.6683,1.607,6.4035,0.289884,6.68358,0.5187,0.7115,0.178556,0.74262,0,1.1758,0.786,0.0057,0.0524
"Gabriel Sequeira","sa3014858",7.3647,1.143,4.3182,0.255601,4.51161,0.8183,0.4798,0.127,0.50129,0,0.996,0.5404,0.0256,0.0635
"Gabriel Sosa","sa3011682",7.695,1.184,4.2156,0.250405,4.47732,0.855,0.4684,0.131556,0.49748,0,0.9727,0.5361,0.0255,0.0661
"Gabriel Torres","sa3015447",4.3848,1.458,6.2208,0.290663,6.34608,0.4872,0.6912,0.162,0.70512,0,1.178,0.7496,0.0047,0.051
"Gabriel Torres","sa3019383",4.1238,1.67,6.6366,0.296286,7.02441,0.4582,0.7374,0.185556,0.78049,0,1.2111,0.8245,0.0044,0.055
"Gabriel Yanez","sa3005332",5.958,1.225,4.4433,0.273024,5.01993,0.662,0.4937,0.136111,0.55777,0,1.0871,0.5991,0.0261,0.0476
"Gage Stanifer","sa3021731",5.4666,1.591,5.9256,0.280917,6.30846,0.6074,0.6584,0.176778,0.70094,0,1.1335,0.7428,0.0037,0.0506
"Garrett Acton","27583",8.53079333333333,1.35952238095238,3.68978,0.250880476190476,4.52280952380952,4.37130323343916,1.9350730953288,0.576763077309146,2.11417982161754,0,0.9814,0.5482,0.0278,0.0412
"Garrett Apker","sa3020821",5.6052,1.348,5.8725,0.271725,5.69862,0.6228,0.6525,0.149778,0.63318,0,1.0825,0.6753,0.0248,0.0487
"Garrett Baumann","sa3023310",5.454,1.366,3.6972,0.284558,5.33934,0.606,0.4108,0.151778,0.59326,0,1.1495,0.636,0.0033,0.0476
"Garrett Brown","sa3023169",5.3658,1.373,6.8598,0.281804,6.23106,0.5962,0.7622,0.152556,0.69234,0,1.1264,0.7365,0.0278,0.0507
"Garrett Burhenn","sa3018173",6.34281,1.363825,3.0157,0.265558,4.764125,38.3333,17.1689,7.578222,26.770305,0,54.53655,28.7896,0.00155,2.0211
"Garrett Cleavinger","17897",10.6361994117647,1.01795058823529,4.08635411764706,0.21973,3.85730352941177,73.1714543085559,28.151934958173,7.01214835625836,26.5910620016609,15.142,52.1303714285714,29.3674571428571,0,4.40527571428571
"Garrett Crochet","27463",11.5560047058824,0.877900117647059,2.82061,0.217256764705882,3.09767,195.030952060346,47.6416787798154,14.8422462352941,52.269710874579,0,122.882,56.3681285714286,0,4.93176571428571
"Garrett Davila","sa875052",6.925005,1.275615,3.42241,0.257097,4.635955,29.39765,15.68155,5.571222,21.739465,0,40.9932,23.25715,0.51245,2.5253
"Garrett Farmer","sa3010811",5.4693,1.413,4.7565,0.279084,5.57163,0.6077,0.5285,0.157,0.61907,0,1.1232,0.6607,0.0266,0.0469
"Garrett Hawkins","sa3017383",6.0084,1.683,3.9897,0.271565,5.48091,0.6676,0.4433,0.187,0.60899,0,1.0836,0.6461,0.003,0.0405
"Garrett Hill","25097",8.04730416666667,1.118325,4.17454638888889,0.243085416666667,4.43188555555556,31.7607368496914,17.6890363586008,4.47286392854938,18.7353775129527,0,34.46845,20.75375,0.0113,2.52705
"Garrett Irvin","sa3020176",7.0713,1.257,4.5657,0.257028,4.69692,0.7857,0.5073,0.139667,0.52188,0,1.0021,0.5601,0.0257,0.0459
"Garrett Leonard","sa3010141",6.7842,1.386,4.32,0.265488,5.11812,0.7538,0.48,0.154,0.56868,0,1.0512,0.6067,0.0216,0.0465
"Garrett McDaniels","sa3020619",7.70093,1.091568,4.016922,0.253228,4.487202,42.45862,22.33606,5.955684,24.90862,4.203564,49.55688,27.07686,0,2.619286
"Garrett McMillan","sa3023006",6.1902,1.388,4.5216,0.273203,5.40531,0.6878,0.5024,0.154222,0.60059,0,1.0912,0.6392,0.0185,0.0425
"Garrett Ramsey","sa3020973",5.7204,1.385,6.3963,0.27711,5.99796,0.6356,0.7107,0.153889,0.66644,0,1.1042,0.7092,0.0274,0.0506
"Garrett Richards","9784",7.4889,1.117,3.1113,0.258248,4.21407,0.8321,0.3457,0.124111,0.46823,0,1.0129,0.5065,0.0245,0.0431
"Garrett Schilling","sa3004770",6.5205,1.586,3.5064,0.285467,5.63625,0.7245,0.3896,0.176222,0.62625,0,1.1552,0.6649,0.0096,0.0457
"Garrett Schoenle","sa3016937",7.755925,1.446685,4.05895,0.254563,4.913955,31.42515,16.7186,5.583278,20.264305,0,35.99655,21.7816,0.0073,2.0239
"Garrett Stallings","sa3014457",6.8975,1.3725,2.8787,0.2616445,4.573885,35.3775,14.1643,6.580278,22.263765,0,46.52975,24.28255,0.00475,1.01845
"Garrett Whitlock","20191",8.65660352941176,1.06831341176471,2.21205647058824,0.244510294117647,3.72163588235294,63.1410107741945,16.1556840181469,7.75145542206844,27.1541583029912,15.1165285714286,61.4029142857143,28.7509714285714,0,2.36512714285714
"Garrett Williams","sa738512",8.4789,1.038,4.7943,0.244669,4.27554,0.9421,0.5327,0.115333,0.47506,0,0.9385,0.5141,0.0231,0.0635
"Garrison Bryant","sa918939",5.8122,1.61,3.1923,0.275804,5.30937,0.6458,0.3547,0.178889,0.58993,0,1.1116,0.6273,0.0048,0.0449
"Garvin Alston","sa3010238",6.2768,1.271245,4.482445,0.2650525,5.07551,17.35945,13.2396,3.5716665,15.265735,0,27.513,16.2849,0.51285,2.02325
"Gary Gill Hill","sa3020972",5.1201,1.531,4.194,0.287538,5.7285,0.5689,0.466,0.170111,0.6365,0,1.1645,0.6794,0.0033,0.0461
"Gavin Collyer","sa3011742",8.0829,1.26,4.2993,0.252399,4.69674,0.8981,0.4777,0.14,0.52186,0,0.9839,0.559,0.0257,0.0721
"Gavin Hollowell","25427",8.63219933333333,1.07246533333333,3.81228366666667,0.2381836,4.34493233333333,12.6399764416079,5.72557177040198,1.64789519341827,6.76708206179635,0.853817333333333,10.44162,6.172115,0,0.9240595
"Gavin Stone","27792",8.21176472222222,1.2661175,2.8294825,0.246684583333333,4.08669583333333,59.5098027144856,19.9181410558333,8.65117146191358,28.651890095679,0,59.4988,31.25545,0.00115,1.0165
"Gavin Williams","30122",9.01875941176471,1.06733070588235,3.45492470588235,0.234349647058824,3.98160705882353,129.488680722664,49.5532525892734,15.4484998809689,57.4050490260208,0,114.464285714286,61.3377142857143,0,5.97119714285714
"Geison Urbaez","sa3015135",6.2415,1.22,3.5928,0.270047,4.77576,0.6935,0.3992,0.135556,0.53064,0,1.0733,0.5728,0.0106,0.0503
"Gemil Santa","sa3018344",4.6395,1.567,8.6535,0.290204,7.35516,0.5155,0.9615,0.174111,0.81724,0,1.1708,0.8618,0.0232,0.0601
"Genderson Almonte","sa3019519",4.6179,1.572,9.0171,0.289494,7.42851,0.5131,1.0019,0.174667,0.82539,0,1.1664,0.8698,0.0293,0.05
"Genderson Zapata","sa3017613",4.383,1.588,8.577,0.292777,7.39548,0.487,0.953,0.176444,0.82172,0,1.1856,0.8661,0.0292,0.0505
"Genesis Cabrera","17490",8.20260705882353,1.20103852941176,4.03284852941176,0.236402705882353,4.17158235294118,36.6758401381176,18.0526025561503,5.28205109157439,18.7485017762153,1.34082571428571,36.5515857142857,20.5205857142857,0,1.96883714285714
"Geoff Hartlieb","19558",7.650975,1.14225545454545,4.24418363636364,0.245445454545455,4.92135818181818,14.2695686816358,8.1960691173752,2.13481153880661,9.4171617507438,0.17284025,15.5953275,9.30359,0.34308575,0.88809325
"Geoffrey Gilbert","sa3020807",6.948,1.464,5.814,0.261814,5.3982,0.772,0.646,0.162667,0.5998,0,1.0344,0.6388,0.0268,0.0431
"George Kirby","25436",8.58557647058823,1.04568688235294,1.30280823529412,0.235740470588235,3.32768382352941,170.67306551511,26.0051558833526,20.6413736820934,66.1992517702134,0,165.125142857143,73.1065714285714,0,6.54017428571429
"George Klassen","sa3023440",8.338745,1.270465,4.17914,0.249172,4.61458,45.956,23.2265,6.5739445,24.75937,0,46.49345,26.7785,0.0015,1.5212
"George Soriano","21863",8.53412705882353,1.20238776470588,3.77577147058824,0.243813529411765,4.33661352941176,45.5102061363783,20.1924323126855,6.30520540089965,23.0885857255094,1.23616571428571,46.2251571428571,26.2016,0,3.82184857142857
"Gerald Ogando","sa3005026",7.6419,1.31,4.3434,0.257739,4.79502,0.8491,0.4826,0.145556,0.53278,0,1.0091,0.5704,0.0257,0.0442
"Geralmi Santana","sa3016462",5.0661,1.433,7.9641,0.284729,6.73758,0.5629,0.8849,0.159222,0.74862,0,1.1396,0.7934,0.0285,0.0507
"Gerardo Abrego","sa3016741",4.9005,1.536,7.7886,0.287407,6.94071,0.5445,0.8654,0.170667,0.77119,0,1.1571,0.8154,0.0173,0.0526
"Gerardo Carrillo","sa3002790",8.2458,1.247,4.05,0.25209,4.554,0.9162,0.45,0.138556,0.506,0,0.983,0.5426,0.0254,0.0516
"Gerardo Gutierrez","sa3005379",6.790795,1.096875,4.695745,0.262183,4.807645,16.3884,12.24715,2.5646665,11.771025,0,23.52015,12.79085,0.0129,1.52315
"Gerardo Reyes","16306",9.02914166666667,1.29533333333333,4.64411666666667,0.239051666666667,4.80143333333333,22.0714385246914,11.8782205061728,3.03668790740741,11.7822381574074,0,19.46805,12.77275,0.01235,1.52475
"Gerelmi Maldonado","sa3016018",5.9445,1.323,5.139,0.273638,5.57019,0.6605,0.571,0.147,0.61891,0,1.0951,0.6619,0.004,0.053
"Gerlin Rosario","sa3019251",6.5367,1.513,4.8618,0.268996,5.48181,0.7263,0.5402,0.168111,0.60909,0,1.0677,0.6476,0.0235,0.0486
"German Fajardo","sa3023035",5.8869,1.552,6.1281,0.269283,5.96736,0.6541,0.6809,0.172444,0.66304,0,1.0718,0.703,0.0273,0.0669
"German Marquez","15038",7.41643176470588,1.29652323529412,3.19448882352941,0.266843411764706,4.89323941176471,114.567269119723,49.1582508022953,19.9053528069608,75.4621163237255,0,148.538857142857,81.5938285714286,0,4.15411
"German Nunez","sa3019287",5.1696,1.609,5.5233,0.284396,6.27984,0.5744,0.6137,0.178778,0.69776,0,1.1493,0.7394,0.0036,0.0541
"Geronimo Franzua","sa597245",8.176385,1.32206,4.02547,0.252448,4.64561,22.9647,11.72045,4.068,14.240045,0,26.4765,15.25755,0.51055,1.52255
"Gerrit Cole","13125",9.49228,1.31078176470588,2.48625294117647,0.228935882352941,3.74216,183.439854477263,48.0773421668589,25.3679244505652,72.3333510126874,0,152.499,78.8324571428571,0,5.99451
"Gerson Balbino","sa3019067",4.1463,1.634,7.0668,0.294776,7.04016,0.4607,0.7852,0.181556,0.78224,0,1.2008,0.8265,0.0132,0.0522
"Gerson Calzadilla","sa3016621",5.0166,1.41,6.0039,0.284812,6.08184,0.5574,0.6671,0.156667,0.67576,0,1.1458,0.7193,0.0274,0.0489
"Gerson Garabito","19835",7.92268588235294,1.33328852941176,3.41910764705882,0.244797411764706,4.54904529411765,28.0179377200784,12.3167431957209,4.81123497446251,16.4609347749135,0.947941428571429,30.1102571428571,17.4389571428571,0,2.66306142857143
"Gerson Moreno","sa736656",8.69879,1.27381,5.08271,0.2395825,4.82308,23.46325,14.2584,3.075889,12.762375,0,20.9693,13.77945,0.5114,2.52755
"Geury Rodriguez","sa3019581",4.9239,1.422,7.4007,0.284956,6.51771,0.5471,0.8223,0.158,0.72419,0,1.1433,0.7688,0.0087,0.0515
"Gianluca Dalatri","sa3015119",8.0028,1.345,4.0599,0.25552,4.82769,0.8892,0.4511,0.149444,0.53641,0,1.0034,0.5712,0.0256,0.051
"Gil Luna","sa3017301",8.056035,1.26458,7.179005,0.2514605,5.51678,17.4319,16.3617,2.572389,12.286,0,18.4845,13.30585,0.5134,1.52635
"Gilberto Alcala","sa3019045",4.7844,1.59,7.6509,0.287788,6.97338,0.5316,0.8501,0.176667,0.77482,0,1.1618,0.8181,0.0224,0.0499
"Gilberto Batista","sa3020987",5.5323,1.541,4.5477,0.280279,5.76153,0.6147,0.5053,0.171222,0.64017,0,1.1323,0.6812,0.0052,0.0458
"Gilberto Chu","sa873302",6.1848,1.372,5.4432,0.269579,5.44005,0.6872,0.6048,0.152444,0.60445,0,1.0702,0.644,0.0267,0.0443
"Gio Arriera","sa3004465",5.9616,1.457,5.859,0.27382,5.87484,0.6624,0.651,0.161889,0.65276,0,1.0912,0.6933,0.0271,0.0519
"Giomar Diaz","sa3018797",6.102,1.214,5.6277,0.276702,5.48694,0.678,0.6253,0.134889,0.60966,0,1.0992,0.6534,0.0268,0.0492
"Giovanny Gallegos","14986",8.75653411764706,1.49420529411765,3.26147117647059,0.244912058823529,4.68382705882353,33.6892420372165,12.587018563308,5.61925913720415,18.0581592585928,1.31784285714286,32.8751142857143,18.9902285714286,0,1.23752242857143
"Giussepe Velasquez","sa3016463",5.3145,1.66,5.4126,0.282504,6.17751,0.5905,0.6014,0.184444,0.68639,0,1.1353,0.7278,0.0072,0.0479
"Gleiner Diaz","sa3015501",6.57,1.29,5.589,0.261962,5.22414,0.73,0.621,0.143333,0.58046,0,1.0282,0.622,0.0266,0.058
"Glenn Albanese Jr","sa3017302",7.7148,1.4,3.8232,0.258829,4.7808,0.8572,0.4248,0.155556,0.5312,0,1.0158,0.5678,0.0228,0.0466
"Glenn Otto","21366",8.31944166666667,1.30345555555556,3.56776472222222,0.2460775,4.39149333333333,37.3328367814815,16.4414870628189,5.74035672880659,19.42663256,0,36.9792,21.26265,0.0099,3.0266
"Gordon Graceffo","29519",6.54656470588235,1.16582576470588,2.92779058823529,0.257498352941176,4.38829176470588,38.6494639410165,17.6193147696578,7.05248232179469,26.4285683409227,0.880940142857143,55.0096428571429,28.8849428571429,0,1.95003571428571
"Grabiel Salazar","sa3015667",5.8329,1.46,5.6286,0.278522,5.86143,0.6481,0.6254,0.162222,0.65127,0,1.1142,0.6932,0.0238,0.0542
"Graeme Stinson","sa3011900",7.2828,1.042,4.3587,0.260007,4.45392,0.8092,0.4843,0.115778,0.49488,0,1.012,0.5372,0.02,0.0765
"Graham Ashcraft","27552",7.29760823529412,1.07408611764706,2.87958823529412,0.257489176470588,4.33471647058824,49.8245062874894,19.9410416634956,7.29229978273356,29.8306875632803,3.98979714285714,61.3881428571429,32.2748,0,3.59106714285714
"Graham Firoved","sa3020557",6.1524,1.383,6.8688,0.272635,6.06033,0.6836,0.7632,0.153667,0.67337,0,1.0798,0.7156,0.0276,0.0562
"Graham Hoffman","sa3018238",6.3567,1.267,5.8914,0.269062,5.46075,0.7063,0.6546,0.140778,0.60675,0,1.0611,0.6492,0.0268,0.0447
"Graham Lawson","sa3014780",7.8786,1.227,4.3263,0.254887,4.67946,0.8754,0.4807,0.136333,0.51994,0,0.9948,0.5572,0.0256,0.0474
"Graham Osman","sa3023063",6.1902,1.372,6.1659,0.278395,5.77341,0.6878,0.6851,0.152444,0.64149,0,1.1084,0.6864,0.0161,0.0535
"Graham Spraker","sa3004024",8.5905,1.215,4.338,0.243102,4.40766,0.9545,0.482,0.135,0.48974,0,0.9365,0.525,0.0253,0.0417
"Grant Anderson","20546",9.2663,1.31821029411765,3.52963941176471,0.238520352941176,4.30007647058823,32.404002675451,12.3570079297255,4.71188929882353,15.1158114606013,0.942051428571429,28.4135,15.8698857142857,0,1.87429571428571
"Grant Black","sa3014846",6.1605,1.327,3.7143,0.271342,4.9635,0.6845,0.4127,0.147444,0.5515,0,1.0807,0.5915,0.0194,0.0455
"Grant Dayton","11203",7.6239,1.431,3.6747,0.254692,4.69116,0.8471,0.4083,0.159,0.52124,0,1.0028,0.5542,0.0266,0.0404
"Grant Ford","sa3010625",6.72254,1.297335,5.124755,0.2655805,5.333915,19.8741,15.77305,4.0676665,16.28673,0,28.0261,17.80685,0.5104,2.5271
"Grant Gambrell","sa3011129",6.003785,1.36987,3.245005,0.2774945,5.108395,29.33105,15.68095,6.576889,24.2895,0,48.06295,26.3097,0.00175,2.52305
"Grant Gavin","sa918674",7.14641,1.32132,4.409285,0.2623555,5.141655,18.3725,11.7206,3.0765555,12.778555,0,22.02585,13.7981,0.50345,1.5226
"Grant Hartwig","29946",7.94002909090909,1.05752509090909,4.04074,0.23972,4.21198909090909,17.8480315305455,9.22071711244445,2.30321161993939,9.57681639466667,0.0463985,17.48775,10.2143,0.399786,2.076408
"Grant Holman","30002",8.42710970588235,1.03091882352941,3.75574058823529,0.240590352941176,4.22393294117647,53.9256740071242,23.9469665449519,6.61209612156863,27.0000454197555,12.2132428571429,54.3067142857143,29.0041857142857,0,3.02471142857143
"Grant Holmes","16944",8.96734647058823,1.10939617647059,2.84112882352941,0.245665058823529,3.92981529411765,107.442495697509,34.0173586823299,13.2094647077624,47.2058615462822,0.940915714285714,104.617142857143,52.2407285714286,0,4.69250142857143
"Grant Judkins","sa3015004",5.1993,1.715,4.1796,0.279805,5.80185,0.5777,0.4644,0.190556,0.64465,0,1.1282,0.683,0.0071,0.0465
"Grant Kipp","sa3020185",5.6763,1.402,4.2228,0.278365,5.41062,0.6307,0.4692,0.155778,0.60118,0,1.1146,0.6432,0.0047,0.0507
"Grant Rogers","sa3023522",5.562,1.406,3.4101,0.278149,5.15691,0.618,0.3789,0.156222,0.57299,0,1.1203,0.6147,0.0033,0.0454
"Grant Wolfram","sa3008313",8.95704142857143,1.10439957142857,4.21203,0.236065857142857,4.22836142857143,23.5658142857143,11.0862242857143,2.801,11.3626771428571,0.681334285714286,21.6888857142857,12.0892342857143,0,1.08344771428571
"Gray Fenter","sa875233",7.227,1.403,4.0527,0.262447,5.01975,0.803,0.4503,0.155889,0.55775,0,1.0358,0.5956,0.003,0.043
"Grayson Moore","sa3023275",6.4989,1.378,6.0786,0.269104,5.70195,0.7221,0.6754,0.153111,0.63355,0,1.0628,0.6743,0.027,0.0482
"Grayson Rodriguez","24492",9.66458352941176,1.12905682352941,2.77248882352941,0.234125764705882,3.72855941176471,161.628441738731,46.438214889281,18.9510300095194,62.2954511480277,0,135.017857142857,67.8666285714286,0,5.92378571428571
"Grayson Thurman","sa3020756",7.362,1.287,3.6513,0.257311,4.58559,0.818,0.4057,0.143,0.50951,0,1.0118,0.5466,0.0253,0.0401
"Greg Holland","7196",8.0037,1.188,3.4776,0.253238,4.31343,0.8893,0.3864,0.132,0.47927,0,0.9874,0.5159,0.0261,0.0395
"Greg Weissert","20375",8.68876941176471,1.04758235294118,3.31834117647059,0.247778647058824,4.01771764705882,57.8481531025421,22.0773942699193,7.04142980777778,26.786107702822,11.3835214285714,57.1100571428571,29.2396142857143,0,3.03014142857143
"Gregori Louis","sa3019699",6.4512,1.324,6.2937,0.262931,5.45274,0.7168,0.6993,0.147111,0.60586,0,1.036,0.6468,0.0271,0.0505
"Gregori Montano","sa3011464",5.9229,1.377,7.2018,0.275435,6.22629,0.6581,0.8002,0.153,0.69181,0,1.0932,0.735,0.0279,0.0598
"Gregori Vasquez","sa873328",6.8949,1.4,3.5262,0.266216,4.84902,0.7661,0.3918,0.155556,0.53878,0,1.0564,0.576,0.0254,0.043
"Gregoris Chalas","sa3008044",5.5755,1.408,6.606,0.279732,6.19614,0.6195,0.734,0.156444,0.68846,0,1.1182,0.7314,0.0277,0.0606
"Gregory Sanchez","sa3024267",4.392,1.581,6.6807,0.29407,6.86745,0.488,0.7423,0.175667,0.76305,0,1.1961,0.8078,0.0033,0.0593
"Gregory Santos","21894",8.95143235294118,0.730861352941177,3.06929058823529,0.226681764705882,3.40358882352941,58.6949223223645,20.1058970559908,4.73103312239331,22.1033141886697,12.7451285714286,51.9516714285714,21.8308714285714,0,3.46088857142857
"Gregory Soto","19677",10.0566929411765,0.774156176470588,3.99970176470588,0.225642,3.55522117647059,65.8943336559031,26.2123021067059,5.01693986729066,23.4539150779377,10.3118857142857,49.8248428571429,25.7061714285714,0,3.71204857142857
"Greiber Mendez","sa3018041",5.4918,1.3,6.3531,0.281676,6.057,0.6102,0.7059,0.144444,0.673,0,1.1269,0.7161,0.0275,0.0574
"Greudis De Los Santos","sa3022012",4.428,1.608,7.3521,0.293161,7.10316,0.492,0.8169,0.178667,0.78924,0,1.19,0.8339,0.0049,0.0599
"Griff McGarry","sa3017130",9.47783166666667,1.105215,6.51774833333333,0.233703333333333,4.836735,29.6697833333333,20.0323333333333,3.352335,15.1752783333333,0.711029166666667,24.8091166666667,16.44972,0,1.64673233333333
"Griffin Canning","19867",7.78319411764706,1.41806558823529,3.20272411764706,0.251490941176471,4.77106,86.7174893847059,35.6932599569281,15.9296313716298,53.3362602349343,0.867928857142857,98.4741142857143,56.5241857142857,0,4.05329428571429
"Griffin Jax","20253",10.6604235294118,0.892476411764706,2.56633382352941,0.214764,3.13702352941176,83.1699693587082,20.13540699709,6.95281197948674,24.5440582577855,11.7671285714286,57.9406142857143,27.1499142857143,0,3.06694857142857
"Griffin McLarty","sa1115734",7.5015,1.329,4.1481,0.258534,4.85973,0.8335,0.4609,0.147667,0.53997,0,1.0149,0.5772,0.016,0.0485
"Griffin Roberts","sa3008483",8.1054,1.148,4.5306,0.251619,4.60035,0.9006,0.5034,0.127556,0.51115,0,0.9755,0.5494,0.0257,0.0657
"Guillermo Arvizu","sa3019117",5.2245,1.347,8.7237,0.280391,6.66189,0.5805,0.9693,0.149667,0.74021,0,1.1152,0.785,0.0289,0.0514
"Guillo Zuniga","19588",7.74197735294118,1.40762676470588,4.02044823529412,0.252274941176471,4.85558705882353,18.8957617896828,9.87775755559862,3.45349461294618,11.8080283390235,0.934321428571429,21.2656857142857,12.9286285714286,0,1.27549028571429
"Gunnar Groen","sa3019533",6.7599,1.224,3.9078,0.266111,4.76685,0.7511,0.4342,0.136,0.52965,0,1.0509,0.5696,0.0233,0.0467
"Gunnar Hoglund","sa3019785",6.71616857142857,1.42985428571429,2.69146142857143,0.258170714285714,4.71920857142857,51.8746428571429,20.8761857142857,11.1472471428571,36.9618428571429,0.69584,71.7920142857143,39.9706857142857,0,3.74092571428571
"Gunner Mayer","sa3011199",7.7652,1.3,5.1219,0.251029,4.87098,0.8628,0.5691,0.144444,0.54122,0,0.9699,0.5794,0.0259,0.0492
"Gus Varland","24737",8.50874382352941,1.14213882352941,3.51596,0.251381588235294,4.35864823529412,59.0406011671707,24.4950175338824,7.87272956378316,30.2247846901792,10.4536585714286,62.6459142857143,33.1538285714286,0,4.11228428571429
"Gustavo Del Pozo","sa3009745",5.535,1.558,6.9255,0.279835,6.52608,0.615,0.7695,0.173111,0.72512,0,1.1227,0.7662,0.0279,0.0565
"Gustavo Rivas","sa3016503",4.9149,1.479,8.4645,0.286853,7.03926,0.5461,0.9405,0.164333,0.78214,0,1.1514,0.8269,0.0289,0.0536
"Gustavo Rodriguez","sa3008438",6.2424,1.382,5.3694,0.274457,5.51583,0.6936,0.5966,0.153556,0.61287,0,1.0891,0.6552,0.0266,0.0452
"Haden Erbe","sa3020462",7.70244,1.4301,4.35606,0.2560585,5.00323,15.42355,8.73905,3.0724445,10.26773,0,18.00555,11.28695,0.00955,1.5252
"Hader Blanco","sa3019266",4.5774,1.438,9.8712,0.286496,7.33824,0.5086,1.0968,0.159778,0.81536,0,1.1463,0.8605,0.0298,0.0541
"Hagen Danner","22116",9.051206,1.148306,3.107166,0.2330948,3.727676,30.30372,10.5896,3.919288,12.56508,0.92346,27.02042,13.3507,0,1.00474
"Haminton Mendez","sa3017150",5.1858,1.68,5.3775,0.288035,6.31359,0.5762,0.5975,0.186667,0.70151,0,1.1666,0.744,0.0085,0.0543
"Hamlet Garcia","sa3021022",4.1958,1.589,6.4827,0.296253,6.8652,0.4662,0.7203,0.176556,0.7628,0,1.2096,0.8075,0.0049,0.0507
"Hancel Rincon","sa3009629",4.5324,1.692,3.5136,0.284236,5.68836,0.5036,0.3904,0.188,0.63204,0,1.1565,0.6711,0.0031,0.0478
"Hanfermin Vargas","sa3024227",3.9078,1.738,6.6654,0.299472,7.21908,0.4342,0.7406,0.193111,0.80212,0,1.2305,0.8458,0.0033,0.0525
"Hans Crouse","22192",10.5816564705882,1.31364470588235,4.61831294117647,0.220010058823529,4.32426647058823,65.4483088732457,28.3161833386574,8.16856770657439,26.4751467978547,7.10611857142857,46.0863,27.4132714285714,0,2.39923428571429
"Hansel Rincon","sa3015450",7.3026,1.229,3.8187,0.260269,4.62807,0.8114,0.4243,0.136556,0.51423,0,1.0227,0.5523,0.0254,0.0443
"Hansel Robles","11801",8.3034,1.275,4.2093,0.249878,4.61124,0.9226,0.4677,0.141667,0.51236,0,0.971,0.5477,0.0268,0.0454
"Hansel Rosario","sa3019247",4.7871,1.827,8.1162,0.290324,7.4493,0.5319,0.9018,0.203,0.8277,0,1.1831,0.8711,0.0138,0.0591
"Hansen Butler","sa3011363",7.4322,1.274,4.4244,0.259865,4.86828,0.8258,0.4916,0.141556,0.54092,0,1.0201,0.5788,0.0258,0.0449
"Harif Frias","sa3010251",5.4324,1.383,6.4161,0.279025,6.03036,0.6036,0.7129,0.153667,0.67004,0,1.1137,0.7134,0.0275,0.0487
"Harol Arias","sa3015347",5.0715,1.618,6.4503,0.286216,6.52176,0.5635,0.7167,0.179778,0.72464,0,1.1572,0.7666,0.0278,0.0502
"Harol Gonzalez","sa828505",6.2541,1.432,3.0006,0.268542,4.82553,0.6949,0.3334,0.159111,0.53617,0,1.0732,0.5751,0.0038,0.0422
"Harold Chirino","sa917637",7.504665,1.229055,4.448175,0.2541005,4.81312,18.9066,11.2402,3.067278,12.257655,0,21.99905,13.2772,0.51275,2.5275
"Harold Cortijo","sa3004588",6.381,1.378,5.409,0.270087,5.41404,0.709,0.601,0.153111,0.60156,0,1.073,0.6438,0.0267,0.0512
"Harold Melenge","sa3009747",6.0768,1.329,4.6845,0.265624,5.01336,0.6752,0.5205,0.147667,0.55704,0,1.0515,0.5977,0.0182,0.0479
"Harrison Beethe","sa3017721",6.0741,1.406,6.642,0.274787,6.09111,0.6749,0.738,0.156222,0.67679,0,1.0925,0.7187,0.0276,0.0592
"Harrison Cohen","sa3020811",7.8786,1.388,3.9024,0.254234,4.66182,0.8754,0.4336,0.154222,0.51798,0,0.9982,0.5543,0.0248,0.0451
"Harrison Durow","sa3023484",5.9724,1.416,5.1552,0.274451,5.62527,0.6636,0.5728,0.157333,0.62503,0,1.0955,0.6654,0.0267,0.0566
"Harry Gustin","sa3023229",6.3567,1.297,5.3154,0.265161,5.11794,0.7063,0.5906,0.144111,0.56866,0,1.0393,0.6097,0.0195,0.0449
"Harry Rutkowski","sa3017067",5.6277,1.287,6.4188,0.273891,5.69466,0.6253,0.7132,0.143,0.63274,0,1.0891,0.6762,0.0274,0.0494
"Hayden Birdsong","31635",9.58604470588235,1.12328088235294,4.13721764705882,0.237306470588235,4.39428941176471,113.892169122791,49.1178484451211,13.3456660457612,52.163809727797,0.886403857142857,94.3717,54.7261571428571,0,6.55408571428571
"Hayden Deal","sa3004680",6.3873,1.127,3.6189,0.266589,4.48794,0.7097,0.4021,0.125222,0.49866,0,1.0518,0.5404,0.0139,0.0505
"Hayden Durke","sa3022733",7.0083,1.12,6.8337,0.265578,5.54193,0.7787,0.7593,0.124444,0.61577,0,1.0374,0.659,0.0272,0.0495
"Hayden Harris","sa3019913",9.93794333333333,1.13305666666667,4.25943666666667,0.23483,4.09041333333333,22.9863666666667,9.9368,2.58477,9.53176666666667,0.741723166666667,18.9853833333333,10.3812683333333,0,1.0489105
"Hayden Juenger","sa3017103",7.944655,1.20756,3.338225,0.2466555,4.290965,30.94515,13.1844,4.569611,16.740045,0,33.48745,18.2577,0.0125,2.024
"Hayden Merda","sa3020826",5.1534,1.691,5.1048,0.285827,6.14808,0.5726,0.5672,0.187889,0.68312,0,1.1624,0.7258,0.0034,0.05
"Hayden Minton","sa3023155",5.6277,1.349,4.6845,0.273934,5.45796,0.6253,0.5205,0.149889,0.60644,0,1.0959,0.6487,0.0035,0.0579
"Hayden Mullins","sa3023218",7.0443,1.277,4.7745,0.267446,5.18211,0.7827,0.5305,0.141889,0.57579,0,1.0524,0.6161,0.0043,0.0555
"Hayden Nierman","sa3020573",6.2784,1.254,5.5782,0.272835,5.37966,0.6976,0.6198,0.139333,0.59774,0,1.0789,0.6412,0.0267,0.0488
"Hayden Seig","sa3018115",6.523465,1.16543,3.1605,0.2682665,4.65093,23.35975,10.6845,4.066,16.754865,0,34.0383,18.27595,0.0103,2.02335
"Hayden Snelsire","sa3023138",5.778,1.576,6.0696,0.279188,6.16464,0.642,0.6744,0.175111,0.68496,0,1.1177,0.7262,0.0219,0.0442
"Hayden Wesneski","27581",8.50039441176471,1.27073058823529,2.88955882352941,0.239408470588235,4.10453882352941,94.484090211602,32.2068610398539,14.0918422607536,45.5859068215917,1.10886,93.3719,51.1040428571429,0,4.64416857142857
"Hayden Wynja","sa3020464",5.8725,1.502,4.1022,0.269231,5.34987,0.6525,0.4558,0.166889,0.59443,0,1.0829,0.632,0.0047,0.05
"Hayder Ortiz","sa3019428",6.273,1.363,7.2774,0.276264,6.25896,0.697,0.8086,0.151444,0.69544,0,1.0971,0.7384,0.0279,0.0582
"Hayes Heinecke","sa3017819",5.9787,1.279,6.2487,0.273152,5.62707,0.6643,0.6943,0.142111,0.62523,0,1.0825,0.6679,0.023,0.0487
"Haylen Green","sa3017716",6.8706,1.157,3.8115,0.261707,4.48497,0.7634,0.4235,0.128556,0.49833,0,1.0283,0.5379,0.0236,0.0513
"Hayrol Done","sa3018879",4.3344,1.565,9.4338,0.291583,7.6122,0.4816,1.0482,0.173889,0.8458,0,1.1754,0.891,0.0297,0.0567
"Hazahel Quijada","sa3007586",5.5287,1.291,6.7752,0.273406,5.72859,0.6143,0.7528,0.143444,0.63651,0,1.0767,0.6803,0.0274,0.0551
"Heath Hembree","11632",8.70485714285714,1.72571428571429,3.66428571428571,0.245370714285714,5.04211428571429,4.12768284807255,1.39376179591836,1.05691833333333,2.64703786848072,0,0.9586,0.5574,0.0259,0.0387
"Heath Holder","sa602623",8.1756,1.356,3.8313,0.250135,4.65075,0.9084,0.4257,0.150667,0.51675,0,0.9762,0.5503,0.0253,0.0556
"Hector Neris","11804",9.3414994117647,1.32295205882353,3.77230411764706,0.235512470588235,4.26543764705882,58.5219248433141,23.6199088472018,8.34225494688581,26.7367373997447,9.82941,49.8684428571429,27.4978571428571,0,2.99661714285714
"Hector Perez","18592",8.5338,1.166,4.0833,0.244703,4.32918,0.9482,0.4537,0.129556,0.48102,0,0.9436,0.517,0.0251,0.0532
"Hector Santiago","4026",8.1333,1.168,3.339,0.243792,3.97386,0.9037,0.371,0.129778,0.44154,0,0.9435,0.4773,0.0213,0.0399
"Heisell Baro","sa3009225",5.8185,1.475,6.3657,0.277079,6.14457,0.6465,0.7073,0.163889,0.68273,0,1.1074,0.7239,0.0275,0.053
"Heitor Tokar","sa3005683",5.1957,1.437,4.2345,0.285934,5.62356,0.5773,0.4705,0.159667,0.62484,0,1.153,0.6682,0.0063,0.0431
"Helcris Olivarez","sa3002965",8.19944,1.1213,6.474395,0.249338,5.32301,23.4574,20.3249,3.5555555,17.25614,0,25.4741,18.77725,0.00515,5.52955
"Hendry Nunez","sa3006585",5.8275,1.449,6.0606,0.275826,5.9877,0.6475,0.6734,0.161,0.6653,0,1.1006,0.7065,0.0273,0.0574
"Henrison Mota","sa3016801",5.3235,1.489,10.1844,0.28208,7.51572,0.5915,1.1316,0.165444,0.83508,0,1.1222,0.88,0.0299,0.0611
"Henry Baez","sa3016584",6.136865,1.29955,3.560495,0.265847,4.86056,38.33325,21.20295,8.071,29.76942,0,57.0366,32.2906,0.0015,3.52585
"Henry Gomez","sa3009993",4.4352,1.298,5.8338,0.286482,5.84649,0.4928,0.6482,0.144222,0.64961,0,1.1461,0.6957,0.0272,0.0612
"Henry Henry","sa918121",6.7302,1.149,4.6476,0.264943,4.83948,0.7478,0.5164,0.127667,0.53772,0,1.0403,0.5795,0.0259,0.0491
"Henry Lalane","sa3016066",5.7024,1.536,5.1525,0.278486,5.74164,0.6336,0.5725,0.170667,0.63796,0,1.1228,0.6794,0.0064,0.0527
"Henry Martinez","sa3020963",5.2209,1.592,7.1613,0.28115,6.57729,0.5801,0.7957,0.176889,0.73081,0,1.1219,0.7734,0.0178,0.0489
"Henry Montilla","sa3019240",4.2948,1.614,7.0047,0.294188,7.00452,0.4772,0.7783,0.179333,0.77828,0,1.1972,0.8227,0.0092,0.0582
"Henry Tejada","sa3019275",4.5036,1.556,8.0316,0.291636,7.15608,0.5004,0.8924,0.172889,0.79512,0,1.1792,0.8399,0.0193,0.0542
"Henry Valencio","sa3005257",5.3217,1.464,7.0263,0.281982,6.42888,0.5913,0.7807,0.162667,0.71432,0,1.1299,0.7574,0.0279,0.0483
"Henry Williams","sa3020901",5.1858,1.344,4.4343,0.285243,5.65722,0.5762,0.4927,0.149333,0.62858,0,1.1499,0.6713,0.0033,0.052
"Henson Leal","sa3019175",5.4486,1.341,6.3162,0.283259,6.15573,0.6054,0.7018,0.149,0.68397,0,1.1355,0.7264,0.0275,0.0465
"Heribert Garcia","sa3006408",4.6998,1.672,4.9509,0.289797,6.27912,0.5222,0.5501,0.185778,0.69768,0,1.1824,0.7384,0.0122,0.0468
"Hever Bueno","sa738180",8.2143,1.249,4.7538,0.250483,4.73589,0.9127,0.5282,0.138778,0.52621,0,0.9725,0.5628,0.0257,0.0433
"Hiro Wyatt","sa3023613",5.0337,1.412,5.0337,0.289087,6.04899,0.5593,0.5593,0.156889,0.67211,0,1.1706,0.7148,0.0045,0.0514
"Hirokazu Sawamura","27515",7.7355,1.14,4.8042,0.254579,4.63239,0.8595,0.5338,0.126667,0.51471,0,0.9883,0.5544,0.0328,0.0421
"Hobie Harris","18615",7.01460944444444,1.15691388888889,4.14493333333333,0.26905,4.93926722222222,19.6508340304527,11.6432956728395,3.05933530195473,13.4905553115226,0,26.0371,14.2996,0.01245,0.51765
"Hoby Milner","13346",7.92192647058824,1.01596476470588,2.33820882352941,0.244873058823529,3.98444705882353,51.6555739538016,15.3562824125744,6.6968505779481,25.9689556304221,10.9162814285714,55.8035142857143,27.3526428571429,0,2.7661
"Hogan Harris","21520",8.36540205882353,1.17559411764706,4.14672294117647,0.24629,4.63352823529412,47.2495423794118,23.5678490698578,6.678258767797,26.3412917267359,1.07036142857143,47.3364428571429,27.2418142857143,0,2.85301142857143
"Holden Capps","sa3004097",7.6041,1.124,4.3326,0.255634,4.44285,0.8449,0.4814,0.124889,0.49365,0,0.9959,0.5326,0.0255,0.0418
"Holden Laws","sa3008332",5.6358,1.455,5.0013,0.275291,5.59206,0.6262,0.5557,0.161667,0.62134,0,1.1032,0.6603,0.0267,0.0559
"Holden Powell","sa3014854",7.220575,1.265475,5.050755,0.255923,5.146715,13.9087,10.26965,2.567722,10.765735,0,17.99345,11.7852,0.0129,1.5254
"Holt Jones","sa3017368",6.1182,1.37,5.8122,0.271607,5.73849,0.6798,0.6458,0.152222,0.63761,0,1.0779,0.6788,0.027,0.0646
"Horacio Andujar","sa3010370",5.0994,1.574,5.6934,0.282649,6.17868,0.5666,0.6326,0.174889,0.68652,0,1.1408,0.7272,0.0272,0.0463
"Houston Harding","sa3017820",6.15787,1.543105,4.45464,0.2739755,5.439815,23.3373,17.23855,5.5885,20.302765,0,37.04925,21.8223,0.00305,0.52035
"Houston Roth","sa3011527",7.454575,1.357435,4.091445,0.2573515,4.81668,25.41845,14.7169,4.5770555,16.764695,0,31.5055,18.28275,0.0127,1.52205
"Huascar Brazoban","6107",9.20456470588235,0.855157,4.48438176470588,0.222559764705882,3.98196,50.3001577882353,24.5666440654902,4.68233290314879,21.7934403124029,6.62789857142857,42.8713857142857,24.2021,0,2.77195571428571
"Huascar Ynoa","20468",8.60838142857143,1.08726428571429,3.50639714285714,0.245302,4.31058142857143,34.0204,13.9700214285714,4.16155285714286,17.06119,0.875254142857143,33.8950428571429,18.7593142857143,0,1.80227442857143
"Hudson Leach","sa3023649",6.7887,1.423,6.2406,0.266105,5.75658,0.7543,0.6934,0.158111,0.63962,0,1.0463,0.6801,0.0252,0.0457
"HueiSheng Lin","sa3010249",5.1057,1.523,5.3487,0.284848,6.08166,0.5673,0.5943,0.169222,0.67574,0,1.1507,0.718,0.0109,0.05
"Hueston Morrill","sa3022408",6.3045,1.499,4.7637,0.27119,5.41773,0.7005,0.5293,0.166556,0.60197,0,1.0843,0.642,0.0264,0.0494
"Hugh Fisher","sa3017255",7.2855,1,5.0994,0.261387,4.72284,0.8095,0.5666,0.111111,0.52476,0,1.0186,0.5665,0.0262,0.0695
"Hugo Beltran","sa3006354",5.3802,1.278,5.5584,0.280396,5.63715,0.5978,0.6176,0.142,0.62635,0,1.1199,0.6705,0.0269,0.0504
"Hugo Villalobos","sa3008729",6.0345,1.473,5.6916,0.275207,5.88375,0.6705,0.6324,0.163667,0.65375,0,1.0986,0.6947,0.0152,0.0457
"Humberto Castellanos","21183",7.36599583333333,1.24080833333333,2.89304166666667,0.25716625,4.32159166666667,37.8288114938272,15.4031741296296,6.23946202160494,22.3521926265432,0,46.49115,22.75145,0.0105,2.52215
"Humberto Mejia","20739",6.2163,1.677,2.844,0.273104,5.2065,0.6907,0.316,0.186333,0.5785,0,1.0996,0.6137,0.0046,0.0377
"HungLeng Chang","sa3019518",4.4658,1.433,4.8033,0.292302,6.04152,0.4962,0.5337,0.159222,0.67128,0,1.1904,0.7148,0.0047,0.0538
"Hunter Barco","sa3022409",7.32101,1.136035,3.522055,0.254917,4.399555,3.081435,1.520945,0.485004,1.86939,0,3.71119,2.030325,0.00175,0.188043
"Hunter Bigge","26259",10.2219023529412,1.08938,4.36584352941177,0.220822352941176,3.85302235294118,60.1019601626682,25.5971778369243,6.41186234262668,22.5968055753326,7.80442,45.8308428571429,26.0754857142857,0,2.06831
"Hunter Breault","sa3017499",6.0399,1.398,4.1958,0.271349,5.16888,0.6711,0.4662,0.155333,0.57432,0,1.0775,0.6136,0.0259,0.0489
"Hunter Brown","25880",9.277245,1.00839917647059,3.19760882352941,0.236418,3.82009058823529,168.810517613166,58.2242528095156,18.4507990702038,69.5403259725644,0,147.748714285714,73.6276571428571,0,6.10775142857143
"Hunter Dobbins","sa3018275",7.2991375,1.049714,3.1856525,0.25802375,4.40881,24.1032075,10.9150525,4.0316545,16.1926325,0,33.207305,17.3884375,0.12223725,1.78674775
"Hunter Dollander","sa3019302",6.9345,1.272,3.9123,0.263852,4.81275,0.7705,0.4347,0.141333,0.53475,0,1.0405,0.574,0.0169,0.0498
"Hunter Dula","sa3017392",6.9561,1.229,3.9042,0.260123,4.70385,0.7729,0.4338,0.136556,0.52265,0,1.0291,0.5613,0.0256,0.041
"Hunter Furtado","sa3023447",5.2101,1.265,8.2224,0.281115,6.471,0.5789,0.9136,0.140556,0.719,0,1.1194,0.7633,0.0286,0.0504
"Hunter Gaddis","25636",8.13916029411765,1.28214823529412,2.66907529411765,0.239170941176471,4.04470352941177,62.1182327445936,20.4252818319108,9.86205911221838,30.9569285562414,17.4280285714286,62.3348714285714,32.5137428571429,0,4.30279714285714
"Hunter Greene","22182",10.5391647058824,1.30542176470588,3.22570588235294,0.215788352941176,3.76444705882353,187.211888959016,57.3234010625144,23.0847743224068,66.9245141360246,0,129.307285714286,75.0231571428571,0,13.3477042857143
"Hunter Gregory","sa3017754",7.453555,1.309935,3.88607,0.2546235,4.773665,26.4135,14.2085,4.573778,17.259275,0,32.00105,18.77765,0.01045,2.52575
"Hunter Harvey","15507",9.28734941176471,0.933885117647059,2.7329,0.236553294117647,3.63919058823529,62.1020806196079,18.2569719154172,6.3176004077278,24.4493778940408,14.8605857142857,54.2324571428571,26.5220714285714,0,2.55606714285714
"Hunter Hayes","sa3020450",5.5395,1.364,4.6854,0.27572,5.38002,0.6155,0.5206,0.151556,0.59778,0,1.1015,0.6386,0.0264,0.0464
"Hunter Kublick","sa3022879",4.806,1.463,5.1795,0.28479,5.9013,0.534,0.5755,0.162556,0.6557,0,1.1483,0.6988,0.0071,0.0444
"Hunter Mann","sa3023231",5.8995,1.552,6.1092,0.290878,6.53742,0.6555,0.6788,0.172444,0.72638,0,1.175,0.7688,0.0276,0.0527
"Hunter McMahon","sa3010658",6.15046,1.221355,2.845865,0.2717,4.65166,16.84665,7.17335,3.564278,13.251545,0,27.5373,14.27205,0.0126,1.5241
"Hunter Owen","sa3023474",4.7934,1.383,4.0959,0.28693,5.59125,0.5326,0.4551,0.153667,0.62125,0,1.1629,0.6629,0.0033,0.056
"Hunter Parks","sa3017640",7.028945,1.69167,6.121095,0.2688565,6.31895,22.3788,20.80535,5.0965555,20.336475,0,29.5417,21.85655,0.0016,3.0306
"Hunter Parsons","sa3011606",8.281705,1.25225,4.564155,0.242137,4.82646,19.4416,11.23005,2.5761665,11.259195,0,18.48185,12.2768,0.50915,2.02655
"Hunter Patteson","sa3020954",5.3712,1.432,3.6792,0.281509,5.3658,0.5968,0.4088,0.159111,0.5962,0,1.1371,0.6351,0.0056,0.0409
"Hunter Peck","sa3014873",6.0354,1.419,5.9409,0.272707,5.74857,0.6706,0.6601,0.157667,0.63873,0,1.0863,0.6784,0.0271,0.0465
"Hunter Perdue","sa3016905",5.4999,1.541,4.4829,0.283999,5.85468,0.6111,0.4981,0.171222,0.65052,0,1.1496,0.6912,0.0043,0.046
"Hunter Riggins","sa3020340",5.3343,1.274,4.4676,0.287304,5.48091,0.5927,0.4964,0.141556,0.60899,0,1.1593,0.6537,0.009,0.0425
"Hunter Schryver","sa873263",7.3494,1.266,4.1265,0.259167,4.59729,0.8166,0.4585,0.140667,0.51081,0,1.0143,0.5491,0.0256,0.0528
"Hunter Stanley","sa3018148",6.60047,1.41885,3.26466,0.2655275,4.84308,24.87985,13.17515,5.0855,18.27838,0,37.0351,19.7963,0.00535,0.0176
"Hunter Stratton","23455",8.58898617647059,1.02901129411765,3.29402470588235,0.236103823529412,3.96952764705882,22.8693886495594,8.76716865457901,2.74685198619608,10.6107757923506,1.23313,21.1957428571429,11.1774571428571,0,1.55701428571429
"Hunter Strickland","7836",7.69793176470588,1.37997411764706,3.71370588235294,0.245194352941176,4.49194823529412,35.1176321561707,16.9172713760092,6.17928025467128,20.4309998373702,0.547074285714286,38.5869142857143,22.4772714285714,0,2.24028857142857
"Hunter Wood","15091",8.0775,1.339,4.0635,0.252678,4.71204,0.8975,0.4515,0.148778,0.52356,0,0.9882,0.5581,0.0253,0.0426
"Hurston Waldrep","33527",8.49951466666667,1.11628466666667,3.94681833333333,0.247585466666667,4.38110466666667,38.1071106498923,17.52510161488,5.10403626340741,19.4814216059773,0.860631666666667,38.6316,21.3943166666667,0,1.41623
"HyeonJong Yang","27513",6.7599,1.328,2.5353,0.266271,4.42782,0.7511,0.2817,0.147556,0.49198,0,1.058,0.5283,0.0145,0.0329
"Hyun Jin Ryu","14444",6.27935714285714,1.30142857142857,2.56628571428571,0.269362857142857,4.48682857142857,4.04897288888889,2.21288816326531,0.963750521541951,3.34210556009071,0,1.0731,0.5187,0.002,0.0311
"HyunSeok Jang","sa3023601",6.2262,1.683,5.4207,0.276756,6.06105,0.6918,0.6023,0.187,0.67345,0,1.1086,0.7133,0.0041,0.048
"Hyunil Choi","sa3009992",6.23768,1.443175,2.74396,0.267685,4.93369,36.32685,13.66755,7.5840555,26.778605,0,52.5379,28.79755,0.0018,4.5302
"Ian Anderson","19951",7.69568428571429,1.05693285714286,3.73499142857143,0.254101428571429,4.32996714285714,74.6381285714286,36.0463857142857,10.2416642857143,41.9572285714286,0.858767428571429,86.5428142857143,45.274,0,2.33327571428571
"Ian Bedell","sa3014538",6.688735,1.40824,3.489985,0.261848,4.915645,35.8627,18.19485,7.0814445,25.27823,0,47.5269,27.29675,0.50175,4.02725
"Ian Churchill","sa3020234",7.77406,1.1564,5.016415,0.2474185,4.95625,10.4346,7.25695,1.564111,7.250265,0,11.48635,7.7696,0.0129,2.5297
"Ian Clarkin","sa737534",5.88556,1.22616,4.41417,0.266667,5.14986,24,18,5,21,0,40,23,0,2
"Ian Foggo","sa3017611",7.0083,1.258,6.8292,0.263454,5.63184,0.7787,0.7588,0.139778,0.62576,0,1.03,0.6679,0.0273,0.0506
"Ian Gibaut","17871",8.31358545454545,1.22192272727273,3.75616363636364,0.254429454545455,4.54719636363636,19.1791530070156,8.73988748727273,2.66604432070707,10.4288073760147,0.781255,18.57175,10.30468,0.625153,1.090011
"Ian Hamilton","19261",9.77970882352941,0.924773411764706,3.79098823529412,0.221238705882353,3.52214588235294,61.6490408509458,23.8569866337332,5.85166792015379,22.2029640738178,14.7961857142857,48.5951,23.9298285714286,0,2.90385142857143
"Ian Kennedy","6986",7.99806476190476,1.54702571428571,3.03363714285714,0.25296,4.54105285714286,2.88062844994709,0.923158657777778,0.481921722539683,1.40262053142857,0,1.0151,0.5763,0.031,0.0433
"Ian Koenig","sa3020568",5.3271,1.682,4.4793,0.281349,5.87547,0.5919,0.4977,0.186889,0.65283,0,1.1335,0.6923,0.0034,0.0445
"Ian Krol","10066",8.334,1.061,3.7521,0.243228,4.00761,0.926,0.4169,0.117889,0.44529,0,0.9392,0.4816,0.0242,0.0447
"Ian McKinney","sa738318",6.399,1.407,3.6432,0.26371,4.80249,0.711,0.4048,0.156333,0.53361,0,1.0459,0.572,0.0082,0.0481
"Ian Mejia","sa3019911",6.74068,1.453805,3.364795,0.270244,5.00624,42.85435,19.19745,8.582611,28.791625,0,58.0502,31.31085,0.0016,3.0236
"Ian Seymour","sa3014512",8.18797,1.27909857142857,3.16747285714286,0.243250714285714,4.31938285714286,38.1090857142857,14.9169942857143,6.05478428571429,20.5370285714286,0.665313571428571,40.0242,22.2682857142857,0,2.93901285714286
"Ian Villers","sa3017303",5.1381,1.342,5.7618,0.280148,5.89977,0.5709,0.6402,0.149111,0.65553,0,1.1295,0.6993,0.0239,0.053
"Ignacio Briceno","sa3015459",4.5882,1.203,7.5609,0.281722,6.14142,0.5098,0.8401,0.133667,0.68238,0,1.1259,0.7291,0.0225,0.0534
"Ignacio Feliz","sa3002982",8.289,1.198,4.5891,0.247212,4.60179,0.921,0.5099,0.133111,0.51131,0,0.9554,0.5482,0.0257,0.0674
"Ike Buxton","sa3020180",5.9094,1.265,4.3839,0.276786,5.26149,0.6566,0.4871,0.140556,0.58461,0,1.1036,0.6281,0.0031,0.0527
"Ike Schlabach","sa875796",7.8759,1.204,4.0221,0.251753,4.40622,0.8751,0.4469,0.133778,0.48958,0,0.9802,0.526,0.0253,0.0436
"Ilmerson Colon","sa3019539",5.2668,1.368,10.0494,0.279945,7.12503,0.5852,1.1166,0.152,0.79167,0,1.1097,0.8369,0.0297,0.0604
"Indigo Diaz","sa3011726",7.803,1.599,4.1589,0.255429,5.0625,0.867,0.4621,0.177667,0.5625,0,1.0081,0.5974,0.0148,0.0472
"Inmer Lobo","sa3019151",5.814,1.343,6.2793,0.274947,5.86008,0.646,0.6977,0.149222,0.65112,0,1.0966,0.6913,0.0273,0.0469
"Inohan Paniagua","sa3006417",5.6997,1.383,4.3902,0.274273,5.39856,0.6333,0.4878,0.153667,0.59984,0,1.0935,0.6414,0.0041,0.0753
"Irv Carter","sa3019239",6.1065,1.48,5.3964,0.270293,5.70618,0.6785,0.5996,0.164444,0.63402,0,1.0779,0.6737,0.0268,0.0595
"Irving Cota","sa3022108",5.7114,1.443,5.4594,0.273158,5.6709,0.6346,0.6066,0.160333,0.6301,0,1.0908,0.6716,0.0217,0.0491
"Irving Vazquez","sa3019180",4.563,1.55,8.8146,0.289894,7.34265,0.507,0.9794,0.172222,0.81585,0,1.1681,0.8605,0.0292,0.0542
"Isaac Coffey","sa3020222",7.84094,1.36581,3.43234,0.2558255,4.905505,45.93245,19.19815,8.074611,28.770225,0,51.50475,31.28835,0.0018,8.53935
"Isaac Gallegos","sa3023183",7.2297,1.264,5.787,0.264826,5.37246,0.8033,0.643,0.140444,0.59694,0,1.0409,0.6375,0.0267,0.0495
"Isaac Mattson","20385",8.3487875,1.09150166666667,4.71744083333333,0.242532916666667,4.66338666666667,27.9683899556327,16.0481058470679,3.45542241273148,15.3935201981481,0,26.97685,16.2744,0.0126,2.02395
"Isaac Rudecindo","sa3011377",5.0715,1.539,8.3484,0.285512,7.07382,0.5635,0.9276,0.171,0.78598,0,1.1473,0.8295,0.0289,0.052
"Isaac Stebens","sa3023422",7.2612,1.289,5.796,0.267217,5.55264,0.8068,0.644,0.143222,0.61696,0,1.0496,0.6568,0.0267,0.0511
"Isaiah Campbell","25551",7.90349416666667,1.20487638888889,3.2485125,0.259351527777778,4.69617527777778,15.2299418059259,5.972790925,2.50424024531893,9.09572140739712,0,17.5004,8.7575,0.0125,0.5195
"Isaiah Coupet","sa3023156",6.0318,1.535,4.4685,0.287961,5.88177,0.6702,0.4965,0.170556,0.65353,0,1.1644,0.6948,0.0043,0.0529
"Isaiah Lowe","sa3020864",5.8662,1.708,4.6044,0.273317,5.77602,0.6518,0.5116,0.189778,0.64178,0,1.0919,0.6796,0.004,0.0494
"Isaias Uribe","sa3016486",4.113,1.439,6.66,0.294738,6.64371,0.457,0.74,0.159889,0.73819,0,1.1997,0.7822,0.0065,0.0506
"Ismael Cabral","sa3021481",3.6927,1.736,6.642,0.30105,7.25202,0.4103,0.738,0.192889,0.80578,0,1.2387,0.8498,0.0038,0.0564
"Ismael Laureano","sa3019274",4.1535,1.627,9.6048,0.294639,7.86537,0.4615,1.0672,0.180778,0.87393,0,1.1937,0.9187,0.0299,0.0574
"Ismael Luciano","sa3016227",4.7979,1.603,5.4918,0.303861,6.75522,0.5331,0.6102,0.178111,0.75058,0,1.2465,0.7954,0.0099,0.0546
"Ismael Michel","sa3016270",5.8563,1.354,6.6888,0.278161,6.1929,0.6507,0.7432,0.150444,0.6881,0,1.1085,0.7297,0.0276,0.0517
"Ismael Mota","sa3016586",5.0985,1.524,8.7957,0.283837,7.14996,0.5665,0.9773,0.169333,0.79444,0,1.136,0.8384,0.0291,0.0554
"Israel Puello","sa3006113",5.5674,1.736,4.5288,0.279235,6.01137,0.6186,0.5032,0.192889,0.66793,0,1.1292,0.7057,0.0051,0.0529
"Issac Solano","sa3011441",5.9949,1.393,7.0254,0.273337,6.11478,0.6661,0.7806,0.154778,0.67942,0,1.0834,0.722,0.0277,0.0498
"Ivan Armstrong","sa3006358",6.61021,1.2684,3.994205,0.2611085,4.90316,22.8698,13.725,4.568,17.761165,0,32.51045,19.2812,0.00995,2.5277
"Ivan Oviedo","sa3016038",7.62255,1.3705,4.4451,0.256421,5.266935,17.42195,10.2439,3.564778,13.260215,0,20.5085,14.28025,0.0129,2.5269
"Ixan Henderson","sa3022953",5.4774,1.368,4.5477,0.274454,5.28975,0.6086,0.5053,0.152,0.58775,0,1.0954,0.6289,0.0044,0.0475
"Izack Tiger","sa3022875",6.4161,1.504,4.4784,0.27473,5.52132,0.7129,0.4976,0.167111,0.61348,0,1.1012,0.6537,0.0035,0.0441
"JA Happ","7410",6.3549,1.567,2.736,0.274417,5.04891,0.7061,0.304,0.174111,0.56099,0,1.109,0.5967,0.0023,0.0367
"JB Bukauskas","20491",8.63290181818182,0.964618636363636,3.35528,0.237845636363636,4.11543272727273,20.0066636992066,7.51920915808265,2.28988491103306,9.56499214177411,0.7946875,17.38265,8.7939025,0.53476175,1.0003915
"JB Olson","sa3002779",6.3072,1.25,3.2769,0.269169,4.66848,0.7008,0.3641,0.138889,0.51872,0,1.0686,0.5589,0.0194,0.0429
"JB Wendelken","14506",8.08034666666667,1.20124466666667,3.80194666666667,0.245383666666667,4.46108,16.4956166666667,7.85795833333333,2.4304,9.08244,0.800686333333333,17.67135,9.59883,0,0.910598666666667
"JC Flowers","sa3011493",6.21705,1.08164,5.124215,0.269043,5.124665,20.8474,17.2846,3.5615555,17.28465,0,32.53555,18.80625,0.5113,2.02525
"JC Keys","sa1170341",7.5861,1.202,4.3695,0.256709,4.67442,0.8429,0.4855,0.133556,0.51938,0,1.0025,0.5579,0.0256,0.0443
"JC Mejia","20617",8.58621428571429,1.17471428571429,3.6245,0.24835,4.47382142857143,3.58333809523809,1.53154072562358,0.543842131519274,2.02769263038549,0,0.9677,0.4922,0.0225,0.0501
"JC Ramirez","8302",7.1388,1.184,3.6432,0.265316,4.67487,0.7932,0.4048,0.131556,0.51943,0,1.0476,0.5593,0.016,0.0487
"JD Hammer","19548",6.4152,1.277,3.7917,0.269353,4.85604,0.7128,0.4213,0.141889,0.53956,0,1.0689,0.5792,0.0263,0.0413
"JJ Goss","sa3011420",6.4764,1.27,4.4019,0.268139,4.94694,0.7196,0.4891,0.141111,0.54966,0,1.0577,0.591,0.0259,0.0443
"JJ Niekro","sa3017129",6.15816,1.30543,3.38941,0.274423,4.93299,20.329,10.6901,4.074,15.28168,0,31.56095,16.30255,0.0015,0.51985
"JJ Sanchez","sa3022861",6.552,1.137,6.1371,0.26573,5.22153,0.728,0.6819,0.126333,0.58017,0,1.044,0.6238,0.027,0.0603
"JP Feyereisen","16610",7.21775,1.309125,3.36758333333333,0.255525,4.69570833333333,20.0166166666667,9.37326727777778,3.56407413888889,12.8950511111111,0,23.50695,13.27125,0.01095,0.01815
"JP France","21212",8.04453411764706,1.37942,3.56103647058824,0.249099058823529,4.67090235294118,34.8812223740623,15.6356459019239,5.83627458629758,19.9414643775194,0.864784285714286,37.4737,20.0263,0,1.14949214285714
"JP Massey","sa3020803",5.1885,1.205,5.103,0.284684,5.61825,0.5765,0.567,0.133889,0.62425,0,1.1413,0.6697,0.0039,0.058
"JP Sears","23429",7.21096705882353,1.58198294117647,2.60776235294118,0.255422941176471,4.84019235294118,135.611217771242,48.9509496273741,29.6013427338062,90.5757840089619,0,170.366428571429,95.4275428571429,0,10.0435142857143
"JP Wheat","sa3024884",4.9185,1.579,6.5484,0.288508,6.66945,0.5465,0.7276,0.175444,0.74105,0,1.1654,0.7847,0.0033,0.055
"JP Woodward","sa3014809",5.9211,1.243,5.4684,0.271729,5.24592,0.6579,0.6076,0.138111,0.58288,0,1.0711,0.6259,0.0266,0.0526
"JR Ritchie","sa3020395",6.4656,1.417,4.0131,0.27351,5.27274,0.7184,0.4459,0.157444,0.58586,0,1.093,0.6257,0.0035,0.0469
"JT Brubaker","17578",8.33747285714286,1.40873428571429,3.05534142857143,0.251855,4.58761142857143,48.6988714285714,17.9363285714286,8.18874,27.0421571428571,0.990225714285714,51.8293142857143,28.9855285714286,0,3.00523428571429
"JT Chargois","13767",7.98678176470588,1.21780058823529,3.64133176470588,0.243475647058824,4.39821705882353,26.8651847243945,12.319636950173,3.99627089117647,14.9242667413495,1.03728285714286,27.1332428571429,14.92,0,1.65646142857143
"JT Ginn","27889",6.83059735294118,1.14876,3.17405705882353,0.260777529411765,4.58891529411765,67.8096399120588,31.5543253396886,11.3653026034879,45.6420493693841,0.857141285714286,92.3873428571429,48.8752285714286,0,6.24811
"JT Hintzen","sa3006763",6.9039,1.378,4.023,0.263892,4.98222,0.7671,0.447,0.153111,0.55358,0,1.0438,0.5909,0.023,0.0466
"Jace Beck","sa3011811",7.5996,1.301,6.3351,0.254361,5.32674,0.8444,0.7039,0.144556,0.59186,0,0.9915,0.632,0.0229,0.0461
"Jace Fry","16159",7.5897,1.007,3.9519,0.255196,4.17258,0.8433,0.4391,0.111889,0.46362,0,0.9908,0.504,0.0272,0.0514
"Jace Kaminska","sa3023222",5.6142,1.597,3.6144,0.294223,5.88627,0.6238,0.4016,0.177444,0.65403,0,1.2009,0.6955,0.0033,0.0458
"Jace Vines","sa917985",7.7049,1.223,3.9069,0.255465,4.54617,0.8561,0.4341,0.135889,0.50513,0,0.9981,0.5423,0.0253,0.0429
"Jacinto Arredondo","sa3015009",5.6304,1.31,5.2002,0.283565,5.7447,0.6256,0.5778,0.145556,0.6383,0,1.1348,0.6811,0.0267,0.0503
"Jack Aldrich","sa3017145",5.616,1.224,5.3316,0.276008,5.31702,0.624,0.5924,0.136,0.59078,0,1.0984,0.6338,0.0267,0.049
"Jack Anderson","sa3017872",6.02625,1.415025,2.69441,0.27751,4.970385,19.33625,7.6678,4.578278,15.780335,0,33.0558,17.2993,0.5113,0.51995
"Jack Carey","sa3017887",6.44846,1.222725,3.984585,0.267048,4.97243,19.86195,12.22455,3.572222,15.279765,0,30.03285,16.2987,0.0129,2.02565
"Jack Choate","sa3020407",7.111435,1.17502,3.219045,0.256445,4.58549,39.3922,17.6791,6.0693335,25.749295,0,50.00775,27.7683,0.00155,6.0308
"Jack Cushing","sa1170342",6.674625,1.35274,2.57702,0.2649725,4.50437,34.87185,13.147,7.075278,23.74861,0,50.0213,25.76705,0.00805,1.018
"Jack Dallas","sa3020490",6.6915,1.358,3.7413,0.263162,4.79025,0.7435,0.4157,0.150889,0.53225,0,1.0342,0.5712,0.0189,0.0464
"Jack Dashwood","sa3015035",8.121738,1.434298,3.024518,0.2514376,4.472302,40.3486,14.82388,7.306666,22.29446,0.72694,44.33192,23.9742,0,1.95674
"Jack DeGroat","sa3018790",5.7897,1.595,5.7663,0.276679,6.10785,0.6433,0.6407,0.177222,0.67865,0,1.1107,0.7174,0.0272,0.0459
"Jack Dreyer","sa3018789",9.086395,1.22767666666667,3.582395,0.2361595,4.112605,22.7376333333333,8.74204333333333,2.917225,10.3328533333333,0.798586666666667,20.6685,11.0336833333333,0,0.329698
"Jack Flaherty","17479",9.82915411764706,1.18367294117647,2.88165735294118,0.230901647058824,3.81052470588235,171.752901714571,50.3424156625817,20.6183394650519,66.5749555964629,0,141.374857142857,72.8506,0,7.66577428571429
"Jack Hartman","sa3018250",7.173,1.292,4.02165,0.261447,4.802895,16.397,9.22185,3.0685555,11.258655,0,21.51375,12.27845,0.01275,0.52095
"Jack Jasiak","sa3020738",4.968,1.617,5.2227,0.286336,6.22899,0.552,0.5803,0.179667,0.69211,0,1.1653,0.7333,0.0212,0.057
"Jack Kochanowicz","27688",5.54666823529412,1.20145647058824,2.50667235294118,0.275609058823529,4.80494117647059,61.6592861049458,27.9229384769481,13.3846234069973,53.6974899361907,0.839750857142857,111.5502,58.1706,0,7.19668
"Jack Leftwich","sa3018169",7.38909,1.31014,3.065215,0.2562215,4.43638,24.423,10.66645,4.5709445,15.244175,0,31.0064,16.2623,0.0112,0.51975
"Jack Leiter","30146",8.89427705882353,1.31356941176471,3.77356470588235,0.236544941176471,4.59118352941176,102.995394768268,43.7446744589481,15.2366665500346,52.9925635950957,0.861097428571429,96.3088428571429,58.9992571428571,0,6.47258285714286
"Jack Little","sa1115817",7.751815,1.59011,3.54512,0.253787,4.97096,19.9374,9.19825,4.089722,13.26972,0,23.49775,14.28575,0.0126,1.5222
"Jack Mahoney","sa3023157",5.1561,1.5,3.5784,0.297609,5.80518,0.5729,0.3976,0.166667,0.64502,0,1.216,0.6887,0.0032,0.0455
"Jack Neely","30106",9.919032,1.123472,3.763392,0.223481466666667,3.920046,21.4778654794963,8.18357192693333,2.30037007058765,8.64312645928,0.937758333333333,15.8116,8.85916166666667,0,0.455231166666667
"Jack Noble","sa3020482",7.011,1.401,4.275,0.264958,5.16717,0.779,0.475,0.155667,0.57413,0,1.0504,0.6113,0.023,0.0556
"Jack O'Loughlin","22690",6.81395529411765,1.29970441176471,3.60268235294118,0.280962941176471,5.32123470588235,17.807723825218,9.59013536813841,3.36297151317647,13.9855579627128,1.02787428571429,25.9632285714286,14.3563142857143,0,1.035315
"Jack Owen","sa3017490",4.833,1.379,4.0743,0.281696,5.2353,0.537,0.4527,0.153222,0.5817,0,1.1327,0.6228,0.0261,0.0413
"Jack Patterson","sa3007860",6.3801,1.18,6.0534,0.268864,5.30649,0.7089,0.6726,0.131111,0.58961,0,1.0586,0.6325,0.0269,0.0481
"Jack Perkins","sa3007713",6.6789,1.466,3.6549,0.268086,5.10669,0.7421,0.4061,0.162889,0.56741,0,1.0676,0.6047,0.0105,0.0476
"Jack Perkins","sa3020076",7.744535,1.13517,3.67929,0.2494445,4.359245,34.40535,14.7147,4.565889,17.75009,0,35.499,19.2703,0.00175,2.5252
"Jack Ralston","sa3011296",8.217785,1.15776,5.15665,0.244223,4.69804,23.94025,15.27115,3.068278,13.260435,0,23.48165,14.2789,0.0129,1.02245
"Jack Sellinger","sa3022934",7.0011,1.184,5.607,0.262887,5.11488,0.7779,0.623,0.131556,0.56832,0,1.0307,0.6091,0.0266,0.0563
"Jack Sinclair","sa3017596",7.356865,1.247945,3.894135,0.25291,4.80011,20.41175,10.7197,3.5676665,14.24937,0,24.9885,15.26815,0.51265,3.0293
"Jack Snyder","sa3018194",7.0092,1.384,3.4974,0.265506,4.80843,0.7788,0.3886,0.153778,0.53427,0,1.0505,0.5718,0.0218,0.0428
"Jack Weisenburger","sa3011607",8.61328,1.13729,5.30635,0.2426375,4.88609,12.97065,9.2394,1.568,7.75107,0,12.4797,8.26885,0.0127,0.5216
"Jack Wenninger","sa3023282",6.4224,1.357,3.9699,0.268699,5.03811,0.7136,0.4411,0.150778,0.55979,0,1.0691,0.6005,0.0044,0.0471
"Jack White","sa3023404",6.2613,1.114,6.471,0.263422,5.12388,0.6957,0.719,0.123778,0.56932,0,1.0289,0.6142,0.027,0.0521
"Jackson Baumeister","sa3023471",7.1028,1.496,4.779,0.26511,5.39109,0.7892,0.531,0.166222,0.59901,0,1.0466,0.638,0.0035,0.0512
"Jackson Cox","sa3020899",4.9401,1.784,5.2785,0.303746,6.95142,0.5489,0.5865,0.198222,0.77238,0,1.2518,0.8149,0.0037,0.0483
"Jackson Ferris","sa3020891",7.48445,1.357665,4.29085,0.254345,4.93315,46.90105,25.74065,8.076778,30.27035,0,53.0103,32.79025,0.0015,4.52615
"Jackson Finley","sa3023406",5.409,1.54,5.0337,0.280114,5.87997,0.601,0.5593,0.171111,0.65333,0,1.1225,0.6948,0.006,0.0574
"Jackson Fristoe","sa3022104",6.2082,1.625,5.2326,0.274298,5.82957,0.6898,0.5814,0.180556,0.64773,0,1.1001,0.6888,0.0031,0.046
"Jackson Goddard","sa3007776",7.7661,1.341,4.1679,0.255607,4.79493,0.8629,0.4631,0.149,0.53277,0,1.0018,0.5682,0.0255,0.0406
"Jackson Hicks","sa3017280",6.1461,1.31,4.9491,0.271751,5.30046,0.6829,0.5499,0.145556,0.58894,0,1.0785,0.6302,0.0264,0.0434
"Jackson Humphries","sa3021729",6.1533,1.382,5.2704,0.273258,5.57019,0.6837,0.5856,0.153556,0.61891,0,1.0915,0.6605,0.0031,0.052
"Jackson Jobe","30203",7.19432235294118,1.28066470588235,3.22397882352941,0.254269647058824,4.58322470588235,83.8410630916725,37.6559948705882,14.9827860428451,53.3629708188543,0.781888142857143,102.781285714286,57.5042571428571,0,4.17039571428571
"Jackson Kelley","sa3020755",8.52284,1.319245,4.038885,0.244037,4.766435,25.96585,12.22235,4.071111,15.246585,0,25.47545,16.2643,0.01265,2.52635
"Jackson Kowar","21549",8.85755029411765,1.09405264705882,4.08834588235294,0.24286,4.51930764705882,36.7327652300288,16.9678277555802,4.43980761977739,18.7595198112195,0.9624,35.7215571428571,20.3490714285714,0,2.45664
"Jackson Lancaster","sa3021468",6.7869,1.361,5.4252,0.265851,5.28462,0.7541,0.6028,0.151222,0.58718,0,1.0478,0.6269,0.0247,0.0449
"Jackson Leath","sa3018239",5.9211,1.476,5.6025,0.275803,5.86287,0.6579,0.6225,0.164,0.65143,0,1.1031,0.6915,0.027,0.0469
"Jackson Nezuh","sa3023411",6.5754,1.475,4.3155,0.266709,5.27562,0.7306,0.4795,0.163889,0.58618,0,1.0547,0.6256,0.0058,0.045
"Jackson Rees","sa3007818",8.4222,1.005,4.2237,0.247472,4.15638,0.9358,0.4693,0.111667,0.46182,0,0.9521,0.501,0.0252,0.0424
"Jackson Rose","sa3008129",7.8543,1.303,3.2535,0.254869,4.48614,0.8727,0.3615,0.144778,0.49846,0,0.9997,0.5327,0.025,0.0411
"Jackson Rutledge","26215",7.39144352941176,1.16202470588235,3.68071264705882,0.252680235294118,4.59091529411765,36.1154062753833,18.1617339099254,5.66682261993387,23.1027075240354,0.873374,44.1224571428571,25.4359142857143,0,3.36943714285714
"Jackson Smeltz","sa3023810",6.8517,1.272,5.2686,0.259687,4.9599,0.7613,0.5854,0.141333,0.5511,0,1.012,0.5909,0.0242,0.0486
"Jackson Stephens","14420",7.37025638888889,1.01956416666667,2.904895,0.255941666666667,4.09816666666667,19.3556837420576,7.30268328098765,2.5332772745679,10.6452839987654,0,23.50345,11.7544,0.51515,2.02575
"Jackson Tetreault","20565",6.7347,1.398,3.1527,0.267873,4.8393,0.7483,0.3503,0.155333,0.5377,0,1.0641,0.5757,0.0029,0.0403
"Jackson Wolf","29832",6.65163777777778,1.44591166666667,3.73819944444444,0.2647875,5.27037638888889,37.9395882121605,20.1106647312346,8.10216864916667,29.8482819934414,0,52.02535,31.7989,0.0015,2.52265
"Jacob Barnes","12323",7.52592235294118,1.39820117647059,3.20751294117647,0.262129764705882,4.64647529411765,25.2832398664083,10.8531208520046,4.84262051952941,15.8040950394464,1.09768285714286,30.7376142857143,16.7895857142857,0,0.951804285714286
"Jacob Bosiokovic","sa918394",8.49457,1.17381,4.39589,0.249199,4.603745,22.9515,12.22585,3.064778,12.248945,0,22.49165,13.26755,0.01265,1.5217
"Jacob Bresnahan","sa3023066",5.5872,1.383,5.2596,0.275781,5.68233,0.6208,0.5844,0.153667,0.63137,0,1.1109,0.673,0.0032,0.0454
"Jacob Coats","sa3018150",6.4161,1.411,6.0102,0.270467,5.76981,0.7129,0.6678,0.156778,0.64109,0,1.0724,0.6814,0.027,0.0462
"Jacob Cravey","sa3023423",4.833,1.658,5.8914,0.288498,6.45642,0.537,0.6546,0.184222,0.71738,0,1.1696,0.7604,0.0068,0.0463
"Jacob DeLabio","sa3017011",7.87354,1.20712,5.16515,0.251204,4.89003,10.9318,7.75745,1.5708335,6.769075,0,11.99625,7.2881,0.01285,1.0252
"Jacob Heatherly","sa3004736",8.918515,1.113675,7.656625,0.245171,5.32037,20.47415,18.8727,3.0462222,13.742315,0,18.96085,14.76455,0.0132,1.02355
"Jacob Kostyshock","sa3011245",7.006745,1.209735,4.79986,0.260063,5.627135,5.91905,4.7392,1.0690555,5.76576,0,8.50455,6.2847,0.01285,2.5299
"Jacob Latz","21306",9.10152,1.28494823529412,4.53709117647059,0.234803529411765,4.54405823529412,53.0695440680969,26.470691744692,7.39019150560554,26.4578715024775,7.23107285714286,47.6445142857143,27.5939714285714,0,2.24000857142857
"Jacob Lemoine","19785",6.669,1.31,3.7944,0.267858,4.869,0.741,0.4216,0.145556,0.541,0,1.0623,0.5797,0.0264,0.0395
"Jacob Lopez","25098",8.56316117647059,1.15076,3.84671294117647,0.234480352941176,4.16137058823529,40.8487016486275,18.5402988493041,5.50087858170242,20.2098683810104,0.910567142857143,39.2533142857143,21.7949,0,2.88571428571429
"Jacob Maton","sa3020898",7.0974,1.373,3.3795,0.263143,4.72491,0.7886,0.3755,0.152556,0.52499,0,1.0431,0.5619,0.0253,0.0445
"Jacob Meador","sa3020385",6.49773,1.586035,4.532725,0.2668835,5.73031,30.8545,21.7446,7.091889,27.3114,0,44.04035,29.33065,0.0024,7.03295
"Jacob Miller","sa3020111",5.499355,1.309415,3.36143,0.278748,5.05798,31.3121,19.68545,7.5731665,29.282345,0,58.56445,31.8035,0.0015,2.0218
"Jacob Misiorowski","sa3020644",9.71252833333333,1.17066333333333,5.06445166666667,0.224461666666667,4.489525,49.0784666666667,25.7496833333333,5.967185,23.2058833333333,0.845031666666667,38.5819666666667,25.13015,0,6.11474
"Jacob Steinmetz","sa3017976",5.3289,1.336,4.6116,0.284437,5.6961,0.5921,0.5124,0.148444,0.6329,0,1.1454,0.676,0.0031,0.0587
"Jacob Waguespack","18318",9.03776823529412,1.15232705882353,3.58441764705882,0.244416470588235,4.33437294117647,50.3876353406613,19.9199449452303,6.41715817969704,24.371073344629,1.03988285714286,48.2580142857143,25.7718,0,2.51450142857143
"Jacob Wallace","sa3010374",8.316294,1.087832,5.399972,0.2432864,4.821566,17.17322,11.29428,2.066888,9.872172,0.72888,17.15082,10.9453,0,1.69854
"Jacob Watters","sa3020628",6.1209,1.273,4.5531,0.273127,5.148,0.6801,0.5059,0.141444,0.572,0,1.0812,0.6158,0.0068,0.0515
"Jacob Webb","19274",9.12706647058823,1.145889,3.94561970588235,0.229906352941176,4.19667294117647,63.2469079490511,27.3599408650161,8.0477767225594,29.1474074782837,14.1960857142857,54.9417,31.8271,0,2.64433142857143
"Jacob Webb","sa3017547",6.43617,1.329125,4.22057,0.2709255,5.27902,25.35645,17.22505,5.0759445,20.79244,0,38.04275,22.31215,0.5071,2.5251
"Jacob Wosinski","sa3021825",7.263,1.38,4.1643,0.262614,5.04423,0.807,0.4627,0.153333,0.56047,0,1.0384,0.5974,0.0206,0.0502
"Jacob deGrom","10954",11.6541958823529,1.22920117647059,2.10708970588235,0.206754235294118,3.05864529411765,146.041904019746,26.3528420077509,15.1386844146713,38.1774630826297,0,86.4297428571429,41.4929571428571,0,3.49277714285714
"Jacques Pucheu","sa3010631",7.1073,1.398,3.6558,0.261234,4.78512,0.7897,0.4062,0.155333,0.53168,0,1.0325,0.5676,0.0125,0.0434
"Jaden Hamm","sa3023134",6.7428,1.392,3.6306,0.259403,4.84389,0.7492,0.4034,0.154667,0.53821,0,1.0262,0.5756,0.0032,0.0436
"Jaden Hill","30250",7.69273882352941,1.13729441176471,3.72124117647059,0.270071294117647,5.13256323529412,33.9016042800138,16.424088499045,5.1397696902549,22.6598365041672,1.02179,40.8562428571429,23.6057,0,4.17879857142857
"Jaden Woods","sa3023064",7.8219,1.020204,3.999815,0.24986,4.38699,25.4328,12.235,3.061,14.243115,0,28.489,15.26185,0.0113,2.5245
"Jagger Haynes","sa3020876",6.1902,1.463,5.481,0.264979,5.4342,0.6878,0.609,0.162556,0.6038,0,1.0415,0.644,0.0033,0.0475
"Jaiker Garcia","sa3018626",4.2156,1.669,6.5115,0.295774,6.9624,0.4684,0.7235,0.185444,0.7736,0,1.2088,0.8174,0.0038,0.0516
"Jaime Arias","sa3014789",6.12548,1.41693,3.46546,0.266231,4.870565,19.83425,10.69855,4.086389,14.783625,0,30.5357,15.80175,0.00465,0.52065
"Jaime Barria","18356",6.89375,1.41688333333333,2.81977083333333,0.265436666666667,4.69584583333333,38.5072960339506,14.7984357901235,7.57675145061728,25.0318783333333,0,52.026,25.2724,0.517,1.01935
"Jaime Melendez","sa3010660",6.7334,1.229,5.8397,0.258881,5.509595,16.3926,16.2933,3.069889,14.789955,0,23.0151,15.81095,0.00585,4.02905
"Jair Jimenez","sa3018817",4.5747,1.597,9.3546,0.289892,7.60446,0.5083,1.0394,0.177444,0.84494,0,1.1687,0.8893,0.0296,0.0551
"Jairo Iriarte","26907",8.12473058823529,1.29334235294118,4.24258470588235,0.250607647058823,4.79136411764706,59.2693543136055,31.3366288156817,9.68213761476355,35.51893554992,0.884712857142857,65.4071714285714,39.1053142857143,0,6.14088571428571
"Jairo Solis","sa3003037",6.3729,1.667,3.4542,0.271748,5.39784,0.7081,0.3838,0.185222,0.59976,0,1.0874,0.6362,0.0042,0.0477
"Jairo Vasquez","sa3010578",4.6278,1.477,8.5662,0.289292,7.1442,0.5142,0.9518,0.164111,0.7938,0,1.1633,0.8392,0.0291,0.062
"Jairon Digon","sa3022148",5.292,1.566,8.6022,0.283228,7.14429,0.588,0.9558,0.174,0.79381,0,1.1345,0.8372,0.0213,0.0506
"Jaison Brete","sa3016771",5.0247,1.487,7.623,0.285262,6.73182,0.5583,0.847,0.165222,0.74798,0,1.1453,0.7922,0.023,0.0481
"Jaitoine Kelly","sa3024275",4.1886,1.61,7.2657,0.295739,7.11774,0.4654,0.8073,0.178889,0.79086,0,1.2041,0.836,0.0039,0.0512
"Jake Arrieta","4153",6.156,1.409,3.1581,0.277987,5.07321,0.684,0.3509,0.156556,0.56369,0,1.1162,0.6042,0.007,0.0468
"Jake Bennett","sa3020737",5.8374,1.275,4.0455,0.270386,4.89879,0.6486,0.4495,0.141667,0.54431,0,1.0697,0.5861,0.003,0.0463
"Jake Bird","21267",7.64160588235294,1.02652052941176,3.80162294117647,0.262517294117647,4.64823529411765,48.1890065791557,23.9024774199708,6.52011870682353,29.1669467077832,9.24733571428571,58.5633,31.7316571428571,0,4.34134285714286
"Jake Bloss","33168",7.41509470588235,1.38565176470588,3.41743764705882,0.249000705882353,4.63499294117647,38.571823562,17.8576915136209,7.26404299529412,24.2935897058824,0.883719285714286,46.1913714285714,26.3988142857143,0,1.57021285714286
"Jake Bockenstedt","sa3023007",5.4,1.72,4.6818,0.283432,5.98464,0.6,0.5202,0.191111,0.66496,0,1.146,0.7053,0.0034,0.0445
"Jake Brentz","17783",8.897845,1.13082,6.983005,0.2404145,5.390635,15.50005,13.83615,2.0605,10.75694,0,14.45995,11.77675,0.01255,4.0374
"Jake Brooks","sa3023205",4.8186,1.587,3.3651,0.289064,5.6637,0.5354,0.3739,0.176333,0.6293,0,1.181,0.67,0.0035,0.0465
"Jake Cantleberry","sa3011237",7.2153,1.267,4.8465,0.258013,4.86081,0.8017,0.5385,0.140778,0.54009,0,1.0102,0.5782,0.026,0.0462
"Jake Christianson","sa3020410",6.1452,1.43,4.5954,0.273928,5.38299,0.6828,0.5106,0.158889,0.59811,0,1.0913,0.6384,0.0262,0.0485
"Jake Cousins","21620",10.9242417647059,1.00672164705882,4.54991058823529,0.205978235294118,3.61232941176471,63.7468287233841,26.6377398608674,5.89765352473203,21.1593209746251,7.62352857142857,41.4545285714286,24.3782571428571,0,4.67772285714286
"Jake Dahlberg","sa3004475",6.4098,1.406,2.8458,0.268925,4.71042,0.7122,0.3162,0.156222,0.52338,0,1.0732,0.5608,0.0031,0.0401
"Jake Diekman","5003",10.4944964705882,1.10680894117647,5.57535705882353,0.225322,4.53297294117647,44.0434861500715,23.4100224686644,4.6925038775917,19.0083973482107,1.34331428571429,31.4277428571429,19.8453285714286,0,2.52713571428571
"Jake Eddington","sa3023409",6.0885,1.324,6.1272,0.272175,5.65461,0.6765,0.6808,0.147111,0.62829,0,1.0709,0.6722,0.0173,0.0506
"Jake Eder","27590",7.92044970588235,1.23484117647059,4.36478029411765,0.263561882352941,5.08267941176471,26.1260070151038,14.4410387357266,4.02026519492503,17.1390520066474,0.860396857142857,29.1772,17.0849285714286,0,2.25162428571429
"Jake Elliott","sa919409",7.5933,1.442,3.366,0.255597,4.69341,0.8437,0.374,0.160222,0.52149,0,1.0058,0.5548,0.0231,0.0409
"Jake Faria","13699",7.2345,1.14985714285714,3.94407142857143,0.258072857142857,4.97565,4.0946876462585,2.65816543310657,0.498947929705215,3.17853163265306,0,1.0235,0.5511,0.0239,0.0533
"Jake Fishman","20060",6.4179,1.15,3.3552,0.267832,4.50567,0.7131,0.3728,0.127778,0.50063,0,1.0615,0.5407,0.025,0.0619
"Jake Fitzgibbons","sa3022796",6.4638,1.245,7.5213,0.270888,6.01839,0.7182,0.8357,0.138333,0.66871,0,1.0683,0.7107,0.0279,0.0496
"Jake Garland","sa3020077",4.721635,1.23448,3.18986,0.2814665,4.989385,25.76255,16.68485,7.065222,27.771745,0,55.57185,29.7947,0.00285,3.02425
"Jake Gilbert","sa1172846",6.057,1.277,5.6142,0.272888,5.51142,0.673,0.6238,0.141889,0.61238,0,1.0814,0.6551,0.0268,0.0564
"Jake Gozzo","sa3014979",6.34764,1.430375,5.41286,0.2703045,5.805655,12.36535,11.77565,3.0739445,12.790965,0,20.0251,13.8109,0.01315,1.526
"Jake Haberer","sa3008514",7.044685,1.23054,4.65422,0.260138,4.912925,11.39405,8.23445,2.0660555,8.263195,0,15.01245,8.78335,0.01005,1.52825
"Jake Higginbotham","sa3007590",7.28266,1.316135,2.99964,0.254011,4.382285,22.89785,8.6779,4.073111,13.74012,0,27.9969,14.758,0.01015,1.02215
"Jake Irvin","21504",7.39747294117647,1.29467411764706,2.86613529411765,0.248386764705882,4.27275294117647,133.331414731257,51.6312841416763,23.3175184696271,76.8819726043829,0,158.846857142857,86.9514571428571,0,7.50457285714286
"Jake Jewell","16958",7.6878,1.059,3.3705,0.254537,4.12893,0.8542,0.3745,0.117667,0.45877,0,0.9888,0.498,0.0244,0.0478
"Jake Kalish","sa709032",5.6169,1.293,2.7756,0.275821,4.69836,0.6241,0.3084,0.143667,0.52204,0,1.1056,0.563,0.0037,0.0522
"Jake Lee","sa3006766",6.1974,1.508,2.6631,0.272786,4.92606,0.6886,0.2959,0.167556,0.54734,0,1.0951,0.5841,0.0085,0.0386
"Jake Lyons","sa1055560",6.6924,1.39,3.483,0.26772,4.93137,0.7436,0.387,0.154444,0.54793,0,1.0644,0.5861,0.0104,0.0452
"Jake Madden","sa3020866",5.2227,1.413,5.9418,0.297837,6.42447,0.5803,0.6602,0.157,0.71383,0,1.2077,0.7592,0.0275,0.0539
"Jake McGee","7550",7.5834,1.408,2.8485,0.254896,4.41819,0.8426,0.3165,0.156444,0.49091,0,1.0035,0.5225,0.0236,0.0386
"Jake McSteen","sa3015087",6.639125,1.3859,2.93484,0.2717765,4.657115,20.37205,8.6707,4.571722,14.752375,0,31.5296,15.7713,0.5082,0.51755
"Jake Miednik","sa3007242",6.3909,1.31,3.753,0.268404,4.83192,0.7101,0.417,0.145556,0.53688,0,1.0657,0.5763,0.0103,0.0435
"Jake Miller","sa3018171",5.841725,1.408475,4.105065,0.2735515,5.331825,13.3265,8.7452,3.0820555,11.807065,0,22.55735,12.82745,0.0069,0.5214
"Jake Miller","sa3020408",7.2234,1.148,3.1032,0.253126,4.13892,0.8026,0.3448,0.127556,0.45988,0,0.9918,0.4973,0.0178,0.047
"Jake Newberry","15136",6.8436,1.451,3.7467,0.264354,4.99833,0.7604,0.4163,0.161222,0.55537,0,1.0493,0.5914,0.0246,0.0454
"Jake Odorizzi","6397",6.818545,1.488435,3.202945,0.267441,4.947575,24.38085,12.1675,5.086889,17.775005,0,35.03045,19.2923,0.50275,1.02145
"Jake Palisch","sa3020249",6.444085,1.20681,3.41014,0.265662,4.724395,16.3659,8.20385,3.0684445,12.75141,0,25.02575,13.77145,0.5127,0.52105
"Jake Peppers","sa3023008",4.7808,1.624,4.8672,0.287878,6.0138,0.5312,0.5408,0.180444,0.6682,0,1.1651,0.7114,0.0031,0.05
"Jake Petricka","10534",7.3737,1.066,3.5073,0.259752,4.2912,0.8193,0.3897,0.118444,0.4768,0,1.0155,0.5167,0.0263,0.0468
"Jake Pfennigs","sa3020380",7.1694,1.368,3.834,0.26021,4.80681,0.7966,0.426,0.152,0.53409,0,1.0213,0.5713,0.0144,0.0461
"Jake Pilarski","sa3020685",6.78435,1.28891,4.74409,0.2646605,5.139295,9.8926,7.74195,2.0671665,8.26685,0,14.51605,8.78675,0.0129,1.0233
"Jake Prizina","sa3011346",7.1928,1.323,3.5208,0.259931,4.60692,0.7992,0.3912,0.147,0.51188,0,1.0254,0.5474,0.0253,0.0459
"Jake Reed","16209",6.6069,1.31,3.6315,0.264761,4.81095,0.7341,0.4035,0.145556,0.53455,0,1.0466,0.5729,0.0286,0.0645
"Jake Reindl","sa3011523",9.09914,1.292025,5.149255,0.2376805,5.070235,10.4847,6.25635,1.564611,6.24757,0,8.9658,6.7657,0.01275,3.0312
"Jake Rice","sa3017593",7.86917,1.165455,5.23168,0.251612,4.713565,20.9287,14.27695,3.064278,12.26286,0,22.9919,13.2817,0.01295,2.0265
"Jake Sanchez","sa739743",7.9992,1.332,3.7296,0.249607,4.47615,0.8888,0.4144,0.148,0.49735,0,0.9686,0.5317,0.025,0.0421
"Jake Schrand","sa3016938",5.5755,1.537,5.0364,0.280793,5.92371,0.6195,0.5596,0.170778,0.65819,0,1.133,0.6978,0.0224,0.0454
"Jake Smith","sa3017258",7.1982,1.469,5.1786,0.262025,5.36544,0.7998,0.5754,0.163222,0.59616,0,1.0296,0.6347,0.0264,0.0612
"Jake Sommers","sa3010778",7.89964,1.25812,4.249405,0.2627915,4.935805,9.93995,5.7187,1.5706665,6.271925,0,12.02615,6.7911,0.01275,0.52135
"Jake Stevenson","sa1169857",6.4494,1.274,6.255,0.268966,5.62086,0.7166,0.695,0.141556,0.62454,0,1.0597,0.6671,0.0271,0.0581
"Jake Sweeney","sa3011134",5.6826,1.421,6.4512,0.275045,5.96187,0.6314,0.7168,0.157889,0.66243,0,1.096,0.7038,0.0223,0.0494
"Jake Thompson","sa738914",7.2963,1.094,4.1877,0.258916,4.55634,0.8107,0.4653,0.121556,0.50626,0,1.0106,0.5469,0.0256,0.0665
"Jake Walkinshaw","sa3010317",5.90342,1.305945,3.101975,0.2718035,4.78653,16.82125,8.67225,3.574111,13.268145,0,27.5481,14.28885,0.0017,0.5198
"Jake Walsh","20227",8.01405,1.278525,4.505275,0.2522315,4.70935,9.4471,5.72965,1.5681665,5.752325,0,10.4888,6.27055,0.0126,0.52225
"Jake Walters","sa915852",6.264,1.418,3.8187,0.272625,5.25555,0.696,0.4243,0.157556,0.58395,0,1.089,0.6232,0.0087,0.0642
"Jake Wong","23095",7.00092857142857,1.173,3.81428571428571,0.271427857142857,5.20309285714286,3.54756723809524,1.89755752380952,0.575039349206349,3.04236771428571,0,1.0443,0.5486,0.0252,0.043
"Jake Woodford","18674",6.57366352941176,1.34257117647059,2.95597058823529,0.279371294117647,5.24221970588235,17.750057974902,8.32547105218609,3.51495904988235,14.2553437500546,0.83584,26.6515,14.30375,0,1.57664542857143
"Jakob Brustoski","sa3018144",6.6609,1.268,7.9479,0.265295,5.96241,0.7401,0.8831,0.140889,0.66249,0,1.0381,0.7052,0.028,0.0579
"Jakob Hernandez","sa3004823",8.782985,1.19046,3.820205,0.2418695,4.20316,16.9713,7.2104,2.071111,7.73766,0,15.4758,8.25475,0.5125,0.52115
"Jakob Junis","13619",8.08001794117647,1.31723764705882,2.25400352941177,0.252391058823529,4.22077411764706,62.0606584498339,17.2666824049827,10.2436439723183,32.5049533408997,9.63175285714286,68.6825857142857,35.5639,0,3.05849857142857
"Jalen Beeks","17192",8.03151529411765,0.995125058823529,3.60377764705882,0.249862,4.16928823529412,37.8472711215686,17.0709746528258,4.73308424913495,19.7140531930796,0.679462857142857,42.2926428571429,21.3714857142857,0,2.1823
"James Acuna","sa3014969",5.6799,1.388,5.7807,0.27824,5.86872,0.6311,0.6423,0.154222,0.65208,0,1.1114,0.6948,0.0205,0.0583
"James Bourque","16668",8.4366,1.162,4.3713,0.248268,4.46301,0.9374,0.4857,0.129111,0.49589,0,0.9602,0.5327,0.0252,0.0457
"James Gonzalez","sa3011609",6.45955,1.28881,3.5455,0.2642775,4.74366,37.3503,19.7003,7.568722,27.753985,0,53.5209,29.7744,0.0025,2.5231
"James Hicks","sa3023161",6.891045,1.277615,2.858345,0.2613205,4.53446,38.3791,15.165,6.5758335,23.764765,0,50.53195,25.7841,0.00345,2.523
"James Kaprielian","18331",6.86972727272727,1.48495090909091,3.82203090909091,0.259258727272727,5.43309818181818,21.3770226628099,11.178897492562,4.18455327713499,15.9387886606061,0,25.558025,15.212685,0.044728525,1.06339825
"James Karinchak","20151",10.7295779411765,1.16340235294118,4.90021970588235,0.215145588235294,4.16308470588235,41.5520988959343,18.9326279708616,4.55405435086505,16.2979220532042,1.26796571428571,28.1502142857143,17.4416285714286,0,1.77856857142857
"James Marinan","sa3005121",5.8824,1.804,5.0085,0.286038,6.27741,0.6536,0.5565,0.200444,0.69749,0,1.1628,0.7379,0.0156,0.0473
"James Marvel","19675",5.3424,1.329,2.9754,0.285016,5.04666,0.5936,0.3306,0.147667,0.56074,0,1.1546,0.6043,0.003,0.0514
"James McArthur","21527",8.10738588235294,1.00851741176471,2.75770941176471,0.251177176470588,4.08648882352941,32.8664469872157,11.1648463697716,4.09501303947559,16.4943275149089,1.44575714285714,35.7108428571429,17.8844142857143,0,2.37870285714286
"James Meeker","29891",6.39525833333333,1.24280833333333,2.96194166666667,0.269706666666667,4.88779583333333,21.1276171234568,9.36777531481481,3.91376966666667,15.6743736358025,0,30.04335,15.7849,0.0126,2.02545
"James Naile","18186",6.94457142857143,0.925285714285714,2.84992857142857,0.270272857142857,4.42697142857143,3.68661904761904,1.33591723356009,0.400655419501133,2.51215918367346,0,1.0488,0.504,0.0239,0.0457
"James Norwood","16440",9.0828,1.238,3.7584,0.240125,4.13721,1.0092,0.4176,0.137556,0.45969,0,0.9252,0.4942,0.0239,0.0374
"James Paxton","11828",7.66155416666667,1.3392625,3.90019583333333,0.264132916666667,4.77329166666667,40.4306486419753,22.0064194814815,7.18748135493827,26.315789037037,0,51.00105,28.2714,0.0011,0.5167
"James Proctor","sa3014804",5.3199,1.751,4.3029,0.290906,6.09822,0.5911,0.4781,0.194556,0.67758,0,1.1878,0.7201,0.0031,0.0488
"Jameson Taillon","11674",7.05500764705882,1.41543882352941,2.22998058823529,0.257667294117647,4.38979205882353,126.586211285044,39.9965538357555,25.389193753787,78.7355173724721,0,163.393571428571,84.2188142857143,0,5.12861714285714
"Jamison Hill","sa3017935",5.943585,1.328505,4.27511,0.2717235,5.2288,30.32595,22.22975,6.080722,24.807845,0,48.0569,26.8274,0.00365,3.02675
"Jan Caraballo","sa3015485",4.5486,1.519,8.6301,0.289507,7.20189,0.5054,0.9589,0.168778,0.80021,0,1.1657,0.8452,0.0291,0.0496
"Jandel Gustave","14665",7.5969,1.158,3.2868,0.257807,4.34304,0.8441,0.3652,0.128667,0.48256,0,1.008,0.5201,0.0262,0.0519
"Janderson Linares","sa3021503",4.6089,1.516,7.533,0.287227,6.77934,0.5121,0.837,0.168444,0.75326,0,1.1581,0.7971,0.0095,0.056
"Jank Pichardo","sa3022231",4.3731,1.58,7.6914,0.293603,7.14087,0.4859,0.8546,0.175556,0.79343,0,1.1905,0.8383,0.0125,0.0536
"Janson Junk","23301",6.58283176470588,1.29056470588235,2.67083147058824,0.266393882352941,4.76841764705882,20.2860762731826,8.28174331014956,3.97035592683276,14.8823412395925,0.854653571428571,29.3521428571429,15.2768,0,0.838134857142857
"Jared Beck","sa3020571",6.9174,1.236,6.4026,0.262152,5.29866,0.7686,0.7114,0.137333,0.58874,0,1.0242,0.6309,0.027,0.0547
"Jared Biddy","sa3011303",7.1505,1.279,3.6126,0.260141,4.63887,0.7945,0.4014,0.142111,0.51543,0,1.0235,0.5528,0.0253,0.0482
"Jared Johnson","sa3011626",6.894,1.181,5.7402,0.26103,5.06457,0.766,0.6378,0.131222,0.56273,0,1.0147,0.6049,0.0264,0.0449
"Jared Jones","27863",9.14888647058824,1.13941382352941,2.90211647058824,0.235225235294118,3.89931588235294,157.08791385712,49.8416856154786,19.5837191642887,66.9793934745597,0.788553285714286,139.633,73.1058,0,7.13758714285714
"Jared Karros","sa3020859",7.071475,1.647975,3.046865,0.2631985,5.050305,28.886,11.67725,6.5919445,20.28064,0,37.52905,21.79845,0.0015,0.5191
"Jared Kelley","sa3014471",6.62563,1.221225,5.605925,0.264911,5.36812,19.37565,17.3003,3.569278,16.783365,0,28.52025,18.30455,0.51315,1.02145
"Jared Koenig","27517",8.66025882352941,1.00334629411765,3.25365764705882,0.234753647058824,3.69370823529412,62.6904781638293,23.5721514053979,7.30757450242907,26.804170157644,11.1193142857143,59.2959,29.5710142857143,0,3.15288428571429
"Jared Kollar","sa3020439",6.04235,1.5615,2.746785,0.269453,4.908725,37.82415,16.15705,9.0901665,28.781525,0,58.0474,31.3,0.002,1.51915
"Jared Lyons","sa3020483",6.4782,1.775,4.8663,0.278232,6.01146,0.7198,0.5407,0.197222,0.66794,0,1.1203,0.7079,0.0031,0.0428
"Jared Poland","sa3020252",5.7897,1.624,4.0923,0.278093,5.69583,0.6433,0.4547,0.180444,0.63287,0,1.1228,0.6702,0.0146,0.0478
"Jared Shuster","27472",6.92857,1.28322823529412,3.66480088235294,0.257278294117647,4.66257176470588,40.5749678876955,21.5826002340069,7.40961715893887,27.2817668047243,1.29386857142857,53.7657,29.6784142857143,0,1.05051714285714
"Jared Solomon","23425",7.005715,1.333575,5.35681,0.261774,5.42467,12.89615,10.7741,2.571722,10.78164,0,17.50985,11.80125,0.0129,2.5303
"Jared Southard","sa3019951",6.72728,1.32002,4.714345,0.264276,5.2841,17.38345,12.75615,3.571722,14.77663,0,25.02085,15.79715,0.013,2.5272
"Jared Tobey","sa3007263",7.7022,1.252,4.2192,0.254141,4.59963,0.8558,0.4688,0.139111,0.51107,0,0.9926,0.5474,0.0256,0.0505
"Jared Wetherbee","sa3017421",6.2136,1.308,7.3422,0.270298,5.93955,0.6904,0.8158,0.145333,0.65995,0,1.0663,0.7024,0.0278,0.0493
"Jaren Zinn","sa3020320",7.0605,1.441,7.2522,0.259916,5.96646,0.7845,0.8058,0.160111,0.66294,0,1.0177,0.7025,0.0276,0.0517
"Jarlen De La Paz","sa3018333",4.5648,1.47,9.1485,0.289121,7.36506,0.5072,1.0165,0.163333,0.81834,0,1.1627,0.8634,0.0178,0.066
"Jarlin Garcia","18282",8.136,1.256,2.9835,0.250141,4.13982,0.904,0.3315,0.139556,0.45998,0,0.9746,0.4933,0.0264,0.0383
"Jarlin Susana","sa3018808",6.8094,1.061,4.8699,0.260492,4.69116,0.7566,0.5411,0.117889,0.52124,0,1.0099,0.5655,0.003,0.05
"Jarod Bayless","sa3010236",6.963315,1.28019,3.11195,0.2576005,5.09511,11.87715,4.6906,2.073278,8.77302,0,14.526,9.29105,0.0128,4.0425
"Jarod Wright","sa3015109",5.8482,1.368,4.1094,0.275041,5.22783,0.6498,0.4566,0.152,0.58087,0,1.1,0.6211,0.026,0.051
"Jarol Baez","sa3022010",4.5747,1.582,9.8145,0.28995,7.72938,0.5083,1.0905,0.175778,0.85882,0,1.1667,0.9036,0.0299,0.0537
"Jarold Rosado","sa3016502",6.7905,1.439,5.2794,0.266822,5.39262,0.7545,0.5866,0.159889,0.59918,0,1.0528,0.6387,0.0264,0.0467
"Jarret Whorff","sa3020905",7.214675,1.308685,4.049865,0.2614805,4.94203,25.3938,14.2216,4.572,17.27179,0,32.0206,18.79115,0.00825,2.5252
"Jarrod Cande","sa3017813",5.95765,1.693565,3.27868,0.281866,5.655705,31.3261,16.19095,8.1015,27.83047,0,52.58225,29.8492,0.00175,3.02505
"Jason Adam","11861",10.2861064705882,1.03801258823529,3.14882941176471,0.205159411764706,3.298715,76.3317982829781,23.2617552128074,7.73356831940946,24.4551945164071,13.1117428571429,50.6403,26.7089714285714,0,5.54859428571429
"Jason Alexander","19666",5.965955,1.17529,2.605035,0.270915,4.516905,35.3305,15.64225,7.064111,27.74072,0,58.03905,29.762,0.00345,3.02305
"Jason Bahr","sa3004744",8.0082,1.255,3.96,0.253548,4.57191,0.8898,0.44,0.139444,0.50799,0,0.9898,0.5439,0.0253,0.0402
"Jason Bilous","sa875998",7.8219,1.208,4.9086,0.253705,4.79421,0.8691,0.5454,0.134222,0.53269,0,0.986,0.5715,0.0209,0.0482
"Jason Blanchard","sa3010313",7.90522,1.28881,3.956885,0.250002,4.45037,23.43605,11.7185,4.066278,13.73487,0,26.4804,14.7532,0.01255,0.5196
"Jason Bonilla","sa3009723",4.4037,1.667,8.0154,0.293356,7.39674,0.4893,0.8906,0.185222,0.82186,0,1.1922,0.8656,0.0164,0.0584
"Jason Creasy","sa598099",7.8561,1.32,3.4209,0.254237,4.52376,0.8729,0.3801,0.146667,0.50264,0,0.996,0.5371,0.0251,0.0423
"Jason Foley","19531",7.15314823529412,0.792694705882353,2.55618676470588,0.246018294117647,3.69955941176471,50.3822883631834,17.9593497395425,5.61486713651673,26.2510363048904,7.42757428571429,61.4938857142857,27.8130714285714,0,2.55146571428571
"Jason Franks","sa3019912",6.1443,1.328,5.85,0.272358,5.62788,0.6827,0.65,0.147556,0.62532,0,1.0799,0.6673,0.0269,0.047
"Jason Ruffcorn","sa3017193",7.1424,1.253,4.0743,0.254752,4.55724,0.7936,0.4527,0.139222,0.50636,0,0.9958,0.5451,0.0255,0.0454
"Jason Savacool","sa3022856",4.6674,1.306,5.1822,0.286084,5.69556,0.5186,0.5758,0.145111,0.63284,0,1.1498,0.6786,0.0045,0.0461
"Jasseel De La Cruz","sa879559",7.0173,1.243,3.5388,0.264289,4.67595,0.7797,0.3932,0.138111,0.51955,0,1.0432,0.5582,0.0212,0.0526
"Javi Rivera","sa3018184",6.1272,1.806,3.7719,0.280274,5.78277,0.6808,0.4191,0.200667,0.64253,0,1.1348,0.6818,0.0031,0.057
"Javier Assad","21741",7.45204,1.13666588235294,3.59552411764706,0.250351764705882,4.26355882352941,109.240542793233,52.7680478990581,16.7684466755094,62.4692011219147,0.817182,129.057428571429,68.3235285714286,0,5.82005285714286
"Javier Atencio","sa3009602",5.1822,1.481,5.823,0.281419,6.03837,0.5758,0.647,0.164556,0.67093,0,1.1317,0.713,0.0063,0.0516
"Javier Bartolozzi","sa3021568",4.3434,1.608,5.6826,0.293937,6.53508,0.4826,0.6314,0.178667,0.72612,0,1.1995,0.7698,0.0037,0.0468
"Javier Chacon","sa3015312",6.1209,1.48,6.3846,0.266575,5.77323,0.6801,0.7094,0.164444,0.64147,0,1.0486,0.6816,0.0158,0.053
"Javier Fuenmayor","sa3015965",4.5018,1.454,8.2323,0.291215,7.02045,0.5002,0.9147,0.161556,0.78005,0,1.1738,0.8258,0.0289,0.0526
"Javier Gonzalez","sa3022135",4.4244,1.635,6.1893,0.293098,6.73497,0.4916,0.6877,0.181667,0.74833,0,1.1942,0.7918,0.0045,0.0519
"Javier Ramos","sa3020467",5.8725,1.372,6.5421,0.276284,6.01893,0.6525,0.7269,0.152444,0.66877,0,1.0995,0.7115,0.0275,0.0535
"Javy Guerra","17292",8.01607142857143,1.32242857142857,4.48021428571429,0.263645,5.15802857142857,2.36264932426304,1.3162295600907,0.473035247165533,1.84877428571429,0,0.9692,0.5458,0.0297,0.0466
"Jawilme Ramirez","sa3016204",5.4819,1.435,3.7314,0.274123,5.15205,0.6091,0.4146,0.159444,0.57245,0,1.0966,0.6122,0.0141,0.043
"Jaxon Wiggins","sa3023635",6.2514,1.315,4.7349,0.271193,5.25996,0.6946,0.5261,0.146111,0.58444,0,1.0733,0.6269,0.0031,0.0432
"Jay Driver","sa3023044",6.8643,1.286,5.7294,0.267011,5.43096,0.7627,0.6366,0.142889,0.60344,0,1.0548,0.645,0.0268,0.049
"Jay Groome","sa917925",7.213565,1.28845,4.66463,0.253309,4.960035,50.37525,31.74975,7.579222,32.27831,0,56.51175,34.79755,0.0015,3.52355
"Jay Jackson","7432",9.01378470588235,1.63153882352941,3.21496470588235,0.248476352941176,4.67354352941177,20.7010057282584,7.39239064221454,3.76704962029989,10.7479909303345,0.0792381428571429,19.8693428571429,10.9971957142857,0,0.905396857142857
"Jaycob Deese","sa3020376",5.38206,1.378335,3.174965,0.281507,5.104275,15.3112,8.69025,4.0766665,14.789895,0,31.06635,15.8093,0.01035,1.02195
"Jayden Murray","sa1170405",6.3972,1.407,3.3084,0.270733,4.99275,0.7108,0.3676,0.156333,0.55475,0,1.0763,0.5946,0.003,0.0529
"Jaydenn Estanista","sa3016230",6.6735,1.484,6.3549,0.264551,5.79546,0.7415,0.7061,0.164889,0.64394,0,1.0377,0.6837,0.027,0.0504
"Jaylen Nowlin","sa3017978",7.1537,1.35837,4.22904,0.2610585,5.11013,35.8835,20.73235,6.575611,25.278105,0,45.01885,27.29715,0.0026,4.53065
"Jayson Schroeder","sa3008356",5.1966,1.438,8.7849,0.283602,7.00569,0.5774,0.9761,0.159778,0.77841,0,1.1318,0.8234,0.029,0.0581
"Jayvien Sandridge","sa3007621",9.486705,1.17561,6.125615,0.23288,4.72026,30.0108,20.3123,3.5661665,15.24823,0,23.95455,16.26705,1.013,2.02465
"Jean Cabrera","sa3015433",6.216495,1.32357,3.18862,0.2667295,4.930795,33.8392,16.1864,7.073611,27.26455,0,51.5302,29.2854,0.0016,4.0256
"Jean Calderon","sa3017731",5.8302,1.432,7.2198,0.27578,6.31314,0.6478,0.8022,0.159111,0.70146,0,1.0962,0.744,0.0279,0.0559
"Jean Carlos Reyes","sa3016508",4.5576,1.551,8.7705,0.289812,7.33869,0.5064,0.9745,0.172333,0.81541,0,1.168,0.8601,0.0292,0.0583
"Jean Correa","sa3008477",5.7834,1.355,5.5782,0.276779,5.70348,0.6426,0.6198,0.150556,0.63372,0,1.1041,0.6759,0.0269,0.0531
"Jean Herrera","sa3015422",4.8879,1.558,7.8489,0.287189,6.97356,0.5431,0.8721,0.173111,0.77484,0,1.1576,0.8181,0.0286,0.0501
"Jean Munoz","sa3016594",5.8572,1.446,6.1722,0.270028,5.80473,0.6508,0.6858,0.160667,0.64497,0,1.0712,0.687,0.022,0.0552
"Jean Pinto","sa3011803",6.9633,1.238,3.6549,0.26532,4.72185,0.7737,0.4061,0.137556,0.52465,0,1.0439,0.5657,0.0046,0.0434
"Jean Reyes","sa3017136",5.8365,1.455,6.8508,0.279048,6.34743,0.6485,0.7612,0.161667,0.70527,0,1.1165,0.747,0.0278,0.0497
"Jecsua Liborius","sa3021742",4.5171,1.509,9.1395,0.290228,7.37199,0.5019,1.0155,0.167667,0.81911,0,1.1675,0.8646,0.0294,0.0508
"Jedixson Paez","sa3016264",5.913,1.281,2.9664,0.28152,4.99023,0.657,0.3296,0.142333,0.55447,0,1.1296,0.596,0.0062,0.0449
"Jeferson Figueroa","sa3016811",6.8787,1.526,5.4297,0.263722,5.57352,0.7643,0.6033,0.169556,0.61928,0,1.0426,0.6576,0.0218,0.0523
"Jeferson Lopez","sa3019613",4.7691,1.564,8.7849,0.288402,7.3215,0.5299,0.9761,0.173778,0.8135,0,1.1618,0.8576,0.0292,0.0515
"Jeff Bain","sa829808",6.588,1.596,2.9115,0.268949,5.08887,0.732,0.3235,0.177333,0.56543,0,1.0769,0.6002,0.0086,0.0544
"Jeff Belge","sa3011231",8.230095,1.120795,4.693505,0.244195,4.44422,19.9423,11.74305,2.564,10.739565,0,19.978,11.75835,0.01265,0.5198
"Jeff Brigham","16631",9.26672941176471,1.31215176470588,4.21252941176471,0.236373882352941,4.56366764705882,16.665334992446,7.80280391370396,2.28921387015763,8.1286843118962,0.842185714285714,14.42658,8.55690285714286,0,1.07247928571429
"Jeff Criswell","27608",9.25179818181818,1.32101954545455,3.81400636363636,0.255215636363636,4.86260954545455,48.2260161318127,20.2374501886226,6.88896299870983,25.2346279698301,0.75615,46.7287,26.168375,0.76927675,1.8372175
"Jeff Hakanson","sa3017846",6.642,1.397,5.1822,0.266414,5.41458,0.738,0.5758,0.155222,0.60162,0,1.0542,0.6406,0.0265,0.0502
"Jeff Hoffman","17432",10.9257511764706,0.986242352941177,3.13308941176471,0.207492823529412,3.19502823529412,78.6281661405675,22.5408599537532,7.04890182964706,22.9842152581315,4.16729142857143,49.5738142857143,24.3196714285714,0,3.17793142857143
"Jeff Lindgren","25830",6.31583333333333,1.28731666666667,3.88855833333333,0.27378,5.11395833333333,27.3501180246914,18.2418672839506,5.43793180555556,22.8177527469136,0,45.03455,24.29625,0.0127,2.5241
"Jeff Singer","sa919323",7.3701,1.262,3.9708,0.257945,4.62915,0.8189,0.4412,0.140222,0.51435,0,1.0121,0.5514,0.0216,0.0531
"Jefferson Jean","sa3019772",5.1714,1.527,6.0552,0.284001,6.25725,0.5746,0.6728,0.169667,0.69525,0,1.1387,0.7384,0.0052,0.0507
"Jefferson Lopez","sa3010375",5.9697,1.453,6.0444,0.275532,5.96178,0.6633,0.6716,0.161444,0.66242,0,1.0994,0.7032,0.0272,0.0483
"Jefferson Moran","sa3022194",4.3047,1.66,6.3504,0.293555,6.8355,0.4783,0.7056,0.184444,0.7595,0,1.197,0.803,0.0047,0.0518
"Jeffrey Colon","sa3006421",5.93824,1.11834,3.655775,0.268826,4.80932,17.33905,11.19865,3.558222,15.25135,0,29.0363,16.2731,0.01135,2.52755
"Jeffrey Familia","sa3021564",4.923,1.421,9.4878,0.283373,7.11306,0.547,1.0542,0.157889,0.79034,0,1.1308,0.835,0.0295,0.0543
"Jeffrey German","sa3018324",4.1931,1.593,6.5178,0.295311,6.84612,0.4659,0.7242,0.177,0.76068,0,1.2036,0.8054,0.007,0.0591
"Jeffrey Passantino","sa915726",6.8751,1.473,3.024,0.266145,4.86036,0.7639,0.336,0.163667,0.54004,0,1.0604,0.5753,0.0159,0.0417
"Jeffrey Springs","17677",8.701005,1.28284411764706,2.60952823529412,0.244412235294118,4.04268058823529,117.06852594902,35.0795408405998,17.3620872787082,54.5526541382238,0.804609285714286,116.686714285714,57.9542,0,3.36002571428571
"Jefrem Leon","sa3016019",5.3046,1.512,4.6116,0.284283,5.82903,0.5894,0.5124,0.168,0.64767,0,1.1493,0.6895,0.0046,0.0478
"Jefry Rodriguez","17018",7.5762,1.328,3.8826,0.257503,4.74264,0.8418,0.4314,0.147556,0.52696,0,1.0098,0.5632,0.0209,0.0471
"Jefry Yan","sa828460",9.06803333333333,1.1385945,5.17191833333333,0.244016666666667,4.77430666666667,15.4559666666667,9.01638333333333,1.86204166666667,8.19428166666667,0.783503333333333,14.878,8.97603833333333,0,0.938236
"Jeiki Beltran","sa3022344",4.5333,1.645,8.739,0.291335,7.53525,0.5037,0.971,0.182778,0.83725,0,1.1795,0.8811,0.0214,0.0554
"Jeison Calvo","sa3022120",4.473,1.655,6.8706,0.29342,7.01523,0.497,0.7634,0.183889,0.77947,0,1.1946,0.8232,0.0044,0.0543
"Jeison Pena","sa3015403",5.7654,1.415,6.4944,0.275348,6.06204,0.6406,0.7216,0.157222,0.67356,0,1.0955,0.7158,0.0275,0.0618
"Jeison Sanchez","sa3019757",4.023,1.67,7.2081,0.297777,7.2432,0.447,0.8009,0.185556,0.8048,0,1.2177,0.8491,0.01,0.0548
"Jeisson Cabrera","sa3006501",8.29348,1.452075,5.22748,0.2488275,5.17036,14.94295,9.7673,2.5788335,9.277455,0,14.9948,9.79585,0.01125,1.52535
"Jemir Leal","sa3016202",4.2939,1.562,7.6518,0.29398,7.08381,0.4771,0.8502,0.173556,0.78709,0,1.193,0.832,0.0192,0.0497
"Jenrry Gonzalez","sa3006485",6.6276,1.325,5.1831,0.264211,5.18778,0.7364,0.5759,0.147222,0.57642,0,1.0421,0.6154,0.0264,0.0499
"Jensen Elliott","sa3010775",6.2253,1.087,3.213,0.270874,4.44087,0.6917,0.357,0.120778,0.49343,0,1.0735,0.5356,0.0252,0.0429
"Jerad Eickhoff","12664",5.5287,1.633,2.9025,0.281204,5.38344,0.6143,0.3225,0.181444,0.59816,0,1.1409,0.6365,0.0061,0.0573
"Jeral Vizcaino","sa3018866",5.3253,1.39,5.3892,0.279909,5.75028,0.5917,0.5988,0.154444,0.63892,0,1.1193,0.682,0.0199,0.0514
"Jeremiah Burke","sa3010143",7.3422,1.463,3.9564,0.260113,4.88844,0.8158,0.4396,0.162556,0.54316,0,1.0237,0.5791,0.0255,0.0438
"Jeremiah Estrada","22210",12.2898438235294,1.034346,3.67803647058824,0.201016941176471,3.08232794117647,87.8333923923134,26.2043329120108,7.40020415534487,22.0193272943579,14.2407142857143,47.4020428571429,25.3114142857143,0,2.11565142857143
"Jeremy Beasley","20205",9.333,1.291,3.5109,0.23752,4.17798,1.037,0.3901,0.143444,0.46422,0,0.9135,0.4951,0.0267,0.0479
"Jeremy Gonzalez","sa3019086",4.4208,1.502,6.93,0.290499,6.64344,0.4912,0.77,0.166889,0.73816,0,1.1762,0.7825,0.0041,0.0511
"Jeremy Lee","sa3023227",5.67,1.443,4.5081,0.279926,5.62077,0.63,0.5009,0.160333,0.62453,0,1.1255,0.6664,0.0042,0.0494
"Jeremy Martinez","sa3021743",4.2732,1.642,7.1658,0.294129,7.08003,0.4748,0.7962,0.182444,0.78667,0,1.1969,0.8307,0.0098,0.0525
"Jeremy Molero","sa3006110",8.4825,1.201,5.3604,0.244725,4.76262,0.9425,0.5956,0.133444,0.52918,0,0.9418,0.5666,0.026,0.063
"Jeremy Peguero","sa3015429",6.6006,1.325,7.5699,0.260938,5.80338,0.7334,0.8411,0.147222,0.64482,0,1.0228,0.6867,0.0278,0.0582
"Jeremy Pilon","sa3023614",5.9985,1.507,6.3045,0.276985,6.06861,0.6665,0.7005,0.167444,0.67429,0,1.1047,0.716,0.0047,0.0472
"Jeremy Reyes","sa3021018",5.076,1.481,5.6502,0.290317,6.25887,0.564,0.6278,0.164556,0.69543,0,1.1768,0.7395,0.0038,0.0467
"Jeremy Walker","19981",6.3711,1.296,3.4443,0.266932,4.7043,0.7079,0.3827,0.144,0.5227,0,1.0527,0.5629,0.0211,0.0526
"Jeremy WuYelland","sa3014520",6.5241,1.202,6.1695,0.27291,5.55651,0.7249,0.6855,0.133556,0.61739,0,1.0754,0.6598,0.027,0.049
"Jermayne Verdu","sa3024269",4.7826,1.596,7.6518,0.289301,7.03998,0.5314,0.8502,0.177333,0.78222,0,1.1695,0.8259,0.0159,0.0513
"Jerming Rosario","sa3008678",7.38059,1.489975,4.968925,0.257803,5.446595,39.8967,25.28415,7.5851665,28.30507,0,46.51905,30.82465,0.002,4.5304
"Jerson Alejandro","sa3021533",4.7889,1.576,6.957,0.289234,6.83793,0.5321,0.773,0.175111,0.75977,0,1.1692,0.8039,0.0037,0.0626
"Jerson Ramirez","sa3006541",7.8966,1.318,4.4559,0.253917,4.83255,0.8774,0.4951,0.146444,0.53695,0,0.9918,0.5728,0.0257,0.0489
"Jervis Alfaro","sa3022113",5.175,1.568,4.4226,0.286985,5.92956,0.575,0.4914,0.174222,0.65884,0,1.1684,0.7009,0.005,0.0523
"Jesael Cabrera","sa3018300",4.0302,1.65,7.1676,0.297077,7.1505,0.4478,0.7964,0.183333,0.7945,0,1.2135,0.8389,0.013,0.0488
"Jesse Bergin","sa3017133",6.9966,1.278,4.9086,0.264435,5.12937,0.7774,0.5454,0.142,0.56993,0,1.0419,0.6093,0.0262,0.0435
"Jesse Biddle","11437",8.1342,1.079,4.4001,0.250426,4.32756,0.9038,0.4889,0.119889,0.48084,0,0.9689,0.5193,0.025,0.0511
"Jesse Chavez","5448",8.13471941176471,1.26138529411765,3.13778029411765,0.248086235294118,4.15989941176471,32.62438886208,12.6320013026032,5.22324571012457,16.6560844325652,1.23487,34.8927142857143,18.3096,0,1.17532
"Jesse Hahn","13287",8.19923,0.9262605,4.16502,0.2443175,4.176225,17.98105,9.24165,2.053778,10.218325,0,20.4551,11.23815,0.0122,2.02525
"Jesse Scholtens","19205",7.02730681818182,1.32262545454545,3.37710545454545,0.269734181818182,5.07927454545455,19.6791246164176,9.11664167482975,3.18009552881543,13.2225417041396,0,24.258865,13.2639125,0.29320555,0.895183
"Jesse Wainscott","sa3023415",5.7942,1.48,6.3828,0.270792,5.9283,0.6438,0.7092,0.164444,0.6587,0,1.0764,0.7002,0.0274,0.0528
"Jesus  Palacios","sa3018860",4.7493,1.591,6.6303,0.290527,6.65046,0.5277,0.7367,0.176778,0.73894,0,1.1762,0.7837,0.0075,0.0498
"Jesus A Rodriguez","sa3016281",5.2506,1.354,9.0918,0.279905,6.7788,0.5834,1.0102,0.150444,0.7532,0,1.1117,0.7981,0.0291,0.0531
"Jesus Broca","sa3022905",6.3432,1.35,6.444,0.269985,5.66613,0.7048,0.716,0.15,0.62957,0,1.0686,0.6713,0.0273,0.047
"Jesus Carrera","sa3022377",4.8771,1.63,6.9669,0.289283,6.87348,0.5419,0.7741,0.181111,0.76372,0,1.1674,0.8075,0.0113,0.0504
"Jesus Clode","sa3015491",4.788,1.539,8.1495,0.287696,7.05888,0.532,0.9055,0.171,0.78432,0,1.1591,0.8283,0.0288,0.0536
"Jesus Colina","sa3019776",3.9366,1.645,6.4296,0.296577,6.90192,0.4374,0.7144,0.182778,0.76688,0,1.2122,0.8113,0.0058,0.0523
"Jesus Cruz","20042",8.2998,1.258,3.6045,0.251699,4.44447,0.9222,0.4005,0.139778,0.49383,0,0.9817,0.5287,0.0247,0.0432
"Jesus Cruz","sa3008699",5.7492,1.349,6.7158,0.277194,6.04881,0.6388,0.7462,0.149889,0.67209,0,1.1024,0.7156,0.0276,0.0528
"Jesus Flores","sa3021519",5.8032,1.477,6.2937,0.277761,6.0759,0.6448,0.6993,0.164111,0.6751,0,1.1101,0.7177,0.0218,0.0511
"Jesus Garcia","sa3022018",4.2741,1.588,8.2926,0.300071,7.61013,0.4749,0.9214,0.176444,0.84557,0,1.2191,0.8904,0.0225,0.0509
"Jesus Gonzalez","sa3006069",5.2254,1.248,4.266,0.280369,5.16591,0.5806,0.474,0.138667,0.57399,0,1.1233,0.6178,0.007,0.0505
"Jesus Linarez","sa832333",5.3109,1.468,4.6422,0.281168,5.65533,0.5901,0.5158,0.163111,0.62837,0,1.1326,0.6693,0.0234,0.045
"Jesus Liranzo","sa658076",8.61162,1.317575,3.99337,0.245765,4.538375,16.46755,7.71435,2.5699445,8.744325,0,15.98005,9.2622,0.01165,1.02305
"Jesus Lopez","sa3021485",4.311,1.805,6.9732,0.290311,7.06923,0.479,0.7748,0.200556,0.78547,0,1.1757,0.8275,0.0089,0.0514
"Jesus Lopez","sa3021529",4.2813,1.482,8.3151,0.293075,7.13808,0.4757,0.9239,0.164667,0.79312,0,1.1842,0.839,0.029,0.0535
"Jesus Luna","sa3015925",6.7599,1.403,5.9562,0.266828,5.54841,0.7511,0.6618,0.155889,0.61649,0,1.0497,0.6578,0.0268,0.0472
"Jesus Luzardo","19959",9.21028558823529,1.31359441176471,3.12878352941176,0.239198117647059,4.33405647058824,148.980966063206,50.4370786063206,21.2739614871203,69.7508024512418,0.778237,132.985285714286,72.7942857142857,0,5.66284142857143
"Jesus Mendez","sa3019295",5.2902,1.55,6.2577,0.283154,6.22152,0.5878,0.6953,0.172222,0.69128,0,1.1359,0.734,0.0275,0.0531
"Jesus Poline","sa3021032",4.4838,1.463,9.1845,0.290768,7.32024,0.4982,1.0205,0.162556,0.81336,0,1.1679,0.8596,0.0294,0.0519
"Jesus Rios","sa3021471",4.9086,1.341,6.1263,0.288478,6.2199,0.5454,0.6807,0.149,0.6911,0,1.163,0.7346,0.0275,0.0498
"Jesus Rivero","sa3017012",6.5979,1.654,6.2073,0.269058,6.21783,0.7331,0.6897,0.183778,0.69087,0,1.0705,0.7301,0.0101,0.0786
"Jesus Silverio","sa3016467",4.644,1.631,8.7759,0.289128,7.45569,0.516,0.9751,0.181222,0.82841,0,1.1675,0.8718,0.0293,0.0549
"Jesus Tillero","sa3021010",4.4352,1.613,6.7068,0.293088,6.8607,0.4928,0.7452,0.179222,0.7623,0,1.1919,0.8063,0.0068,0.0501
"Jesus Tinoco","16300",9.02370117647059,1.04042217647059,3.41921147058824,0.238800823529412,4.06559235294118,63.9587812125767,24.2422295856528,7.5072802071707,28.7552309099923,10.6379714285714,58.3586285714286,29.7701285714286,0,2.92808571428571
"Jesus Valdez","sa3015474",4.7178,1.436,7.8093,0.28879,6.79527,0.5242,0.8677,0.159556,0.75503,0,1.1616,0.8004,0.0286,0.053
"Jesus Valles","sa3005866",4.9176,1.666,4.4982,0.287322,5.91255,0.5464,0.4998,0.185111,0.65695,0,1.1667,0.6978,0.0202,0.0456
"Jesus Vargas","sa877526",6.5088,1.478,2.7477,0.266365,4.77684,0.7232,0.3053,0.164222,0.53076,0,1.0641,0.5677,0.007,0.0458
"Jeter Martinez","sa3021738",5.0589,1.499,6.6312,0.280628,6.28533,0.5621,0.7368,0.166556,0.69837,0,1.1247,0.7431,0.0041,0.0514
"Jeurys Familia","5114",7.88357142857143,0.992,3.87892857142857,0.254571428571429,4.31367857142857,4.05265904761905,1.85934317460317,0.411635238095238,2.16199095238095,0,0.9889,0.5213,0.0279,0.0431
"Jeyson Mejia","sa3022170",4.5576,1.496,9.054,0.290751,7.34922,0.5064,1.006,0.166222,0.81658,0,1.1701,0.8622,0.0294,0.0536
"Jhan Marinez","5830",7.3233,1.397,3.4677,0.261382,4.69017,0.8137,0.3853,0.155222,0.52113,0,1.0294,0.5581,0.019,0.0434
"Jhan Zambrano","sa3009472",5.7141,1.421,6.3333,0.278278,6.06717,0.6349,0.7037,0.157889,0.67413,0,1.1115,0.7163,0.0274,0.0501
"Jhancarlos Lara","sa3019367",7.67528,1.2156,5.209025,0.25825,5.09001,36.91305,24.7836,6.062778,24.2764,0,42.0151,26.29785,0.00165,3.5262
"Jharel Cotton","13654",7.9137,1.436,3.7512,0.251104,4.74759,0.8793,0.4168,0.159556,0.52751,0,0.984,0.56,0.0228,0.0485
"Jharold Clemente","sa3022327",4.3749,1.678,5.8455,0.293231,6.68988,0.4861,0.6495,0.186444,0.74332,0,1.197,0.786,0.0046,0.0524
"Jhemiangel Tovar","sa3022329",4.608,1.442,8.6733,0.289564,7.0902,0.512,0.9637,0.160222,0.7878,0,1.1626,0.8338,0.0291,0.0513
"Jheremy Vicente","sa3016527",4.1976,1.686,7.9731,0.294222,7.40187,0.4664,0.8859,0.187333,0.82243,0,1.1971,0.8662,0.0158,0.0504
"Jhoan Duran","21029",11.0700658823529,0.595472117647059,2.718005,0.212826470588235,2.73872470588235,79.7553050072926,19.6375351314756,4.27070344625606,19.8783000241138,4.86552428571429,51.8895857142857,21.2057285714286,0,3.77558285714286
"Jhoan Lorenzo","sa3021799",4.3425,1.53,9.9036,0.292978,7.75989,0.4825,1.1004,0.17,0.86221,0,1.18,0.9082,0.03,0.061
"Jholbran Herder","sa3019272",4.122,1.604,7.0056,0.29535,6.98949,0.458,0.7784,0.178222,0.77661,0,1.2029,0.8213,0.0129,0.0528
"Jhomber Jimenez","sa3021782",4.5009,1.525,8.9424,0.290665,7.36893,0.5001,0.9936,0.169444,0.81877,0,1.1701,0.8645,0.0203,0.0548
"Jhon Cabral","sa3019299",4.3614,1.44,10.5849,0.293609,7.86726,0.4846,1.1761,0.16,0.87414,0,1.1784,0.9214,0.0303,0.0594
"Jhon Medina","sa3022121",4.1625,1.429,6.6798,0.292704,6.48702,0.4625,0.7422,0.158778,0.72078,0,1.1863,0.7664,0.0045,0.0499
"Jhon Nunez","sa3021734",4.0743,1.683,6.9579,0.296126,7.12224,0.4527,0.7731,0.187,0.79136,0,1.21,0.8351,0.0103,0.0518
"Jhon Romero","19940",8.3367,1.082,3.6108,0.250933,4.21785,0.9263,0.4012,0.120222,0.46865,0,0.9746,0.5059,0.0247,0.0479
"Jhonatan Munoz","sa916947",5.9625,1.502,5.1876,0.274269,5.74047,0.6625,0.5764,0.166889,0.63783,0,1.0965,0.6773,0.0229,0.0487
"Jhonathan Diaz","20298",7.39566794117647,1.10122576470588,3.44911294117647,0.250809058823529,4.27510941176471,19.2753529817878,8.84656826191157,2.78900992137947,11.0567554584114,0,22.2495142857143,11.8548128571429,0,2.297131
"Jhoniel Serrano","sa3016710",5.4675,1.401,6.9732,0.281377,6.38649,0.6075,0.7748,0.155667,0.70961,0,1.1252,0.7534,0.0226,0.0653
"Jhonly Taveras","sa3018847",4.0761,1.747,7.7409,0.300546,7.65108,0.4529,0.8601,0.194111,0.85012,0,1.2338,0.8941,0.0044,0.0577
"Jhonny Felix","sa3017641",5.2884,1.486,7.3872,0.282348,6.61662,0.5876,0.8208,0.165111,0.73518,0,1.1312,0.7786,0.0238,0.0568
"Jhonny Gomez","sa3016268",4.1076,1.567,7.5294,0.29549,7.10298,0.4564,0.8366,0.174111,0.78922,0,1.2017,0.8344,0.018,0.0546
"Jhonny Jimenez","sa3016506",4.6125,1.569,8.8443,0.289016,7.35471,0.5125,0.9827,0.174333,0.81719,0,1.1643,0.8615,0.0292,0.0518
"Jhonny Martinez","sa3018844",4.5783,1.548,9.6669,0.290217,7.62912,0.5087,1.0741,0.172,0.84768,0,1.1676,0.8928,0.0298,0.0547
"Jhony Brito","25386",6.85425794117647,1.06875117647059,2.73556470588235,0.251889882352941,4.16985382352941,40.0988848171415,15.9106147253779,6.24536921481507,24.5372125067955,0.899921428571429,52.6037285714286,26.5973428571429,0,2.08335428571429
"Jhosep Chirinos","sa3019144",5.7807,1.457,9.2979,0.273908,6.92001,0.6423,1.0331,0.161889,0.76889,0,1.0858,0.8131,0.0292,0.0558
"Jhosmer Alvarez","sa3005437",6.640585,1.203355,4.091765,0.266417,4.75506,15.3807,9.72845,3.062278,11.266435,0,23.02915,12.2866,0.01285,1.02305
"Jhoulys Chacin","2608",6.8895,1.334,3.7035,0.266122,4.85811,0.7655,0.4115,0.148222,0.53979,0,1.0556,0.577,0.0217,0.0389
"Jilber Canas","sa3018806",4.6521,1.538,9.1836,0.289739,7.43715,0.5169,1.0204,0.170889,0.82635,0,1.1662,0.8712,0.0294,0.0516
"Jimmie Sherfy","15118",7.5249,1.474,3.3804,0.261085,4.78305,0.8361,0.3756,0.163778,0.53145,0,1.0316,0.5667,0.0247,0.0472
"Jimmy Burnette","sa3017367",8.286665,1.0634,4.926635,0.242309,4.635005,21.4467,13.25395,2.561722,12.24412,0,20.47965,13.2635,0.51285,3.53345
"Jimmy Cordero","15690",8.95578571428571,0.936714285714286,3.50785714285714,0.244815714285714,3.92197142857143,4.48116722902495,2.25235254421769,0.58005992857143,2.5681320090703,0,0.8998,0.4338,0.0236,0.0474
"Jimmy Endersby","sa3014921",6.33217,1.496345,4.257535,0.267684,5.24014,23.8381,16.71645,5.0885,18.3023,0,34.04635,19.8211,0.00255,1.523
"Jimmy Herget","17556",8.05026941176471,1.45098205882353,2.78405,0.263058470588235,4.78811205882353,39.5011499980807,13.7885397411734,7.10544330501961,23.5492729470496,1.17652428571429,46.3339857142857,24.7620428571429,0,2.38996571428571
"Jimmy Joyce","sa3016914",7.375365,1.080195,3.516115,0.2524725,4.425715,25.3979,11.69675,3.561,15.238795,0,29.49935,16.2596,0.0045,4.0348
"Jimmy Kingsbury","sa3016838",6.8796,1.278,3.3741,0.258246,4.51827,0.7644,0.3749,0.142,0.50203,0,1.0155,0.5406,0.0206,0.0638
"Jimmy Lambert","19541",8.15161090909091,1.51096363636364,4.10556909090909,0.253082545454545,4.91269454545455,15.1687168912397,7.55817520374656,2.77962005509642,9.12318966876033,0.335075,16.082555,9.640615,0.3836015,0.75615825
"Jimmy Lewis","sa3014533",5.5602,1.557,6.7302,0.282032,6.37209,0.6178,0.7478,0.173,0.70801,0,1.1292,0.7509,0.0277,0.0514
"Jimmy Loper","sa3020838",6.156,1.348,5.1039,0.271585,5.41701,0.684,0.5671,0.149778,0.60189,0,1.0786,0.6427,0.0265,0.0484
"Jimmy Nelson","10547",8.7237,1.183,4.4775,0.243241,4.4919,0.9693,0.4975,0.131444,0.4991,0,0.9366,0.5346,0.0233,0.058
"Jimmy Reyes","sa3022277",3.8295,1.722,7.8228,0.295251,7.34895,0.4255,0.8692,0.191333,0.81655,0,1.1963,0.861,0.0139,0.058
"Jimmy Robbins","sa3011145",7.371305,1.27658,4.7412,0.254049,5.031865,25.41775,18.72985,4.569611,19.25412,0,31.49605,20.7724,0.01275,3.0267
"Jimmy Yacabonis","15157",7.67957142857143,1.18057142857143,3.29028571428571,0.256957142857143,4.55013571428571,3.23111428571429,1.08527936507937,0.50786,2.14539603174603,0,0.9838,0.5227,0.024,0.049
"Jiorgeny Casimiri","sa3011736",6.0264,1.499,6.5367,0.274249,6.16878,0.6696,0.7263,0.166556,0.68542,0,1.0931,0.7259,0.0275,0.0519
"JoJo Romero","19574",8.54104941176471,0.874283294117647,3.06832705882353,0.240659647058824,3.54244117647059,56.9344284546805,20.4540309570288,5.83731513788235,23.6359746698039,13.6029285714286,55.2464571428571,26.5910285714286,0,2.98745857142857
"Joakim Soria","6941",7.6284,1.429,3.1203,0.25793,4.66308,0.8476,0.3467,0.158778,0.51812,0,1.0197,0.5509,0.027,0.0419
"Joan Adon","22925",7.23142181818182,1.19594,3.88007954545455,0.263620272727273,5.03227636363636,27.1934621601322,14.5710606148044,4.61214286017264,19.2348290973737,0.0886525,33.30995,19.51775,0.46893875,2.6290125
"Joan Gonzalez","sa3022860",6.0399,1.453,5.5818,0.270268,5.62788,0.6711,0.6202,0.161444,0.62532,0,1.0678,0.6656,0.0267,0.0539
"Joan Martinez","sa917483",7.8381,1.287,4.185,0.260237,4.92156,0.8709,0.465,0.143,0.54684,0,1.02,0.583,0.0256,0.0505
"Joan Ogando","sa3022325",5.9625,1.532,6.4089,0.277899,6.28074,0.6625,0.7121,0.170222,0.69786,0,1.1084,0.7395,0.0193,0.0524
"Joan Valdez","sa3003013",6.4224,1.369,6.1092,0.269481,5.71734,0.7136,0.6788,0.152111,0.63526,0,1.0655,0.6765,0.0241,0.0493
"Joander Suarez","sa3008263",7.266805,1.26522,3.11756,0.2559275,4.488105,43.89195,18.6697,7.073722,26.25035,0,53.0104,28.26955,0.00165,2.52195
"Joangel Gonzalez","sa3022242",4.8033,1.507,7.9353,0.288809,6.97086,0.5337,0.8817,0.167444,0.77454,0,1.1637,0.8193,0.0222,0.053
"Joaquin Tejada","sa3016207",5.5521,1.368,7.4817,0.28148,6.51753,0.6169,0.8313,0.152,0.72417,0,1.1253,0.767,0.0282,0.0539
"Joe Adametz","sa3022323",5.0463,1.032,3.8961,0.277547,4.70646,0.5607,0.4329,0.114667,0.52294,0,1.1088,0.5693,0.0037,0.0521
"Joe Barlow","22296",7.35385,1.393815,3.35000916666667,0.256312916666667,4.74769166666667,16.5268621986111,7.30954020634259,2.84659216162037,10.2408809115741,0,19.0227,10.79345,0.01155,0.52055
"Joe Biagini","13194",6.9534,1.234,3.4407,0.263361,4.60926,0.7726,0.3823,0.137111,0.51214,0,1.0393,0.5505,0.0249,0.0444
"Joe Boyle","29608",10.6473752941176,0.922705647058824,5.86766941176471,0.217873058823529,4.33801411764706,72.2321037451165,39.8580107209289,6.34761744038754,29.5989588615917,1.24837428571429,48.5281571428571,31.3471,0,3.62841428571429
"Joe Corbett","sa3010237",7.9299,1.323,3.5055,0.256421,4.56867,0.8811,0.3895,0.147,0.50763,0,1.0083,0.5432,0.0252,0.0433
"Joe DeMers","sa3008597",5.0679,1.556,4.5648,0.284206,5.86377,0.5631,0.5072,0.172889,0.65153,0,1.152,0.6915,0.0267,0.0564
"Joe Elbis","sa3015216",5.54326,1.31781,3.610155,0.2755875,5.091115,36.80475,23.20505,8.078222,31.3014,0,64.06745,33.82175,0.0015,4.0264
"Joe Gatto","sa828693",8.0424,1.234,4.4037,0.253038,4.66569,0.8936,0.4893,0.137111,0.51841,0,0.985,0.5558,0.0192,0.041
"Joe Gunkel","sa738176",5.176415,1.323855,2.3661,0.284063,4.842695,7.8073,3.6379,2.0756665,7.77022,0,18.06805,8.29075,0.0021,0.0203
"Joe Harvey","16459",8.0874,1.24,3.7143,0.251418,4.473,0.8986,0.4127,0.137778,0.497,0,0.9794,0.5325,0.025,0.0468
"Joe Jacques","25178",6.75904,1.01762982352941,3.38216882352941,0.254992235294118,4.34708588235294,12.2570400955448,6.17224895436678,1.81996521504114,8.05061816655132,0.893409857142857,15.8597714285714,8.52668142857143,0,1.65140071428571
"Joe Jimenez","15761",10.7968876470588,1.04760476470588,2.78984264705882,0.216618941176471,3.40889294117647,38.0616875703276,9.63886414399654,3.64572075686159,11.7546620893841,1.22213428571429,25.5049571428571,12.8683628571429,0,1.39741142857143
"Joe Joe Rodriguez","sa3020108",6.1992,1.267,5.6826,0.272555,5.52519,0.6888,0.6314,0.140778,0.61391,0,1.0791,0.6565,0.0269,0.0604
"Joe Jones","sa3014870",7.5285,1.232,3.8646,0.256779,4.59765,0.8365,0.4294,0.136889,0.51085,0,1.0047,0.5487,0.0215,0.0519
"Joe Kelly","9761",10.2768011764706,0.774667058823529,4.19131294117647,0.220431058823529,3.76346588235294,39.5752451441753,16.1478789204152,2.93889727797001,14.4828538685121,0.93136,28.7507714285714,15.5125714285714,0,2.57600142857143
"Joe Kemlage","sa3017825",5.9157,1.203,5.3325,0.271636,5.17473,0.6573,0.5925,0.133667,0.57497,0,1.0753,0.6176,0.0265,0.0449
"Joe La Sorsa","25481",7.01890363636364,1.45209090909091,2.61548363636364,0.260940818181818,4.62706,22.2738517567236,8.21834996767677,4.64547330444445,15.0544575150119,0.24348775,28.936075,15.841825,0.646269,1.8494825
"Joe Mantiply","14857",7.62502,0.780218,2.63721970588235,0.251588352941176,3.69430235294118,49.6431039103176,16.9267304897186,5.086652581015,24.1228982292042,11.4083142857143,57.4113142857143,26.5017714285714,0,1.88545857142857
"Joe Miller","sa3020393",4.9131,1.387,3.6153,0.27786,5.17617,0.5459,0.4017,0.154111,0.57513,0,1.122,0.6161,0.0037,0.0533
"Joe Musgrove","12970",8.63602972222222,1.18293,2.18745916666667,0.240709444444444,3.69042361111111,59.8887336105144,14.8110108041975,8.25951229,25.4300267402263,0,55.96685,26.7271,0.5036,5.53385
"Joe Nahas","sa3011679",6.616695,1.270575,4.01874,0.2612525,4.832105,23.87365,14.72345,4.5719445,17.76767,0,34.01705,19.2873,0.0099,2.0227
"Joe Navilhon","sa918459",7.7814,1.453,3.249,0.254355,4.66101,0.8646,0.361,0.161444,0.51789,0,1.0002,0.5505,0.0212,0.0427
"Joe Record","sa3008619",7.415165,1.026835,4.168165,0.2561125,4.379665,22.40645,13.21645,3.0571665,13.23995,0,27.0039,14.2607,0.0097,1.02175
"Joe Rock","sa3017755",7.36351333333333,1.153755,2.67496833333333,0.256614333333333,4.19304,34.6609166666667,12.6925616666667,5.24045,19.5657333333333,0.733780166666667,42.587,21.3851166666667,0,1.85397816666667
"Joe Ross","12972",7.82163205882353,1.21545970588235,3.30926,0.253098705882353,4.50794823529412,56.1352604367532,23.7808091839308,8.63985618935371,32.5350384543422,5.55159142857143,63.6392714285714,34.7032,0,3.18275428571429
"Joe Ryan","21390",9.75424235294118,1.35536411764706,2.03442882352941,0.229043294117647,3.84896529411765,167.571956183929,34.9607130698001,23.2421972501538,65.9632872163591,0,133.72,69.8450714285714,0,6.79100571428571
"Joe Smith","3281",5.9094,1.283,2.8323,0.278079,4.74939,0.6566,0.3147,0.142556,0.52771,0,1.1166,0.5681,0.0271,0.0459
"Joe Whitman","sa3023131",5.886,1.268,3.9168,0.272011,5.00463,0.654,0.4352,0.140889,0.55607,0,1.0906,0.5975,0.003,0.0474
"Joe Wieland","6109",6.8238,1.306,3.6612,0.264127,4.71843,0.7582,0.4068,0.145111,0.52427,0,1.04,0.5626,0.0212,0.0397
"Joe Zanghi","sa875398",8.2359,1.193,4.077,0.248161,4.40838,0.9151,0.453,0.132556,0.48982,0,0.9615,0.5262,0.0252,0.0435
"Joel Benitez","sa3008733",5.8905,1.436,6.7968,0.275696,6.17562,0.6545,0.7552,0.159556,0.68618,0,1.0976,0.7282,0.0276,0.0506
"Joel Canizalez","sa3021553",4.6854,1.531,5.6628,0.292582,6.30396,0.5206,0.6292,0.170111,0.70044,0,1.1868,0.7449,0.0136,0.0495
"Joel Condreay","sa3008102",6.3738,1.33,5.5773,0.270722,5.51322,0.7082,0.6197,0.147778,0.61258,0,1.0726,0.6537,0.0267,0.0453
"Joel Diaz","sa3015500",5.0058,1.688,4.6953,0.280953,5.97762,0.5562,0.5217,0.187556,0.66418,0,1.1398,0.7045,0.004,0.0454
"Joel Garcia","sa3021999",4.446,1.751,6.3999,0.29565,7.07355,0.494,0.7111,0.194556,0.78595,0,1.2132,0.8283,0.0043,0.0484
"Joel Heredia","sa3021739",3.9366,1.519,6.2028,0.29786,6.68862,0.4374,0.6892,0.168778,0.74318,0,1.2153,0.7893,0.0037,0.0587
"Joel Hurtado","sa3019774",5.6592,1.388,5.0481,0.280019,5.61492,0.6288,0.5609,0.154222,0.62388,0,1.1168,0.6687,0.0031,0.0608
"Joel Ibarra","sa3009326",6.534,1.618,6.795,0.269955,6.23781,0.726,0.755,0.179778,0.69309,0,1.0694,0.7329,0.0276,0.0616
"Joel Kuhnel","19995",5.83878772727273,1.100174,2.63894363636364,0.273208545454545,4.58419272727273,12.3337352810606,5.54156760535537,2.24133497049771,9.65606765023692,0.1682855,19.4088,10.2317925,0.1482675,1.1011265
"Joel Payamps","14332",8.93748588235294,1.13622970588235,2.96770647058824,0.227673882352941,3.64193529411765,62.0344701374487,20.5003094933195,7.75123857750173,25.3241647719,13.6952142857143,54.6868428571429,27.3049857142857,0,3.00691857142857
"Joel Peguero","sa917689",6.562685,1.002187,3.782135,0.2622005,4.474395,16.88035,10.69825,2.5585,12.243455,0,25.51495,13.2641,0.01265,1.5246
"Joel Valdez","sa3011397",7.0128,1.289,5.7024,0.267153,5.30343,0.7792,0.6336,0.143222,0.58927,0,1.0509,0.6322,0.0268,0.0777
"Joelvis Del Rosario","sa3008486",5.553,1.392,3.1464,0.278426,5.05872,0.617,0.3496,0.154667,0.56208,0,1.1193,0.6034,0.003,0.0473
"Joelvis Perez","sa3021511",3.7584,1.842,6.5421,0.300216,7.34688,0.4176,0.7269,0.204667,0.81632,0,1.2386,0.8587,0.0045,0.0514
"Joely Rodriguez","11487",7.66906823529412,0.968906,3.28929294117647,0.257393764705882,4.32149470588235,24.8562625135809,10.6392631824068,3.10758663504806,14.0802066095809,0.389154285714286,29.1113285714286,14.3029285714286,0,1.040508
"Joey Cantillo","23335",9.25621205882353,1.15288564705882,4.02140705882353,0.234725529411765,4.28300117647059,93.7319986224648,40.7764393457209,11.6223697167243,43.3017337183668,0.857188857142857,81.0168571428571,44.0814857142857,0,3.65503428571429
"Joey Estes","26257",6.73834411764706,1.62212294117647,2.41197941176471,0.256824705882353,4.92177294117647,82.8029698375817,29.6296435894848,19.9331519958362,60.5347988334487,0.832512285714286,113.226428571429,65.8570857142857,0,7.24597571428571
"Joey Gerber","24591",8.258152,1.290252,4.2121,0.2460282,4.65591,19.32652,9.90538,3.1852,10.8247,0.93706,20.21328,11.55862,0,0.35664
"Joey Krehbiel","13707",6.99169611111111,1.30126361111111,3.80613777777778,0.26090625,4.75265277777778,18.8629266828138,10.5010818176132,3.56644310779835,13.1188870363169,0,24.52665,14.28315,0.51225,0.52025
"Joey Lancellotti","sa3019879",7.1118,1.333,4.3929,0.262378,4.99914,0.7902,0.4881,0.148111,0.55546,0,1.0344,0.5932,0.0259,0.0475
"Joey Lucchesi","19320",6.48528941176471,1.02901123529412,3.79362705882353,0.267898470588235,4.65513411764706,16.7515647321799,10.2415150643599,2.85737682540369,12.6122518752403,0.868458142857143,24.4290571428571,12.4721771428571,0,0.468958
"Joey Mancini","sa3020858",6.83919,1.31984,3.65972,0.2604365,4.847765,34.87785,18.2073,6.5746665,24.27286,0,46.02295,26.2926,0.0059,4.0277
"Joey Marciano","sa3004637",7.362,1.044,4.5396,0.256269,4.4046,0.818,0.5044,0.116,0.4894,0,0.9954,0.5309,0.0198,0.0494
"Joey Matulovich","sa3008274",5.9895,1.634,5.1255,0.273208,5.8932,0.6655,0.5695,0.181556,0.6548,0,1.096,0.6918,0.0268,0.0509
"Joey Murray","sa3007234",7.8516,1.258,4.0797,0.254653,4.65426,0.8724,0.4533,0.139778,0.51714,0,0.9948,0.5539,0.022,0.0482
"Joey Stock","sa3015309",6.6078,1.215,5.8293,0.273092,5.54841,0.7342,0.6477,0.135,0.61649,0,1.0759,0.659,0.0268,0.0466
"Joey Walsh","sa3017194",5.3928,1.673,5.2038,0.283207,6.06105,0.5992,0.5782,0.185889,0.67345,0,1.1439,0.7139,0.0085,0.0457
"Joey Wentz","19962",8.79515882352941,1.116805,3.70546117647059,0.245666411764706,4.33811294117647,61.4881751582561,25.9587785965675,7.67191089308651,30.3615140788374,8.49920571428571,59.2561714285714,32.3533714285714,0,2.15457714285714
"Jogly Garcia","sa3017898",4.3299,1.542,8.3943,0.292335,7.25013,0.4811,0.9327,0.171333,0.80557,0,1.182,0.8505,0.0291,0.054
"Jogly Garcia","sa3019633",5.4756,1.57,5.1246,0.284037,6.10434,0.6084,0.5694,0.174444,0.67826,0,1.1512,0.7202,0.0048,0.0556
"Johan Dominguez","sa916727",6.18752,1.39933,3.513035,0.273986,5.13271,33.83745,19.1918,7.577111,27.782945,0,53.051,29.80315,0.00195,3.02435
"Johan Minaya","sa3022041",4.3677,1.678,7.6716,0.29339,7.30107,0.4853,0.8524,0.186444,0.81123,0,1.1936,0.8547,0.0138,0.0573
"Johan Montero","sa3009488",5.6061,1.432,5.8995,0.27878,5.95557,0.6229,0.6555,0.159111,0.66173,0,1.1159,0.7035,0.0272,0.0497
"Johan Moreno","sa3020999",5.1093,1.622,5.7384,0.280413,6.13188,0.5677,0.6376,0.180222,0.68132,0,1.1228,0.7225,0.0142,0.0443
"Johan Otanez","sa3009782",5.67,1.269,7.4313,0.273581,6.0273,0.63,0.8257,0.141,0.6697,0,1.0746,0.7147,0.0278,0.0564
"Johan Oviedo","22487",7.96012705882353,1.00291923529412,3.61843470588235,0.244156823529412,4.27453411764706,70.7806227846275,32.1660317461453,8.97645255323414,38.0178217027543,0.803512,76.8165857142857,41.8616857142857,0,5.25657857142857
"Johan Palacios","sa3019193",4.7583,1.535,9.1197,0.288192,7.40106,0.5287,1.0133,0.170556,0.82234,0,1.1583,0.867,0.0294,0.0615
"Johan Quezada","20643",7.9893,1.117,4.4793,0.253619,4.54176,0.8877,0.4977,0.124111,0.50464,0,0.9846,0.5434,0.0254,0.0431
"Johan Rodriguez","sa3021807",4.8915,1.4,7.758,0.284277,6.73416,0.5435,0.862,0.155556,0.74824,0,1.1468,0.794,0.0142,0.0509
"Johan Simon","sa3015481",4.6584,1.43,7.0434,0.286698,6.43437,0.5176,0.7826,0.158889,0.71493,0,1.1572,0.7601,0.0105,0.0491
"Johander Rubio","sa3022027",4.5135,1.701,7.8462,0.291767,7.35057,0.5015,0.8718,0.189,0.81673,0,1.1844,0.8603,0.0045,0.0498
"Johandry Fuente","sa3018868",4.9815,1.355,10.4985,0.282996,7.30197,0.5535,1.1665,0.150556,0.81133,0,1.1229,0.8574,0.03,0.0576
"Johandry Milano","sa3019061",4.6935,1.408,8.37,0.284733,6.75126,0.5215,0.93,0.156444,0.75014,0,1.1403,0.7947,0.0288,0.0502
"John Beller","sa3014972",7.74,1.214,4.5801,0.252237,4.59963,0.86,0.5089,0.134889,0.51107,0,0.9809,0.5484,0.0257,0.0503
"John Brebbia","12777",9.53282588235294,1.29425411764706,2.87275352941176,0.234275411764706,4.07473352941177,56.5642160568397,17.0409112205882,7.67338399231834,24.1316471222953,9.09966142857143,49.7004857142857,27.1008857142857,0,2.40125857142857
"John Creel","sa3018137",7.5942,1.271,4.3344,0.256049,4.76262,0.8438,0.4816,0.141222,0.52918,0,1.0011,0.5665,0.0256,0.0486
"John Curtiss","16128",7.27441294117647,1.42819588235294,3.02209235294118,0.265615058823529,4.75541,17.8183597869066,7.32901168446136,3.54209338103345,11.5082488718201,0.913082857142857,22.4219714285714,12.4646071428571,0,0.713756571428571
"John Doxakis","sa1115967",6.72554,1.188485,4.44347,0.2586945,4.882935,24.87775,16.74485,4.071722,18.271055,0,34.0127,19.7901,0.51295,4.0344
"John Gant","13684",6.6249,1.223,4.2678,0.26862,4.96791,0.7361,0.4742,0.135889,0.55199,0,1.0618,0.5936,0.0126,0.047
"John Gavin","sa829790",8.5608,1.097,3.7062,0.241991,4.03623,0.9512,0.4118,0.121889,0.44847,0,0.9374,0.4839,0.025,0.0415
"John King","22051",6.00035647058824,0.763759470588235,2.40740352941176,0.264754705882353,3.72679176470588,39.8733884835156,16.0170201548512,5.07610863860092,24.7897595643445,11.9911142857143,63.1403428571429,27.2891571428571,0,2.31067714285714
"John Klein","sa3020405",5.508,1.546,4.1139,0.28035,5.66307,0.612,0.4571,0.171778,0.62923,0,1.1318,0.6697,0.0035,0.0548
"John Lynch","sa3020809",5.3487,1.25,7.4655,0.279027,6.06825,0.5943,0.8295,0.138889,0.67425,0,1.1081,0.7194,0.028,0.0512
"John Matthews","sa3010311",6.181035,1.15407,4.774315,0.2668935,5.261895,14.35105,11.7547,2.568278,12.784895,0,22.5351,13.8057,0.5131,4.03725
"John McMillon","27942",9.97301266666667,1.22777066666667,5.25564666666667,0.222313333333333,4.32566266666667,26.8551785566667,14.017133128,3.39046767066667,11.609344568,1.21039833333333,20.4417166666667,12.96908,0,0.903400166666667
"John Means","16269",6.83035772727273,1.45950545454545,2.07984272727273,0.245396181818182,3.99661090909091,24.1966313824711,7.43992897167126,5.19955672859504,14.2924980579908,0,28.058425,14.603925,0.09098225,1.255242
"John Michael Bertrand","sa3020082",5.750645,1.06594,2.64159,0.2742935,4.328955,43.30485,18.15365,8.056278,31.240125,0,72.054,33.7626,0.00155,1.0171
"John Murphy","sa3020733",7.1019,1.684,3.6234,0.268638,5.27886,0.7891,0.4026,0.187111,0.58654,0,1.0738,0.6224,0.0257,0.0482
"John O'Reilly","sa3008134",5.35699,1.22423,3.126755,0.2767975,4.910575,20.2998,11.67755,4.5695555,18.772355,0,38.0588,20.29395,0.00375,3.02915
"John Parke","sa3003988",5.6403,1.066,2.9844,0.276805,4.43214,0.6267,0.3316,0.118444,0.49246,0,1.1039,0.5366,0.0058,0.0464
"John Rooney","sa3008417",7.84075,1.0002708,3.952046,0.254338,4.474536,25.93544,13.19666,3.261022,14.975062,0.71884,29.55472,16.35386,0,2.87836
"John Russell","sa3004771",7.9479,1.12,3.627,0.252848,4.27383,0.8831,0.403,0.124444,0.47487,0,0.9834,0.5126,0.0251,0.0457
"John Schreiber","20020",8.16606529411765,0.772987470588235,3.48085058823529,0.242900294117647,3.90187941176471,54.9401437076471,23.3557604818454,5.09157220090542,26.255028955421,12.7969571428571,56.3486,28.4094,0,3.25398
"John Sosa","sa3019140",5.0634,1.398,10.5822,0.2814,7.37811,0.5626,1.1758,0.155333,0.81979,0,1.1164,0.8651,0.0301,0.0599
"John Stankiewicz","sa3016001",6.598085,1.32543,2.97097,0.267405,4.674905,20.869,9.17025,4.076222,14.761885,0,31.02905,15.78025,0.0126,0.519
"John Swanda","sa3004944",5.8302,1.218,3.4506,0.276113,4.89996,0.6478,0.3834,0.135333,0.54444,0,1.1018,0.5874,0.0065,0.0642
"John Wilson","sa3015116",5.1543,1.295,5.2488,0.280213,5.49981,0.5727,0.5832,0.143889,0.61109,0,1.1227,0.654,0.0268,0.0502
"Johnathan Harmon","sa3020452",5.5899,1.652,3.8952,0.285753,5.70852,0.6211,0.4328,0.183556,0.63428,0,1.1591,0.6768,0.0031,0.0479
"Johnathan Lavallee","sa3017993",7.853455,1.2856,5.188655,0.2512815,4.987015,17.9318,12.27425,3.067278,11.76444,0,19.9915,12.7839,1.01295,0.5217
"Johnathan Rogers","sa3023182",4.0968,1.638,6.6852,0.291495,6.92667,0.4552,0.7428,0.182,0.76963,0,1.1914,0.8128,0.0045,0.049
"Johnny Cueto","6893",5.62160833333333,1.72566666666667,2.4573375,0.289027083333333,5.40885833333333,26.5143630401235,12.2256094135802,8.47701993827161,26.5779737654321,0,52.0636,27.79145,0.5029,2.02205
"Johnny Ray","sa3017273",7.1469,1.324,6.6699,0.261663,5.64687,0.7941,0.7411,0.147111,0.62743,0,1.0242,0.668,0.0272,0.0487
"Johzan Oquendo","sa3015148",6.9354,1.224,6.2523,0.261965,5.35473,0.7706,0.6947,0.136,0.59497,0,1.0219,0.6371,0.0268,0.0514
"Jojanse Torres","sa3006955",7.3449,1.539,4.9068,0.260915,5.42727,0.8161,0.5452,0.171,0.60303,0,1.0279,0.6386,0.0262,0.0482
"Jojo Ingrassia","sa3023475",6.6852,1.219,5.0409,0.272695,5.25402,0.7428,0.5601,0.135444,0.58378,0,1.0763,0.626,0.0061,0.045
"Jol Concepcion","sa3002947",7.8885,1.244,4.8978,0.251764,4.80636,0.8765,0.5442,0.138222,0.53404,0,0.9777,0.5717,0.0259,0.0524
"Joldanny Genao","sa3011466",4.5099,1.584,8.8362,0.290293,7.43661,0.5011,0.9818,0.176,0.82629,0,1.172,0.8706,0.0293,0.0599
"Joldelanio De Los Santos","sa3018804",4.9419,1.491,9.6435,0.285836,7.43229,0.5491,1.0715,0.165667,0.82581,0,1.1428,0.8711,0.0296,0.0614
"Jon Duplantier","19546",8.034405,1.399335,4.918655,0.250827,5.12934,25.4147,15.75015,4.079,15.28312,0,25.0079,16.3019,0.0015,2.02445
"Jon Gray","14916",8.06552941176471,1.30046558823529,2.77657705882353,0.250973411764706,4.52482764705882,122.344057066697,42.1151462949135,19.6728198328201,68.5342198009342,0.794228571428571,132.865428571429,72.8447571428571,0,5.64810285714286
"Jon Lester","4930",5.1174,1.477,3.2193,0.287021,5.34627,0.5686,0.3577,0.164111,0.59403,0,1.1705,0.6346,0.0096,0.0382
"Jon Olczak","sa875297",7.7922,1.219,3.1959,0.254398,4.33611,0.8658,0.3551,0.135444,0.48179,0,0.995,0.5178,0.0249,0.0497
"Jon Olsen","sa3015032",6.3801,1.319,4.5198,0.271349,5.20443,0.7089,0.5022,0.146556,0.57827,0,1.0778,0.6191,0.0168,0.0448
"Jonah Dipoto","sa3010776",7.262465,1.34089,4.907165,0.2574355,5.26829,17.38925,12.2504,3.075278,12.77824,0,20.5086,13.7977,0.01045,3.03315
"Jonah Hurney","sa3023417",6.0606,1.447,5.6655,0.278738,5.70483,0.6734,0.6295,0.160778,0.63387,0,1.1147,0.6768,0.027,0.0464
"Jonah Scolaro","sa3019817",8.2098,1.15,4.3038,0.248993,4.36833,0.9122,0.4782,0.127778,0.48537,0,0.9643,0.5223,0.0254,0.05
"Jonah Tong","sa3022324",8.521305,1.172495,4.09653,0.2430165,4.369605,49.4631,24.21825,6.566111,25.23872,0,48.4747,27.25775,0.00175,0.5186
"Jonaiker Castellar","sa3019755",4.5045,1.676,6.6375,0.29285,6.93342,0.5005,0.7375,0.186222,0.77038,0,1.1931,0.8134,0.0065,0.0494
"Jonalbert Rumbol","sa3023619",5.3379,1.441,6.1803,0.28476,6.14169,0.5931,0.6867,0.160111,0.68241,0,1.1426,0.7262,0.0275,0.0538
"Jonas Uzcategui","sa3019281",5.1543,1.379,10.5723,0.281389,7.35813,0.5727,1.1747,0.153222,0.81757,0,1.1163,0.863,0.0301,0.0642
"Jonatan Bernal","sa3009271",4.3434,1.35,4.1112,0.293343,5.72733,0.4826,0.4568,0.15,0.63637,0,1.1937,0.6806,0.0034,0.0479
"Jonathan Aro","14699",6.6465,1.508,3.0312,0.272281,4.97844,0.7385,0.3368,0.167556,0.55316,0,1.0882,0.591,0.0137,0.0476
"Jonathan Batista","sa3019489",4.4226,1.632,7.0065,0.292288,6.95961,0.4914,0.7785,0.181333,0.77329,0,1.1878,0.817,0.0105,0.0497
"Jonathan Bermudez","21241",7.1600375,1.4610625,3.83314166666667,0.26554125,5.18537083333333,35.142649132716,19.6932904938272,6.99377336419753,26.0023397006173,0,47.50055,26.2796,0.00915,3.5295
"Jonathan Bowlan","24607",7.53842264705882,1.28400088235294,3.08351294117647,0.252215058823529,4.50455764705882,36.67771923,15.3064643499577,6.42086498401,22.345747969704,0.855557857142857,45.7035285714286,23.9499714285714,0,2.19178571428571
"Jonathan Brand","sa3020567",6.7419,1.379,3.78585,0.269273,5.13234,18.8791,10.22065,4.073222,14.78026,0,27.53105,15.7993,0.01285,1.52385
"Jonathan Cannon","31730",6.59085382352941,1.26926,3.01430882352941,0.263633058823529,4.63503470588235,110.612780761644,50.6068673461938,21.2304739561707,77.804007135544,0.778935142857143,159.769857142857,87.4149142857143,0,6.53677
"Jonathan Edwards","sa3017811",6.039,1.396,7.7436,0.273173,6.34707,0.671,0.8604,0.155111,0.70523,0,1.0807,0.7483,0.0281,0.0525
"Jonathan Heasley","22224",6.84520846153846,1.39902153846154,3.17858307692308,0.263081153846154,4.95310461538462,22.3439406738462,10.5805594892308,4.38617353846154,16.4833205107692,0.91502,30.3321,17.65462,0,1.52926
"Jonathan Hennigan","sa918447",7.2855,1.112,4.3047,0.258291,4.48758,0.8095,0.4783,0.123556,0.49862,0,1.0086,0.5388,0.0213,0.0488
"Jonathan Hernandez","17464",8.31851588235294,1.030822,4.47156117647059,0.242512705882353,4.35951411764706,27.069887016762,14.6044543884813,3.32340136289888,14.199645651311,0.956817142857143,27.5445714285714,15.6545571428571,0,1.20604
"Jonathan Holder","16588",7.326,1.195,3.6657,0.260833,4.55886,0.814,0.4073,0.132778,0.50654,0,1.0251,0.5449,0.0259,0.0486
"Jonathan Hughes","sa3014908",6.5507,1.24,4.0818,0.270138,4.98904,16.3723,10.7202,3.071111,12.77656,0,25.039,13.79625,0.5129,1.5232
"Jonathan Jimenez","sa3022343",3.9915,1.614,6.2514,0.298128,6.84603,0.4435,0.6946,0.179333,0.76067,0,1.22,0.8055,0.0033,0.0512
"Jonathan Loaisiga","19753",7.13833558823529,0.820549294117647,2.66671176470588,0.239506941176471,3.71906117647059,31.7605326233145,11.7191228054025,3.60739512288197,16.4157018309112,1.33402714285714,37.2242714285714,17.0011,0,1.90322
"Jonathan Petit","sa3016842",5.6295,1.429,5.1606,0.27708,5.7429,0.6255,0.5734,0.158778,0.6381,0,1.1081,0.6796,0.0197,0.0694
"Jonathan Pintaro","sa3024197",7.114576,1.141728,3.627242,0.2529716,4.643052,15.2693,7.67166,2.44706,10.107254,0,19.07682,11.18148,0,1.8949
"Jonathan Russell","sa3022152",4.3488,1.658,6.831,0.29652,6.98589,0.4832,0.759,0.184222,0.77621,0,1.2074,0.8212,0.0075,0.0521
"Jonathan Salazar","sa3016518",4.4028,1.6,6.5457,0.293224,6.82704,0.4892,0.7273,0.177778,0.75856,0,1.1926,0.8028,0.0049,0.0605
"Jonathan Sprinkle","sa3014792",7.7787,1.209,4.9302,0.253647,4.82472,0.8643,0.5478,0.134333,0.53608,0,0.9859,0.5747,0.026,0.0613
"Jonawel Valdez","sa3021755",4.185,1.633,6.7482,0.297903,7.13025,0.465,0.7498,0.181444,0.79225,0,1.2217,0.835,0.0068,0.0492
"Joneiker Arellano","sa3018831",4.4757,1.976,6.9345,0.301067,7.52067,0.4973,0.7705,0.219556,0.83563,0,1.2416,0.8791,0.0147,0.0495
"Jonh Henriquez","sa3019819",5.7222,1.315,6.1011,0.277106,5.78925,0.6358,0.6779,0.146111,0.64325,0,1.1028,0.6867,0.0272,0.0484
"Jonney Rosario","sa3016616",5.9004,1.459,6.3009,0.272279,5.8851,0.6556,0.7001,0.162111,0.6539,0,1.0758,0.6952,0.0271,0.0478
"Jonny Cuevas","sa3017931",5.688325,1.387635,4.52729,0.2728885,5.31553,17.32125,14.73795,4.0810555,16.29811,0,30.5533,17.81855,0.01025,0.52105
"Jordan Balazovic","21866",8.15945882352941,0.967211176470588,3.74013029411765,0.246744470588235,4.21109352941176,18.0238313108208,8.38851068997059,2.13132321995986,9.70618645420416,0.778181285714286,18.30194,9.76913,0,0.555476142857143
"Jordan Brink","sa829003",7.2252,1.207,3.9996,0.260608,4.64625,0.8028,0.4444,0.134111,0.51625,0,1.0226,0.5551,0.0255,0.0427
"Jordan Carr","sa3017769",5.4828,1.204,3.1554,0.276194,4.68981,0.6092,0.3506,0.133778,0.52109,0,1.1045,0.5633,0.0121,0.0574
"Jordan DiValerio","sa3014865",5.3316,1.655,3.5964,0.281369,5.6205,0.5924,0.3996,0.183889,0.6245,0,1.1414,0.6622,0.0145,0.0488
"Jordan Fowler","sa3017777",4.8762,1.4,3.7701,0.284002,5.30253,0.5418,0.4189,0.155556,0.58917,0,1.1489,0.6312,0.0059,0.0417
"Jordan Geber","sa3019958",5.739085,1.42064,2.93749,0.2704785,5.025415,23.3256,11.67035,5.583222,20.780225,0,40.5499,22.2997,0.0033,2.0228
"Jordan Gore","sa3004127",7.0515,1.19,4.4982,0.262843,4.82868,0.7835,0.4998,0.132222,0.53652,0,1.032,0.5768,0.0259,0.0499
"Jordan Hicks","19618",8.34615470588235,0.870941588235294,4.09132705882353,0.246715411764706,4.15860117647059,116.679167446436,57.0892695684429,12.1547416647635,58.1410710915801,0.890610714285714,119.490857142857,61.8773857142857,0,7.95337142857143
"Jordan Holloway","20631",8.876175,1.197835,6.439505,0.2405525,4.904615,18.9766,13.8436,2.564222,10.269475,0,16.96675,11.2889,0.0124,0.5201
"Jordan Jackson","sa3018172",5.4162,1.364,3.8367,0.273808,5.03703,0.6018,0.4263,0.151556,0.55967,0,1.0943,0.6023,0.0095,0.0441
"Jordan Jones","sa3009984",7.045955,1.43756,5.248595,0.261282,5.167325,17.88785,14.26715,3.580722,12.79198,0,23.5151,13.8105,0.5106,0.5218
"Jordan Leasure","29950",8.75914147058823,1.27071411764706,4.03762470588235,0.238171823529412,4.39412588235294,55.0090691018166,25.1613039730104,7.86918286159169,27.3831503164937,10.2911714285714,52.4986142857143,30.9016,0,2.26119714285714
"Jordan Lyles","7593",7.14055,1.599775,2.58457916666667,0.266740416666667,4.90230833333333,47.8238042314815,20.0215711296296,11.9828232037037,36.8120669166667,0,66.01825,40.26255,0.0065,2.52035
"Jordan Marks","sa3018192",5.6493,1.237,4.1733,0.272584,5.03217,0.6277,0.4637,0.137444,0.55913,0,1.089,0.6009,0.026,0.0462
"Jordan Mikel","sa3015094",7.33736,1.36896,3.909035,0.2599935,5.07468,19.903,10.71235,3.578111,14.26787,0,25.0128,15.28635,0.01275,2.52935
"Jordan Montgomery","16511",6.96877764705882,1.09880794117647,2.87674705882353,0.267589411764706,4.39118941176471,89.0178757109573,36.71689893797,13.8920355830277,55.8211986583391,0.870478428571429,121.025714285714,59.357,0,3.44698428571429
"Jordan Powell","sa3023534",5.8356,1.461,7.4286,0.277387,6.46758,0.6484,0.8254,0.162333,0.71862,0,1.1055,0.7609,0.0281,0.0532
"Jordan Romano","16122",9.49800676470588,1.22788588235294,3.22896823529412,0.233877529411765,4.11477529411765,59.2754754837928,20.180474704466,7.71588069595232,25.6563499547159,4.07966428571429,49.5968571428571,26.7425571428571,0,2.60877428571429
"Jordan Sheffield","19682",6.7536,1.331,4.2336,0.265284,4.98375,0.7504,0.4704,0.147889,0.55375,0,1.0488,0.5919,0.0247,0.0441
"Jordan Valenzuela","sa3021820",4.5522,1.468,8.8677,0.290855,7.26525,0.5058,0.9853,0.163111,0.80725,0,1.1688,0.8537,0.0202,0.0592
"Jordan Weems","13190",8.61542272727273,1.41677227272727,3.89282590909091,0.252665636363636,4.83388818181818,30.035338315168,13.8801253643388,5.04584454061983,17.1946192861983,0.69843,29.685825,18.0762,0.9468755,1.374365
"Jordan Wicks","30094",7.86093823529412,1.15062352941176,3.08882441176471,0.246855882352941,4.21509764705882,45.7454447525952,18.1011491084775,6.79641348650519,24.5980991648443,0.846825,49.6267428571429,25.9539571428571,0,2.0334
"Jordan Yamamoto","17585",6.4512,1.526,3.1302,0.271891,5.12334,0.7168,0.3478,0.169556,0.56926,0,1.0908,0.606,0.0115,0.0513
"Jordano Perez","sa3008690",5.0238,1.52,4.2948,0.286865,5.79303,0.5582,0.4772,0.168889,0.64367,0,1.1641,0.6858,0.0031,0.0458
"Jordany Chirinos","sa3022219",4.4559,1.678,6.7086,0.29251,6.93855,0.4951,0.7454,0.186444,0.77095,0,1.1911,0.8142,0.0054,0.0456
"Jordany Ventura","sa3008542",7.228605,1.414345,5.10563,0.254694,5.24809,25.9066,20.25625,5.079389,19.779855,0,32.00845,21.2994,0.00755,3.528
"Jordarlin Mendoza","sa3017321",5.2443,1.669,6.885,0.284438,6.66225,0.5827,0.765,0.185444,0.74025,0,1.1495,0.7841,0.0091,0.0577
"Jordi Infante","sa3021482",4.4793,1.54,9.2979,0.292041,7.54128,0.4977,1.0331,0.171111,0.83792,0,1.1778,0.8832,0.0296,0.0539
"Jordi Martinez","sa3006141",7.188515,1.198245,3.645065,0.2569785,4.56907,19.91105,10.2062,3.5635555,13.739285,0,26.5013,14.7584,0.0126,0.52015
"Jordy Arias","sa3019177",4.8366,1.751,7.3296,0.289998,7.15878,0.5374,0.8144,0.194556,0.79542,0,1.18,0.8385,0.0067,0.0526
"Jordy Luciano","sa3019179",5.841,1.281,7.3404,0.276283,6.11694,0.649,0.8156,0.142333,0.67966,0,1.0935,0.7245,0.0279,0.0575
"Jordy Vargas","sa3016052",5.346,1.819,4.7133,0.297189,6.6474,0.594,0.5237,0.202111,0.7386,0,1.2188,0.7792,0.0032,0.0502
"Jorge Alcala","19459",9.32397176470588,1.22987294117647,3.43852764705882,0.229070705882353,4.12719470588235,62.6884250638616,23.0349856539146,8.33910675419608,27.8535623014072,12.3211714285714,52.3927,29.4715428571429,0,2.52484142857143
"Jorge Bautista","sa3008406",5.2614,1.297,3.978,0.282064,5.24052,0.5846,0.442,0.144111,0.58228,0,1.1326,0.6264,0.0035,0.0436
"Jorge Benitez","sa3004462",8.020065,1.18781,5.739015,0.247411,5.01759,21.4316,15.7985,3.0663335,13.762105,0,21.98635,14.78225,0.01305,3.03215
"Jorge De Leon","sa3016059",6.1416,1.543,5.787,0.271828,5.94243,0.6824,0.643,0.171444,0.66027,0,1.0859,0.701,0.0058,0.0512
"Jorge Garcia","sa3009229",5.6457,1.323,5.544,0.275834,5.70744,0.6273,0.616,0.147,0.63416,0,1.1075,0.6769,0.0233,0.0509
"Jorge Geraldo","sa3017692",4.7484,1.62,7.6275,0.290856,7.11576,0.5276,0.8475,0.18,0.79064,0,1.1734,0.8351,0.013,0.0512
"Jorge Gonzalez","sa3009504",6.2793,1.559,6.8283,0.27363,6.22683,0.6977,0.7587,0.173222,0.69187,0,1.0856,0.7331,0.0276,0.0559
"Jorge Guerra","sa3019578",4.2102,1.626,8.766,0.293582,7.55802,0.4678,0.974,0.180667,0.83978,0,1.1903,0.884,0.0294,0.0576
"Jorge Guzman","17505",7.4952,1.173,4.4253,0.257591,4.68477,0.8328,0.4917,0.130333,0.52053,0,1.0053,0.5599,0.027,0.0556
"Jorge Herrera","sa3022339",4.2354,1.702,5.9274,0.29531,6.81075,0.4706,0.6586,0.189111,0.75675,0,1.209,0.7996,0.0038,0.0534
"Jorge Juan","sa3005826",8.643155,1.238895,5.64474,0.2463205,5.093015,17.9646,12.28725,2.5668335,10.76844,0,16.9839,11.7873,0.01305,3.0326
"Jorge Lopez","14527",7.85038352941176,1.04626905882353,3.26472235294118,0.250160176470588,4.25855764705882,54.1667751406874,22.5113537765967,7.34872653983545,29.4888018772841,12.0355142857143,61.0026428571429,31.9051428571429,0,4.75279
"Jorge Luna","sa3021797",4.4451,1.624,6.597,0.292819,6.84396,0.4939,0.733,0.180444,0.76044,0,1.1911,0.8044,0.0043,0.0513
"Jorge Marcheco","sa3018025",5.5566,1.936,3.6585,0.27943,5.8959,0.6174,0.4065,0.215111,0.6551,0,1.1325,0.6917,0.0033,0.0546
"Jorge Martinez","sa3016472",5.4531,1.423,7.9839,0.280535,6.63525,0.6059,0.8871,0.158111,0.73725,0,1.1181,0.7814,0.0284,0.0513
"Jorge Mercedes","sa3019110",8.9604,1.135,4.5261,0.24342,4.40451,0.9956,0.5029,0.126111,0.48939,0,0.9369,0.5253,0.0254,0.0462
"Jorge Minyety","sa3021752",6.039,1.192,5.5161,0.277796,5.55372,0.671,0.6129,0.132444,0.61708,0,1.1056,0.66,0.0268,0.0542
"Jorge Ramos","sa3009524",6.0714,1.34,5.6403,0.273901,5.62617,0.6746,0.6267,0.148889,0.62513,0,1.0887,0.6669,0.0269,0.0495
"Jorge Rodriguez","sa3016459",5.4999,1.578,5.2974,0.27865,5.9832,0.6111,0.5886,0.175333,0.6648,0,1.1236,0.7058,0.01,0.0511
"Jorger Petri","sa3018855",4.2885,1.479,6.4692,0.291334,6.47856,0.4765,0.7188,0.164333,0.71984,0,1.1813,0.7644,0.0038,0.0524
"Jormy Nivar","sa3022022",4.3848,1.61,5.7051,0.292658,6.51033,0.4872,0.6339,0.178889,0.72337,0,1.1922,0.7669,0.0037,0.0474
"Josan Mendez","sa3006122",6.2082,1.242,3.3111,0.270893,4.70259,0.6898,0.3679,0.138,0.52251,0,1.0778,0.5627,0.0254,0.0454
"Josbel Garcia","sa3019250",4.4577,1.626,5.6943,0.290669,6.39315,0.4953,0.6327,0.180667,0.71035,0,1.1759,0.7541,0.0108,0.0478
"Jose  Ramirez","sa3015929",4.7394,1.45,7.3179,0.287351,6.60483,0.5266,0.8131,0.161111,0.73387,0,1.1565,0.7787,0.0033,0.0502
"Jose A Ferrer","24017",7.42596470588235,0.845914470588235,2.85991294117647,0.249969705882353,4.02579058823529,50.8544363801307,19.6598759371442,5.80923578426451,27.5051181331488,11.8895285714286,59.2296,28.5158714285714,0,3.10549428571429
"Jose Acuna","sa3015331",6.74352,1.809125,3.56399,0.272841,5.78195,28.87915,15.6947,7.603611,25.81127,0,42.54935,27.82935,0.002,3.0267
"Jose Adames","sa597194",8.6355,1.058,4.7016,0.250727,4.51638,0.9595,0.5224,0.117556,0.50182,0,0.9652,0.5402,0.0255,0.045
"Jose Aguirre","sa3016057",5.1039,1.458,8.4159,0.283981,6.92496,0.5671,0.9351,0.162,0.76944,0,1.1353,0.8141,0.0288,0.0571
"Jose Alcantara","sa3007819",6.4314,1.269,5.958,0.26901,5.49657,0.7146,0.662,0.141,0.61073,0,1.0606,0.6531,0.0269,0.0484
"Jose Alvarado","17780",10.2588823529412,0.750294941176471,4.11511294117647,0.220339764705882,3.45797764705882,68.6979321795617,27.6172548542561,4.96699992990081,23.2396787683599,10.5885571428571,49.5322714285714,24.7906428571429,0,2.26868571428571
"Jose Alvarez","5358",6.4341,1.061,3.1518,0.264094,4.25592,0.7149,0.3502,0.117889,0.47288,0,1.047,0.5132,0.0253,0.0403
"Jose Atencio","sa3010304",4.4397,1.455,3.5046,0.284762,5.35446,0.4933,0.3894,0.161667,0.59494,0,1.1487,0.638,0.0035,0.0477
"Jose Bello","sa3021530",4.9797,1.393,5.8905,0.284738,6.15456,0.5533,0.6545,0.154778,0.68384,0,1.1537,0.7286,0.0062,0.0487
"Jose Berrios","14168",7.64366529411765,1.34469176470588,2.48851647058824,0.253409235294118,4.31093176470588,160.021408874221,52.0866248196847,28.17110862,90.2787152272203,0,185.428,96.6126285714286,0,10.3369314285714
"Jose Betances","sa3004867",7.7319,1.159,5.4882,0.254866,4.97124,0.8591,0.6098,0.128778,0.55236,0,0.9886,0.5926,0.0264,0.0753
"Jose Bravo","sa923839",6.5016,1.434,3.0708,0.270436,4.92165,0.7224,0.3412,0.159333,0.54685,0,1.0818,0.5839,0.0159,0.0406
"Jose Butto","23313",9.56588941176471,1.033982,3.84969176470588,0.218953294117647,3.76267058823529,68.1415465458823,27.3290963013595,7.23251445200923,26.8832810404091,15.5146428571429,52.9151285714286,28.3955285714286,0,3.41305
"Jose Cabrera","sa3018042",5.1192,1.351,4.0743,0.286527,5.58144,0.5688,0.4527,0.150111,0.62016,0,1.1586,0.663,0.0031,0.0537
"Jose Castillo","17169",8.94465,0.900484,3.97266,0.242471,3.847205,15.99385,7.2156,1.5516665,6.71779,0,14.9709,7.23655,0.0124,1.0235
"Jose Chacin","sa917323",6.1659,1.588,2.7369,0.272139,5.05503,0.6851,0.3041,0.176444,0.56167,0,1.0931,0.5979,0.0045,0.0442
"Jose Chavez","sa3016815",5.8455,1.41,6.5682,0.275947,6.06393,0.6495,0.7298,0.156667,0.67377,0,1.0986,0.716,0.0275,0.049
"Jose Chavez","sa3018292",4.2678,1.654,7.2783,0.294771,7.15392,0.4742,0.8087,0.183778,0.79488,0,1.2014,0.8388,0.0119,0.0516
"Jose Chirinos","sa3018859",5.4504,1.45,5.5053,0.277745,5.83587,0.6056,0.6117,0.161111,0.64843,0,1.1137,0.6917,0.0069,0.0515
"Jose Cisnero","6399",9.30678823529412,1.15221411764706,4.03654352941177,0.237747411764706,4.47544823529412,26.4832095261822,11.4727041540946,3.21177642352941,12.832911116955,0.138561857142857,22.9049714285714,12.8501142857143,0,1.76970428571429
"Jose Corniell","sa3015213",6.3279,1.569,4.2822,0.273957,5.55858,0.7031,0.4758,0.174333,0.61762,0,1.0995,0.6568,0.0047,0.0558
"Jose Cruz","sa3006383",8.6139,1.174,5.7546,0.244039,4.81374,0.9571,0.6394,0.130444,0.53486,0,0.9365,0.573,0.0262,0.0601
"Jose Cruz","sa3024843",8.02703,1.21622,5.83784,0.248227,5.35135,33,24,5,22,0,35,24,0,4
"Jose Cuas","17701",8.76105411764706,1.23779647058824,4.24524352941176,0.238947647058824,4.40106705882353,15.9995284841522,7.79878086001384,2.17845816720953,8.05038287977239,0.897594285714286,15.3515714285714,8.82498571428571,0,1.54947571428571
"Jose Davila","sa3015092",4.8816,1.415,4.6305,0.281353,5.60178,0.5424,0.5145,0.157222,0.62242,0,1.1298,0.6657,0.0033,0.0549
"Jose De La Rosa","sa3024590",3.9321,1.694,6.9948,0.2991,7.26012,0.4369,0.7772,0.188222,0.80668,0,1.2258,0.8511,0.0033,0.0555
"Jose De Leon","15463",8.37701333333333,1.1828380952381,3.09567142857143,0.252720952380952,4.28521095238095,4.12612420111866,1.50694965804988,0.683887260468631,2.65108424677248,0,0.932,0.4787,0.0232,0.0439
"Jose Diaz","sa3005709",5.6889,1.4,6.534,0.277729,6.1047,0.6321,0.726,0.155556,0.6783,0,1.1075,0.721,0.0276,0.0593
"Jose Dicochea","sa3011497",5.652,1.546,5.4648,0.275432,5.91327,0.628,0.6072,0.171778,0.65703,0,1.0971,0.6981,0.0057,0.0586
"Jose E Hernandez","22318",8.607668,1.35965033333333,3.894094,0.240834133333333,4.52067866666667,12.2058312824138,5.60946674746666,2.14976528497284,6.52480885451851,0.830137,10.78704,6.25736666666667,0,0.704856333333333
"Jose E Martinez","sa3002796",5.4297,1.174,4.5531,0.277539,5.11425,0.6033,0.5059,0.130444,0.56825,0,1.1043,0.6128,0.0229,0.0532
"Jose Espada","21131",8.71079761904762,1.20610666666667,3.71364857142857,0.221352857142857,4.09719047619048,4.65348460544219,1.89323287510205,0.672965001904764,2.22638834013606,0,0.9117,0.4897,0.0247,0.0422
"Jose Felipe Torres","sa3018849",4.4757,1.664,7.5096,0.29144,7.13817,0.4973,0.8344,0.184889,0.79313,0,1.1838,0.8362,0.0191,0.0487
"Jose Feliz","sa3024069",4.6044,1.57,6.1722,0.291554,6.58413,0.5116,0.6858,0.174444,0.73157,0,1.184,0.7757,0.0032,0.0472
"Jose Fermin","sa3023455",8.6445,1.326,4.1787,0.247682,4.55148,0.9605,0.4643,0.147333,0.50572,0,0.9588,0.541,0.0253,0.0426
"Jose Fernandez","sa3018346",5.6817,1.408,6.9183,0.279806,6.30099,0.6313,0.7687,0.156444,0.70011,0,1.1183,0.7429,0.0278,0.0496
"Jose Fleury","sa3019255",7.632145,1.391785,3.79524,0.2537225,4.707265,32.9106,16.20635,6.073889,19.76058,0,37.00315,21.2798,0.00305,1.02025
"Jose Franco","sa3008714",6.4647,1.826,4.239,0.275423,5.79636,0.7183,0.471,0.202889,0.64404,0,1.108,0.6826,0.0031,0.0411
"Jose Garces","sa3015490",3.7908,1.52,8.3781,0.300985,7.5978,0.4212,0.9309,0.168889,0.8442,0,1.2279,0.8902,0.0093,0.0645
"Jose Geraldo","sa3006070",7.9065,1.325,4.1805,0.250245,4.6161,0.8785,0.4645,0.147222,0.5129,0,0.9702,0.5483,0.0253,0.0465
"Jose Geraldo","sa3016295",6.332135,1.496075,4.941495,0.2660755,5.450855,11.3332,6.8302,2.5820555,8.819455,0,16.03555,9.33975,0.5135,0.52315
"Jose Gomez","sa3019253",5.4,1.547,5.8419,0.282237,6.22575,0.6,0.6491,0.171889,0.69175,0,1.1362,0.7336,0.0116,0.0532
"Jose Gonzalez","sa3009473",4.5018,1.47,7.938,0.29047,6.92037,0.5002,0.882,0.163333,0.76893,0,1.171,0.8143,0.0287,0.0496
"Jose Gonzalez","sa3015415",6.6636,1.594,3.726,0.270054,5.31126,0.7404,0.414,0.177111,0.59014,0,1.0817,0.6273,0.0056,0.0485
"Jose Gonzalez","sa3016249",4.3245,1.504,6.4287,0.293773,6.62103,0.4805,0.7143,0.167111,0.73567,0,1.1926,0.7813,0.005,0.0521
"Jose Guedez","sa3019682",6.5358,1.462,5.2515,0.268398,5.61159,0.7262,0.5835,0.162444,0.62351,0,1.0602,0.6645,0.0045,0.0534
"Jose Guevara","sa3023823",4.5936,1.667,6.1704,0.291015,6.72021,0.5104,0.6856,0.185222,0.74669,0,1.1842,0.7894,0.0033,0.0482
"Jose Jimenez","sa3011595",5.5062,1.341,6.5007,0.277545,5.90589,0.6118,0.7223,0.149,0.65621,0,1.1071,0.6988,0.0275,0.0508
"Jose Leandro","sa3019651",4.6773,1.447,8.2062,0.287292,6.867,0.5197,0.9118,0.160778,0.763,0,1.1548,0.8078,0.0169,0.0546
"Jose Leclerc","14524",10.517325,1.08067164705882,4.33022411764706,0.211300588235294,3.85446176470588,75.410588401634,31.0083106838985,7.79005641170473,27.6417000626113,13.0523857142857,51.9838714285714,30.0866857142857,0,3.37837142857143
"Jose Linares","sa3019616",5.0121,1.507,8.424,0.285087,7.01523,0.5569,0.936,0.167444,0.77947,0,1.143,0.8236,0.0289,0.0497
"Jose Lopez","22982",8.89978571428571,1.07385714285714,4.59271428571429,0.246387857142857,4.4135,4.58716187755103,2.67331575510205,0.585115224489797,2.71847469387756,0,0.9125,0.4827,0.025,0.0441
"Jose Luis Reyes","sa3015304",4.9572,1.635,4.1139,0.283275,5.7564,0.5508,0.4571,0.181667,0.6396,0,1.1431,0.6801,0.005,0.0566
"Jose Marte","21761",8.35324166666667,1.13467916666667,4.60522916666667,0.24619375,4.3322625,20.1414501882716,11.2116345308642,2.7494360308642,10.5020375154321,0,18.9758,11.7587,0.5118,1.52375
"Jose Martinez","sa3022207",4.7124,1.628,6.5826,0.290354,6.76368,0.5236,0.7314,0.180889,0.75152,0,1.1793,0.7944,0.0117,0.047
"Jose Mendoza","sa3018316",5.1084,1.498,8.8119,0.28453,7.11918,0.5676,0.9791,0.166444,0.79102,0,1.139,0.8354,0.0291,0.0508
"Jose Meneses","sa3019158",4.4586,1.462,9.0261,0.288804,7.10694,0.4954,1.0029,0.162444,0.78966,0,1.1605,0.8358,0.0177,0.0568
"Jose Miguel Gonzalez","sa3003139",5.5827,1.388,5.9553,0.27911,5.91408,0.6203,0.6617,0.154222,0.65712,0,1.1151,0.7003,0.0193,0.0481
"Jose Montero","sa3018312",5.1003,1.479,4.8591,0.291042,5.87241,0.5667,0.5399,0.164333,0.65249,0,1.1791,0.6989,0.0055,0.0458
"Jose Montilla","sa3003102",6.1749,1.393,3.0636,0.271733,4.86792,0.6861,0.3404,0.154778,0.54088,0,1.0859,0.5794,0.0148,0.0424
"Jose Moreno","sa3003113",5.5026,1.479,5.9985,0.280949,6.1326,0.6114,0.6665,0.164333,0.6814,0,1.127,0.7238,0.0147,0.0521
"Jose Mujica","17821",6.7338,1.702,3.3408,0.27984,5.56929,0.7482,0.3712,0.189111,0.61881,0,1.1303,0.6537,0.0255,0.0417
"Jose Ojeda","sa3019480",4.3389,1.675,9.2043,0.292754,7.7607,0.4821,1.0227,0.186111,0.8623,0,1.187,0.9059,0.0296,0.0537
"Jose Olivares","sa3016267",5.2641,1.645,5.1588,0.284852,6.21972,0.5849,0.5732,0.182778,0.69108,0,1.1557,0.7318,0.0044,0.0436
"Jose Pena Jr","sa3017821",5.9841,1.503,6.9273,0.27167,6.1551,0.6649,0.7697,0.167,0.6839,0,1.0722,0.7257,0.0275,0.0526
"Jose Pinto","sa3021993",3.9303,1.636,7.065,0.298562,7.15554,0.4367,0.785,0.181778,0.79506,0,1.2207,0.84,0.007,0.0524
"Jose Quezada","sa3008375",7.5996,1.177,4.0248,0.252422,4.40262,0.8444,0.4472,0.130778,0.48918,0,0.9769,0.5275,0.0252,0.0497
"Jose Quijada","19200",10.5311447058824,1.06402070588235,4.68379764705882,0.215188764705882,4.13710882352941,66.1794212900069,29.3709554466159,6.74256818934256,26.0772218879377,12.4143,46.2715857142857,27.8525714285714,0,3.06010714285714
"Jose Quintana","11423",7.31153529411765,1.19930941176471,3.48331941176471,0.260204823529412,4.46902470588235,105.110232014625,50.0973902265398,17.1305669666436,64.1412833962014,0.0270525714285714,131.150285714286,68.4070285714286,0,5.14849714285714
"Jose Ramirez","sa3006702",5.5404,1.235,4.608,0.277909,5.34258,0.6156,0.512,0.137222,0.59362,0,1.1083,0.6377,0.0164,0.085
"Jose Ramirez","sa3019479",4.77,1.527,9.7911,0.287675,7.56153,0.53,1.0879,0.169667,0.84017,0,1.153,0.8853,0.0297,0.0531
"Jose Regalado","sa3022049",5.0139,1.309,9.945,0.283891,7.17003,0.5571,1.105,0.145444,0.79667,0,1.13,0.8417,0.0297,0.0536
"Jose Rengel","sa3021790",4.5396,1.304,7.1523,0.285767,6.36228,0.5044,0.7947,0.144889,0.70692,0,1.1549,0.753,0.0105,0.0529
"Jose Rodriguez","17860",7.00321428571429,1.08657142857143,3.62407142857143,0.271964285714286,5.00802142857143,3.88017914739229,2.49716675736962,0.480932056689343,3.33798307936508,0,1.0366,0.525,0.0248,0.0375
"Jose Rodriguez","sa3015437",6.8922,1.489,4.1373,0.266496,5.13756,0.7658,0.4597,0.165444,0.57084,0,1.0545,0.6097,0.0097,0.0434
"Jose Rojas","sa3015486",4.2417,1.618,7.5105,0.292724,7.08759,0.4713,0.8345,0.179778,0.78751,0,1.1896,0.831,0.0286,0.0516
"Jose Romero","sa3015483",6.7428,1.243,6.5592,0.263988,5.55813,0.7492,0.7288,0.138111,0.61757,0,1.0309,0.6602,0.0272,0.0671
"Jose Romero","sa3021791",4.8546,1.551,6.1326,0.281905,6.22125,0.5394,0.6814,0.172333,0.69125,0,1.1343,0.735,0.0086,0.0519
"Jose Ruiz","14552",8.86974470588235,1.22365588235294,3.64082352941176,0.237641411764706,4.28336352941177,59.1454034122337,24.3136825024037,8.08460123264975,28.6091426918554,9.36499,56.8131,31.4252714285714,0,2.46928142857143
"Jose Salvador","sa3006482",5.9184,1.478,4.0653,0.272684,5.26797,0.6576,0.4517,0.164222,0.58533,0,1.0915,0.6239,0.0078,0.0445
"Jose Santamaria","sa3008373",5.553,1.295,5.5386,0.282902,5.81571,0.617,0.6154,0.143889,0.64619,0,1.1354,0.6887,0.027,0.0442
"Jose Serrano","sa3019597",4.1832,1.65,6.3306,0.295715,6.86736,0.4648,0.7034,0.183333,0.76304,0,1.2085,0.8071,0.0037,0.0509
"Jose Silvestre","sa3023849",4.2705,1.605,7.0614,0.295973,7.06311,0.4745,0.7846,0.178333,0.78479,0,1.2055,0.8297,0.0039,0.0554
"Jose Soriano","22100",8.63810764705882,0.904397882352941,3.81631705882353,0.239068823529412,4.08547352941176,131.62385247549,58.2312089480007,13.8085937716263,62.3607514076316,0.0114057142857143,124.133428571429,66.2698571428571,0,10.8026914285714
"Jose Suarez","19911",8.87471294117647,1.23744,3.50644176470588,0.242766058823529,4.34131058823529,69.2747396219792,27.3339041826328,9.67805432747405,33.8547905903576,9.64404857142857,67.9485714285714,37.0725857142857,0,3.55627857142857
"Jose Ulloa","sa3010836",5.2722,1.537,6.3234,0.283015,6.36876,0.5858,0.7026,0.170778,0.70764,0,1.1399,0.7491,0.0276,0.0547
"Jose Urbina","sa3022218",4.9014,1.756,5.229,0.289984,6.45102,0.5446,0.581,0.195111,0.71678,0,1.1807,0.7581,0.0052,0.0504
"Jose Urena","11589",6.47306352941176,1.26567382352941,3.51879970588235,0.258867764705882,4.70119058823529,19.1625075952941,10.822444695,3.91225738879469,14.5939849392234,0.841669142857143,27.5812142857143,15.7228271428571,0,1.16495728571429
"Jose Urquidy","18413",6.72498,1.51610545454545,2.77996727272727,0.259242909090909,4.80225818181818,24.4881578358127,10.1455776909091,5.41013436033058,17.173556738292,0,30.362425,15.9900375,0.04770615,1.04469075
"Jose Varela","sa3021987",4.9914,1.696,6.8841,0.289312,6.97329,0.5546,0.7649,0.188444,0.77481,0,1.1696,0.8178,0.0056,0.0504
"Jose Vasquez","sa3022116",4.7259,1.583,7.6734,0.289514,7.05807,0.5251,0.8526,0.175889,0.78423,0,1.1701,0.8284,0.0123,0.0578
"Joseilyn Gonzalez","sa3018910",5.0868,1.562,6.1884,0.286849,6.34014,0.5652,0.6876,0.173556,0.70446,0,1.156,0.7478,0.0276,0.0604
"Joseph Hernandez","sa3006385",5.8932,1.463,5.1894,0.273126,5.71689,0.6548,0.5766,0.162556,0.63521,0,1.0895,0.675,0.0268,0.0744
"Joseph Herrera","sa3024471",4.2453,1.479,7.9362,0.291911,6.94863,0.4717,0.8818,0.164333,0.77207,0,1.1804,0.8174,0.0096,0.0515
"Joseph King","sa3020857",5.922,1.236,4.1544,0.272558,4.94892,0.658,0.4616,0.137333,0.54988,0,1.0832,0.5912,0.0259,0.0402
"Joseph Menefee","sa3020443",7.4943,1.33,6.2487,0.261996,5.33916,0.8327,0.6943,0.147778,0.59324,0,1.0243,0.6352,0.0269,0.0491
"Joseph Montalvo","sa3018802",6.1911,1.512,3.9069,0.265532,5.23341,0.6879,0.4341,0.168,0.58149,0,1.0595,0.6189,0.003,0.0478
"Joseph Yabbour","sa3021980",6.1335,1.576,7.002,0.274524,6.29739,0.6815,0.778,0.175111,0.69971,0,1.0906,0.7408,0.0277,0.0503
"Josh Bortka","sa3020596",6.2613,1.436,6.4323,0.269565,5.90904,0.6957,0.7147,0.159556,0.65656,0,1.0609,0.6982,0.0273,0.0707
"Josh Bostick","sa3022857",5.6223,1.503,4.3488,0.274935,5.62365,0.6247,0.4832,0.167,0.62485,0,1.1095,0.665,0.0037,0.0553
"Josh Dye","sa3007485",6.6303,1.186,3.0546,0.265325,4.37517,0.7367,0.3394,0.131778,0.48613,0,1.0492,0.5254,0.0179,0.0442
"Josh Ekness","sa3023204",8.2452825,1.1766575,4.2520225,0.24439,4.6237825,13.598625,7.027125,1.9925,7.656755,0.89855,14.4286,8.296425,0,0.948075
"Josh Fleming","20418",5.43074272727273,0.928121636363636,2.89819090909091,0.268668363636364,4.04325181818182,16.8216256677135,9.07323028130027,2.90906730636915,12.994659110887,0.1053975,28.4771,13.67531,0.6724985,0.81637075
"Josh Gessner","sa3011658",6.0624,1.617,5.9895,0.274367,6.16023,0.6736,0.6655,0.179667,0.68447,0,1.1001,0.7237,0.0274,0.0639
"Josh Green","sa3006701",5.564725,1.054935,3.41096,0.274165,4.64483,15.82585,9.69975,3.060611,13.761375,0,29.5489,14.7833,0.0101,3.0277
"Josh Grosz","sa3023478",6.642,1.52,3.7701,0.269131,5.14467,0.738,0.4189,0.168889,0.57163,0,1.0748,0.6113,0.0032,0.0525
"Josh Hader","14212",12.5410523529412,1.10257882352941,3.62116764705882,0.190023529411765,3.22292,93.4259728234464,26.9565343276555,8.2659990106882,23.9384645080384,1.69768071428571,46.6740714285714,25.39,0,3.03168142857143
"Josh Hansell","sa3023158",5.4369,1.33,5.8122,0.283308,6.00264,0.6041,0.6458,0.147778,0.66696,0,1.1355,0.7102,0.0112,0.0472
"Josh Harlow","sa3022914",6.4422,1.517,5.4855,0.270812,5.80329,0.7158,0.6095,0.168556,0.64481,0,1.0826,0.6836,0.0269,0.0509
"Josh Hejka","sa3011152",6.305735,1.29391,3.19515,0.262583,4.86505,17.8575,8.68835,3.0849445,13.775855,0,27.0225,14.7939,0.5127,3.5301
"Josh Hendrickson","sa3011196",5.9301,1.529,3.5496,0.270601,5.16564,0.6589,0.3944,0.169889,0.57396,0,1.083,0.6112,0.0053,0.0564
"Josh James","16794",7.9038,1.06485,5.2882,0.24764,4.79035,9.43485,7.24275,1.0690555,5.761325,0,9.99695,6.28005,0.0123,1.0212
"Josh Knoth","sa3023420",5.8815,1.525,5.0355,0.278334,5.79087,0.6535,0.5595,0.169444,0.64343,0,1.1169,0.6854,0.0031,0.0467
"Josh Lindblom","7882",7.1568,1.49,2.9592,0.258948,4.71033,0.7952,0.3288,0.165556,0.52337,0,1.0252,0.5565,0.0229,0.0471
"Josh Maciejewski","21310",7.78419,1.28146583333333,3.2950275,0.249025,4.46338694444444,30.6356971179012,13.3407496256173,5.29463660601852,18.6401310825103,0,36.4931,19.74625,0.0123,1.5215
"Josh Mollerus","sa3022666",7.4484,1.499,5.9355,0.260907,5.6394,0.8276,0.6595,0.166556,0.6266,0,1.0292,0.6641,0.0269,0.0468
"Josh Osich","11528",7.5564,1.125,3.5073,0.257687,4.25511,0.8396,0.3897,0.125,0.47279,0,1.0082,0.5113,0.0239,0.0418
"Josh Roberson","sa3007721",7.59766,1.11946,5.17726,0.2527745,4.801675,14.41605,10.75415,2.063222,9.25829,0,16.50165,9.7783,0.51285,1.0226
"Josh Rogers","18510",5.0399875,1.47770416666667,2.572925,0.282036666666667,4.96965,23.4900762037037,13.1600402469136,7.30911592592593,25.330461095679,0,53.06525,28.2863,0.512,2.0207
"Josh Sborz","18323",9.85335647058823,0.987649941176471,3.51113117647059,0.232139411764706,3.89522588235294,40.8386148563968,14.5907737388789,4.04366908754325,16.1564206929827,1.55848571428571,32.3831285714286,16.9788285714286,0,0.977416428571429
"Josh Simpson","sa1053035",9.77030166666667,1.02700933333333,4.545825,0.235000833333333,4.11344333333333,40.85545,19.1774,4.240155,17.1433666666667,0.853151666666667,33.7563,18.9033166666667,0,2.75773166666667
"Josh Smith","sa3009923",6.9075,1.172,3.9456,0.261933,4.5369,0.7675,0.4384,0.130222,0.5041,0,1.0295,0.5434,0.0255,0.0462
"Josh Staumont","18335",8.92131647058824,1.098404,4.70429058823529,0.232557411764706,4.47620235294118,28.7377679058824,15.1398288470588,3.48624628823529,14.4652955764706,1.04474714285714,24.7058428571429,14.7582142857143,0,1.12319428571429
"Josh Stephan","sa3015286",6.95462,1.37548,2.72493,0.2612625,4.755645,30.8802,11.1612,6.075611,21.258135,0,40.02835,22.77765,0.00165,2.52275
"Josh Swales","sa3017753",5.1579,1.364,5.9121,0.282721,5.91057,0.5731,0.6569,0.151556,0.65673,0,1.1334,0.7005,0.0272,0.0422
"Josh Taylor","17359",8.58784583333333,1.03126944444444,3.49203388888889,0.256230138888889,4.48620666666667,12.9626900040123,5.13740485909465,1.5703000436214,6.98696708320987,0,13.4785,6.73855,0.5133,0.5211
"Josh Timmerman","sa3023098",5.9274,1.626,4.8429,0.275969,5.82561,0.6586,0.5381,0.180667,0.64729,0,1.1076,0.6874,0.0048,0.0524
"Josh Tomlin","9388",5.7672,1.61,2.3454,0.279211,5.06808,0.6408,0.2606,0.178889,0.56312,0,1.1346,0.5978,0.037,0.0408
"Josh Trentadue","sa3023010",6.1632,1.462,5.1102,0.273391,5.56398,0.6848,0.5678,0.162444,0.61822,0,1.0931,0.6585,0.0098,0.0499
"Josh Walker","23617",9.13199117647059,1.03547411764706,3.69904470588235,0.233491647058824,3.93732588235294,37.9829716195848,15.3631477131073,4.33992935294118,16.3462792844291,0.917062857142857,33.6760571428571,17.7976,0,1.22507614285714
"Josh White","sa3019953",7.5951,1.236,4.1868,0.25703,4.7268,0.8439,0.4652,0.137333,0.5252,0,1.0055,0.5633,0.019,0.0498
"Josh Winckowski","22387",7.42636,0.974534470588235,2.93407352941176,0.260334294117647,4.12261941176471,51.2676921248012,20.2742370142753,6.81453188986928,28.5249787148474,6.93199428571429,63.3795142857143,30.6718428571429,0,2.46375285714286
"Josh Winder","24606",7.72597090909091,1.09370681818182,2.86596363636364,0.251271818181818,3.99054909090909,22.2220908621488,8.11235885373738,3.03526159342333,10.6386596029091,0,22.692,11.11009,0.110486,1.21004675
"Josh Wolf","sa3011638",6.3495,1.062,6.12,0.267041,5.24547,0.7055,0.68,0.118,0.58283,0,1.0511,0.6284,0.0243,0.0519
"Joshawn Lampson","sa3021512",4.1733,1.66,7.2018,0.295606,7.20126,0.4637,0.8002,0.184444,0.80014,0,1.2056,0.8445,0.0067,0.0634
"Joshua Cornielly","sa3005890",7.9502,1.291945,3.796485,0.2459455,4.69952,21.94725,10.70885,3.5725555,13.748335,0,23.98125,14.7658,0.5126,3.02905
"Joshua Loeschorn","sa3020837",6.4197,1.309,4.6233,0.27217,5.31,0.7133,0.5137,0.145444,0.59,0,1.0834,0.6294,0.0194,0.0457
"Joshua Quezada","sa3021789",4.5729,1.634,6.3774,0.290536,6.72795,0.5081,0.7086,0.181556,0.74755,0,1.1801,0.7907,0.0067,0.0526
"Josiah Gray","24580",8.06365176470588,1.54099294117647,3.63841735294118,0.245292823529412,4.78324705882353,26.1938267679939,11.7993905490834,5.06173948060285,15.4626712239416,0.772273428571429,26.86442,16.5509171428571,0,1.53700914285714
"Josias De Los Santos","sa3006508",5.8509,1.436,6.5826,0.276124,6.13035,0.6501,0.7314,0.159556,0.68115,0,1.1003,0.723,0.0276,0.0548
"Josimar Cousin","sa3021579",6.96471,1.482025,3.1432,0.266226,4.827585,14.9049,6.68385,3.575611,11.2565,0,22.0093,12.2741,0.01255,0.52045
"Josmar Acevedo","sa3019062",4.077,1.671,6.9264,0.295815,7.09596,0.453,0.7696,0.185667,0.78844,0,1.2079,0.8326,0.0058,0.0521
"Josnier Parra","sa3021488",4.5639,1.571,8.0388,0.291049,7.1667,0.5071,0.8932,0.174556,0.7963,0,1.1777,0.8402,0.0289,0.0554
"Jostin Florentino","sa3021510",4.4523,1.533,6.2406,0.29183,6.54678,0.4947,0.6934,0.170333,0.72742,0,1.1841,0.7722,0.0053,0.0481
"Josue Arias","sa3018350",4.4613,1.346,8.2296,0.291327,6.9093,0.4957,0.9144,0.149556,0.7677,0,1.1723,0.8146,0.0044,0.0666
"Josue Carmona","sa3017979",4.9941,1.453,9.2223,0.282622,7.07175,0.5549,1.0247,0.161444,0.78575,0,1.1293,0.8296,0.0293,0.0535
"Josue Panacual","sa3010568",5.0211,1.286,4.6593,0.284701,5.52402,0.5579,0.5177,0.142889,0.61378,0,1.1437,0.6592,0.004,0.0561
"Jovani Moran","20422",9.57876571428571,0.908514285714286,4.48386666666667,0.237678333333333,4.32523761904762,2.6911046153288,1.26101420650038,0.24953179047619,1.40017600320484,0,0.8948,0.4714,0.0234,0.0372
"Jovi Galvez","sa3018837",4.0932,1.495,10.9305,0.293219,8.04618,0.4548,1.2145,0.166111,0.89402,0,1.1766,0.9405,0.0306,0.0718
"Juan Abreu","sa3017200",5.5629,1.52,7.2567,0.275494,6.41322,0.6181,0.8063,0.168889,0.71258,0,1.0936,0.754,0.0279,0.0481
"Juan Amarante","sa3019048",5.3928,1.453,5.6556,0.277814,5.77404,0.5992,0.6284,0.161444,0.64156,0,1.1062,0.6841,0.0071,0.0438
"Juan Archbold","sa3021543",4.2102,1.694,7.0857,0.296027,7.20711,0.4678,0.7873,0.188222,0.80079,0,1.2093,0.8445,0.0061,0.0546
"Juan Arnaud","sa3018294",6.1065,1.386,7.3656,0.269722,6.13008,0.6785,0.8184,0.154,0.68112,0,1.0671,0.7241,0.0279,0.0633
"Juan Bello","sa3019615",5.3505,1.54,4.4577,0.28312,5.79087,0.5945,0.4953,0.171111,0.64343,0,1.1397,0.6855,0.0031,0.0472
"Juan Burgos","sa3009272",6.5502,1.32,4.7565,0.261071,5.00076,0.7278,0.5285,0.146667,0.55564,0,1.0264,0.5964,0.0191,0.054
"Juan Carela","sa3009237",6.986155,1.43032,3.867485,0.2626205,5.17373,39.3823,20.72265,7.5831665,28.78698,0,51.5237,31.3064,0.0015,6.0394
"Juan Cota","sa3021984",4.2156,1.723,6.5853,0.29736,7.14168,0.4684,0.7317,0.191444,0.79352,0,1.2209,0.8368,0.0041,0.0515
"Juan Daniel Encarnacion","sa3008697",6.379725,1.469915,3.40627,0.2692395,5.189245,29.3552,15.68945,6.5840555,24.2839,0,45.0339,26.30265,0.0019,3.5286
"Juan De La Cruz","sa3019171",4.8312,1.589,5.6709,0.289231,6.48297,0.5368,0.6301,0.176556,0.72033,0,1.1748,0.763,0.0038,0.0661
"Juan De Los Santos","sa3010808",6.2019,1.382,5.2578,0.272065,5.45985,0.6891,0.5842,0.153556,0.60665,0,1.0801,0.648,0.0266,0.0478
"Juan Duran","sa3022262",4.9932,1.394,8.9037,0.285306,6.98679,0.5548,0.9893,0.154889,0.77631,0,1.1384,0.8224,0.0291,0.0536
"Juan Henriquez","sa3022136",4.8087,1.609,8.5509,0.286984,7.28037,0.5343,0.9501,0.178778,0.80893,0,1.156,0.8521,0.0291,0.0518
"Juan Hillman","sa874796",5.46286,1.2664,3.52209,0.2791195,5.171055,18.31525,12.68875,4.567778,19.26662,0,36.0557,20.7878,0.00355,3.0225
"Juan Manuel Abril","sa3002921",5.787,1.689,6.8031,0.285275,6.67665,0.643,0.7559,0.187667,0.74185,0,1.1506,0.7847,0.028,0.0558
"Juan Martinez","sa3009219",5.3973,1.354,6.4179,0.284091,6.25068,0.5997,0.7131,0.150444,0.69452,0,1.1398,0.7373,0.0238,0.0518
"Juan Martinez","sa3016278",5.1156,1.726,4.9824,0.292092,6.30666,0.5684,0.5536,0.191778,0.70074,0,1.1915,0.7445,0.0066,0.0502
"Juan Mateo","sa3015279",5.4873,1.39,6.0309,0.284944,6.08517,0.6097,0.6701,0.154444,0.67613,0,1.1465,0.7193,0.0274,0.0483
"Juan Mejia","sa3002949",6.2487,1.211,3.6558,0.269875,4.67469,0.6943,0.4062,0.134556,0.51941,0,1.071,0.5603,0.0138,0.0403
"Juan Mejia","sa3003159",7.897688,1.201464,4.821048,0.261735,5.187026,24.52374,14.8356,3.794488,16.0796,0.71146,28.85724,17.25894,0,2.88186
"Juan Mendez","sa3015336",6.7221,1.392,5.7195,0.267624,5.625,0.7469,0.6355,0.154667,0.625,0,1.0599,0.6646,0.0268,0.0491
"Juan Mercedes","sa3002818",6.035175,1.461015,2.30621,0.269106,4.80617,38.341,15.12615,9.084278,31.265155,0,63.53425,33.7831,0.00145,3.52495
"Juan Mercedes","sa3019563",6.336,1.39,5.3847,0.272485,5.6232,0.704,0.5983,0.154444,0.6248,0,1.0855,0.665,0.0267,0.048
"Juan Minaya","10341",7.2927,1.202,4.0032,0.259494,4.71816,0.8103,0.4448,0.133556,0.52424,0,1.0174,0.5629,0.0238,0.0655
"Juan Morillo","sa917772",7.54116,1.083395,5.232125,0.25903,4.63795,16.91155,12.75835,2.555778,10.25693,0,20.5104,11.2777,0.0129,0.52195
"Juan Nunez","sa3015464",7.75766,1.35732,4.671822,0.2471612,4.971964,9.0394,5.582598,1.728822,6.025082,1.00335,10.4602,6.431634,0,0.542081
"Juan Nunez","sa3019504",5.6169,1.534,5.9364,0.280835,6.2118,0.6241,0.6596,0.170444,0.6902,0,1.1239,0.7326,0.0121,0.0554
"Juan Nunez","sa828600",7.958655,1.69967,5.261,0.259553,5.5621,22.95735,16.28095,6.075,18.276455,0,28.9838,19.7941,0.013,3.0283
"Juan Oramas","sa3018853",4.9455,1.502,8.5374,0.286067,7.08183,0.5495,0.9486,0.166889,0.78687,0,1.1479,0.8313,0.029,0.0537
"Juan Ortega","sa3019190",4.3029,1.552,9.7398,0.29249,7.75494,0.4781,1.0822,0.172444,0.86166,0,1.1785,0.9072,0.0299,0.0696
"Juan Ozuna","sa3019085",4.7592,1.42,9.3591,0.285104,7.1073,0.5288,1.0399,0.157778,0.7897,0,1.1405,0.8346,0.0294,0.0518
"Juan Pablo Lopez","sa3004647",5.5863,1.342,4.9329,0.279538,5.4819,0.6207,0.5481,0.149111,0.6091,0,1.116,0.6524,0.0082,0.0466
"Juan Pinto","sa3018295",4.617,1.4,7.9605,0.281093,6.49854,0.513,0.8845,0.155556,0.72206,0,1.1219,0.7683,0.0067,0.0613
"Juan Rasquin","sa3021781",4.3029,1.621,7.1181,0.293142,7.01055,0.4781,0.7909,0.180111,0.77895,0,1.1908,0.8234,0.0054,0.0519
"Juan Reynoso","sa3017790",5.8437,1.364,7.4925,0.276839,6.37317,0.6493,0.8325,0.151556,0.70813,0,1.0998,0.7517,0.0281,0.0638
"Juan Rodriguez","sa3016615",5.6727,1.579,6.4881,0.281168,6.36975,0.6303,0.7209,0.175444,0.70775,0,1.1274,0.7491,0.0276,0.0514
"Juan Rojas","sa3016285",5.607,1.375,5.6547,0.279446,5.70429,0.623,0.6283,0.152778,0.63381,0,1.1177,0.677,0.0095,0.046
"Juan Salas","sa3016216",5.139,1.665,3.7548,0.279456,5.6304,0.571,0.4172,0.185,0.6256,0,1.1304,0.6637,0.0031,0.0468
"Juan Sanchez","sa3005444",7.792385,1.05604,5.04689,0.24872,4.6643,14.4454,10.74545,2.057278,9.73297,0,16.97535,10.7525,0.01275,1.02305
"Juan Sanchez","sa3018360",5.9598,1.386,7.2108,0.278058,6.31611,0.6622,0.8012,0.154,0.70179,0,1.1072,0.745,0.028,0.0619
"Juan Severino","sa3016290",4.3515,1.538,8.0478,0.290151,7.07139,0.4835,0.8942,0.170889,0.78571,0,1.1707,0.8303,0.0192,0.054
"Juan Soto","sa3016025",4.9536,1.634,6.0255,0.287815,6.54507,0.5504,0.6695,0.181556,0.72723,0,1.1624,0.7702,0.0073,0.0498
"Juan Then","22828",6.2398,1.20229166666667,3.87237916666667,0.2748,5.1099875,12.7180065555556,8.15496635802469,2.65647529320988,11.4782947962963,0,21.036,12.2854,0.01265,0.52175
"Juan Valera","sa3021570",5.3514,1.416,5.6268,0.288923,6.22908,0.5946,0.6252,0.157333,0.69212,0,1.163,0.7361,0.0038,0.0525
"Juan Zapata","sa3005452",5.226465,1.491865,3.55328,0.280083,5.25288,15.7989,10.7039,4.5839445,15.801835,0,32.06865,17.32175,0.0065,1.52135
"Juanmi Vasquez","sa3020344",5.5899,1.512,6.5583,0.27584,6.16491,0.6211,0.7287,0.168,0.68499,0,1.1062,0.7258,0.0203,0.05
"Juaron WattsBrown","sa3023352",6.5952,1.481,4.9356,0.268188,5.52303,0.7328,0.5484,0.164556,0.61367,0,1.0672,0.6533,0.0031,0.0423
"Julian Aguiar","30031",6.46303916666667,1.66446277777778,2.98876111111111,0.266171805555556,5.22100083333333,45.8374964711111,20.7585695740741,11.2986573562963,37.0958474355556,0,67.0551,40.30885,0.0022,5.53005
"Julian Bosnic","sa3020734",6.2424,1.132,6.8427,0.269515,5.55561,0.6936,0.7603,0.125778,0.61729,0,1.0593,0.6606,0.0274,0.0533
"Julian Fernandez","18341",8.3718,1.364,3.7818,0.248363,4.49964,0.9302,0.4202,0.151556,0.49996,0,0.9637,0.5345,0.0248,0.0476
"Julian Garcia","sa918182",8.0208,1.259,4.0329,0.253101,4.59963,0.8912,0.4481,0.139889,0.51107,0,0.9876,0.547,0.0254,0.0439
"Julian Merryweather","16703",9.63157705882353,1.02790823529412,3.73483529411765,0.236100352941176,4.09211882352941,51.4674104801615,19.9276461392541,5.49402418831219,21.7663478000769,4.48722,43.1501571428571,22.6741857142857,0,2.58984714285714
"Julian Smith","sa3010129",6.0669,1.299,5.8743,0.269363,5.4432,0.6741,0.6527,0.144333,0.6048,0,1.0649,0.6462,0.0269,0.0469
"Julian Valdez","sa3010656",5.5863,1.396,6.4593,0.279391,6.09363,0.6207,0.7177,0.155111,0.67707,0,1.116,0.72,0.0275,0.0519
"Julio  Marte","sa3021740",5.5782,1.521,5.1102,0.280713,5.91813,0.6198,0.5678,0.169,0.65757,0,1.1249,0.6997,0.0067,0.0499
"Julio Bonilla","sa3011372",5.7519,1.447,6.8184,0.279898,6.34554,0.6391,0.7576,0.160778,0.70506,0,1.1213,0.7473,0.0278,0.0533
"Julio Dilone","sa3015085",6.6699,1.337,6.5538,0.268106,5.80383,0.7411,0.7282,0.148556,0.64487,0,1.0569,0.6863,0.0273,0.0577
"Julio Frias","sa873218",6.4512,1.26,7.1091,0.267428,5.74623,0.7168,0.7899,0.14,0.63847,0,1.0511,0.681,0.0276,0.0577
"Julio Goff","sa3009247",5.1174,1.639,4.5225,0.286129,6.03576,0.5686,0.5025,0.182111,0.67064,0,1.163,0.711,0.0052,0.0509
"Julio Mendez","sa3019580",4.9995,1.394,5.5827,0.284058,5.91363,0.5555,0.6203,0.154889,0.65707,0,1.1443,0.7001,0.0073,0.0453
"Julio Ortiz","sa3009615",6.723,1.422,7.1154,0.266378,6.05907,0.747,0.7906,0.158,0.67323,0,1.0527,0.7142,0.0277,0.0535
"Julio Pinto","sa736965",7.8516,1.188,4.1697,0.254172,4.56534,0.8724,0.4633,0.132,0.50726,0,0.9901,0.545,0.0255,0.0503
"Julio Polanco","sa3024522",4.0212,1.631,6.7806,0.298301,7.06509,0.4468,0.7534,0.181222,0.78501,0,1.2199,0.8299,0.0038,0.0551
"Julio Ramirez","sa3019194",4.293,1.589,9.2124,0.293183,7.62381,0.477,1.0236,0.176556,0.84709,0,1.1861,0.892,0.0296,0.0538
"Julio Robaina","sa3006817",6.508395,1.226465,3.79238,0.263492,4.687755,29.85115,17.207,5.073222,20.268655,0,41.5325,21.7886,0.00225,1.52135
"Julio Rodriguez","sa3007992",7.4993,1.138945,4.759055,0.255662,4.8191,21.89715,13.75495,3.5555555,14.25148,0,25.0043,15.2732,0.01285,3.53175
"Julio Rosario","sa3021492",5.5629,1.418,5.9904,0.281445,6.13854,0.6181,0.6656,0.157556,0.68206,0,1.13,0.7226,0.0273,0.0474
"Julio Teheran","6797",6.70984583333333,1.64598333333333,3.06362916666667,0.270145,5.057425,19.8970702777778,9.79547291666667,5.17458216666667,15.9155035833333,0,29.0293,16.2812,0.00125,2.02715
"Julio Urias","14765",7.93967714285714,1.58859380952381,2.84844857142857,0.250367857142857,4.33265714285714,7.83385049959183,4.55550759755102,2.09650133292517,5.18809093877551,0,0.9777,0.4986,0.0046,0.0405
"Julio Zapata","sa3018364",4.6098,1.448,7.4997,0.288814,6.73119,0.5122,0.8333,0.160889,0.74791,0,1.1621,0.7936,0.0196,0.057
"Junior Cerda","sa3016234",6.6078,1.413,5.7483,0.266513,5.62041,0.7342,0.6387,0.157,0.62449,0,1.0535,0.6639,0.0268,0.0534
"Junior Fernandez","18496",7.5213,0.954,4.0419,0.258348,4.30992,0.8357,0.4491,0.106,0.47888,0,1.0042,0.5199,0.0251,0.0459
"Junior Flores","sa3015479",5.3262,1.295,6.5754,0.278563,6.03999,0.5918,0.7306,0.143889,0.67111,0,1.1174,0.7156,0.0277,0.0541
"Junior Garcia","sa737032",7.7535,1.175,3.816,0.253789,4.33926,0.8615,0.424,0.130556,0.48214,0,0.9897,0.5191,0.0252,0.0413
"Junior Guerra","5702",7.2891,1.239,4.4703,0.263046,4.80816,0.8099,0.4967,0.137667,0.53424,0,1.0298,0.5743,0.0263,0.0444
"Junior Mieses","sa3005258",6.8454,1.437,6.6681,0.265673,5.97285,0.7606,0.7409,0.159667,0.66365,0,1.048,0.7032,0.0275,0.0674
"Junior Montero","sa3008701",5.9517,1.446,6.912,0.274652,6.20559,0.6613,0.768,0.160667,0.68951,0,1.0921,0.7313,0.0277,0.0517
"Junior Pina","sa3016911",4.6116,1.586,9.603,0.288443,7.6527,0.5124,1.067,0.176222,0.8503,0,1.1598,0.8948,0.0298,0.0641
"Junior Sanchez","sa3022009",4.9248,1.443,8.4519,0.286702,6.96528,0.5472,0.9391,0.160333,0.77392,0,1.1491,0.8192,0.0289,0.0529
"Junior Santos","sa3005470",5.832055,1.169955,3.68096,0.267431,4.893325,20.8374,13.70445,4.069389,18.7634,0,36.02895,20.2837,0.01105,2.52295
"Junior William","sa3016072",6.0219,1.396,6.7545,0.277005,6.05817,0.6691,0.7505,0.155111,0.67313,0,1.0991,0.7165,0.0275,0.0477
"Justin Anderson","16201",9.43731264705882,1.14332258823529,4.38862058823529,0.237831411764706,4.32255,65.8076604302976,30.6997379258408,8.05972410611303,30.2015958539177,10.8414714285714,59.0850571428571,33.5267857142857,0,3.37870428571429
"Justin Armbruester","sa3017548",6.93901,1.58533,3.64012,0.260867,5.2206,41.3853,21.7022,8.100889,29.80255,0,54.02625,32.3193,0.00175,4.5292
"Justin Bruihl","23779",7.1327875,1.01484375,3.48220416666667,0.25649875,4.59664166666667,19.5365404938272,9.47230435802469,2.63835022222222,12.8526134320988,0,24.00695,13.25915,1.018,3.03335
"Justin Bullock","sa3005213",6.0705,1.717,3.1221,0.275027,5.35005,0.6745,0.3469,0.190778,0.59445,0,1.1099,0.6311,0.003,0.0405
"Justin Caceres","sa3018838",4.3299,1.568,8.946,0.291967,7.47711,0.4811,0.994,0.174222,0.83079,0,1.1794,0.8757,0.0294,0.0585
"Justin Courtney","sa3015069",7.4295,1.208,3.8637,0.255497,4.46958,0.8255,0.4293,0.134222,0.49662,0,1.0005,0.5351,0.0253,0.0388
"Justin Dillon","sa659283",7.7202,1.263,3.5271,0.255929,4.51521,0.8578,0.3919,0.140333,0.50169,0,1.0025,0.5382,0.0193,0.044
"Justin Dunn","19268",6.6897,1.825,3.9168,0.271318,5.73255,0.7433,0.4352,0.202778,0.63695,0,1.0869,0.6719,0.0039,0.0568
"Justin Evans","sa3014795",7.7076,1.213,4.5513,0.253951,4.71069,0.8564,0.5057,0.134778,0.52341,0,0.9882,0.5616,0.0257,0.055
"Justin Fall","sa3017540",5.3991,1.214,5.1138,0.277973,5.27355,0.5999,0.5682,0.134889,0.58595,0,1.1085,0.6294,0.0266,0.048
"Justin Garza","19784",7.92678,1.14020694444444,3.71537083333333,0.259937083333333,4.75296111111111,20.7876333782099,10.2834751111111,2.99348853106996,12.8532747452675,0,23.99465,13.2602,0.01205,1.5235
"Justin Grimm","11720",7.3431,1.343,3.501,0.261164,4.71609,0.8159,0.389,0.149222,0.52401,0,1.0311,0.5599,0.0245,0.0469
"Justin Hagenman","sa3008022",8.07379714285714,1.28293714285714,2.78626,0.245094,4.27571142857143,20.1674857142857,7.31598,3.43669428571429,11.1305514285714,0.727582857142857,22.0565857142857,12.0690885714286,0,1.29859185714286
"Justin Jarvis","sa3007775",7.00848,1.51924,3.476565,0.2616515,4.984675,37.38215,18.688,7.093778,25.2859,0,48.0292,27.30345,0.00445,1.5194
"Justin Kelly","sa3017072",6.162885,1.34718,3.724665,0.2671135,4.903555,12.8532,8.20165,3.070111,10.766325,0,20.536,11.7865,0.5128,1.0217
"Justin King","sa3018278",9.599674,1.14291,5.051154,0.2358228,4.473484,27.53166,14.41024,3.208,12.69072,0.71884,23.26388,13.66104,0,1.82684
"Justin Lange","sa3014517",6.8652,1.596,5.4441,0.266888,5.72643,0.7628,0.6049,0.177333,0.63627,0,1.0612,0.6763,0.0031,0.0569
"Justin Lasko","sa1052944",6.1326,1.434,3.3093,0.27453,5.07789,0.6814,0.3677,0.159333,0.56421,0,1.1004,0.6031,0.01,0.044
"Justin Lawrence","17639",7.89956823529412,0.912871823529412,4.32091882352941,0.255248117647059,4.64582470588235,57.0952807063868,31.1478811344268,6.44122722208497,33.3978453272141,8.22406428571429,65.2600571428571,36.3732285714286,0,4.86000285714286
"Justin Lawson","sa3023504",7.3953,1.225,4.149,0.254717,4.58019,0.8217,0.461,0.136111,0.50891,0,0.9963,0.5478,0.0226,0.0466
"Justin Lewis","sa3008577",6.9714,1.513,3.7548,0.267994,5.20281,0.7746,0.4172,0.168111,0.57809,0,1.0705,0.6153,0.0068,0.0423
"Justin Maese","sa875002",7.7175,1.39,3.6882,0.254359,4.60512,0.8575,0.4098,0.154444,0.51168,0,0.9993,0.548,0.0253,0.0475
"Justin Martinez","24453",11.02572,0.547328058823529,4.58451794117647,0.213807882352941,3.10708117647059,85.7314424911649,35.5130732604037,4.27460611066897,24.1112682458132,8.96750571428571,54.0813428571429,26.2724142857143,0,3.71831714285714
"Justin Meis","sa3017207",6.94976,1.37685,4.40739,0.2620715,5.124285,26.8898,17.2444,5.0808335,19.78798,0,37.01515,21.30515,0.01295,1.52185
"Justin Militello","sa3023568",4.0698,1.682,7.3215,0.302271,7.43562,0.4522,0.8135,0.186889,0.82618,0,1.243,0.8706,0.0091,0.0553
"Justin Miller","8580",7.0317,1.449,3.1194,0.265481,4.84515,0.7813,0.3466,0.161,0.53835,0,1.0555,0.5729,0.0245,0.0466
"Justin Nicolino","11754",5.8545,1.751,2.9394,0.282416,5.40018,0.6505,0.3266,0.194556,0.60002,0,1.1485,0.6381,0.0035,0.0397
"Justin Sanchez","sa3022416",5.9742,1.489,6.8031,0.272481,6.06114,0.6638,0.7559,0.165444,0.67346,0,1.086,0.7143,0.0266,0.0475
"Justin Showalter","sa3025114",5.6502,1.416,6.0363,0.279576,6.01542,0.6278,0.6707,0.157333,0.66838,0,1.1192,0.7105,0.0273,0.0561
"Justin Slaten","25648",9.45924705882353,1.03082717647059,3.10637705882353,0.237897470588235,3.71336705882353,67.0220981447751,22.1068993170934,7.35096102145329,26.3895773792111,13.7274714285714,59.1774571428571,30.0713142857143,0,2.21352142857143
"Justin Steele","17312",8.78041823529412,0.889236352941176,2.41943294117647,0.235920823529412,3.35404176470588,159.44127291932,43.7733668333333,16.2034390409458,60.9577636330681,0,148.461142857143,68.0836285714286,0,6.08365714285714
"Justin Sterner","27694",8.80811176470588,1.25710764705882,3.45595647058824,0.233235764705882,4.12311411764706,42.6726522618301,16.8447365872587,6.10510275417532,19.9199539233956,1.17469428571429,39.9606571428571,22.4699428571429,0,2.31932
"Justin Storm","sa3022797",8.4861,1.08,4.6953,0.24647,4.33593,0.9429,0.5217,0.12,0.48177,0,0.9495,0.5196,0.0255,0.0469
"Justin Topa","15145",7.66429176470588,0.945490823529412,2.87794176470588,0.253646705882353,4.23731117647059,40.127194361381,15.0697533518954,4.9756446990296,22.1396894325413,1.74567,46.4686428571429,22.3770571428571,0,3.21930142857143
"Justin Verlander","8700",7.44864647058824,1.23291176470588,2.53372705882353,0.250055882352941,4.17166823529412,107.388642929204,36.3966875880969,17.7326658593618,59.9475916945021,0,128.124428571429,65.2624,0,5.10789428571429
"Justin Wilson","4301",9.48117058823529,1.18710882352941,3.21913705882353,0.242528705882353,4.14480941176471,57.8086299880969,19.5920149728374,7.16590317110727,25.1316954750865,9.98609857142857,53.4409857142857,27.4473571428571,0,2.21273714285714
"Justin Wilson","sa3008166",7.9569,1.293,3.9321,0.252538,4.5198,0.8841,0.4369,0.143667,0.5022,0,0.9875,0.5397,0.0254,0.0508
"Justin Wrobleski","31204",8.07406352941176,1.27017764705882,3.18747294117647,0.243384823529412,4.32534235294118,40.7296044126228,16.1558031423668,6.55336434502422,22.3813662726644,0.892858,44.1844428571429,24.4334285714286,0,1.52254285714286
"Justin Yeager","sa3010825",8.45761,1.256025,4.241565,0.244415,4.58069,21.95875,11.2252,3.0724445,11.751695,0,21.48375,12.76945,0.01265,1.0217
"Justus Sheffield","17285",6.60463,1.2519,4.08389,0.2722635,5.087975,23.8626,15.7089,5.060111,20.249375,0,36.5251,21.77035,0.5094,2.5265
"KC Hunt","sa3022937",8.67142,1.24387,2.80208,0.241774,4.04815,45.46735,13.6625,6.0720555,19.7348,0,41.48535,21.25245,0.00375,1.52035
"Kade McClure","sa915622",6.483885,1.166195,3.392975,0.2677355,4.66975,21.3663,11.1915,3.5705555,15.26591,0,32.53155,16.2846,0.0127,1.5233
"Kade Mechals","sa3020322",6.1137,1.487,4.8303,0.274753,5.63715,0.6793,0.5367,0.165222,0.62635,0,1.0997,0.6655,0.0201,0.0508
"Kade Morris","sa3023206",5.58751,1.34285,3.25297,0.272048,4.981065,38.8111,22.18445,9.572778,35.271875,0,67.5474,38.29305,0.00175,6.02765
"Kade Strowd","sa3011418",8.477165,1.0599675,4.19228666666667,0.2477915,4.34338666666667,26.64725,13.1781433333333,3.367435,13.6917116666667,0.855846666666667,27.28745,14.8284216666667,0,1.49803816666667
"Kai Peterson","sa3023453",7.9911,1.147,6.5673,0.250563,5.04981,0.8879,0.7297,0.127444,0.56109,0,0.9685,0.602,0.0269,0.06
"Kai Wynyard","sa3015311",7.0875,1.497,4.3776,0.264334,5.24502,0.7875,0.4864,0.166333,0.58278,0,1.0502,0.6193,0.0261,0.0516
"KaiWei Lin","sa919537",8.2017,1.205,3.6441,0.250976,4.38381,0.9113,0.4049,0.133889,0.48709,0,0.9767,0.5228,0.0251,0.0495
"KaiWei Teng","24282",7.70206727272727,0.882299363636364,4.22604363636364,0.259386,4.72274909090909,26.6154308200367,15.016582328595,3.07890277926997,16.8099480016529,0,32.126325,18.82895,0.20000475,3.97261
"Kaleb Bowman","sa3020745",7.549405,1.365485,3.34541,0.2547505,4.72941,23.41525,10.18755,4.0780555,14.758455,0,27.5061,15.7762,0.01125,2.52545
"Kaleb Ort","20061",9.62082176470588,1.29431294117647,3.52886117647059,0.231304352941176,3.95386,63.3135555654394,23.3453918722768,8.40252199381776,26.0198012940623,12.8413285714286,53.2977714285714,30.0224428571429,0,2.80348285714286
"Kaleb Roper","sa3010110",6.5412,1.246,3.4452,0.269169,4.72689,0.7268,0.3828,0.138444,0.52521,0,1.0672,0.5659,0.0087,0.0394
"Kamdyn Perry","sa3023663",5.2335,1.564,5.733,0.287873,6.30828,0.5815,0.637,0.173778,0.70092,0,1.1679,0.7442,0.0086,0.051
"Kamron Fields","sa3017919",5.1426,1.532,6.8049,0.283288,6.49791,0.5714,0.7561,0.170222,0.72199,0,1.1393,0.7645,0.0246,0.0492
"Kannon Handy","sa3023178",5.346,1.664,5.5971,0.295635,6.60267,0.594,0.6219,0.184889,0.73363,0,1.2069,0.7749,0.0152,0.0487
"Karan Patel","sa1169765",7.7373,1.31,4.6017,0.25389,4.85703,0.8597,0.5113,0.145556,0.53967,0,0.9905,0.5769,0.0174,0.0464
"Karl Kauffmann","27488",5.2234025,1.37860666666667,3.83908055555556,0.296075972222222,5.81981805555556,33.5419082896296,25.9218569975309,8.3264289387037,36.6300624169753,0,69.12395,39.85125,0.00845,3.02255
"Karlo Seijas","sa3006369",4.7529,1.589,5.4621,0.287499,6.25068,0.5281,0.6069,0.176556,0.69452,0,1.1667,0.7362,0.019,0.047
"Karlos Morales","sa3005285",6.2667,1.086,6.1821,0.268121,5.16627,0.6963,0.6869,0.120667,0.57403,0,1.0509,0.6187,0.0269,0.0516
"Karson Milbrandt","sa3020659",5.4198,1.547,5.2191,0.28139,6.02451,0.6022,0.5799,0.171889,0.66939,0,1.1331,0.7109,0.0032,0.0463
"Kasey Ford","sa3017099",7.36907,1.34785,5.34455,0.2554885,5.22868,13.40345,10.27435,2.569889,9.77745,0,16.00665,10.79705,0.01305,2.02855
"Kasey Kalich","sa1169633",7.5762,1.258,4.7025,0.257244,4.87674,0.8418,0.5225,0.139778,0.54186,0,1.0058,0.5799,0.0259,0.0476
"Kazuhisa Makita","19757",7.0524,1.33,2.9844,0.264663,4.62726,0.7836,0.3316,0.147778,0.51414,0,1.0487,0.5504,0.0247,0.044
"Keagan Gillies","sa3017686",7.935675,1.348755,3.91966,0.253666,4.644155,18.9338,9.2176,3.077222,10.76178,0,20.9977,11.7794,0.0127,1.02185
"Keaton Winn","23499",8.2370505882353,0.944845647058824,2.73922823529412,0.246146470588235,4.16862117647059,40.7809272207797,13.6296094373426,4.62313339727797,20.7715511116263,0.795905285714286,41.5653857142857,21.4080714285714,0,2.63355714285714
"Keegan Akin","19362",9.92918705882353,1.10262588235294,2.54815705882353,0.227151294117647,3.57150470588235,77.0178267158477,19.7568950233072,8.52025730920415,27.7557285001661,15.4157571428571,60.1707,29.0153285714286,0,2.01163714285714
"Keegan Collett","sa3011192",7.128,1.318,6.534,0.261691,5.59503,0.792,0.726,0.146444,0.62167,0,1.0241,0.6622,0.0271,0.0486
"Keegan Curtis","sa3007833",6.8931,1.363,3.5388,0.2638,4.81455,0.7659,0.3932,0.151444,0.53495,0,1.0442,0.5721,0.0207,0.0465
"Keegan James","sa3011232",5.7483,1.482,5.2659,0.279017,5.85621,0.6387,0.5851,0.164667,0.65069,0,1.1207,0.6908,0.0269,0.0513
"Keegan Thompson","19795",9.30715294117647,1.12558235294118,4.13205058823529,0.228166705882353,4.10787352941177,63.7137798992234,28.0860368212534,7.70116238029988,28.0474384758862,12.0443085714286,52.9046571428571,29.6929428571429,0,2.92058142857143
"Keegan Zinn","sa3023088",4.5882,1.616,7.3026,0.29179,7.04682,0.5098,0.8114,0.179556,0.78298,0,1.1835,0.8271,0.0071,0.0546
"Keeler Morfe","sa3022239",5.4522,1.566,5.4441,0.28452,6.12189,0.6058,0.6049,0.174,0.68021,0,1.1473,0.7231,0.0032,0.0527
"Keiber Armas","sa3023848",4.4109,1.577,6.8481,0.293238,6.86052,0.4901,0.7609,0.175222,0.76228,0,1.1909,0.807,0.0067,0.0529
"Keider Herrera","sa3019138",4.4631,1.514,8.5266,0.291315,7.21026,0.4959,0.9474,0.168222,0.80114,0,1.1756,0.8464,0.0291,0.0501
"Keider Montero","22630",7.59730588235294,1.21619411764706,3.11654705882353,0.250180235294118,4.31702117647059,42.8591637829143,17.8086111403922,7.01036790324952,24.6741371192495,0.848881714285714,48.5485714285714,26.5125571428571,0,2.81924142857143
"Keiner Leon","sa3016279",5.7942,1.582,6.399,0.276691,6.28542,0.6438,0.711,0.175778,0.69838,0,1.1087,0.738,0.0275,0.044
"Keith Rogalla","sa829753",7.6158,1.39,4.3173,0.258229,4.97709,0.8462,0.4797,0.154444,0.55301,0,1.0159,0.5884,0.0258,0.0442
"Keiverson Ramirez","sa3022126",4.1841,1.562,5.7375,0.294484,6.50016,0.4649,0.6375,0.173556,0.72224,0,1.2002,0.7669,0.0032,0.0509
"Kelly Austin","sa3023264",7.2387,1.498,4.5288,0.261797,5.1507,0.8043,0.5032,0.166444,0.5723,0,1.0375,0.6097,0.0261,0.0468
"Kelvin Bautista","sa3006491",7.46141,1.26428,6.008855,0.257429,5.25894,19.90235,16.8066,3.563889,14.76704,0,23.5035,15.7882,0.01315,2.02565
"Kelvin Caceres","24681",9.16190882352941,1.11754235294118,5.37946676470588,0.233577588235294,4.71119176470588,15.7824144818824,9.65163570996079,1.90357067398693,8.52106475545098,0.882603857142857,13.39089,8.60098714285714,0,1.59049871428571
"Kelvin Carmona","sa3022140",4.5009,1.545,10.1349,0.290948,7.80093,0.5001,1.1261,0.171667,0.86677,0,1.1697,0.9123,0.0301,0.0566
"Kelvin LaRoche","sa3010795",5.4081,1.433,6.0057,0.281447,6.06033,0.6009,0.6673,0.159222,0.67337,0,1.1297,0.7158,0.0273,0.0518
"Kelvin Nunez","sa3002816",5.8014,1.48,3.8583,0.276652,5.35635,0.6446,0.4287,0.164444,0.59515,0,1.1112,0.6343,0.0161,0.0487
"Kelvin Perez","sa3015154",4.9572,1.591,5.6214,0.286229,6.30972,0.5508,0.6246,0.176778,0.70108,0,1.1604,0.7418,0.0274,0.0583
"Kelvin Ramirez","sa3015492",6.3801,1.453,5.3676,0.270629,5.51484,0.7089,0.5964,0.161444,0.61276,0,1.0715,0.6538,0.0241,0.0433
"Kelvin Rosario","sa3022128",4.5261,1.489,7.1568,0.28865,6.64065,0.5029,0.7952,0.165444,0.73785,0,1.166,0.7821,0.0075,0.0513
"Kelvis Salcedo","sa3021531",4.6629,1.456,6.2397,0.290477,6.4089,0.5181,0.6933,0.161778,0.7121,0,1.1744,0.7576,0.0037,0.0507
"Ken Giles","12910",9.497025,1.158835,4.76552,0.2379925,4.39855,16.50915,8.7394,2.0605,7.732755,0,13.9576,8.25075,0.0124,1.0231
"Ken Waldichuk","27681",8.50917055555556,1.24762333333333,3.63930222222222,0.241684888888889,4.50304666666667,39.4418835227435,17.041039298107,5.57037686874074,20.9084321045597,0,38.8163333333333,23.1150333333333,0.042683,3.05373666666667
"Kendal Meza","sa3022125",4.6458,1.581,7.4151,0.291255,7.01145,0.5162,0.8239,0.175667,0.77905,0,1.1783,0.8238,0.0038,0.0515
"Kendall Graveman","15514",8.58664117647059,1.008315,4.01220441176471,0.238058823529412,4.08323764705882,48.8970592735717,22.9395219417109,5.8208204572895,23.3015372337255,7.24004428571429,47.2065142857143,25.0550142857143,0,3.50238285714286
"Kendall Williams","sa3011674",4.785105,1.440125,4.19299,0.281981,5.65135,23.2633,19.73835,7.0783335,27.312875,0,49.0778,29.33495,0.00155,3.53005
"Kendeglys Virguez","sa3018351",6.2694,1.39,6.345,0.273946,5.96169,0.6966,0.705,0.154444,0.66241,0,1.0914,0.7046,0.0274,0.059
"Kendry Rojas","sa3016746",5.9148,1.429,3.888,0.27152,5.09778,0.6572,0.432,0.158778,0.56642,0,1.0857,0.6066,0.0034,0.0424
"Keneth Quintanilla","sa3016796",5.0751,1.539,8.6337,0.284338,7.12872,0.5639,0.9593,0.171,0.79208,0,1.1396,0.8358,0.029,0.0528
"Keninson Diaz","sa3019143",5.2758,1.418,8.7975,0.281763,6.91335,0.5862,0.9775,0.157556,0.76815,0,1.1217,0.8133,0.029,0.0545
"Kenley Jansen","3096",10.1747494117647,1.23988470588235,3.44523705882353,0.222358529411765,3.99746588235294,66.0578595978408,22.3730447197662,7.95379868622837,26.0353502363829,3.83712571428571,48.3321,26.7718714285714,0,2.08746857142857
"Kenny Hernandez","sa943755",5.5683,1.135,3.4668,0.275321,4.62168,0.6187,0.3852,0.126111,0.51352,0,1.0963,0.557,0.0033,0.0409
"Kenny Pinto","sa3015420",3.9051,1.46,7.3143,0.296108,6.83595,0.4339,0.8127,0.162222,0.75955,0,1.2035,0.8057,0.0033,0.0519
"Kenny Rosenberg","20009",7.42923636363636,1.61750363636364,3.27606727272727,0.265397818181818,5.08076545454545,29.2300691939394,12.6473854,5.92464726666667,19.0111369151515,0,39.131625,21.32675,0.4221,1.590016
"Kent Emanuel","15849",6.569275,1.16457916666667,2.5027,0.272060833333333,4.54640416666667,21.1009016666667,8.6077165308642,4.15005703703704,16.0738040308642,0,33.0253,16.23835,0.0117,2.026
"Kent Hasler","sa3015089",8.2953,1.282,3.7755,0.248972,4.42116,0.9217,0.4195,0.142444,0.49124,0,0.9683,0.5266,0.0251,0.0413
"Kenta Maeda","18498",8.13136705882353,1.38919294117647,2.71069911764706,0.251186764705882,4.52593352941176,75.8141508109804,25.5181739955882,13.1434309494118,42.3727710096078,1.10164857142857,81.9542428571429,45.5937,0,3.18754142857143
"Kenten Egbert","sa3023500",5.5818,1.516,4.4811,0.279159,5.64813,0.6202,0.4979,0.168444,0.62757,0,1.1206,0.6684,0.0049,0.0429
"Kenya Huggins","sa3020609",6.4368,1.522,6.3711,0.278149,6.10164,0.7152,0.7079,0.169111,0.67796,0,1.1104,0.721,0.0274,0.046
"Kenyi Perez","sa3016008",6.9489,1.315,9.5373,0.263616,6.5862,0.7721,1.0597,0.146111,0.7318,0,1.0237,0.7758,0.029,0.072
"Kenyon Yovan","sa3016839",7.091615,1.5085,3.86447,0.263624,5.096155,16.8951,9.2151,3.584278,12.280525,0,22.5218,13.2987,0.5128,1.5242
"Keone Kela","14696",8.3187,1.291,3.9816,0.24685,4.44321,0.9243,0.4424,0.143444,0.49369,0,0.9521,0.5283,0.0246,0.0406
"Kervin Castro","21656",7.866,1.391,4.1967,0.254574,4.75218,0.874,0.4663,0.154556,0.52802,0,0.999,0.5646,0.0261,0.0425
"Keuri Almonte","sa3021779",4.6107,1.481,7.8615,0.288084,6.87537,0.5123,0.8735,0.164556,0.76393,0,1.1602,0.8087,0.0041,0.0602
"Kevin Abel","sa3017879",6.875865,1.64271,5.16083,0.2718605,5.92257,33.87445,26.2711,8.0895,29.81504,0,47.54395,32.33565,0.00155,2.02265
"Kevin Briceno","sa3017317",4.3209,1.699,6.2703,0.29458,6.89346,0.4801,0.6967,0.188778,0.76594,0,1.2038,0.8088,0.0052,0.0508
"Kevin Camacho","sa3021577",4.6557,1.546,8.8317,0.289297,7.32978,0.5173,0.9813,0.171778,0.81442,0,1.1652,0.859,0.0292,0.054
"Kevin Coulter","sa3010115",7.4547,1.235,3.8925,0.258838,4.62618,0.8283,0.4325,0.137222,0.51402,0,1.0155,0.5517,0.0254,0.0422
"Kevin Gadea","sa735841",7.6176,1.255,4.1697,0.258043,4.73517,0.8464,0.4633,0.139444,0.52613,0,1.0114,0.5635,0.0256,0.0462
"Kevin Garcia","sa3006516",4.8501,1.372,8.9343,0.284473,6.87879,0.5389,0.9927,0.152444,0.76431,0,1.1365,0.8095,0.0291,0.0552
"Kevin Gausman","14107",8.67269764705882,1.15402588235294,2.62412470588235,0.244912058823529,3.97822,177.352699104429,53.6912878269896,23.5259714223529,81.3745865743944,0,175.107142857143,86.6797,0,4.25900857142857
"Kevin Ginkel","19876",9.28574352941176,0.863707529411765,2.90551470588235,0.236926941176471,3.51990647058824,64.7970571985667,20.2778156422945,6.10114246816148,24.5118499582099,14.0614142857143,56.0329285714286,26.0964428571429,0,2.49633571428571
"Kevin Gowdy","sa917928",6.62445,1.0595,3.94875,0.260161,4.57785,18.37605,11.21875,3.057722,13.24865,0,26.0188,14.2701,0.0115,2.0279
"Kevin Herget","15369",7.71788470588235,1.33372941176471,2.63715147058824,0.250764941176471,4.51936117647059,31.0523065618823,10.6669592271765,5.41213383476816,18.3177974196817,1.11145714285714,35.1464428571429,18.2149571428571,0,1.26859428571429
"Kevin Kelly","25679",8.08372264705882,0.820921823529412,2.11135529411765,0.239621764705882,3.47607529411765,51.4180582943841,13.3754188247843,5.22486931985352,22.0579532869204,5.72068571428571,51.9604571428571,24.0984857142857,0,4.63592142857143
"Kevin Kopps","sa3017005",6.49592,1.037835,4.64089,0.259471,4.758815,19.85175,14.25,3.058389,14.753615,0,27.0144,15.77555,0.01285,2.0265
"Kevin Malisheski","sa919034",7.9173,1.277,4.5909,0.253624,4.79358,0.8797,0.5101,0.141889,0.53262,0,0.9885,0.5696,0.0222,0.0434
"Kevin Milam","sa3010819",6.3531,1.393,4.9653,0.271132,5.43699,0.7059,0.5517,0.154778,0.60411,0,1.0784,0.6436,0.0264,0.0459
"Kevin Miranda","sa3020757",5.09652,1.48986,2.642985,0.2786615,4.98906,15.29985,7.66045,4.585611,15.28791,0,32.56545,16.30745,0.005,1.0218
"Kevin Rodriguez","sa3008683",5.1912,1.268,5.3325,0.282797,5.61636,0.5768,0.5925,0.140889,0.62404,0,1.1326,0.6686,0.0269,0.0535
"Kevin Smith","sa3007710",7.0353,1.239,4.1193,0.261356,4.69377,0.7817,0.4577,0.137667,0.52153,0,1.027,0.561,0.0098,0.0438
"Kevin Stevens","sa3020613",8.92666,1.162125,3.888465,0.237452,4.39592,17.4874,7.7095,2.069778,8.73621,0,15.473,9.25395,0.0125,1.52155
"Kevin Tejada","sa3022046",4.6692,1.577,8.2944,0.288512,7.18596,0.5188,0.9216,0.175222,0.79844,0,1.164,0.8422,0.0289,0.0539
"Kevin Valdez","sa3019052",5.4666,1.381,5.7366,0.281442,5.92524,0.6074,0.6374,0.153444,0.65836,0,1.1245,0.7026,0.0058,0.0551
"Kevin Velasco","sa3021524",4.6593,1.652,6.2973,0.290803,6.73056,0.5177,0.6997,0.183556,0.74784,0,1.1829,0.7906,0.0061,0.0476
"Kevison Hernandez","sa3016620",4.9302,1.571,8.4969,0.286873,7.22385,0.5478,0.9441,0.174556,0.80265,0,1.1532,0.8468,0.0185,0.056
"Keylan Killgore","sa3008069",7.924985,1.127325,4.41135,0.2506845,4.610355,20.94715,12.23645,3.0618335,13.23742,0,23.98085,14.25635,0.01265,1.52295
"Keynan Middleton","15264",9.32302705882353,1.20384,3.52063411764706,0.233629411764706,4.06732352941176,20.4074582698962,7.5149011349481,2.5565232295271,8.86239319492502,0.100205285714286,17.1571,9.21350857142857,0,0.719177714285714
"Keyner Benitez","sa3021795",5.4891,1.306,5.3361,0.280548,5.64192,0.6099,0.5929,0.145111,0.62688,0,1.1234,0.6702,0.0042,0.0498
"Keyshawn Askew","sa3017916",7.930835,1.051845,4.543615,0.2480385,4.643895,29.43505,16.751,4.0553335,18.239065,0,30.99045,19.7598,0.01285,6.0392
"Keythel Key","sa3016282",6.7617,1.472,4.9842,0.26925,5.47344,0.7513,0.5538,0.163556,0.60816,0,1.0651,0.6491,0.0073,0.0534
"Keywill Cedeno","sa3021763",4.806,1.574,7.8138,0.286278,6.95817,0.534,0.8682,0.174889,0.77313,0,1.1533,0.8163,0.0286,0.0512
"Khristian Curtis","sa3023473",5.2182,1.4,5.2479,0.286121,5.98581,0.5798,0.5831,0.155556,0.66509,0,1.1551,0.7079,0.0037,0.0478
"Khristian Guevara","sa3019122",4.2912,1.759,7.3386,0.298447,7.20711,0.4768,0.8154,0.195444,0.80079,0,1.2225,0.8454,0.0162,0.0504
"Kikito Severino","sa3016030",4.7529,1.301,6.2235,0.285878,5.96565,0.5281,0.6915,0.144556,0.66285,0,1.1478,0.7083,0.0131,0.0545
"Kinn Omosako","sa3016948",4.7709,1.521,8.5869,0.28741,7.15635,0.5301,0.9541,0.169,0.79515,0,1.1549,0.8396,0.029,0.0526
"Kirby Snead","19179",7.22656545454545,0.806217272727273,3.96194181818182,0.256209272727273,4.39345454545455,13.384907917135,7.28823406236914,1.49034231471074,7.97020232815427,0.2095425,15.62977,8.2410075,0.3796615,0.93854575
"Kirby Yates","9073",10.8024294117647,1.118095,4.33602588235294,0.208484647058824,3.79794117647059,71.3906061483814,28.5442613685675,7.43048475274395,25.0464860696655,11.1575857142857,44.8137857142857,25.6360857142857,0,3.71551428571429
"Kirk McCarty","20555",7.2702,1.35,3.276,0.259649,4.51539,0.8078,0.364,0.15,0.50171,0,1.0239,0.5374,0.0219,0.0396
"Kleiber Olmedo","sa3022420",5.4216,1.485,5.9787,0.277848,5.95674,0.6024,0.6643,0.165,0.66186,0,1.105,0.7043,0.0172,0.0477
"Kleyderve Andrade","sa3019745",6.1353,1.415,6.7887,0.269118,5.85252,0.6817,0.7543,0.157222,0.65028,0,1.0596,0.6916,0.0274,0.0504
"Kobe Robinson","sa3017764",5.9328,1.263,6.0111,0.274615,5.64561,0.6592,0.6679,0.140333,0.62729,0,1.0883,0.6709,0.0271,0.0571
"Kodai Senga","31838",9.82577529411765,1.02264976470588,3.87992588235294,0.214149058823529,3.54498235294118,164.332960607059,64.8983663708497,17.0269549026298,59.4076391783776,0.805232571428571,127.318,67.5268714285714,0,5.96826428571429
"Kodi Whitley","19731",7.2531,1.507,3.6855,0.261193,4.93425,0.8059,0.4095,0.167444,0.54825,0,1.0326,0.5832,0.024,0.0401
"Kody Clemens","20572",1.08434,1.08434,5.42169,0.289474,6.50602,1,5,1,6,0,11,6,0,0
"Kody Funderburk","24993",9.01542352941176,0.820465235294118,3.68947029411765,0.239083705882353,3.88411529411765,47.0285076861853,19.2267222518205,4.34850982222184,20.3616082984237,1.42723857142857,43.1624428571429,21.9482714285714,0,3.04258285714286
"Koen Moreno","sa3014509",6.3036,1.383,7.3017,0.26896,6.10209,0.7004,0.8113,0.153667,0.67801,0,1.0586,0.7203,0.0278,0.0608
"Kohei Arihara","27505",6.6438,1.275,2.5695,0.270323,4.57137,0.7382,0.2855,0.141667,0.50793,0,1.0764,0.5476,0.0046,0.0516
"Kohl Drake","sa3021723",7.94719,1.43633,3.301975,0.252285,4.76353,38.43225,15.18895,7.0765555,23.750515,0,42.49785,25.76845,0.002,2.02215
"Kohl Franklin","sa3008335",6.8607,1.39,3.7467,0.265166,4.98978,0.7623,0.4163,0.154444,0.55442,0,1.0482,0.5931,0.003,0.0557
"Kohl Simas","sa3016949",6.9381,1.568,3.9267,0.266514,5.20065,0.7709,0.4363,0.174222,0.57785,0,1.0575,0.6153,0.004,0.0508
"Kohl Stewart","15502",6.5142,1.387,3.006,0.271785,4.90257,0.7238,0.334,0.154111,0.54473,0,1.086,0.5835,0.0045,0.0472
"Kolby Allard","18694",7.72988058823529,1.37773176470588,2.82492823529412,0.261839411764706,4.62988235294118,25.9235228541138,9.63211907439447,4.87430229373318,16.1227428845829,0.830152142857143,31.2409571428571,17.2022,0,0.653747857142857
"Kolby Kubichek","sa3017271",7.0065,1.135,4.5558,0.2626,4.7529,0.7785,0.5062,0.126111,0.5281,0,1.0285,0.5694,0.0258,0.0512
"Kole Ramage","sa3020262",5.9814,1.3,5.3433,0.274941,5.49189,0.6646,0.5937,0.144444,0.61021,0,1.093,0.6528,0.0217,0.0469
"Kolton Curtis","sa3022381",5.4603,1.589,5.4405,0.28347,6.13647,0.6067,0.6045,0.176556,0.68183,0,1.1459,0.7241,0.0055,0.0481
"Kolton Ingram","26068",8.37152333333333,1.112435,4.57445583333333,0.248970416666667,4.45676222222222,24.439859221358,13.515498211358,3.20773425873457,12.8948317104527,0,23.9887,13.75765,0.5126,1.5258
"Konner Wade","14655",5.3946,1.454,2.4624,0.278825,4.88106,0.5994,0.2736,0.161556,0.54234,0,1.1281,0.5807,0.0261,0.0395
"Konnor Ash","sa3017503",7.42275,1.463,4.8546,0.2592345,5.20686,21.89475,14.2594,4.0825555,14.78854,0,26.01165,15.8075,0.00525,0.01845
"Konnor Pilkington","21453",7.88339527777778,1.08981305555556,4.16080972222222,0.240887916666667,4.52392444444444,33.9752423467901,19.4001592392747,4.88516444950617,21.4450528523457,0,38.96595,23.24095,0.0114,2.0211
"Kris Anglin","sa3017612",5.3163,1.491,5.4297,0.279612,5.87727,0.5907,0.6033,0.165667,0.65303,0,1.1232,0.6944,0.0052,0.0477
"Kris Bubic","21455",8.71592264705882,0.983137941176471,3.00615176470588,0.246314294117647,3.95194941176471,100.887490339529,35.0837219194833,11.4187226029112,45.8813547132272,1.09476714285714,102.350042857143,51.9593,0,4.09549285714286
"Krisspy Valdez","sa3019116",4.8267,1.443,9.5544,0.286644,7.33005,0.5363,1.0616,0.160333,0.81445,0,1.1452,0.8605,0.0296,0.0612
"Kristian Cardozo","sa3014706",4.8915,1.533,8.1207,0.28549,6.97059,0.5435,0.9023,0.170333,0.77451,0,1.1467,0.8183,0.0287,0.0511
"Kristofer Bow","sa3020607",5.8473,1.461,6.9282,0.276819,6.20037,0.6497,0.7698,0.162333,0.68893,0,1.1052,0.7328,0.0279,0.0707
"Kumar Nambiar","sa3010666",5.274,1.483,5.5134,0.274266,5.68323,0.586,0.6126,0.164778,0.63147,0,1.0921,0.6715,0.024,0.0485
"Kumar Rocker","31843",9.18032058823529,1.10389441176471,2.89877205882353,0.235132117647059,3.94878529411765,107.756171043568,34.0746001283506,12.8472828031373,46.2024767470358,0.816052857142857,95.4935571428571,48.2160857142857,0,3.81181571428571
"Kutter Crawford","20531",8.51223411764706,1.44742352941176,2.60229529411765,0.242964235294118,4.40195764705882,127.909949773964,39.0211002049212,21.7981712075356,66.1912819416686,0.832329285714286,126.481571428571,70.3090285714286,0,5.71002142857143
"Kwang Hyun Kim","27458",7.0956,1.252,3.8853,0.261998,4.65075,0.7884,0.4317,0.139111,0.51675,0,1.0329,0.5556,0.0136,0.0369
"Ky Bush","29823",6.68139545454545,1.37366909090909,4.11254136363636,0.261526636363636,5.01142727272727,23.3901031470132,14.1898930772471,4.56767174595041,17.3011653522281,0,30.4962875,17.245475,0.065141175,0.931451
"Kyle Amendt","sa3022904",10.3789683333333,1.02627566666667,4.6479,0.224557666666667,3.779785,27.6543333333333,12.3589383333333,2.5279,9.91723833333333,0.757162833333333,20.0225166666667,10.643265,0,0.375575333333333
"Kyle Backhus","sa3017068",7.83901,0.980189,4.003205,0.250293,4.200015,20.4295,10.22405,2.553722,10.73488,0,21.99775,11.75485,0.512,2.02615
"Kyle Barraclough","13713",7.87883333333333,1.42625,4.538,0.25614125,5.11500416666667,21.8045058549383,13.5886580277778,4.1742625154321,14.9663582098765,0,23.98905,15.7778,0.01215,2.02725
"Kyle Bird","16618",7.6113,1.175,4.167,0.249652,4.3308,0.8457,0.463,0.130556,0.4812,0,0.9692,0.5194,0.0254,0.0468
"Kyle Bischoff","sa3022176",8.35905,1.28061,3.961045,0.2497145,4.630765,25.4544,11.7219,4.066389,14.248875,0,25.98725,15.2671,0.51265,3.02515
"Kyle Bradish","24586",9.43171058823529,0.836752176470588,2.85195941176471,0.226221647058824,3.33377352941176,36.171161485218,11.3110973221569,3.19464977058939,12.8543601165467,0.786798142857143,28.3416571428571,13.5176628571429,0,1.73485457142857
"Kyle Brnovich","sa3014923",7.17729,1.29497,3.23366,0.2604115,4.661115,28.8802,12.1836,4.578,17.269,0,34.52975,18.78845,0.0029,2.5255
"Kyle Carr","sa3023444",5.6034,1.359,4.8969,0.277218,5.34303,0.6226,0.5441,0.151,0.59367,0,1.1112,0.6376,0.0031,0.0435
"Kyle Cody","19686",6.88723,1.125215,3.05925,0.262814,4.55733,15.8962,7.17325,2.5655,11.244465,0,23.01305,12.2636,0.0119,1.52495
"Kyle Crick","13182",8.217,1.164,4.4469,0.250052,4.58352,0.913,0.4941,0.129333,0.50928,0,0.9699,0.5463,0.0239,0.0581
"Kyle Crigger","sa3019884",6.6456,1.188,3.7179,0.265935,4.65048,0.7384,0.4131,0.132,0.51672,0,1.0493,0.5573,0.0221,0.0462
"Kyle Dohy","20334",7.8651,1.293,4.3227,0.253193,4.6575,0.8739,0.4803,0.143667,0.5175,0,0.9891,0.5528,0.0255,0.0422
"Kyle Dowdy","19285",7.9533,1.122,3.8592,0.252945,4.34061,0.8837,0.4288,0.124667,0.48229,0,0.9833,0.5202,0.0249,0.0428
"Kyle Finnegan","15009",8.55891529411765,1.11489470588235,3.29986735294118,0.246381470588235,4.14034352941176,60.0242658726705,23.2667052584967,7.84961134683276,29.0614947983206,5.83145285714286,59.7477142857143,31.0192,0,2.00451571428571
"Kyle Freeland","16256",6.38737529411765,1.51647382352941,2.39838176470588,0.286535529411765,5.18299823529412,103.304780864775,38.7779672916609,24.5580802222549,83.812670096436,0,167.936428571429,90.3864428571429,0,5.23064857142857
"Kyle Funkhouser","19456",7.9911,1.043,3.8736,0.251816,4.20651,0.8879,0.4304,0.115889,0.46739,0,0.974,0.5066,0.0207,0.0447
"Kyle Gibson","10123",7.60091647058823,1.21142588235294,3.31650588235294,0.261122705882353,4.52592823529412,111.615889411765,48.6677387024221,17.8134870242214,66.4170604152249,0.0301351428571429,133.471857142857,70.8438,0,5.30169714285714
"Kyle Glogoski","sa3007464",7.9029,1.3,3.8664,0.2523,4.59009,0.8781,0.4296,0.144444,0.51001,0,0.9846,0.5452,0.0253,0.0459
"Kyle Harrison","27758",8.8732105882353,1.17825764705882,3.20098470588235,0.240914117647059,4.21494823529412,125.678027239523,45.4287810380623,16.7227605670896,59.8429681680123,0,117.096857142857,63.8288285714286,0,7.31564285714286
"Kyle Hart","19646",7.37914166666667,1.33929833333333,3.29219833333333,0.252897666666667,4.61632,77.2755,34.9144833333333,14.3604666666667,49.1087833333333,0.828066166666667,95.64365,52.9026,0,4.64862666666667
"Kyle Hendricks","12049",6.18050117647059,1.50451058823529,2.61269205882353,0.276057529411765,5.15384235294118,83.0518518079585,35.0414474761996,20.2797909093426,69.0833860436679,0,134.603,74.2254142857143,0,5.06908857142857
"Kyle Hill","sa3009922",8.313715,1.183775,4.37047,0.2429035,4.372585,15.45935,8.72245,2.069611,8.238165,0,15.9663,8.7559,0.01255,0.5214
"Kyle Hurt","27514",9.70415166666667,1.20203444444444,4.04705,0.2323025,4.2659,33.2349206345679,14.2280508888889,4.25914917613169,15.2084666666667,0,26.43565,15.7308,0.00895,2.0226
"Kyle Johnson","sa921678",6.8688,1.167,4.3497,0.264457,4.79178,0.7632,0.4833,0.129667,0.53242,0,1.0395,0.5733,0.0258,0.054
"Kyle Johnston","sa3004571",6.7644,1.064,4.068,0.266584,4.60818,0.7516,0.452,0.118222,0.51202,0,1.0477,0.5547,0.02,0.0539
"Kyle Jones","sa3020556",6.352065,1.426,3.264465,0.2724715,4.99066,23.3573,12.1809,5.575111,18.774215,0,36.5466,20.2941,0.0021,0.0187
"Kyle Keller","18890",8.0127,1.414,3.9087,0.252954,4.78827,0.8903,0.4343,0.157111,0.53203,0,0.9889,0.5654,0.0269,0.0523
"Kyle Kubat","sa827380",6.2217,1.387,3.7305,0.268015,4.9239,0.6913,0.4145,0.154111,0.5471,0,1.0652,0.5858,0.0072,0.0431
"Kyle Larsen","sa3021983",5.2272,1.682,5.8464,0.287727,6.52743,0.5808,0.6496,0.186889,0.72527,0,1.1699,0.7673,0.0052,0.0534
"Kyle Leahy","24763",7.28370352941176,1.03893729411765,3.34354352941176,0.255213764705882,4.29116,47.5996622142253,21.9101823977193,6.86366814523414,28.130449110679,9.53153142857143,60.2343857142857,31.4280571428571,0,2.61429714285714
"Kyle Luckham","sa3020378",4.871325,1.36586,2.48529,0.2804325,5.00535,33.7739,16.14845,9.5759445,35.77283,0,72.06515,38.7939,0.00165,4.025
"Kyle Marman","sa3008668",7.893,1.313,4.0653,0.2545,4.71348,0.877,0.4517,0.145889,0.52372,0,0.9953,0.5596,0.0198,0.0415
"Kyle McGowin","15071",7.111845,1.37845,3.16434,0.2590005,4.727945,22.9069,11.1642,4.5765,16.252755,0,30.5084,17.7699,0.51315,1.52125
"Kyle Molnar","sa3014909",5.8896,1.244,5.1417,0.275804,5.34618,0.6544,0.5713,0.138222,0.59402,0,1.0969,0.6371,0.0265,0.0426
"Kyle Mora","sa3018281",7.7166,1.193,3.6738,0.260077,4.62249,0.8574,0.4082,0.132556,0.51361,0,1.022,0.5501,0.0226,0.0432
"Kyle Muller","20167",7.56516,1.25119111111111,3.12358,0.260212666666667,4.57912444444444,38.0973229358025,16.3401120864198,6.37754315308642,23.7661190518519,0,49.2298666666667,27.2816,1.16118666666667,1.31801166666667
"Kyle Nelson","20515",8.40074352941176,1.18910029411765,3.33818235294118,0.247789058823529,4.20309,31.8890564527243,12.5703035388973,4.32934496845214,15.9123923898316,1.38015571428571,32.1916857142857,16.6186857142857,0,1.77112142857143
"Kyle Nicolas","27775",9.18161588235294,1.04349176470588,4.40300294117647,0.240655411764706,4.35311588235294,53.7981346534917,25.7580081965444,6.12831166661899,25.6157603233941,2.11527285714286,49.5165571428571,28.0524142857143,0,3.49715142857143
"Kyle Ryan","11753",5.7339,1.205,4.0257,0.274624,4.85865,0.6371,0.4473,0.133889,0.53985,0,1.0952,0.582,0.0263,0.0467
"Kyle Scott","sa3023049",5.5206,1.673,4.2777,0.282866,5.92695,0.6134,0.4753,0.185889,0.65855,0,1.1505,0.6979,0.0065,0.0484
"Kyle Tyler","22092",7.322815,1.26376911764706,3.70066470588235,0.265567882352941,4.86257176470588,28.9543564355709,14.7057926284844,5.11122508631142,19.4646314524567,0.804818285714286,37.0246714285714,20.6730428571429,0,1.40759542857143
"Kyle Virbitsky","sa3017491",6.911805,1.32011,2.8877,0.2630685,4.644375,28.3896,11.66545,5.079111,19.259285,0,39.5222,20.77715,0.01255,2.02285
"Kyle Whitten","sa3016936",6.549235,1.304855,3.412545,0.264898,4.74948,15.37055,7.7006,3.0735555,11.265815,0,22.53025,12.28555,0.0111,0.51905
"Kyle Wilcox","sa857699",8.053115,1.152825,5.54673,0.251703,5.006965,14.45315,11.2693,2.065,9.756645,0,15.98205,10.7757,0.01285,1.02315
"Kyle Wilson","sa875768",7.0263,1.421,3.3813,0.263899,4.85847,0.7807,0.3757,0.157889,0.53983,0,1.0462,0.5763,0.0121,0.0439
"Kyle Wright","19665",7.54347941176471,1.01414205882353,3.20406352941176,0.259996352941176,4.72708117647059,73.5569487872157,31.1833149094533,9.89209500912341,45.63877284999,0.855882142857143,89.2195428571429,46.1690285714286,0,5.52794285714286
"Kyle Zimmer","14169",7.3908,1.128,4.4982,0.258416,4.6233,0.8212,0.4998,0.125333,0.5137,0,1.0064,0.5538,0.0239,0.0407
"Kyle Zurak","sa3004864",7.6599,1.197,3.7728,0.256463,4.49946,0.8511,0.4192,0.133,0.49994,0,1.0029,0.5375,0.0253,0.0463
"LJ McDonough","sa3023172",6.9417,1.138,5.9391,0.267664,5.24943,0.7713,0.6599,0.126444,0.58327,0,1.0501,0.6266,0.0267,0.0439
"Lachlan Wells","sa877857",6.184535,1.484505,2.12355,0.2694905,4.7517,27.3484,8.6293,6.583389,21.758205,0,44.53435,23.276,0.00145,2.0217
"Lael Lockhart","sa3017502",7.70262,1.175495,3.74797,0.249037,4.420095,46.40175,21.7042,6.5664445,25.24433,0,48.9967,27.26365,0.00175,2.5238
"Lake Bachar","19222",8.59287294117647,1.31052647058824,3.70162058823529,0.248159764705882,4.47985764705882,53.8648781111511,23.2582102038677,8.19965763265052,28.1314784393695,9.64277142857143,55.8713142857143,31.0070857142857,0,2.43324
"Lance Lynn","2520",8.26460941176471,1.37462588235294,3.08390941176471,0.250259294117647,4.45074705882353,107.091050122261,39.954163100346,17.7842121153403,57.7596041522491,0.0251678571428571,113.564571428571,62.0871428571429,0,5.13667428571429
"Lance McCullers Jr","14120",8.75896571428571,0.934526,3.68547714285714,0.236376571428571,3.77036714285714,77.5561285714286,32.1672285714286,8.33579142857143,32.8998142857143,0.847736857142857,71.3593571428571,35.7503714285714,0,3.83317714285714
"Landany Alfonseca","sa3019191",4.5036,1.533,10.0404,0.290664,7.72812,0.5004,1.1156,0.170333,0.85868,0,1.1678,0.9044,0.03,0.0537
"Landen Roupp","30076",8.86885941176471,0.923838882352941,3.69149764705882,0.237187294117647,3.68329529411765,69.4897813861361,28.8894810618685,7.48331397076125,29.0577539653979,3.68932714285714,62.5148285714286,31.5694857142857,0,2.57383857142857
"Landon Harper","sa3020404",6.483385,1.27823,2.472785,0.2678995,4.492815,25.3511,8.6492,4.5755555,16.262865,0,36.5465,17.7821,0.50685,0.01915
"Landon Knack","27487",8.66100352941177,1.38853470588235,2.90213352941176,0.235693529411765,4.14894588235294,56.4710062157847,19.0572122777163,8.97740190180854,27.3435443391004,0.912389428571429,53.8222857142857,29.4156285714286,0,2.07893857142857
"Landon Leach","sa3005243",5.2911,1.377,4.5603,0.282563,5.5989,0.5879,0.5067,0.153,0.6221,0,1.1361,0.6656,0.0057,0.0596
"Landon Marceaux","sa3017913",5.3514,1.242,2.9007,0.28524,5.00526,0.5946,0.3223,0.138,0.55614,0,1.1522,0.5984,0.003,0.0413
"Landon Sims","sa3021979",7.0605,1.239,5.1579,0.265343,5.24871,0.7845,0.5731,0.137667,0.58319,0,1.045,0.6226,0.0239,0.0506
"Landon Tomkins","sa3022798",5.4774,1.166,5.3316,0.28228,5.52861,0.6086,0.5924,0.129556,0.61429,0,1.1285,0.6584,0.0268,0.0548
"Lane Ramsey","25071",8.25880416666667,1.17175,4.61971666666667,0.250775833333333,4.80967916666667,17.6626310185185,10.0479511111111,2.17540829012346,10.002543345679,0,17.99065,10.7864,0.01245,0.5202
"Larson Kindreich","sa3017505",8.63445,1.35668,5.97447,0.2441415,5.19947,20.97475,15.7974,3.568,13.75857,0,20.4713,14.7772,0.013,2.02755
"Layne Henderson","sa3007718",8.295215,1.145715,4.577035,0.2442485,4.496535,20.4455,11.73475,2.567778,10.749615,0,19.9833,11.76795,0.51265,0.5201
"Layonel Ovalles","sa3015993",6.4818,1.325,5.1795,0.263862,5.22414,0.7202,0.5755,0.147222,0.58046,0,1.0417,0.6212,0.0264,0.0556
"Lazaro Estrada","sa3005471",7.367075,1.47965,3.188165,0.2550835,4.749205,33.39925,14.17635,6.0881665,20.27356,0,39.5127,21.79065,0.0015,2.0232
"Leam Mendez","sa3019432",6.2802,1.454,5.445,0.271787,5.68701,0.6978,0.605,0.161556,0.63189,0,1.0822,0.6712,0.0268,0.0452
"Leandro Lopez","sa3016748",6.804,1.389,5.3712,0.268569,5.48379,0.756,0.5968,0.154333,0.60931,0,1.0638,0.6508,0.0085,0.0462
"Ledwin Gonzalez","sa3022043",4.7619,1.392,10.062,0.285593,7.28892,0.5291,1.118,0.154667,0.80988,0,1.1394,0.8555,0.0298,0.0524
"Ledwin Taveras","sa3019065",4.3164,1.621,6.1038,0.294651,6.73083,0.4796,0.6782,0.180111,0.74787,0,1.2025,0.7918,0.0033,0.0527
"Lenin Mendez","sa3021777",4.3623,1.543,9.018,0.292536,7.46172,0.4847,1.002,0.171444,0.82908,0,1.1812,0.8744,0.0294,0.0542
"Lenny Torres Jr","sa3008329",8.571395,1.43506,5.422625,0.251932,5.47469,21.96705,14.7752,3.5804445,14.780985,0,22.49525,15.7996,1.013,2.02395
"Leodarlyn Colon","sa3019719",3.7872,1.739,6.8193,0.296145,7.14609,0.4208,0.7577,0.193222,0.79401,0,1.207,0.8374,0.0052,0.0526
"Leomar Rosario","sa3019127",4.5405,1.606,8.3592,0.292568,7.3575,0.5045,0.9288,0.178444,0.8175,0,1.1794,0.863,0.0164,0.05
"Leon Hunter Jr","sa3010260",8.0541,1.129,3.7206,0.246146,4.10877,0.8949,0.4134,0.125444,0.45653,0,0.9516,0.4943,0.0249,0.0386
"Leonard Garcia","sa3015156",6.1983,1.51,5.4135,0.272517,5.65839,0.6887,0.6015,0.167778,0.62871,0,1.0844,0.6685,0.0231,0.0593
"Leonardo Lugo","sa3018340",4.248,1.648,7.9965,0.294356,7.39359,0.472,0.8885,0.183111,0.82151,0,1.1965,0.8658,0.015,0.0627
"Leonardo Pestana","sa3005456",8.514365,1.521355,3.931105,0.2478345,4.960425,17.46985,8.2127,3.571,11.243035,0,17.98125,12.2611,0.0126,1.5249
"Leonardo Rossel","sa3022317",4.4334,1.53,8.0163,0.291975,7.11018,0.4926,0.8907,0.17,0.79002,0,1.1799,0.8353,0.0192,0.0542
"Leonardo Taveras","sa3002934",7.57946,1.24434,5.5304,0.251083,5.1487,23.4082,17.7843,3.572222,15.779625,0,25.9993,17.29845,0.5131,3.0282
"Leonel Sequera","sa3019268",4.5,1.304,4.5108,0.28797,5.53536,0.5,0.5012,0.144889,0.61504,0,1.1615,0.6607,0.0035,0.0484
"Leoni De La Cruz","sa3016070",5.7069,1.349,6.4242,0.275053,5.83902,0.6341,0.7138,0.149889,0.64878,0,1.0946,0.6908,0.0274,0.0506
"Lester Nin","sa3019371",4.7349,1.651,7.4484,0.29112,7.14564,0.5261,0.8276,0.183444,0.79396,0,1.1832,0.8364,0.0191,0.0501
"Leudy Tirado","sa3022241",4.2183,1.479,7.7553,0.292453,6.89886,0.4687,0.8617,0.164333,0.76654,0,1.1835,0.8118,0.0084,0.0495
"Leuris Portorreal","sa3021520",3.7296,1.688,6.1182,0.295571,6.80436,0.4144,0.6798,0.187556,0.75604,0,1.2046,0.7998,0.0041,0.0497
"Leury Tejada","sa3007935",5.0427,1.584,4.7808,0.283944,5.94729,0.5603,0.5312,0.176,0.66081,0,1.1502,0.7011,0.0203,0.048
"Levi Prater","sa3014861",6.0642,1.304,6.9093,0.271854,5.88276,0.6738,0.7677,0.144889,0.65364,0,1.0754,0.6961,0.0277,0.0655
"Levi Stoudt","25650",6.33333916666667,1.4292325,3.810685,0.268201666666667,5.11912583333333,28.1048260035803,17.6157912285802,5.7022254354784,22.1974463741667,0,43.0477,24.31485,0.005,2.02385
"Levi Thomas","sa3014801",5.5836,1.505,5.5449,0.279858,5.98932,0.6204,0.6161,0.167222,0.66548,0,1.1236,0.707,0.0126,0.046
"Levi Wells","sa3023441",5.9508,1.424,4.3992,0.278341,5.43177,0.6612,0.4888,0.158222,0.60353,0,1.1142,0.646,0.0031,0.0472
"Lewis Sifontes","sa3021016",4.0572,1.527,7.3071,0.29449,6.90372,0.4508,0.8119,0.169667,0.76708,0,1.1971,0.812,0.0039,0.0501
"Lewis Thorpe","15906",6.2469,1.366,3.2958,0.272802,4.92228,0.6941,0.3662,0.151778,0.54692,0,1.0917,0.5857,0.0043,0.042
"Liam Doolan","sa3020947",5.7213,1.449,5.8788,0.277009,5.94585,0.6357,0.6532,0.161,0.66065,0,1.1074,0.7019,0.0272,0.0531
"Liam Hendriks","3548",10.0392011764706,1.27561529411765,2.73208058823529,0.240290352941176,4.06218764705882,62.6368413918585,16.915585185148,8.0403331909727,25.2933827135694,6.37120571428571,51.2202142857143,26.3342142857143,0,2.05025285714286
"Liam Jenkins","sa3007458",6.2145,1.382,6.4962,0.271362,5.91435,0.6905,0.7218,0.153556,0.65715,0,1.0747,0.6989,0.0274,0.0568
"Liam Norris","sa3014543",8.0559,1.186,5.5242,0.252108,4.9167,0.8951,0.6138,0.131778,0.5463,0,0.9778,0.5842,0.0177,0.0467
"Liam Simon","sa3020256",5.9031,1.368,5.2065,0.274519,5.66604,0.6559,0.5785,0.152,0.62956,0,1.1017,0.6719,0.0066,0.0473
"Liam Sullivan","sa3022952",5.8626,1.414,5.4369,0.270989,5.54472,0.6514,0.6041,0.157111,0.61608,0,1.0726,0.6571,0.0031,0.0458
"Lincoln Henzman","sa3005187",6.1359,1.160325,3.433275,0.268882,4.572405,16.3435,9.1912,3.0655,12.254345,0,26.03175,13.27495,0.01265,1.52355
"Liomar Martinez","sa3019612",4.6782,1.568,5.6691,0.291483,6.47316,0.5198,0.6299,0.174222,0.71924,0,1.1859,0.7626,0.0038,0.0556
"Lisander Brito","sa3008704",4.8609,1.543,8.7543,0.285971,7.20549,0.5401,0.9727,0.171444,0.80061,0,1.148,0.8447,0.0291,0.0509
"Lisander De La Cruz","sa3015361",5.1561,1.422,8.0892,0.28432,6.75981,0.5729,0.8988,0.158,0.75109,0,1.1362,0.7962,0.0235,0.052
"Lisandro Almonte","sa3015497",6.3243,1.373,6.3459,0.271079,5.85639,0.7027,0.7051,0.152556,0.65071,0,1.0719,0.6923,0.0273,0.0617
"Lisandro Santos","sa945728",8.2089,1.27,4.4487,0.248354,4.45122,0.9121,0.4943,0.141111,0.49458,0,0.9656,0.5318,0.0256,0.0427
"Lisnerkin Lantigua","sa3019258",4.9509,1.789,8.7192,0.294081,7.64577,0.5501,0.9688,0.198778,0.84953,0,1.194,0.8944,0.0293,0.0521
"Listher Sosa","sa3009725",6.48602,1.14369,3.51076,0.2665965,4.68878,21.3586,10.70905,4.058111,15.262355,0,30.53905,16.28345,0.01185,4.034
"Liu Fuenmayor","sa3003126",7.524,1.13,4.1076,0.260771,4.61763,0.836,0.4564,0.125556,0.51307,0,1.0235,0.5508,0.0256,0.0537
"Livan Reinoso","sa3020331",5.7924,1.382,6.3963,0.2771,5.92119,0.6436,0.7107,0.153556,0.65791,0,1.0987,0.7021,0.0274,0.0683
"Ljay Newsome","19942",7.5303,1.301,3.06,0.258928,4.47228,0.8367,0.34,0.144556,0.49692,0,1.0187,0.5327,0.0234,0.0417
"Lluveres Severino","sa3020601",4.2543,1.541,8.5221,0.293123,7.30377,0.4727,0.9469,0.171222,0.81153,0,1.1897,0.8571,0.0292,0.0504
"Locke St John","16850",6.804,1.401,3.9285,0.263085,4.93074,0.756,0.4365,0.155667,0.54786,0,1.041,0.5839,0.0256,0.0586
"Logan Allen","18555",6.8318625,1.14963333333333,3.32220833333333,0.261201666666667,4.35889583333333,39.4496363919753,20.6749030679012,6.34576196604938,25.7909635740741,0,55.5154,27.75645,0.0108,3.0225
"Logan Allen","27589",7.68115470588235,1.32603058823529,3.37746941176471,0.255543647058823,4.47267764705882,41.7945359940277,18.3901805276125,7.26184718514418,23.9812477075617,0,47.8003857142857,25.4675714285714,0,1.65939
"Logan Boyer","sa3015002",8.555675,1.408575,4.219875,0.249045,4.645035,14.47925,7.71635,2.5723335,8.246755,0,14.98055,8.7643,0.01255,1.02165
"Logan Britt","sa3023170",4.8744,1.751,5.1885,0.292797,6.46614,0.5416,0.5765,0.194556,0.71846,0,1.1947,0.7608,0.0047,0.0502
"Logan Clayton","sa3020890",5.40627,1.279295,3.5563,0.2796405,5.028715,27.2963,17.69785,6.0745,23.299445,0,50.0803,25.3204,0.00225,2.02255
"Logan Cozart","sa875283",8.0172,1.36,3.5838,0.251847,4.58676,0.8908,0.3982,0.151111,0.50964,0,0.9852,0.5432,0.0252,0.0449
"Logan Evans","sa3023077",6.984935,1.14759,3.35617,0.2513895,4.400545,22.2852166666667,10.6682966666667,3.74605166666667,14.3016683333333,0.7383075,28.72585,15.5403183333333,0,1.958672
"Logan Gilbert","22250",9.36737647058824,1.11005558823529,1.93189411764706,0.224511647058824,3.40059117647059,201.245204498616,41.6458959607997,23.8235531488754,73.0497121668935,0,166.529285714286,78.5812285714286,0,5.46817
"Logan Gillaspie","22461",7.21228055555556,1.24459638888889,3.0432875,0.256315138888889,4.45569305555556,20.7780502846193,8.36306440802469,3.49710320548354,12.8766097312243,0,27.0006,13.76485,0.01175,1.02135
"Logan Gragg","sa3010306",6.1334,1.32644,2.959135,0.265502,4.75951,27.34525,13.1669,5.578889,21.267315,0,42.5331,22.78585,0.0116,3.02705
"Logan Henderson","sa3020080",9.41155166666667,1.44068,2.69753833333333,0.232796833333333,4.10264333333333,23.2707033333333,6.73439833333333,3.98879666666667,10.76909,0.728088666666667,20.5420866666667,11.5466566666667,0,0.6106215
"Logan Hofmann","sa3014852",5.184,1.532,6.4926,0.282742,6.39585,0.576,0.7214,0.170222,0.71065,0,1.1375,0.7525,0.0277,0.0535
"Logan Lyle","sa3018267",5.3496,1.347,6.1596,0.278869,5.82723,0.5944,0.6844,0.149667,0.64747,0,1.1145,0.6903,0.0238,0.0461
"Logan Martin","sa3023213",4.9995,1.421,4.392,0.287439,5.78187,0.5555,0.488,0.157889,0.64243,0,1.1643,0.6843,0.0051,0.0424
"Logan Rinehart","sa3010255",7.699965,1.206555,3.921295,0.2542095,4.488,18.9283,9.7163,3.064778,11.244625,0,21.99785,12.2641,0.01265,1.0215
"Logan Sawyer","sa829628",7.5321,1.217,3.5064,0.257423,4.46526,0.8369,0.3896,0.135222,0.49614,0,1.0091,0.5333,0.0251,0.0444
"Logan Shore","sa738442",6.075,1.495,2.9916,0.271083,5.07825,0.675,0.3324,0.166111,0.56425,0,1.0929,0.6018,0.003,0.045
"Logan VanWey","sa3019956",9.18235333333333,1.11838,4.498465,0.234728833333333,4.21234,29.0234666666667,14.24265,3.71097,13.354515,0.7498945,25.5316666666667,14.30015,0,1.855525
"Logan Verrett","12905",6.2046,1.411,2.4822,0.268318,4.64787,0.6894,0.2758,0.156778,0.51643,0,1.0667,0.5544,0.0035,0.0457
"Logan Webb","17995",7.38069352941177,0.722815294117647,1.82190705882353,0.248986352941176,3.33041176470588,162.523016881038,40.2455743955709,15.9057525351403,73.29954130396,0,190.945,81.2912571428571,0,6.16426857142857
"Logan Workman","sa3017313",6.559335,1.514715,2.905845,0.2669335,4.91523,42.85925,18.16635,8.594389,29.789615,0,60.5439,32.3074,0.00155,2.52125
"Lorenzo Encarnacion","sa3015498",4.8573,1.452,4.6701,0.290783,6.04683,0.5397,0.5189,0.161333,0.67187,0,1.1827,0.7145,0.0031,0.0588
"Lou Trivino","15043",8.49701428571429,1.05027942857143,3.77176142857143,0.246257,4.35502857142857,45.6224857142857,20.0497142857143,5.60317142857143,23.2050285714286,9.25479714285714,46.4226142857143,25.5025428571429,0,2.50799285714286
"Louis Head","13259",7.8723,1.352,4.293,0.252724,4.842,0.8747,0.477,0.150222,0.538,0,0.988,0.5725,0.0249,0.0556
"Louis Varland","27691",8.6138,1.16331571428571,2.63851285714286,0.250039714285714,4.14130571428571,67.1558571428571,20.8208714285714,9.06643428571429,32.5734714285714,6.41768285714286,68.7888285714286,35.2456142857143,0,2.78127714285714
"Luarbert Arias","sa3007599",8.33810428571429,1.31603,3.35760428571429,0.245820571428571,4.40458857142857,38.2104285714286,15.7398657142857,6.19200142857143,20.3702142857143,0.852917142857143,40.0655857142857,22.2986428571429,0,2.74963428571429
"Lucas Braun","sa3022996",7.452755,1.326535,2.897295,0.2604215,4.49273,51.41345,19.16745,9.074222,30.25529,0,64.01675,32.7738,0.00155,2.02015
"Lucas Erceg","19360",10.0131044117647,0.718521058823529,3.85021411764706,0.231200529411765,3.66278294117647,72.9732466688823,28.2027032362814,5.14593935674125,26.7915273793487,10.7152857142857,55.9872428571429,28.1507857142857,0,5.11983
"Lucas Gilbreath","21290",8.26191294117647,1.00423935294118,4.39043882352941,0.257352,4.79236411764706,43.6177035623529,23.0891650302191,5.3388671345098,25.3013856380623,4.07903285714286,47.1801142857143,27.2955857142857,0,3.97770285714286
"Lucas Giolito","15474",8.67580470588235,1.40090647058824,3.46258764705882,0.251802941176471,4.69239,123.601965404075,49.1293791158016,19.8963880356017,66.5114194570858,0.822208142857143,124.161857142857,68.7384428571429,0,4.69368857142857
"Lucas Gordillo","sa3021549",6.1533,1.353,6.4224,0.27275,5.85603,0.6837,0.7136,0.150333,0.65067,0,1.0811,0.6929,0.0273,0.0487
"Lucas Gordon","sa3023036",5.3784,1.544,5.4873,0.278871,5.80266,0.5976,0.6097,0.171556,0.64474,0,1.1154,0.6869,0.0031,0.0396
"Lucas Jacobsen","sa918634",7.6689,1.138,4.1094,0.255144,4.4145,0.8521,0.4566,0.126444,0.4905,0,0.9944,0.5291,0.0211,0.048
"Lucas Knowles","sa3011676",6.09752,1.287305,3.55812,0.2680375,4.89843,17.33545,9.7042,3.572611,14.26258,0,27.5251,15.28255,0.00435,1.0223
"Lucas Luetge","8337",7.94855833333333,1.21102083333333,2.96450833333333,0.255285416666667,4.30004166666667,21.8215495648148,7.97351600617284,3.29648283024691,11.8431313117284,0,24.9908,12.2422,0.0115,1.02125
"Lucas Sims","13470",9.19590235294118,1.29182352941176,4.73598794117647,0.225758647058824,4.45161529411765,57.9948679808443,29.7849517688304,8.13905754589158,28.0476743390634,11.3932571428571,48.3734285714286,30.6635142857143,0,4.43660285714286
"Lucas Wepf","sa3020704",8.853505,1.396755,3.946725,0.242378,4.66567,26.4769,11.2241,4.077222,13.75525,0,23.97955,14.77225,0.51265,2.0244
"Luciano Romero","sa3018848",4.4244,1.543,9.8028,0.290363,7.659,0.4916,1.0892,0.171444,0.851,0,1.1672,0.8965,0.0298,0.056
"Ludwin Jimenez","sa3005856",6.1605,1.412,6.9993,0.272771,6.14538,0.6845,0.7777,0.156889,0.68282,0,1.0814,0.7247,0.0277,0.0538
"Luichi Casilla","sa3018332",4.968,1.275,7.02,0.283499,6.10992,0.552,0.78,0.141667,0.67888,0,1.1315,0.7254,0.0064,0.0508
"Luifer Romero","sa3018349",4.4064,1.439,6.4359,0.288544,6.33276,0.4896,0.7151,0.159889,0.70364,0,1.1654,0.7483,0.006,0.055
"Luigi Hernandez","sa3016022",5.6142,1.22,7.8552,0.27982,6.35931,0.6238,0.8728,0.135556,0.70659,0,1.1089,0.7521,0.0237,0.0633
"Luimy Munoz","sa3021803",4.8699,1.663,6.705,0.291354,6.84693,0.5411,0.745,0.184778,0.76077,0,1.1868,0.8042,0.01,0.0496
"Luinder Avila","sa3006507",6.66248285714286,0.976765142857143,3.99255714285714,0.260501428571429,4.72889285714286,17.3239142857143,10.8842628571429,2.55217714285714,12.9472485714286,0.668541428571429,24.5094285714286,14.03157,0,1.80191614285714
"Luis A Reyes","sa3019049",5.6943,1.445,7.4205,0.277648,6.41988,0.6327,0.8245,0.160556,0.71332,0,1.1039,0.7562,0.028,0.0516
"Luis A Rodriguez","sa3016064",6.111,1.36,5.6241,0.272755,5.61978,0.679,0.6249,0.151111,0.62442,0,1.0836,0.6658,0.0268,0.0473
"Luis Aguilar","sa3018893",4.536,1.428,9.2808,0.290894,7.3278,0.504,1.0312,0.158667,0.8142,0,1.1673,0.8609,0.0295,0.063
"Luis Aguilar","sa3020982",4.4802,1.633,6.4188,0.292124,6.76593,0.4978,0.7132,0.181444,0.75177,0,1.1888,0.7951,0.0094,0.0493
"Luis Alcala","sa3011880",4.3443,1.588,7.7616,0.292054,7.11549,0.4827,0.8624,0.176444,0.79061,0,1.1839,0.8349,0.0228,0.0529
"Luis Almonte","sa3009525",6.1326,1.481,6.3198,0.273216,6.03243,0.6814,0.7022,0.164556,0.67027,0,1.088,0.7105,0.0273,0.0456
"Luis Amaya","sa872809",7.3881,1.1,4.0734,0.256528,4.35915,0.8209,0.4526,0.122222,0.48435,0,1.0001,0.5238,0.0254,0.0478
"Luis Amoroso","sa3005889",4.4613,1.581,4.5225,0.304901,6.39333,0.4957,0.5025,0.175667,0.71037,0,1.2561,0.7541,0.027,0.0568
"Luis Angel Rodriguez","sa3005435",7.67679,1.44744,4.806555,0.252956,5.028585,30.4118,19.25465,5.5799445,19.27932,0,33.99995,20.7979,0.00325,2.02675
"Luis Arejula","sa3016619",5.8509,1.33,5.5728,0.274385,5.59476,0.6501,0.6192,0.147778,0.62164,0,1.0906,0.664,0.0268,0.0511
"Luis Arestigueta","sa3021521",5.0724,1.66,5.2614,0.28819,6.35985,0.5636,0.5846,0.184444,0.70665,0,1.1725,0.7477,0.0052,0.0529
"Luis Avila","sa3021805",5.7888,1.507,6.5493,0.274672,6.1155,0.6432,0.7277,0.167444,0.6795,0,1.0888,0.7213,0.0274,0.0523
"Luis Avilan","2882",7.11,1.228,3.9447,0.260113,4.58703,0.79,0.4383,0.136444,0.50967,0,1.023,0.5477,0.025,0.0478
"Luis Baldiris","sa3016814",5.0733,1.401,9.7596,0.28169,7.12251,0.5637,1.0844,0.155667,0.79139,0,1.1209,0.8362,0.0296,0.0544
"Luis Barroso","sa3005697",5.0481,1.588,4.4208,0.283839,5.81895,0.5609,0.4912,0.176444,0.64655,0,1.1506,0.6862,0.0223,0.0441
"Luis Beltran","sa3021509",5.4,1.366,9.9009,0.280936,7.14033,0.6,1.1001,0.151778,0.79337,0,1.112,0.8397,0.0295,0.0517
"Luis Bermudez","sa3018317",4.437,1.401,6.0543,0.289088,6.31206,0.493,0.6727,0.155667,0.70134,0,1.1763,0.7471,0.0065,0.0483
"Luis Carias","sa3021006",3.9141,1.735,6.7014,0.299004,7.20675,0.4349,0.7446,0.192778,0.80075,0,1.2275,0.8444,0.0033,0.0501
"Luis Carrasco","sa1172127",4.6863,1.572,4.3614,0.284415,5.75802,0.5207,0.4846,0.174667,0.63978,0,1.1477,0.6815,0.009,0.0481
"Luis Castillo","15689",9.09755176470588,1.16253764705882,2.55890941176471,0.228700352941176,3.58813235294118,180.351040540715,50.8346479791311,22.9531996753864,71.3031732371742,0,156.389285714286,77.3680857142857,0,6.68822142857143
"Luis Castillo","sa3022358",4.4775,1.57,8.0865,0.2925,7.20252,0.4975,0.8985,0.174444,0.80028,0,1.1841,0.8449,0.0203,0.0493
"Luis Cepeda","sa3006132",4.5468,1.425,7.038,0.289205,6.49386,0.5052,0.782,0.158333,0.72154,0,1.167,0.7663,0.0128,0.0488
"Luis Cesar","sa3018368",4.1598,1.34,7.3098,0.293537,6.61221,0.4622,0.8122,0.148889,0.73469,0,1.1858,0.7816,0.0043,0.0521
"Luis Cessa","13345",5.61909166666667,1.31417916666667,3.52429583333333,0.2809275,5.00519166666667,23.7269956604938,15.3828981419753,5.39641755864197,21.2655463611111,0,43.55885,22.2974,0.0016,0.5175
"Luis Cohen","sa3019269",4.5549,1.681,4.6242,0.296044,6.45192,0.5061,0.5138,0.186778,0.71688,0,1.2123,0.7581,0.0033,0.0492
"Luis Contreras","25839",8.67844647058824,1.25420705882353,3.92590411764706,0.238149176470588,4.34721529411765,38.9897504832941,17.6932775709619,5.61738912110726,19.5385770459239,0.947518571428571,36.6908285714286,21.1335857142857,0,2.71546
"Luis Curvelo","sa3008169",8.33783428571429,1.35659285714286,3.29472285714286,0.242617285714286,4.52527285714286,29.1986285714286,11.4343714285714,4.87910857142857,15.9379,0.945975714285714,29.3428428571429,16.9815285714286,0,1.80834142857143
"Luis De Avila","sa3005839",6.24677,1.038455,4.023205,0.270215,4.62052,35.34055,22.71975,6.054778,26.250765,0,53.54025,28.2736,0.5015,2.0229
"Luis De Aza","sa3021038",4.4379,1.505,8.9802,0.291142,7.34571,0.4931,0.9978,0.167222,0.81619,0,1.1724,0.8618,0.0293,0.0543
"Luis De La Cruz","sa3020981",5.2731,1.397,8.6544,0.282681,6.85962,0.5859,0.9616,0.155222,0.76218,0,1.1262,0.8076,0.0289,0.0544
"Luis De La Rosa","sa3009778",5.9634,1.452,5.6007,0.275084,5.83506,0.6626,0.6223,0.161333,0.64834,0,1.0972,0.6898,0.0132,0.0521
"Luis De Leon","sa3019283",5.9985,1.039,5.1741,0.27482,4.93164,0.6665,0.5749,0.115444,0.54796,0,1.084,0.5947,0.0052,0.0487
"Luis Devers","sa3005694",5.769,1.315,4.5666,0.275519,5.32818,0.641,0.5074,0.146111,0.59202,0,1.0983,0.6346,0.0147,0.0583
"Luis Diaz","sa3015146",4.9338,1.463,8.8947,0.286395,7.16382,0.5482,0.9883,0.162556,0.79598,0,1.1471,0.8412,0.0292,0.0624
"Luis Espinoza","sa3021043",4.9914,1.58,8.0919,0.286722,7.08318,0.5546,0.8991,0.175556,0.78702,0,1.1546,0.8305,0.0199,0.049
"Luis Espinoza","sa3024262",4.068,1.634,6.435,0.297078,6.90786,0.452,0.715,0.181556,0.76754,0,1.2149,0.812,0.0038,0.0495
"Luis F Castillo","20638",7.6455,1.118,3.0231,0.251232,4.005,0.8495,0.3359,0.124222,0.445,0,0.9791,0.4831,0.0246,0.0409
"Luis F Ortiz","16942",7.53145,0.9971575,2.88780777777778,0.248635277777778,4.11186611111111,20.5674749444444,7.94908699012346,2.56812681388889,11.5604368049383,0,23.9928,12.24075,0.0118,1.5249
"Luis Flores","sa3018818",5.4009,1.351,9.9819,0.278763,7.01973,0.6001,1.1091,0.150111,0.77997,0,1.1034,0.8252,0.0296,0.0507
"Luis Frias","21997",8.80494147058824,1.05340317647059,4.16057764705882,0.242743411764706,4.66495882352941,35.8826115635502,16.909241700792,4.17021835940023,18.6231054690165,0.879254714285714,34.5758857142857,19.1613857142857,0,1.54854757142857
"Luis Garcia","23735",8.62623588235294,1.37847176470588,3.01416294117647,0.237604823529412,4.27414470588235,100.748375754747,35.0041619908627,15.9073901336332,49.5443748022238,1.63604,97.1350428571428,51.3195142857143,0,2.78141714285714
"Luis Garcia","6984",7.98560235294118,1.00572494117647,2.82040294117647,0.254726823529412,4.14469411764706,28.5349818217516,10.0941943525882,3.61017277352941,14.8166772235294,1.12429857142857,32.1296571428571,15.1189714285714,0,1.83671571428571
"Luis Garcia","sa3015468",4.6989,1.515,7.9956,0.288285,6.97023,0.5221,0.8884,0.168333,0.77447,0,1.1615,0.8188,0.0287,0.0506
"Luis Garcia","sa3021753",4.7817,1.374,9.9405,0.284254,7.19964,0.5313,1.1045,0.152667,0.79996,0,1.1319,0.8457,0.0297,0.0605
"Luis Gastelum","sa3020964",6.0732,1.276,5.0526,0.270507,5.2461,0.6748,0.5614,0.141778,0.5829,0,1.0711,0.6242,0.0264,0.045
"Luis German","sa3019658",5.8617,1.273,8.6094,0.271935,6.30558,0.6513,0.9566,0.141444,0.70062,0,1.0603,0.7466,0.0284,0.0633
"Luis Gil","21052",10.0018944117647,1.27635294117647,4.33150117647059,0.217775411764706,4.13135294117647,134.700873420686,58.3878260796078,17.1667936894118,55.701550254902,0.804631428571429,100.353285714286,60.1964714285714,0,5.69182857142857
"Luis Gomez","sa3006376",4.5198,1.486,7.7706,0.291142,6.91425,0.5022,0.8634,0.165111,0.76825,0,1.1754,0.8133,0.0286,0.0494
"Luis Gonzalez","sa3019164",4.0752,1.645,6.219,0.293626,6.65577,0.4528,0.691,0.182778,0.73953,0,1.1903,0.784,0.0142,0.0512
"Luis Gonzalez","sa550522",8.60956666666667,1.35146,3.25748333333333,0.245653333333333,4.44477666666667,33.36255,12.4335833333333,5.17474166666667,17.24765,0.926031666666667,33.9917166666667,18.7473166666667,0,1.924125
"Luis Guerrero","31184",9.17878933333333,1.11254666666667,4.15256666666667,0.238445333333333,4.248744,43.5253867348701,19.7297762013432,5.29644422026667,20.2882583037037,1.34782166666667,38.3747833333333,21.8593833333333,0,3.11703
"Luis Guevara","sa3021011",4.5648,1.513,8.6094,0.28942,7.19001,0.5072,0.9566,0.168111,0.79889,0,1.1648,0.8439,0.0291,0.0518
"Luis Gutierrez","sa3016469",4.6026,1.285,4.8582,0.283138,5.36337,0.5114,0.5398,0.142778,0.59593,0,1.1306,0.6415,0.0045,0.0461
"Luis Hernandez","sa3018812",6.2181,1.555,6.4836,0.274027,6.17031,0.6909,0.7204,0.172778,0.68559,0,1.0903,0.7259,0.0274,0.0518
"Luis Jerez","sa3021495",4.6089,1.606,7.6212,0.289754,7.04673,0.5121,0.8468,0.178444,0.78297,0,1.1722,0.8265,0.0198,0.0527
"Luis Joseph","sa3016228",5.0148,1.508,9.2223,0.28504,7.28316,0.5572,1.0247,0.167556,0.80924,0,1.1407,0.8539,0.0293,0.0524
"Luis L Ortiz","27646",7.70767382352941,1.22565529411765,3.30627882352941,0.244597764705882,4.16359647058824,122.742186717386,52.7020981702422,19.4594754522107,66.3916865007612,0.817770571428571,139.556285714286,74.3601142857143,0,6.76201857142857
"Luis Ledo","sa740812",6.714205,1.073505,4.43701,0.263988,4.78443,18.863,13.22385,3.0571665,13.7521,0,25.5257,14.774,0.0085,1.02285
"Luis Madero","20399",6.075,1.57,4.0464,0.276382,5.57136,0.675,0.4496,0.174444,0.61904,0,1.1152,0.6553,0.0272,0.0464
"Luis Madrazo","sa3019134",7.5438,1.27,4.6296,0.254547,4.76199,0.8382,0.5144,0.141111,0.52911,0,0.9881,0.5671,0.0257,0.0518
"Luis Maracara","sa3024260",4.5198,1.581,6.5412,0.292823,6.76332,0.5022,0.7268,0.175667,0.75148,0,1.1898,0.7959,0.0038,0.051
"Luis Martinez","sa3016041",4.4262,1.354,9.2637,0.29232,7.29468,0.4918,1.0293,0.150444,0.81052,0,1.1758,0.8559,0.0231,0.0524
"Luis MartinezGomez","sa3023285",5.2461,1.498,5.5557,0.284273,6.09282,0.5829,0.6173,0.166444,0.67698,0,1.1442,0.7198,0.0097,0.0497
"Luis Medina","21649",7.83309305555556,1.103995,4.39599027777778,0.246836388888889,4.67999083333333,36.9815414693159,21.050369763323,4.6695910062037,21.7375635869136,0,38.49345,22.7759,0.5028,3.0279
"Luis Mey","sa3010130",7.946104,1.333684,6.422306,0.256876,5.719744,37.30534,30.22088,6.176934,26.77152,0.72166,42.52274,28.72482,0,3.86636
"Luis Moncada","sa873694",5.1093,1.307,4.8222,0.282275,5.44122,0.5677,0.5358,0.145222,0.60458,0,1.1337,0.6482,0.0104,0.0429
"Luis Montas","sa3015102",6.1218,1.31,5.1939,0.274322,5.45427,0.6802,0.5771,0.145556,0.60603,0,1.0915,0.6477,0.0266,0.048
"Luis Morales","sa3021487",5.8221,1.449,4.4883,0.274071,5.39964,0.6469,0.4987,0.161,0.59996,0,1.0902,0.6412,0.0031,0.0425
"Luis Morellis","sa3021489",5.2056,1.928,7.0587,0.29355,7.33122,0.5784,0.7843,0.214222,0.81458,0,1.1993,0.8574,0.0107,0.0542
"Luis Moreno","sa3002928",5.9031,1.201,5.157,0.272269,5.19489,0.6559,0.573,0.133444,0.57721,0,1.0802,0.6212,0.0265,0.0506
"Luis Moreno","sa3009950",6.65672,1.174465,4.135865,0.262162,4.797575,36.36735,24.21135,6.563278,27.25385,0,50.5195,29.27535,0.00215,3.02415
"Luis Nunez","sa3009715",4.9383,1.461,8.3835,0.286825,6.97356,0.5487,0.9315,0.162333,0.77484,0,1.1506,0.8198,0.0288,0.05
"Luis Osorio","sa3015988",3.8349,1.636,6.5835,0.298959,7.00929,0.4261,0.7315,0.181778,0.77881,0,1.224,0.8238,0.0048,0.0543
"Luis Oviedo","21728",7.3296,1.191,4.6062,0.25738,4.80474,0.8144,0.5118,0.132333,0.53386,0,1.0036,0.5735,0.0257,0.0659
"Luis Pacheco","sa3002678",8.2449,1.291,3.6108,0.250608,4.37976,0.9161,0.4012,0.143444,0.48664,0,0.9789,0.5229,0.0251,0.0447
"Luis Palacios","sa3003021",5.135835,1.45467,2.292105,0.282726,4.9235,33.7826,14.1343,9.5799445,32.271905,0,68.5675,34.7915,0.0015,2.52085
"Luis Patino","22815",7.38939529411765,1.32939617647059,3.68067882352941,0.248840588235294,4.65534411764706,16.0466687825836,7.98677616043829,2.98239046559977,10.1695920343137,0.882762714285714,17.9592714285714,10.46217,0,0.715448714285714
"Luis Perales","sa3014677",7.970825,1.363025,4.19393,0.2569855,4.998645,34.9317,18.22915,6.0725,21.77251,0,38.50595,23.2914,0.0015,1.5224
"Luis Peralta","24203",9.13095058823529,1.21959241176471,4.90021235294118,0.256227647058824,5.11678029411765,60.7469252231788,32.4523230944129,8.13778282606536,33.8626144045629,11.9130714285714,57.5638714285714,33.8898571428571,0,4.64116142857143
"Luis Perdomo","14682",7.5501,1.112,2.7171,0.258569,4.05423,0.8389,0.3019,0.123556,0.45047,0,1.0146,0.4893,0.0233,0.0442
"Luis Polanco","sa3016739",5.3307,1.327,5.8995,0.284113,6.02361,0.5923,0.6555,0.147444,0.66929,0,1.1406,0.7118,0.0273,0.0489
"Luis Quinones","sa1170867",8.1827,1.33749,4.38587,0.24377,4.74661,32.9495,18.72565,5.077889,19.25866,0,33.4785,20.77545,0.51255,2.524
"Luis Ramirez","sa3018353",4.689,1.433,8.5779,0.29048,7.13709,0.521,0.9531,0.159222,0.79301,0,1.1686,0.8388,0.0291,0.0589
"Luis Ramirez","sa3020831",5.7987,1.335,4.9338,0.27988,5.54715,0.6443,0.5482,0.148333,0.61635,0,1.1219,0.66,0.0149,0.0613
"Luis Reyes","sa3020983",4.6386,1.503,6.7347,0.291191,6.66027,0.5154,0.7483,0.167,0.74003,0,1.1781,0.7853,0.0043,0.0509
"Luis Reyes","sa737048",6.169665,1.327855,4.81177,0.2726935,5.4219,20.34825,18.2311,5.063222,20.265165,0,34.02955,21.7865,0.01125,2.52835
"Luis Rijo","sa916950",5.3001,1.554,4.1571,0.283331,5.72805,0.5889,0.4619,0.172667,0.63645,0,1.1463,0.6772,0.0035,0.0503
"Luis Rodriguez","sa3021816",5.3334,1.469,5.085,0.284164,5.91336,0.5926,0.565,0.163222,0.65704,0,1.1418,0.7002,0.0105,0.0519
"Luis Romero","sa3003109",6.1803,1.134,3.9132,0.272138,4.75632,0.6867,0.4348,0.126,0.52848,0,1.0787,0.571,0.0257,0.0494
"Luis Rujano","sa3020904",5.364,1.543,5.4963,0.281381,6.07851,0.596,0.6107,0.171444,0.67539,0,1.1307,0.7172,0.0096,0.0519
"Luis Sanchez","sa3015219",6.372,1.407,7.0443,0.272736,6.10038,0.708,0.7827,0.156333,0.67782,0,1.0796,0.7204,0.0277,0.0599
"Luis Serna","sa3016528",5.7564,1.589,4.5009,0.27818,5.67612,0.6396,0.5001,0.176556,0.63068,0,1.1214,0.6725,0.0034,0.0617
"Luis Severino","15890",7.90246088235294,1.23715235294118,2.95932588235294,0.247986588235294,4.15330941176471,148.966406173856,55.7978588327566,23.2102605306574,78.3331415437139,0,165.657142857143,89.1771714285714,0,8.54059714285714
"Luis Talavera","sa3009212",4.1886,1.211,6.4593,0.299492,6.32034,0.4654,0.7177,0.134556,0.70226,0,1.2092,0.7506,0.0278,0.0498
"Luis Tejeda","sa3016589",5.2839,1.341,6.2487,0.281081,5.97186,0.5871,0.6943,0.149,0.66354,0,1.1232,0.7077,0.0274,0.0537
"Luis Tejeda","sa3019176",4.4307,1.516,7.2063,0.291438,6.81651,0.4923,0.8007,0.168444,0.75739,0,1.1798,0.8021,0.0219,0.0561
"Luis Torres","sa3018320",6.3954,1.286,6.3747,0.267669,5.57451,0.7106,0.7083,0.142889,0.61939,0,1.0578,0.6616,0.023,0.0558
"Luis Valdez","sa3015974",5.6988,1.48,5.3109,0.278839,5.78088,0.6332,0.5901,0.164444,0.64232,0,1.1216,0.6836,0.01,0.0515
"Luis Valdez","sa3019288",4.5144,1.466,6.7167,0.292927,6.74523,0.5016,0.7463,0.162889,0.74947,0,1.1877,0.7933,0.0136,0.0511
"Luis Vargas","sa3009592",6.0615,1.522,4.3461,0.27754,5.60655,0.6735,0.4829,0.169111,0.62295,0,1.1156,0.6625,0.0055,0.0455
"Luis Vasquez","sa3021001",3.9744,1.603,7.083,0.297142,7.04466,0.4416,0.787,0.178111,0.78274,0,1.2121,0.8276,0.014,0.0498
"Luis Vega","sa3009830",4.7952,1.641,7.6158,0.287679,7.05132,0.5328,0.8462,0.182333,0.78348,0,1.1632,0.826,0.0213,0.0514
"Luis Velasquez","sa3010135",8.262,1.25275,4.93245,0.245988,4.736055,22.94925,13.7668,3.566278,13.255395,0,22.48835,14.27555,0.50985,1.52325
"Luis Victorino","sa3019289",4.4802,1.715,7.4853,0.293661,7.29063,0.4978,0.8317,0.190556,0.81007,0,1.1915,0.8539,0.0101,0.0499
"Luis Viloria","sa3015495",6.3387,1.433,6.7959,0.272176,5.91822,0.7043,0.7551,0.159222,0.65758,0,1.0767,0.6994,0.0275,0.049
"Luis Vizcaino","sa3011812",6.1551,1.487,6.651,0.27317,6.16302,0.6839,0.739,0.165222,0.68478,0,1.0873,0.7252,0.0276,0.0517
"Luke Albright","sa3017592",7.24092,1.19185,4.77436,0.258751,4.9459,30.8995,21.2516,4.5726665,20.28394,0,38.5168,21.8028,0.00715,2.5249
"Luke Anderson","sa3017984",5.9355,1.414,6.2766,0.271933,5.8437,0.6595,0.6974,0.157111,0.6493,0,1.0743,0.6909,0.0272,0.053
"Luke Bard","14288",7.6887,1.254,3.2859,0.253609,4.44348,0.8543,0.3651,0.139333,0.49372,0,0.9908,0.5293,0.0243,0.0551
"Luke Barker","19609",7.48786,1.28308,3.49757,0.2575535,4.650135,14.3847,5.7129,2.0786665,7.777065,0,15.52625,8.2953,0.51275,0.52055
"Luke Bell","sa3022731",6.3576,1.528,5.2974,0.271077,5.60538,0.7064,0.5886,0.169778,0.62282,0,1.0765,0.6622,0.0266,0.0442
"Luke Boyd","sa3016904",5.5899,1.466,5.3811,0.279808,5.88933,0.6211,0.5979,0.162889,0.65437,0,1.1241,0.6952,0.027,0.0537
"Luke Farrell","15101",6.426,1.697,3.492,0.277254,5.43789,0.714,0.388,0.188556,0.60421,0,1.1175,0.6425,0.0156,0.0464
"Luke Fox","sa3023673",5.6619,1.603,5.5125,0.280782,5.97807,0.6291,0.6125,0.178111,0.66423,0,1.1272,0.7059,0.0039,0.046
"Luke Jackson","11752",9.44725882352941,0.987932,4.01035882352941,0.236696823529412,3.98748647058824,55.8340891638108,23.8234262079631,5.92656839344867,23.5487188026021,9.55357285714286,48.6126857142857,25.9548,0,2.40816714285714
"Luke Little","28036",10.4499288235294,0.619041058823529,4.83048764705882,0.203534705882353,3.50771147058824,47.4555483550058,21.9717976119223,2.74088485677816,16.0211784235852,1.18679714285714,30.1802285714286,16.5954571428571,0,3.19354285714286
"Luke Murphy","sa3017653",8.0001,1.181,3.82725,0.2495355,4.515615,22.9389,10.71525,3.071222,12.751735,0,24.4949,13.7705,0.01265,1.52415
"Luke Russo","sa3023502",6.1389,1.604,4.3758,0.273298,5.57946,0.6821,0.4862,0.178222,0.61994,0,1.0892,0.6591,0.0035,0.0504
"Luke Savage","sa3022943",6.0588,1.448,5.5683,0.276567,5.82786,0.6732,0.6187,0.160889,0.64754,0,1.1074,0.6888,0.0271,0.0612
"Luke Shilling","sa3014781",7.8426,1.277,4.7835,0.255379,4.90878,0.8714,0.5315,0.141889,0.54542,0,0.997,0.5828,0.0242,0.0515
"Luke Stofel","sa3023087",6.066,1.096,5.508,0.267796,5.10408,0.674,0.612,0.121778,0.56712,0,1.0556,0.6114,0.0266,0.0482
"Luke Summers","sa3018284",7.8147,1.157,3.8484,0.254967,4.42791,0.8683,0.4276,0.128556,0.49199,0,0.9945,0.5299,0.0252,0.0429
"Luke Taggart","sa3017932",5.6016,1.66,4.1805,0.295068,6.17535,0.6224,0.4645,0.184444,0.68615,0,1.2055,0.7274,0.0071,0.046
"Luke Weaver","16918",9.58854647058824,1.29729352941176,2.83476705882353,0.232455411764706,3.88239647058824,75.0944179445559,22.1731661833972,10.0337651509135,30.5798420435986,13.4453857142857,63.6264857142857,33.9463285714286,0,2.91162428571429
"Luke Westphal","sa869541",7.780465,1.21761,4.52808,0.2522805,4.592355,16.91855,10.23285,2.567722,9.753505,0,18.50055,10.7727,0.00595,0.01855
"Luke Young","sa3020819",5.0904,1.712,4.1697,0.279672,5.83857,0.5656,0.4633,0.190222,0.64873,0,1.128,0.687,0.0061,0.0524
"Lyon Richardson","24581",8.27140588235294,1.31959,4.40338235294118,0.258699529411765,4.95341411764706,21.6027124311326,11.8400283334256,3.61528685373241,13.4986297592249,0.840022428571429,23.4478714285714,14.4493757142857,0,1.57983328571429
"MD Johnson","sa3010364",5.761925,1.469045,3.77027,0.276726,5.355265,26.3111,17.6974,6.087278,23.30389,0,44.5594,25.32335,0.0015,3.5294
"Mac Lardner","sa3014928",5.7654,1.372,4.6989,0.27216,5.26392,0.6406,0.5221,0.152444,0.58488,0,1.0851,0.6245,0.0263,0.0449
"Mac Sceroler","22218",7.74,1.328,3.7746,0.256642,4.68747,0.86,0.4194,0.147556,0.52083,0,1.0066,0.5564,0.0249,0.0464
"MacKenzie Gore","22201",9.58540470588235,1.10742235294118,3.35379441176471,0.239016235294118,3.98173176470588,172.396947250104,60.3750564192042,19.909002707128,71.4637614977624,0,149.462,77.8964285714286,0,6.97044571428571
"Maceo Campbell","sa3016797",6.5178,1.333,6.1272,0.268804,5.66316,0.7242,0.6808,0.148111,0.62924,0,1.0614,0.6706,0.027,0.0526
"Mack Anglin","sa3020620",5.6871,1.31,6.6096,0.280765,6.14097,0.6319,0.7344,0.145556,0.68233,0,1.1207,0.7251,0.0256,0.045
"Mack Lemieux","sa875726",7.4781,1.06,4.2885,0.260454,4.51854,0.8309,0.4765,0.117778,0.50206,0,1.019,0.5413,0.0256,0.0441
"Maddux Bruns","sa3017782",6.8148,1.538,6.0579,0.265455,5.75235,0.7572,0.6731,0.170889,0.63915,0,1.0447,0.6797,0.0032,0.0664
"Madinson Frias","sa3024244",3.8763,1.612,6.5628,0.299739,6.98418,0.4307,0.7292,0.179111,0.77602,0,1.228,0.8214,0.0033,0.0499
"Madison Bumgarner","5524",6.58514285714286,1.58242857142857,2.84485714285714,0.267347857142857,4.89788571428571,3.7588201723356,1.40231368707483,0.81815681632653,2.35500878911564,0,1.0945,0.612,0.0066,0.0519
"Madison Jeffrey","sa3018206",6.2541,1.471,7.8435,0.272222,6.39009,0.6949,0.8715,0.163444,0.71001,0,1.0731,0.7531,0.0282,0.0695
"Mado Villegas","sa3018343",4.6179,1.545,7.9785,0.290003,7.06914,0.5131,0.8865,0.171667,0.78546,0,1.1717,0.8296,0.0288,0.0532
"Magdiel Cotto","sa3023251",5.823,1.098,5.9319,0.275292,5.36535,0.647,0.6591,0.122,0.59615,0,1.0901,0.6401,0.027,0.0561
"Magnus Ellerts","sa3020813",9.36045,1.1935,4.356,0.237211,4.1751,27.01005,12.734,3.562611,11.7339,0,22.96125,12.7518,0.5126,1.022
"Maicor Serrano","sa3019079",4.4604,1.49,9.2367,0.290854,7.39368,0.4956,1.0263,0.165556,0.82152,0,1.1697,0.8674,0.0295,0.0541
"Maikel Hernandez","sa3018331",4.3551,1.637,7.7652,0.294324,7.16985,0.4839,0.8628,0.181889,0.79665,0,1.1936,0.8411,0.0287,0.0518
"Maikel Miralles","sa3022418",5.3667,1.601,5.9175,0.278757,6.13089,0.5963,0.6575,0.177889,0.68121,0,1.1133,0.7222,0.0151,0.0457
"Maikel Rodriguez","sa3024559",4.1022,1.738,6.7995,0.296289,7.16382,0.4558,0.7555,0.193111,0.79598,0,1.2128,0.8392,0.0051,0.0492
"Malcolm Van Buren","sa918752",7.5384,1.283,7.4592,0.256379,5.70573,0.8376,0.8288,0.142556,0.63397,0,0.9947,0.6751,0.0275,0.0514
"Malik Barrington","sa3017644",6.7518,1.367,5.463,0.263282,5.37165,0.7502,0.607,0.151889,0.59685,0,1.0362,0.6362,0.0265,0.0483
"Malik Binns","sa3017987",6.2208,1.358,6.7401,0.270956,5.93487,0.6912,0.7489,0.150889,0.65943,0,1.0709,0.7017,0.0275,0.0558
"Malvin Pena","sa830644",7.0659,1.338,3.8439,0.260468,4.78809,0.7851,0.4271,0.148667,0.53201,0,1.0258,0.5689,0.0255,0.0456
"Manny Banuelos","5365",8.7498,0.997,3.771,0.242395,3.87117,0.9722,0.419,0.110778,0.43013,0,0.9275,0.4671,0.0248,0.0466
"Manny Ramirez","sa3004833",6.012,1.325,7.8543,0.275274,6.34203,0.668,0.8727,0.147222,0.70467,0,1.0886,0.749,0.0282,0.0607
"Manuel Alvarez","sa3005410",7.2612,1.4,4.8879,0.260461,5.24043,0.8068,0.5431,0.155556,0.58227,0,1.0252,0.6194,0.0236,0.0588
"Manuel Cachutt","sa3003133",5.8284,1.36,4.0392,0.275502,5.22117,0.6476,0.4488,0.151111,0.58013,0,1.1014,0.6211,0.0172,0.0534
"Manuel Castro","sa3017493",7.9731,1.215,3.546,0.248681,4.23549,0.8859,0.394,0.135,0.47061,0,0.9612,0.5067,0.0248,0.0418
"Manuel Cazorla","sa3018829",4.2498,1.668,6.8904,0.294803,6.88833,0.4722,0.7656,0.185333,0.76537,0,1.1997,0.8097,0.0068,0.0529
"Manuel Davila","sa3024787",4.3974,1.635,6.2406,0.293271,6.76557,0.4886,0.6934,0.181667,0.75173,0,1.1947,0.7954,0.0039,0.0549
"Manuel De La Rosa","sa3015950",5.7798,1.212,7.2567,0.273964,5.83794,0.6422,0.8063,0.134667,0.64866,0,1.0815,0.6934,0.0278,0.0561
"Manuel Espinoza","sa3010242",6.548985,1.634515,3.116115,0.2679415,5.215775,25.87835,11.19555,7.085722,21.78501,0,40.5311,23.30285,0.00465,1.52225
"Manuel Heredia","sa3021997",4.5585,1.426,8.5698,0.289951,7.05654,0.5065,0.9522,0.158444,0.78406,0,1.1643,0.8303,0.029,0.0573
"Manuel Medina","sa3011728",6.4359,1.241,5.8131,0.27298,5.51943,0.7151,0.6459,0.137889,0.61327,0,1.078,0.6548,0.0268,0.0501
"Manuel Mercedes","sa3015214",4.4712,1.066,4.6053,0.288716,5.32107,0.4968,0.5117,0.118444,0.59123,0,1.1665,0.6404,0.0033,0.055
"Manuel Olivares","sa3009471",4.257,1.467,5.4504,0.294768,6.26076,0.473,0.6056,0.163,0.69564,0,1.2,0.7411,0.005,0.0484
"Manuel Osorio","sa3021772",4.4019,1.513,7.128,0.289787,6.70293,0.4891,0.792,0.168111,0.74477,0,1.1719,0.7891,0.0038,0.051
"Manuel Perez","sa3019373",4.2876,1.573,6.8589,0.293492,6.86646,0.4764,0.7621,0.174778,0.76294,0,1.1924,0.8078,0.0081,0.0561
"Manuel Rodriguez","20794",8.63693058823529,0.860124117647059,3.44201411764706,0.240892470588235,3.79418117647059,58.2892774166321,23.2018843032649,5.81127739349942,25.5832449568243,13.1980857142857,55.6469142857143,27.7521571428571,0,4.29305857142857
"Manuel Rodriguez","sa3019291",4.8186,1.966,3.5604,0.287259,6.10596,0.5354,0.3956,0.218444,0.67844,0,1.1796,0.7157,0.0031,0.05
"Manuel Urias","sa3007606",5.922,1.524,3.7377,0.275383,5.34717,0.658,0.4153,0.169333,0.59413,0,1.102,0.6338,0.007,0.043
"Manuel Veloz","sa3011349",5.2542,1.481,3.8673,0.282115,5.35986,0.5838,0.4297,0.164556,0.59554,0,1.1354,0.6375,0.0164,0.0517
"Marc Church","26353",9.25958764705882,1.17923117647059,3.48451558823529,0.239618588235294,4.29032058823529,46.0888315041569,17.3469460372641,5.78274030720184,21.3655127470819,1.20276714285714,41.0609857142857,23.0266857142857,0,1.96662285714286
"Marc Davis","sa3017722",5.5341,1.578,4.968,0.275809,5.81697,0.6149,0.552,0.175333,0.64633,0,1.1015,0.6864,0.0036,0.0493
"Marcel Renteria","sa3005016",7.7715,1.253,3.8835,0.25495,4.59306,0.8635,0.4315,0.139222,0.51034,0,0.9966,0.5468,0.0254,0.0495
"Marcelo Martinez","sa3005060",6.7608,1.412,3.4218,0.261794,4.8168,0.7512,0.3802,0.156889,0.5352,0,1.0366,0.5693,0.0167,0.0442
"Marcelo Perez","sa3020889",5.2677,1.6,3.276,0.277646,5.31126,0.5853,0.364,0.177778,0.59014,0,1.1218,0.6298,0.003,0.0496
"Marcelo Valladares","sa3019754",4.7385,1.558,8.6265,0.288907,7.27227,0.5265,0.9585,0.173111,0.80803,0,1.1634,0.8527,0.0212,0.0506
"Marco Corcho","sa3021484",5.9049,1.455,6.7167,0.278069,6.12072,0.6561,0.7463,0.161667,0.68008,0,1.1051,0.7235,0.0276,0.0525
"Marco Gonzales","15467",6.03482,1.47062,2.99806909090909,0.272957272727273,4.82142,20.3473237950413,10.4742995250689,5.25434265895317,17.0137571922865,0,32.164425,16.9191,0.30982525,0.78453775
"Marco Jimenez","sa3002926",6.075,1.148,5.2308,0.26759,5.09661,0.675,0.5812,0.127556,0.56629,0,1.0573,0.6095,0.0264,0.0466
"Marco Patino","sa3019537",4.212,1.569,7.7103,0.298458,7.2459,0.468,0.8567,0.174333,0.8051,0,1.2172,0.8504,0.0174,0.052
"Marco Raya","sa3014550",7.57835666666667,1.22642333333333,3.73410333333333,0.255463666666667,4.66622333333333,30.42479,14.9177533333333,4.73756333333333,18.5380766666667,0.194395,35.3812433333333,20.0024966666667,0.001,2.16617966666667
"Marco Vega","sa3019486",4.9572,1.522,8.5707,0.286586,7.13493,0.5508,0.9523,0.169111,0.79277,0,1.1511,0.837,0.029,0.0511
"Marcos  Fortunato","sa3019391",4.6332,1.499,8.4861,0.288311,7.10406,0.5148,0.9429,0.166556,0.78934,0,1.1593,0.8344,0.029,0.0541
"Marcos Diplan","17583",8.0487,1.241,4.14,0.251017,4.55058,0.8943,0.46,0.137889,0.50562,0,0.9754,0.5417,0.0241,0.0422
"Marcos Herrera","sa3019261",4.122,1.578,6.6105,0.295036,6.81867,0.458,0.7345,0.175333,0.75763,0,1.2013,0.8027,0.0075,0.0528
"Marcos Pimentel","sa3024085",4.0086,1.68,6.3342,0.297062,6.94026,0.4454,0.7038,0.186667,0.77114,0,1.2162,0.8151,0.0033,0.0491
"Marcos Tineo","sa3003124",6.4053,1.333,4.3767,0.273685,5.35392,0.7117,0.4863,0.148111,0.59488,0,1.0911,0.6352,0.0031,0.046
"Marcus Johnson","sa3020324",5.2335,1.728,3.2913,0.28492,5.63589,0.5815,0.3657,0.192,0.62621,0,1.1586,0.6652,0.0036,0.0429
"Marcus Olivarez","sa3020478",6.2532,1.265,5.9517,0.271444,5.55975,0.6948,0.6613,0.140556,0.61775,0,1.0731,0.6605,0.027,0.0544
"Marcus Reyes","sa3004489",6.9777,1.267,4.0428,0.2627,4.7268,0.7753,0.4492,0.140778,0.5252,0,1.0358,0.5633,0.0217,0.0429
"Marcus Stroman","13431",6.81381941176471,1.13378705882353,3.30986235294118,0.260181882352941,4.54274117647059,96.52447458812,46.6993812604383,16.0460778658977,64.1994618800461,1.04064285714286,130.913714285714,68.7839142857143,0,5.09036285714286
"Marcus Walden","8004",6.2622,1.186,2.9466,0.27169,4.53672,0.6958,0.3274,0.131778,0.50408,0,1.081,0.5447,0.0245,0.0418
"Mariano Salomon","sa3021751",4.8519,1.636,5.5458,0.28798,6.39504,0.5391,0.6162,0.181778,0.71056,0,1.1694,0.7525,0.0043,0.0481
"Marino Santy","sa3017422",6.192,1.076,6.2721,0.269337,5.24079,0.688,0.6969,0.119556,0.58231,0,1.0537,0.6282,0.0141,0.0669
"Mario Sanchez","sa691863",6.3936,1.543,2.8152,0.269787,4.96629,0.7104,0.3128,0.171444,0.55181,0,1.0802,0.5878,0.0071,0.0423
"Mark Adamiak","sa3020254",6.3405,1.379,5.4639,0.268553,5.47065,0.7045,0.6071,0.153222,0.60785,0,1.0592,0.6482,0.0266,0.0508
"Mark Appel","14823",7.2387,1.172,3.4938,0.261336,4.4946,0.8043,0.3882,0.130222,0.4994,0,1.0276,0.538,0.0249,0.0507
"Mark Leiter Jr","15551",10.5200238235294,1.24719470588235,3.52387294117647,0.222876823529412,3.91421411764706,69.4737299027059,23.228211029684,8.24085380077662,25.8737587261822,12.3584857142857,50.4629285714286,28.2257714285714,0,4.35897428571429
"Mark Manfredi","sa3023516",6.8751,1.359,5.1273,0.264005,5.21037,0.7639,0.5697,0.151,0.57893,0,1.0415,0.6191,0.0079,0.0563
"Mark McLaughlin","sa3020604",5.1579,1.459,6.4737,0.283897,6.14358,0.5731,0.7193,0.162111,0.68262,0,1.1361,0.727,0.0275,0.0479
"Mark Melancon","4264",6.0093,1.136,3.4281,0.273683,4.60404,0.6677,0.3809,0.126222,0.51156,0,1.0903,0.5537,0.0321,0.0383
"Mark Simon","sa3004993",5.8365,1.454,5.184,0.277404,5.75118,0.6485,0.576,0.161556,0.63902,0,1.112,0.6792,0.0268,0.0514
"Mark Washington","sa3005194",7.3719,1.125,3.6603,0.258363,4.39002,0.8191,0.4067,0.125,0.48778,0,1.0102,0.5271,0.0252,0.0463
"Markus Solbach","sa599472",6.5925,1.371,2.5776,0.269136,4.66605,0.7325,0.2864,0.152333,0.51845,0,1.0731,0.5566,0.0029,0.0444
"Marlin Willis","sa3005116",6.5574,1.244,7.5996,0.268348,6.03459,0.7286,0.8444,0.138222,0.67051,0,1.0545,0.7121,0.028,0.066
"Marlon De La Cruz","sa3023833",4.4469,1.58,6.9813,0.29356,6.93801,0.4941,0.7757,0.175556,0.77089,0,1.192,0.8158,0.0033,0.0558
"Marlon Franco","sa3016242",4.095,1.668,5.4783,0.2957,6.62112,0.455,0.6087,0.185333,0.73568,0,1.2116,0.7789,0.0047,0.0559
"Marlon Nieves","sa3021567",4.3434,1.688,7.056,0.294481,7.15023,0.4826,0.784,0.187556,0.79447,0,1.2006,0.8381,0.0033,0.053
"Marlon Perez","sa3018235",6.912,1.525,5.1912,0.259633,5.37417,0.768,0.5768,0.169444,0.59713,0,1.0255,0.6322,0.0264,0.0434
"Marques Johnson","sa3020741",6.3207,1.179,6.3603,0.267451,5.51421,0.7023,0.7067,0.131,0.61269,0,1.0575,0.6568,0.025,0.0463
"Marquis Grissom Jr","sa3020312",7.04487,1.295535,3.355995,0.2552065,4.60225,20.3929,9.19745,3.575722,13.25795,0,26.50275,14.27575,0.0126,1.52295
"Marshall Hunt","sa3017369",5.7438,1.44,6.5358,0.277736,6.15438,0.6382,0.7262,0.16,0.68382,0,1.109,0.7258,0.0276,0.0518
"Marshall Kasowski","sa3005114",8.5059,1.139,4.4766,0.245582,4.3866,0.9451,0.4974,0.126556,0.4874,0,0.9464,0.5245,0.0254,0.0409
"Martin Herrera","sa3007725",4.3758,1.596,8.5896,0.292538,7.40898,0.4862,0.9544,0.177333,0.82322,0,1.1851,0.8675,0.0292,0.0505
"Martin Perez","6902",6.54348441176471,1.27093176470588,3.30669088235294,0.270307823529412,4.70284352941176,99.9803586441522,50.4944077325951,19.4907719123414,72.0577287095117,0.0344707142857143,148.689428571429,77.1681285714286,0,5.53648571428571
"Martin Santana","sa3006402",5.6736,1.336,6.6933,0.277251,6.03963,0.6304,0.7437,0.148444,0.67107,0,1.1021,0.7149,0.0276,0.0612
"Marwys Cabrera","sa3021992",4.3758,1.638,6.7167,0.293795,6.94008,0.4862,0.7463,0.182,0.77112,0,1.1961,0.8152,0.0033,0.0535
"Masahiro Tanaka","15764",6.0381,1.483,2.5857,0.275888,4.89924,0.6709,0.2873,0.164778,0.54436,0,1.111,0.5822,0.0062,0.0387
"Mason Adams","sa3020388",6.320335,1.29433333333333,2.67160666666667,0.270184833333333,4.788845,27.2150666666667,11.1707866666667,5.60074833333333,20.54185,0,41.25485,22.21545,0,2.95750333333333
"Mason Albright","sa3017847",5.35204,1.796785,3.499385,0.2906225,5.91218,31.2937,19.6995,10.1025555,32.841375,0,61.60445,35.36035,0.00165,1.52135
"Mason Barnett","sa3020622",7.86014,1.22209833333333,3.58228166666667,0.2477765,4.47805666666667,23.3347466666667,10.2361533333333,3.54695066666667,13.1683566666667,0,25.25946,14.275245,0,1.82090583333333
"Mason Black","30171",8.07068823529412,1.18292588235294,3.25333058823529,0.249261176470588,4.33091529411765,51.9709010399585,20.943090910782,7.56363788920415,28.029939419308,0.866298857142857,56.8828428571429,30.1922142857143,0,3.46389142857143
"Mason Denaburg","sa3010648",5.1813,1.299,6.6663,0.282004,6.05871,0.5757,0.7407,0.144333,0.67319,0,1.1248,0.7185,0.0276,0.0577
"Mason Englert","22288",7.87385411764706,1.26605764705882,2.83080470588235,0.248528588235294,4.34338588235294,41.22205659988,14.8102882046228,6.51537308675586,22.7193349346559,0.974101428571429,45.8322857142857,24.7018571428571,0,2.67168142857143
"Mason Erla","sa3017685",5.998265,1.341165,3.01155,0.274609,4.89742,17.8424,9.16795,4.0749445,15.26638,0,30.54965,16.2868,0.0081,1.0216
"Mason Fluharty","sa3020261",8.41693166666667,1.17954,3.39500666666667,0.240847833333333,4.15279666666667,26.87285,10.579325,3.781005,13.0911033333333,0.7554915,26.4728,14.1882,0,1.4890425
"Mason Fox","sa3007460",7.7877,1.243,4.90275,0.2499965,4.939635,13.9153,9.24475,2.0714445,8.765515,0,15.0012,9.2842,0.5128,0.5197
"Mason Green","sa3017717",6.046535,1.435735,4.58125,0.2809445,5.62316,30.323,22.7474,6.5839445,26.32247,0,48.5807,28.3434,0.0024,2.024
"Mason Hickman","sa3015033",8.355985,1.30893,4.39289,0.247673,4.66109,26.95775,14.73055,4.074389,14.76035,0,27.488,15.7778,0.51275,1.5221
"Mason McGwire","sa3020961",4.6935,1.423,6.2343,0.289487,6.3126,0.5215,0.6927,0.158111,0.7014,0,1.1664,0.7471,0.0068,0.0501
"Mason Miller","31757",12.9553014705882,0.829896941176471,3.18588176470588,0.185572117647059,2.71090058823529,97.5997049503922,23.9578518765629,6.22793987952941,20.4958592822099,2.05748857142857,44.4938571428571,22.0073428571429,0,3.01904428571429
"Mason Miller","sa3023658",5.4531,1.242,6.9075,0.281735,6.08904,0.6059,0.7675,0.138,0.67656,0,1.1246,0.7198,0.0278,0.0508
"Mason Montgomery","29770",9.58275411764706,1.06887764705882,3.56490588235294,0.229128705882353,4.01084352941177,68.7430185995294,25.7363772084706,7.82178708141176,29.0680746447059,12.1166571428571,59.7344714285714,31.6410285714286,0,3.07626
"Mason Pelio","sa3020381",4.7646,1.817,5.8194,0.294557,6.77538,0.5294,0.6466,0.201889,0.75282,0,1.204,0.7972,0.0038,0.0549
"Mason Ronan","sa3020318",6.6384,1.23,6.8013,0.265194,5.54598,0.7376,0.7557,0.136667,0.61622,0,1.0394,0.6585,0.0273,0.0549
"Mason Thompson","21850",7.41108470588235,0.94181494117647,3.64907205882353,0.251192764705882,4.41977058823529,33.0048820447858,16.3148068972945,4.29278670213764,19.7585010290073,1.41153428571429,39.9143285714286,20.9905571428571,0,2.04565857142857
"Mason Vinyard","sa3020753",7.0218,1.395,5.328,0.262502,5.2362,0.7802,0.592,0.155,0.5818,0,1.0357,0.6221,0.0265,0.0435
"Mat Olsen","sa3017882",7.576805,1.11652,3.39906,0.2538455,4.397065,20.9235,9.194,3.0628335,12.243665,0,25.00135,13.26265,0.0126,2.0263
"Mathew Peters","sa3020629",5.6736,1.396,7.5681,0.27872,6.40809,0.6304,0.8409,0.155111,0.71201,0,1.1073,0.7558,0.0281,0.0503
"Matt Andriese","12022",6.70142916666667,1.40373333333333,2.76494166666667,0.277243333333333,4.70945416666667,19.2387118333333,8.2880075,4.46016475,14.5392741666667,0,32.53355,15.7659,0.01165,1.02
"Matt Barnes","12863",7.51860470588235,1.18284117647059,3.80494705882353,0.253765294117647,4.76519411764706,23.5397811238754,11.8241854865052,3.6630882117647,14.9199312636678,0.299035714285714,27.5602714285714,15.5499428571429,0,1.60214285714286
"Matt Bowman","13528",7.50291764705882,1.16171617647059,3.66796588235294,0.253325176470588,4.35749117647059,19.475781245098,9.68339547108497,3.10313220328758,11.4466756664706,0.968858571428571,22.7247142857143,12.4682671428571,0,1.076956
"Matt Brash","25756",11.3204411764706,0.715569470588235,3.95201647058824,0.206784823529412,3.18067411764706,59.8207538299423,20.8689260398677,3.78032457934025,16.7928978812211,1.80269142857143,36.7755285714286,17.5677857142857,0,2.20735571428571
"Matt Brill","sa738328",7.371,1.049,4.5027,0.255686,4.45122,0.819,0.5003,0.116556,0.49458,0,0.9893,0.5357,0.0255,0.0495
"Matt Brosky","sa3020706",7.1082,1.3,3.5577,0.263337,4.73958,0.7898,0.3953,0.144444,0.52662,0,1.0396,0.5649,0.0127,0.0469
"Matt Bush","1246",8.85564285714286,1.31571428571429,3.76814285714286,0.249205,4.68563571428572,3.01598235827664,1.77908670294785,0.549776428571429,2.1434251292517,0,0.929,0.4805,0.0252,0.0418
"Matt Canterino","sa3011530",9.29314,1.294052,3.98163,0.2376324,4.507692,11.71455,4.847618,1.766036,5.808876,0.8445146,10.617482,5.961254,0,0.3446316
"Matt Carasiti","13276",7.7171375,1.108675,4.10165833333333,0.260733333333333,4.72489583333333,16.6518298950617,9.1357029382716,2.55208242901235,10.7375847901235,0,19.98825,11.2525,0.51195,1.0228
"Matt Cronin","sa3011463",8.47646,1.090474,4.01343,0.238729,4.05488,18.9588,9.21095,2.0689445,8.72861,0,17.9651,9.24595,0.5125,0.51895
"Matt Dennis","sa918295",5.8545,1.283,3.4011,0.276651,4.97763,0.6505,0.3779,0.142556,0.55307,0,1.1076,0.5947,0.0134,0.0615
"Matt Dermody","14844",6.63228571428571,1.34442857142857,3.05578571428571,0.282427857142857,5.53840714285714,4.40110849886622,2.57654878004535,1.04031609070295,4.82469546938776,0,1.0889,0.5443,0.0031,0.0537
"Matt Duffy","sa3023272",5.2533,1.556,4.2696,0.289706,6.00507,0.5837,0.4744,0.172889,0.66723,0,1.1758,0.7082,0.0033,0.048
"Matt Eckelman","sa857600",5.6853,1.569,4.3731,0.277453,5.67396,0.6317,0.4859,0.174333,0.63044,0,1.1165,0.6692,0.0157,0.053
"Matt Festa","19330",8.95817,1.25709411764706,3.46584323529412,0.228925647058824,4.05172941176471,20.5836071874118,7.83555621103922,2.81924782792157,9.31721327301961,0.829469142857143,18.1762285714286,10.3152271428571,0,1.170091
"Matt Foster","19647",7.7526075,1.4632125,3.5125275,0.258964722222222,4.90534444444444,15.7969831834568,7.03561768296296,2.67211724382716,9.48981055596708,0,17.5147,9.2939,0.00835,0.5199
"Matt Frisbee","sa3006801",6.09595,1.446,3.09845,0.272499,5.03256,24.83705,11.68455,5.584278,19.78834,0,40.0486,21.3074,0.00275,2.02475
"Matt Gabbert","sa3022158",5.7519,1.521,5.3046,0.281609,6.01605,0.6391,0.5894,0.169,0.66845,0,1.1359,0.7095,0.0107,0.045
"Matt Gage","17381",8.65786,0.921049818181818,3.78666181818182,0.234906636363636,4.03081636363636,18.5415150942149,8.22155978530763,2.02853330321396,8.80198592091828,0,17.046975,9.26525,0.22208475,0.609737
"Matt Givin","sa3005229",6.7149,1.387,3.3264,0.265271,4.80645,0.7461,0.3696,0.154111,0.53405,0,1.0531,0.5706,0.0253,0.0465
"Matt Hardy","sa3004120",7.776,1.177,3.5145,0.255745,4.34088,0.864,0.3905,0.130778,0.48232,0,0.9994,0.5205,0.0251,0.0457
"Matt Harvey","11713",6.2028,1.445,2.5704,0.274404,4.88052,0.6892,0.2856,0.160556,0.54228,0,1.0994,0.5801,0.0036,0.0409
"Matt Hickey","sa3020236",5.5908,1.408,4.8744,0.276756,5.56848,0.6212,0.5416,0.156444,0.61872,0,1.1073,0.6598,0.0266,0.0574
"Matt Jachec","sa3022906",7.4475,1.12,4.356,0.260882,4.63203,0.8275,0.484,0.124444,0.51467,0,1.0231,0.5556,0.0257,0.0423
"Matt Keating","sa3020625",7.1676,1.402,5.3631,0.260932,5.22531,0.7964,0.5959,0.155778,0.58059,0,1.0281,0.6205,0.0264,0.043
"Matt Koch","13420",6.3196,1.41727083333333,2.71443333333333,0.27400125,4.94512916666667,17.823277962963,8.00573574074074,4.11912587962963,14.7850221296296,0,29.04505,15.7811,0.5118,1.5227
"Matt Krook","19315",8.52995192307692,1.01276846153846,5.86427076923077,0.243945692307692,4.60707461538462,29.1416759518245,20.1308705017094,3.34116379692308,15.8624859646746,0.93072,27.25132,16.19562,0,1.38712
"Matt Manning","20369",7.47428,1.16564,3.01789529411765,0.245039176470588,4.17544882352941,38.491074432,15.7663932658824,5.97620282878893,21.7089397987266,0.839753857142857,43.4300142857143,23.1432571428571,0,1.54225857142857
"Matt Merrill","sa3004364",7.4187,1.238,6.2217,0.253316,5.27508,0.8243,0.6913,0.137556,0.58612,0,0.9874,0.6258,0.0268,0.0578
"Matt Mikulski","sa3017874",5.9535,1.357,5.8167,0.267013,5.63076,0.6615,0.6463,0.150778,0.62564,0,1.0649,0.6655,0.0272,0.0695
"Matt Milburn","sa913084",5.7105,1.323,2.8575,0.278169,4.87287,0.6345,0.3175,0.147,0.54143,0,1.1176,0.5825,0.0078,0.0488
"Matt Minnick","sa3011369",7.4484,1.331,3.6729,0.255073,4.56786,0.8276,0.4081,0.147889,0.50754,0,1.0005,0.5424,0.0253,0.0495
"Matt Moore","1890",8.46588235294118,1.33835941176471,4.19085647058824,0.248493588235294,4.69579529411765,30.5399327548235,15.210100425867,4.87505834617455,16.9700770331657,1.62480571428571,31.1428857142857,18.2020571428571,0,1.35987857142857
"Matt Mullenbach","sa3010581",7.2369,1.12,3.357,0.259974,4.32711,0.8041,0.373,0.124444,0.48079,0,1.0191,0.5201,0.0251,0.045
"Matt Osterberg","sa3017462",5.322625,1.287305,2.602635,0.2774045,4.77631,26.79365,12.15435,6.57,24.75542,0,51.05395,26.7768,0.00145,1.51925
"Matt Peacock","20339",5.7798,1.13,3.0663,0.278092,4.52232,0.6422,0.3407,0.125556,0.50248,0,1.1112,0.5453,0.0534,0.0375
"Matt Pidich","sa915680",7.7004,1.367,3.726,0.255225,4.71141,0.8556,0.414,0.151889,0.52349,0,1.0014,0.558,0.0253,0.0484
"Matt Pushard","sa3019955",7.476156,1.277934,3.695692,0.2561492,4.594556,25.13628,12.70046,4.358622,15.49084,0.71884,30.65502,16.6761,0,1.63554
"Matt Ruppenthal","sa915693",7.5717,1.134,4.239,0.254712,4.57911,0.8413,0.471,0.126,0.50879,0,0.9906,0.5484,0.0227,0.0779
"Matt Russell","sa3017256",6.45247,1.22535,4.25542,0.266079,5.001895,15.86225,10.73255,3.0675,12.769725,0,24.02595,13.7901,0.0129,2.0278
"Matt Sauer","22284",7.69168555555556,1.36513972222222,3.6835275,0.252327916666667,4.86433333333333,28.4357270564403,14.3391834386111,4.96002712495885,18.8111680185185,0,34.50035,20.2782,0.01225,3.02545
"Matt Seelinger","sa3004483",8.838055,1.289765,4.426755,0.2421535,4.417515,17.9673,9.71245,2.569778,8.740835,0,16.46895,9.25745,0.51255,0.0188
"Matt Shoemaker","4776",5.8419,1.459,3.1527,0.279189,5.11884,0.6491,0.3503,0.162111,0.56876,0,1.1246,0.6089,0.0083,0.0446
"Matt Sparling","sa3017658",5.5161,1.357,7.0047,0.278031,6.10875,0.6129,0.7783,0.150778,0.67875,0,1.1084,0.7215,0.0278,0.0541
"Matt Stil","sa1170297",5.7465,1.552,7.2774,0.278405,6.58476,0.6385,0.8086,0.172444,0.73164,0,1.1139,0.7731,0.0219,0.0494
"Matt Strahm","13799",10.6046573529412,1.13043441176471,2.46589058823529,0.211107764705882,3.33539176470588,78.6932087386063,18.223499322376,8.31740612111073,24.680868652203,12.4794428571429,52.8968571428571,26.3522285714286,0,3.68320428571429
"Matt Svanson","sa3017070",6.334822,1.034254,3.368054,0.2638746,4.55313,27.99898,14.68246,4.569222,20.12984,0.72948,41.5173,21.82902,0,3.38848
"Matt Swarmer","19705",6.9984,1.504,3.7017,0.26533,5.05359,0.7776,0.4113,0.167111,0.56151,0,1.0536,0.5983,0.0124,0.0358
"Matt Tabor","sa3005334",7.505775,1.26681,3.65344,0.2544705,4.6298,25.44335,11.72625,4.5704445,16.75661,0,32.4934,18.27455,0.5127,3.0221
"Matt Turner","sa3005029",6.3495,1.254,4.6503,0.282547,5.34078,0.7055,0.5167,0.139333,0.59342,0,1.1292,0.636,0.0264,0.0508
"Matt Vogel","sa738652",8.4663,1.21,3.6711,0.246424,4.29849,0.9407,0.4079,0.134444,0.47761,0,0.9543,0.5124,0.025,0.0465
"Matt Waldron","25550",7.38197911764706,1.41054235294118,2.54348588235294,0.254184823529412,4.54060941176471,73.3428192147947,25.2396096975271,14.0511449512618,45.1100048032295,0.846980857142857,86.6950571428571,47.3464285714286,0,4.32593428571429
"Matt Walker","sa1169914",5.1138,1.307,4.4514,0.28222,5.33799,0.5682,0.4946,0.145222,0.59311,0,1.1343,0.6367,0.0055,0.0432
"Matt Wilkinson","sa3023171",7.8372,1.273,3.9492,0.253031,4.55193,0.8708,0.4388,0.141444,0.50577,0,0.9894,0.5435,0.003,0.043
"Matt Willrodt","sa3007478",7.9209,1.197,4.0914,0.24857,4.39605,0.8801,0.4546,0.133,0.48845,0,0.9646,0.5261,0.0253,0.0528
"Matt Wisler","12804",7.2945,1.488,3.1518,0.257252,4.72473,0.8105,0.3502,0.165333,0.52497,0,1.0181,0.558,0.0217,0.0392
"Matt Wyatt","sa3020832",5.8329,1.319,6.3558,0.278223,5.83875,0.6481,0.7062,0.146556,0.64875,0,1.1041,0.6932,0.0273,0.0494
"Matthew Bollenbacher","sa3022954",5.4864,1.363,5.2326,0.274889,5.51799,0.6096,0.5814,0.151444,0.61311,0,1.0915,0.655,0.0266,0.0479
"Matthew Boyd","15440",9.28512882352941,1.20117176470588,2.92152205882353,0.234727411764706,3.95718147058824,108.222231200734,34.2638220657497,14.083513150619,46.2674447402326,0.787022571428571,94.7675285714286,48.9651,0,5.00965
"Matthew Kent","sa875610",4.9338,1.29,2.6622,0.282111,4.76982,0.5482,0.2958,0.143333,0.52998,0,1.1386,0.5725,0.0035,0.0462
"Matthew Liberatore","22294",8.17552117647059,1.00822935294118,3.31110470588235,0.241510705882353,3.84403588235294,76.2389982171811,30.8857223162307,9.40242597754671,35.672364367887,11.7107085714286,77.7708142857143,40.0110142857143,0,4.19123142857143
"Matthew Linskey","sa3022795",7.4817,1.357,5.661,0.259724,5.36724,0.8313,0.629,0.150778,0.59636,0,1.015,0.6353,0.0265,0.05
"Matthew McMillan","sa3017279",5.5863,1.399,6.9174,0.279593,6.22629,0.6207,0.7686,0.155444,0.69181,0,1.1158,0.7351,0.0278,0.0456
"Matthew Peguero","sa3003164",5.6808,1.445,5.3379,0.279623,5.82282,0.6312,0.5931,0.160556,0.64698,0,1.1221,0.6884,0.02,0.045
"Matthew Swain","sa1170357",6.0399,1.5,5.3145,0.272932,5.73993,0.6711,0.5905,0.166667,0.63777,0,1.0896,0.6768,0.0267,0.0473
"Matthew Thompson","sa3011866",6.95361,1.32903,5.02668,0.257762,5.23171,36.88015,26.27895,6.577778,26.796355,0,46.51885,28.81635,0.00185,3.02575
"Mauricio Colmenares","sa3022042",4.0752,1.674,6.3747,0.296535,6.93459,0.4528,0.7083,0.186,0.77051,0,1.2136,0.8142,0.0059,0.0511
"Mauricio Estrella","sa3018857",5.0742,1.374,4.8141,0.280371,5.66397,0.5638,0.5349,0.152667,0.62933,0,1.1334,0.6723,0.016,0.0516
"Mauricio Llovera","20080",8.14670833333333,1.09716666666667,3.36541666666667,0.246539166666667,4.297775,15.0969664938272,6.24242250617284,2.00548068209876,7.90262824074074,0,15.4945,8.25565,0.51445,1.5241
"Mauricio Maican","sa3018347",5.2344,1.616,8.964,0.28369,7.3854,0.5816,0.996,0.179556,0.8206,0,1.1372,0.864,0.0165,0.0584
"Mauricio Veliz","sa3015959",3.9519,1.568,4.9707,0.297829,6.47946,0.4391,0.5523,0.174222,0.71994,0,1.2222,0.7628,0.0034,0.057
"Mavis Graves","sa3021472",5.9814,1.349,5.2686,0.270891,5.37291,0.6646,0.5854,0.149889,0.59699,0,1.0691,0.6396,0.0036,0.051
"Max Alba","sa3020525",6.2082,1.315,4.0491,0.266461,4.97187,0.6898,0.4499,0.146111,0.55243,0,1.0599,0.5918,0.0191,0.0384
"Max Bain","sa3014932",7.3638,1.366,5.0157,0.259144,5.18886,0.8182,0.5573,0.151778,0.57654,0,1.0174,0.6138,0.0262,0.0557
"Max Carlson","sa3023274",6.4215,1.37,5.0697,0.275089,5.60223,0.7135,0.5633,0.152222,0.62247,0,1.0937,0.6623,0.0265,0.0459
"Max Castillo","21956",6.77295416666667,1.25354166666667,2.7377625,0.263039583333333,4.56109166666667,32.5061434259259,14.1848309259259,5.94661740740741,23.1242034259259,0,46.5236,25.7675,0.0121,1.52085
"Max Fried","13743",8.40232941176471,0.871988823529412,2.64754588235294,0.233946117647059,3.39748705882353,158.303047921184,49.8768233333333,16.413359410496,63.9165568742791,0,151.613,70.1070857142857,0,6.00560571428571
"Max Gieg","sa3019954",6.8076,1.458,5.7186,0.268636,5.62554,0.7564,0.6354,0.162,0.62506,0,1.0613,0.6654,0.0268,0.0479
"Max Kranick","22175",7.53576571428571,1.19371571428571,3.12356571428571,0.245462571428571,4.31804285714286,36.4983142857143,15.2416428571429,5.70825571428571,20.9789428571429,0.942542857142857,42.1451571428571,22.8220714285714,0,2.00844857142857
"Max Kuhns","sa918473",8.0154,1.27,4.3479,0.2498,4.5756,0.8906,0.4831,0.141111,0.5084,0,0.9657,0.5453,0.0254,0.043
"Max Lazar","23426",7.56278852941177,1.15909029411765,2.45661058823529,0.248053176470588,4.14399647058824,40.3805458264687,13.2113224201292,6.3211877219035,22.2327725977562,3.86345857142857,47.1002,24.1510571428571,0,1.39239428571429
"Max Meyer","27474",7.73214235294118,1.17719676470588,3.10415823529412,0.255766,4.28043117647059,108.279271305529,43.3956632412918,16.5508430780853,59.8682324605152,0.793747714285714,128.451428571429,66.7726857142857,0,4.98885571428571
"Max Rajcic","sa3020746",6.448396,1.279152,2.787282,0.2616438,4.5972,22.39276,9.80626,4.283112,16.554358,0.72948,33.21394,17.82496,0,2.10032
"Max Roberts","sa3004014",8.31473,1.102925,5.403265,0.2495035,4.84701,18.9495,12.77985,2.5584445,11.743685,0,19.9795,12.7636,0.01285,0.5205
"Max Scherzer","3137",9.16303117647059,1.43786352941176,2.21846705882353,0.236586117647059,3.91917058823529,116.68471557955,28.2742794450442,18.3315939152941,49.8759814532872,0.797538714285714,100.665471428571,52.4682571428571,0,5.22607428571429
"Maximo Gonzalez","sa3024541",4.3011,1.708,6.7842,0.2935,7.05024,0.4779,0.7538,0.189778,0.78336,0,1.1971,0.8266,0.0033,0.0505
"Maximo Martinez","sa3016026",4.3083,1.679,6.8805,0.294825,7.08435,0.4787,0.7645,0.186556,0.78715,0,1.2033,0.8308,0.0049,0.0531
"Maxwel Hernandez","sa3018822",4.023,1.645,6.4935,0.294219,6.78519,0.447,0.7215,0.182778,0.75391,0,1.192,0.7993,0.0056,0.0541
"Maycold Leon","sa3008693",5.6349,1.367,6.7491,0.275739,5.97672,0.6261,0.7499,0.151889,0.66408,0,1.0978,0.7062,0.0276,0.0488
"McCade Brown","sa3017812",5.7132,1.659,4.3596,0.294514,6.24978,0.6348,0.4844,0.184333,0.69442,0,1.2015,0.7356,0.0039,0.052
"McKinley Moore","25663",9.05109694444444,1.19293944444444,5.07192388888889,0.237086666666667,4.6234875,16.2114700055453,9.73397191497943,2.23467782718107,8.9309975925926,0,13.95405,9.25255,0.0126,1.5288
"Melkis Hernandez","sa3019148",5.4855,1.376,5.9058,0.281,5.91183,0.6095,0.6562,0.152889,0.65687,0,1.1299,0.7003,0.009,0.0498
"Melvi Acosta","sa917401",6.9228,1.188,3.8691,0.264327,4.65435,0.7692,0.4299,0.132,0.51715,0,1.041,0.5569,0.0255,0.0428
"Melvin Adon","sa873314",7.75734,1.157915,4.940495,0.258082,4.923035,15.42965,10.74635,2.556611,10.74441,0,18.4949,11.7649,0.01275,1.5246
"Melvin Hernandez","sa3021785",5.3307,1.524,4.8564,0.284077,5.86008,0.5923,0.5396,0.169333,0.65112,0,1.1475,0.6938,0.0076,0.05
"Melvin Javier","sa3019133",4.3074,1.604,8.5293,0.293408,7.43886,0.4786,0.9477,0.178222,0.82654,0,1.1888,0.8711,0.0242,0.0556
"Melvin Pineda","sa3018815",4.6413,1.598,6.6438,0.291075,6.78645,0.5157,0.7382,0.177556,0.75405,0,1.1806,0.798,0.0033,0.0528
"Melvin Rodriguez","sa3024087",4.4235,1.636,6.3549,0.292863,6.78042,0.4915,0.7061,0.181778,0.75338,0,1.1928,0.7969,0.005,0.05
"Melvyn Amador","sa3019187",4.2849,1.492,8.7606,0.290625,7.18344,0.4761,0.9734,0.165778,0.79816,0,1.1718,0.8432,0.0165,0.0496
"Merlin Bido","sa3023821",4.2084,1.724,6.9876,0.295568,7.18965,0.4676,0.7764,0.191556,0.79885,0,1.2084,0.842,0.0077,0.0502
"Merrick Baldo","sa3022957",5.7393,1.418,5.9355,0.272364,5.75415,0.6377,0.6595,0.157556,0.63935,0,1.0781,0.6806,0.0269,0.0442
"Merrill Kelly","11156",7.75986,1.23809676470588,2.81918264705882,0.251779529411765,4.15258,125.302730887166,45.4486559563975,19.956494290223,67.006782893564,0,141.714428571429,72.7050857142857,0,4.18015571428571
"Mervin Fell","sa3022267",4.7367,1.554,6.858,0.289858,6.73461,0.5263,0.762,0.172667,0.74829,0,1.1732,0.7925,0.0088,0.0485
"Micah Dallas","sa3020391",6.8175,1.333,3.2877,0.262336,4.60584,0.7575,0.3653,0.148111,0.51176,0,1.0335,0.5487,0.0251,0.0411
"Micah Ottenbreit","sa3017860",5.0418,1.622,4.95,0.284739,6.04881,0.5602,0.55,0.180222,0.67209,0,1.1467,0.7144,0.0031,0.0548
"Michael Arias","sa3017036",8.44039166666667,1.30202166666667,5.84626833333333,0.2437215,5.07686666666667,17.293545,11.7558266666667,2.93939666666667,10.7179983333333,0.738540166666667,17.7514933333333,11.5379533333333,0,0.773194166666667
"Michael Baird","sa3006810",6.7806,1.819,2.88,0.280374,5.61753,0.7534,0.32,0.202111,0.62417,0,1.1356,0.6586,0.0047,0.0427
"Michael Bienlien","sa3010649",6.968675,1.180785,3.965475,0.25746,4.663735,20.38745,12.2085,3.5635,14.2474,0,27.00255,15.2671,0.5114,2.02585
"Michael Boyle","sa857604",6.8338,1.4085,4.56595,0.2651,5.133245,13.3982,10.22955,3.0731665,11.264805,0,20.01085,12.28305,0.0128,0.52085
"Michael Brettell","sa3008020",6.1821,1.126,3.8115,0.268653,4.64733,0.6869,0.4235,0.125111,0.51637,0,1.0611,0.5582,0.0256,0.0578
"Michael Brewer","sa3015149",7.3791,1.303,4.3164,0.257737,4.81851,0.8199,0.4796,0.144778,0.53539,0,1.0102,0.5727,0.0257,0.0429
"Michael Brewer","sa3021465",5.6646,1.525,6.3576,0.277624,6.22116,0.6294,0.7064,0.169444,0.69124,0,1.1118,0.7319,0.0275,0.0509
"Michael Byrne","sa3008227",7.73912,1.2043,3.648295,0.2572675,4.592455,18.92255,9.1926,3.062889,11.738405,0,21.99835,12.7577,0.01005,1.0214
"Michael Costanzo","sa3007620",7.3773,1.308,3.8403,0.256579,4.59936,0.8197,0.4267,0.145333,0.51104,0,1.0072,0.5467,0.0254,0.0438
"Michael Cuevas","sa3011437",5.15138,1.272955,3.98437,0.27596,5.34519,26.2876,20.22365,6.075722,27.792705,0,51.5543,29.8141,0.0031,4.029
"Michael Danielak","sa918811",6.7806,1.316,3.4794,0.263761,4.66281,0.7534,0.3866,0.146222,0.51809,0,1.0389,0.556,0.0227,0.0386
"Michael DarrellHicks","sa3020438",7.47589666666667,1.33893,2.974155,0.258872166666667,4.68018166666667,23.5662166666667,9.26728333333333,4.35610333333333,15.0000066666667,0.743921666666667,29.2981166666667,16.2411933333333,0,2.901905
"Michael Dominguez","sa3011198",6.9608,1.61949,4.964545,0.2608905,5.504275,33.37245,24.26,7.094889,24.813895,0,42.52465,26.83175,0.00155,2.02255
"Michael Feliz","11903",7.9848,1.266,3.3525,0.252266,4.38111,0.8872,0.3725,0.140667,0.48679,0,0.9852,0.5218,0.024,0.0421
"Michael Flynn","sa3006803",8.81828666666667,1.22394333333333,3.35624666666667,0.244625,4.60115,18.5391666666667,7.00072666666667,2.62121,9.86725666666667,0,17.5848,10.7520533333333,0.3411,2.68963333333333
"Michael Forret","sa3023479",6.3324,1.479,4.5459,0.273967,5.47911,0.7036,0.5051,0.164333,0.60879,0,1.0931,0.6496,0.0055,0.054
"Michael Fulmer","13218",8.70421764705882,1.149736,4.05618823529412,0.246764529411765,4.47784470588235,45.8925599944637,21.3193345865052,6.06521321972318,23.5478564937716,1.69487857142857,44.2399857142857,24.3610428571429,0,2.51488428571429
"Michael Giacone","sa3014802",8.4771,1.113,3.9078,0.24433,4.09113,0.9419,0.4342,0.123667,0.45457,0,0.9416,0.4908,0.025,0.043
"Michael Gomez","sa3008454",6.94991,1.0331015,4.025875,0.254318,4.540875,21.3883,12.7188,3.0599445,14.2486,0,27.0075,15.2689,0.01275,4.03535
"Michael Grove","23221",9.30832,1.21889705882353,2.88640352941176,0.235842588235294,3.88292235294118,49.1424153946667,15.2231162004706,6.44090098695425,20.4251171058824,4.21991142857143,43.2548,22.9990142857143,0,2.12892
"Michael Hobbs","sa3017498",7.407045,1.28578,5.12456,0.253756,5.107865,19.40725,14.26305,3.566278,14.261195,0,22.99685,15.2812,0.51295,2.02525
"Michael Horrell","sa3010322",7.3089,1.2,4.203,0.260008,4.69251,0.8121,0.467,0.133333,0.52139,0,1.0191,0.5605,0.0249,0.0455
"Michael Kelly","12791",8.31120205882353,1.02848564705882,3.51786647058824,0.240907176470588,4.08278823529412,24.7422431563726,10.3200001429642,2.98180954087197,12.1048628760415,1.07553714285714,24.7497428571429,13.4737457142857,0,1.26178428571429
"Michael Kennedy","sa3021728",6.2451,1.325,4.0761,0.273234,5.12433,0.6939,0.4529,0.147222,0.56937,0,1.0928,0.6105,0.0033,0.0536
"Michael King","19853",9.74282117647059,1.08381123529412,3.05048,0.227917764705882,3.52051294117647,186.865189158009,58.6334190054748,20.7870827409093,67.5768881566705,0.0558058571428571,150.361428571429,73.862,0,7.36438285714286
"Michael Kirian","sa3017594",6.354,1.341,5.6133,0.268384,5.4198,0.706,0.6237,0.149,0.6022,0,1.0624,0.6421,0.0267,0.0448
"Michael Knorr","sa3020872",7.701035,1.371835,3.81497,0.2560325,4.728835,23.4159,11.704,4.0759445,13.7673,0,26.51235,14.78625,0.00265,0.5194
"Michael Kopech","17282",10.5621282352941,1.30151352941176,4.39167882352941,0.213064941176471,3.92122470588235,69.3785682237924,28.9636331697301,8.56960527866436,25.834449416609,10.1339285714286,46.6932,28.4116428571429,0,3.41615714285714
"Michael Krauza","sa3019634",7.9038,1.291,4.1859,0.253355,4.69242,0.8782,0.4651,0.143444,0.52138,0,0.9893,0.5573,0.0255,0.0451
"Michael Limoncelli","sa3015096",5.6556,1.534,7.6923,0.278919,6.71526,0.6284,0.8547,0.170444,0.74614,0,1.1147,0.788,0.0284,0.0578
"Michael Lorenzen","14843",6.75263529411765,1.17907911764706,3.8341,0.258856117647059,4.51591411764706,105.077491333333,59.4826300240215,18.2627453996521,70.2261224960246,0.796774142857143,139.233428571429,78.0668428571429,0,5.58746714285714
"Michael Mariot","10835",6.0884,1.45714583333333,2.71998333333333,0.267860833333333,4.83863333333333,29.2873320987654,14.1704481790123,6.92394439814815,24.2011977160494,0,49.53225,26.2804,0.0124,3.0261
"Michael Martinez","sa3006415",8.0433,1.259,4.4946,0.253893,4.77738,0.8937,0.4994,0.139889,0.53082,0,0.9912,0.5674,0.0257,0.0466
"Michael McAvene","sa3011727",7.3557,1.372,4.5333,0.258301,5.01849,0.8173,0.5037,0.152444,0.55761,0,1.0144,0.5942,0.0259,0.0511
"Michael McGreevy","29869",6.53401529411765,0.988934588235294,2.22317058823529,0.25802,3.90205823529412,43.7514513297255,15.4642268385482,6.87559435196309,26.4802457003053,0.909618571428571,60.9369571428571,28.2723857142857,0,1.58296142857143
"Michael Mercado","23223",8.20141794117647,1.46856647058824,3.88764117647059,0.250542235294118,4.94101294117647,38.0070417976701,17.9732117960784,6.89520877275817,22.9965248610165,0.857811571428571,41.0817857142857,25.0036857142857,0,2.12799285714286
"Michael Morales","sa3017783",6.54641,1.377905,2.94416,0.2607165,4.6192,47.36105,21.16345,9.5790555,33.256035,0,66.5177,35.7752,0.00145,2.021
"Michael Peres","sa3019120",5.4711,1.29,10.0629,0.278179,6.94314,0.6079,1.1181,0.143333,0.77146,0,1.0975,0.8175,0.0296,0.0626
"Michael Petersen","20827",8.59135294117647,1.31478705882353,3.88117705882353,0.237488294117647,4.44945235294118,34.0694036785882,15.3338400712011,5.20369650780469,17.7113653841053,0.991785714285714,32.7623428571429,19.0877571428571,0,2.12451142857143
"Michael Pineda","5372",5.8833,1.576,2.1609,0.279332,5.00328,0.6537,0.2401,0.175111,0.55592,0,1.1342,0.5929,0.0035,0.0345
"Michael Plassmeyer","23191",7.39186722222222,1.414675,2.637235,0.25456,4.72092166666667,35.2502346171502,12.0004920066975,6.12321177291667,22.1262383069753,0,40.5155,24.2776,0.00145,4.0339
"Michael Prosecky","sa3020526",6.3567,1.511,4.3524,0.283563,5.71122,0.7063,0.4836,0.167889,0.63458,0,1.141,0.6753,0.0035,0.0536
"Michael Rucker","19454",7.71988,1.13515444444444,3.364215,0.253695972222222,4.27013777777778,19.8866794424691,8.91215687802469,3.05588596384774,11.5878236906996,0,23.49425,12.7494,0.0105,1.0201
"Michael Sansone","sa3020083",5.2515,1.491,4.3776,0.28426,5.74074,0.5835,0.4864,0.165667,0.63786,0,1.1473,0.6775,0.0156,0.0565
"Michael Saturria","sa3018311",5.4972,1.546,8.4222,0.282288,6.95511,0.6108,0.9358,0.171778,0.77279,0,1.1263,0.8166,0.0288,0.0523
"Michael Soroka","18383",8.37888705882353,1.17355647058824,3.61797441176471,0.243760058823529,4.36867529411765,102.767617879954,44.3778613785237,14.4481428545329,53.6668710599308,0.855262142857143,104.888142857143,59.2368571428571,0,6.98591857142857
"Michael Stryffeler","sa3010005",9.1035,1.066,4.095,0.239019,4.13802,1.0115,0.455,0.118444,0.45978,0,0.9213,0.4956,0.0251,0.0445
"Michael Tonkin","10315",9.05877294117647,1.16277235294118,3.36858411764706,0.239866352941176,4.19610058823529,62.917685731574,23.3804448935779,8.19784824091503,29.1411175752326,11.4059742857143,58.0596142857143,32.3664142857143,0,4.49898142857143
"Michael Valera","sa3011862",5.9949,1.281,6.2649,0.275084,5.74497,0.6661,0.6961,0.142333,0.63833,0,1.0906,0.6818,0.0272,0.0493
"Michael Valverde","sa3022157",5.2749,1.623,8.9721,0.285828,7.39269,0.5861,0.9969,0.180333,0.82141,0,1.1514,0.865,0.0294,0.0588
"Michael Vilchez","sa3016605",4.9284,1.59,8.7723,0.286322,7.32258,0.5476,0.9747,0.176667,0.81362,0,1.1517,0.857,0.0292,0.0559
"Michael Wacha","14078",7.60475147058824,1.23451588235294,2.74644705882353,0.251316176470588,4.16885647058823,129.97850019902,46.8202298848751,20.999282960346,71.058944527551,0,150.488714285714,77.3473142857143,0,5.32490142857143
"Michael YaSenka","sa1170117",7.3305,1.439,4.0689,0.258069,4.96782,0.8145,0.4521,0.159889,0.55198,0,1.0163,0.5869,0.0256,0.0498
"Michel Baez","20100",7.1505,1.31,4.2786,0.258857,4.82652,0.7945,0.4754,0.145556,0.53628,0,1.0112,0.5741,0.0254,0.0602
"Michel Otanez","22533",11.2068544117647,0.858909411764706,5.09115705882353,0.212361529411765,3.75174529411765,75.6148483499673,34.506475612722,5.82525059107497,25.313647946263,12.9829857142857,48.3294857142857,28.0218285714286,0,4.76004142857143
"Michele Vassalotti","sa3004802",6.3738,1.477,6.0561,0.269566,5.92443,0.7082,0.6729,0.164111,0.65827,0,1.0698,0.6977,0.0272,0.0685
"Michell Chirinos","sa3022001",4.6197,1.66,6.8823,0.290964,6.96456,0.5133,0.7647,0.184444,0.77384,0,1.1821,0.8171,0.0045,0.0556
"Michell Miliano","sa3005188",7.5429,1.263,5.1291,0.256934,4.98933,0.8381,0.5699,0.140333,0.55437,0,1.0032,0.593,0.0261,0.0446
"Mick Abel","sa3014534",8.23959,1.20227714285714,4.64683428571429,0.2451,4.74645857142857,30.1288571428571,17.4950142857143,4.57767,18.2188,0.653522714285714,32.2709571428571,19.7104,0,1.79443285714286
"Miguel Aguilar","19246",6.435,1.331,3.6963,0.270035,4.96863,0.715,0.4107,0.147889,0.55207,0,1.0779,0.5883,0.027,0.0456
"Miguel Alfonseca","sa3009753",5.1102,1.413,5.7915,0.283173,6.01614,0.5678,0.6435,0.157,0.66846,0,1.1383,0.7116,0.0273,0.0607
"Miguel Castro","15684",7.92883352941176,1.11519176470588,3.47309264705882,0.242850588235294,4.34372705882353,36.9658606998962,16.1748931772991,5.1534436633218,20.1793096112649,1.12317285714286,38.4670571428571,21.5182571428571,0,2.61148285714286
"Miguel Cienfuegos","sa3020816",4.93338,1.401075,3.367835,0.2789585,5.10025,27.27625,18.6879,8.075111,29.27465,0,57.0582,31.79585,0.0024,3.0247
"Miguel Cordero","sa3022005",4.7475,1.562,7.92,0.291074,7.14339,0.5275,0.88,0.173556,0.79371,0,1.1785,0.8379,0.0209,0.0512
"Miguel Cordones","sa3009493",4.6053,1.624,8.028,0.289104,7.19613,0.5117,0.892,0.180444,0.79957,0,1.1698,0.8426,0.0288,0.0547
"Miguel Cruz","sa3021768",4.2768,1.448,8.109,0.290283,6.8913,0.4752,0.901,0.160889,0.7657,0,1.1672,0.8118,0.0055,0.0561
"Miguel Del Pozo","18792",8.4006,1.011,2.9538,0.243411,3.74463,0.9334,0.3282,0.112333,0.41607,0,0.9438,0.4524,0.0255,0.0404
"Miguel Diaz","18815",8.26928454545455,1.12665154545455,3.08735272727273,0.242847090909091,4.40670909090909,17.2327478307041,6.16877916366281,2.34365910733884,9.62974372852892,0.19200575,15.902735,8.04175,0.053210275,0.6371595
"Miguel Flores","sa3024465",4.7583,1.524,6.9696,0.28736,6.6186,0.5287,0.7744,0.169333,0.7354,0,1.1601,0.7789,0.0033,0.0495
"Miguel Fulgencio","sa3020892",5.2695,1.279,6.8688,0.280216,5.958,0.5855,0.7632,0.142111,0.662,0,1.1168,0.7064,0.0277,0.0473
"Miguel Gil","sa3015329",6.1704,1.309,6.993,0.273387,6.00867,0.6856,0.777,0.145444,0.66763,0,1.0813,0.7111,0.0277,0.0598
"Miguel Gomez","sa3009527",5.3856,1.496,4.563,0.275812,5.54157,0.5984,0.507,0.166222,0.61573,0,1.1022,0.6554,0.0233,0.0508
"Miguel Gomez","sa3022149",4.5513,1.658,8.982,0.291443,7.63965,0.5057,0.998,0.184222,0.84885,0,1.1795,0.8927,0.021,0.0549
"Miguel Guerrero","sa3014872",5.8437,1.547,5.3622,0.27247,5.83209,0.6493,0.5958,0.171889,0.64801,0,1.088,0.6868,0.0268,0.0581
"Miguel Hernandez","sa3019115",4.8483,1.516,8.5248,0.287275,7.1244,0.5387,0.9472,0.168444,0.7916,0,1.1547,0.836,0.029,0.0513
"Miguel Martinez","sa3015445",4.9104,1.435,8.4735,0.28359,6.86952,0.5456,0.9415,0.159444,0.76328,0,1.1326,0.8079,0.0288,0.0547
"Miguel Medrano","sa947763",7.0938,1.305,4.2777,0.263452,4.97673,0.7882,0.4753,0.145,0.55297,0,1.0385,0.5921,0.0127,0.0518
"Miguel Mendez","sa3015506",5.5035,1.605,5.6556,0.275273,6.01803,0.6115,0.6284,0.178333,0.66867,0,1.0952,0.7098,0.0036,0.058
"Miguel Mesa","sa3019066",4.2057,1.717,7.2252,0.297109,7.22583,0.4673,0.8028,0.190778,0.80287,0,1.2128,0.8477,0.0057,0.0562
"Miguel Mora","sa3015985",5.4792,1.463,7.1154,0.279628,6.42816,0.6088,0.7906,0.162556,0.71424,0,1.117,0.7573,0.0235,0.0578
"Miguel Olivares","sa3018813",5.1939,1.39,8.5824,0.282603,6.81813,0.5771,0.9536,0.154444,0.75757,0,1.1251,0.8031,0.0288,0.0552
"Miguel Padilla","sa3009740",5.3262,1.597,5.6412,0.282535,6.22764,0.5918,0.6268,0.177444,0.69196,0,1.1402,0.7328,0.0129,0.0486
"Miguel Pena","sa3003115",7.5996,1.165,4.1094,0.25489,4.50513,0.8444,0.4566,0.129444,0.50057,0,0.993,0.5392,0.0254,0.0456
"Miguel Pozo","sa3016581",5.4612,1.304,8.6607,0.277611,6.49566,0.6068,0.9623,0.144889,0.72174,0,1.0992,0.7667,0.0287,0.0512
"Miguel Rodriguez","sa3006570",7.23655,1.3515,3.89945,0.262445,4.852015,18.89295,10.21105,3.572389,12.761335,0,24.5105,13.78005,0.0127,1.0227
"Miguel Rondon","sa3006068",4.2264,1.655,6.3279,0.295491,6.85701,0.4696,0.7031,0.183889,0.76189,0,1.2072,0.8055,0.0059,0.0485
"Miguel Sanchez","20074",7.137,1.218,3.7341,0.260868,4.58181,0.793,0.4149,0.135333,0.50909,0,1.0243,0.5478,0.0296,0.0466
"Miguel Segura","sa3015426",4.9419,1.758,6.201,0.286913,6.76287,0.5491,0.689,0.195333,0.75143,0,1.1661,0.7919,0.008,0.0487
"Miguel Suero","sa3006066",5.1534,1.367,5.9742,0.283428,5.97627,0.5726,0.6638,0.151889,0.66403,0,1.1372,0.7079,0.0273,0.0499
"Miguel Toscano","sa3022031",3.7494,1.624,6.0165,0.299019,6.79023,0.4166,0.6685,0.180444,0.75447,0,1.2255,0.7994,0.0037,0.0501
"Miguel Ullola","sa3016504",8.45323,1.368175,5.29707,0.2438005,4.982235,51.45675,31.79055,8.0763335,29.27922,0,49.47565,31.79815,0.00185,4.0283
"Miguel Valdez","sa3021025",5.4387,1.463,6.4629,0.277289,6.05439,0.6043,0.7181,0.162556,0.67271,0,1.1007,0.7152,0.0274,0.0494
"Miguel Vinicio","sa3008164",5.3784,1.383,6.0516,0.280276,5.95449,0.5976,0.6724,0.153667,0.66161,0,1.1213,0.7048,0.0273,0.0509
"Miguel Yajure","21111",7.3692,1.298,3.4245,0.259047,4.59981,0.8188,0.3805,0.144222,0.51109,0,1.0179,0.5479,0.0228,0.0451
"Miguelangel Boadas","sa3015427",5.8455,1.501,4.7214,0.27739,5.77215,0.6495,0.5246,0.166778,0.64135,0,1.114,0.6822,0.0048,0.0694
"Mike Adams","sa3014875",6.8724,1.4,3.6279,0.264925,4.90869,0.7636,0.4031,0.155556,0.54541,0,1.0504,0.5825,0.0172,0.041
"Mike Baumann","20206",8.57856,1.18786,3.78115272727273,0.246413272727273,4.29254,28.2768428429752,12.5905706280992,3.93792152066116,14.3228385123967,0.76057,27.511975,15.194825,0.53905575,1.222085
"Mike Burrows","24728",8.06092941176471,1.16394864705882,3.55404647058824,0.249253,4.42168705882353,39.9471650235017,17.777383573504,5.83886803438447,22.2004516658977,0.909915714285714,42.986,23.8282714285714,0,2.05941142857143
"Mike Clevinger","12808",7.7521544117647,1.52053882352941,3.12302588235294,0.248654176470588,4.63191705882353,39.3654662725317,16.0236288284429,7.7288772272203,23.8402112640408,0.139104971428571,45.5288714285714,25.6631142857143,0,2.98732571428571
"Mike Ellenbest","sa918550",7.4691,1.116,3.4353,0.258871,4.32747,0.8299,0.3817,0.124,0.48083,0,1.0126,0.5205,0.0154,0.0407
"Mike Foltynewicz","10811",5.9544,1.667,2.5263,0.27912,5.22396,0.6616,0.2807,0.185222,0.58044,0,1.1308,0.617,0.0036,0.05
"Mike Mayers","15451",7.03407083333333,1.4106125,3.6962,0.265492916666667,4.78957083333333,24.3925781481481,13.0696212839506,4.6903389228395,16.3168019938272,0,31.52435,17.78775,0.0067,1.52385
"Mike Minor","10021",7.1091,1.512,2.7162,0.262919,4.73202,0.7899,0.3018,0.168,0.52578,0,1.0476,0.5605,0.0065,0.0447
"Mike Mokma","sa3014794",5.967,1.346,5.0454,0.274514,5.45175,0.663,0.5606,0.149556,0.60575,0,1.0935,0.647,0.0265,0.045
"Mike Montgomery","4869",6.6258,1.168,3.7737,0.265427,4.59297,0.7362,0.4193,0.129778,0.51033,0,1.0474,0.5508,0.0168,0.0536
"Mike Morin","13442",7.0875,1.394,3.6063,0.262602,4.83867,0.7875,0.4007,0.154889,0.53763,0,1.0388,0.5733,0.0253,0.0465
"Mike Paredes","sa3017968",6.4376,1.377225,2.79055,0.2692865,4.676445,22.36045,9.1649,4.5804445,15.769605,0,34.5369,17.2879,0.00885,0.0182
"Mike Ruff","sa3011125",6.0345,1.553,3.6153,0.273382,5.36958,0.6705,0.4017,0.172556,0.59662,0,1.0964,0.6345,0.0073,0.0648
"Mike Vasil","sa3017915",7.16303428571428,1.18217714285714,2.96735714285714,0.254478285714286,4.39795,43.2307428571429,18.1122428571429,7.19481285714286,26.9032,0.988298571428571,55.2705142857143,29.1308,0,3.24395
"Mike Walsh","sa3020337",5.8671,1.218,5.2713,0.277615,5.48523,0.6519,0.5857,0.135333,0.60947,0,1.1066,0.6518,0.0267,0.0512
"Mike Wright Jr","12586",6.3045,1.311,3.8943,0.270253,4.95117,0.7005,0.4327,0.145667,0.55013,0,1.0732,0.5894,0.025,0.0442
"Mikell Manzano","sa3015441",5.166,1.504,4.1364,0.283475,5.62401,0.574,0.4596,0.167111,0.62489,0,1.1464,0.6661,0.011,0.0463
"Mikey Tepper","sa3023065",5.9004,1.314,5.3046,0.272511,5.4432,0.6556,0.5894,0.146,0.6048,0,1.0771,0.6474,0.0149,0.0491
"Miles Mikolas","9803",6.19653411764706,1.33828970588235,1.79433294117647,0.268917294117647,4.50295764705882,115.541860379931,33.3184262128028,24.9662067099481,83.8897191145329,0,180.281142857143,91.9976714285714,0,6.25127714285714
"Miller Hogan","sa3007806",6.7374,1.452,3.2013,0.268855,4.96737,0.7486,0.3557,0.161333,0.55193,0,1.0723,0.589,0.0068,0.0459
"Misael Lopez","sa3021518",4.8411,1.39,10.0134,0.284251,7.2486,0.5379,1.1126,0.154444,0.8054,0,1.1326,0.8509,0.0298,0.0579
"Misael Tamarez","sa3009632",7.435805,1.33458,4.440995,0.2538755,4.817375,33.90215,20.73395,5.5786665,20.77577,0,39.0063,22.29475,0.00445,1.0189
"Mitch Bratt","sa3017719",7.027195,1.474575,2.9797,0.259612,4.86759,39.38805,16.16995,8.083278,27.763905,0,51.02255,29.78175,0.0018,1.52125
"Mitch Farris","sa3022912",7.5006,1.508,3.7719,0.258005,4.82193,0.8334,0.4191,0.167556,0.53577,0,1.0137,0.5719,0.0047,0.0399
"Mitch Keller","17594",8.18858558823529,1.10195794117647,2.71096352941176,0.252472176470588,4.15549470588235,161.270749720069,53.3653645306574,21.6476500001615,81.9966619377624,0,176.556714285714,89.8871142857143,0,10.9807142857143
"Mitch Miller","sa3018279",7.2603,1.096,4.8096,0.258252,4.63032,0.8067,0.5344,0.121778,0.51448,0,1.0062,0.5554,0.0234,0.0614
"Mitch Myers","sa3018179",4.8258,1.544,2.8944,0.284162,5.26203,0.5362,0.3216,0.171556,0.58467,0,1.1506,0.6253,0.0055,0.0483
"Mitch Neunborn","sa3021722",6.825315,1.5602,3.970175,0.265272,5.32442,28.37845,16.71725,6.0919445,22.293095,0,40.02145,24.3109,0.004,2.02295
"Mitch Ragan","sa3009944",7.0686,1.46,3.9069,0.264742,5.11632,0.7854,0.4341,0.162222,0.56848,0,1.0501,0.605,0.0118,0.0504
"Mitch Spence","27707",7.11555235294118,1.21913352941176,2.75213705882353,0.258251058823529,4.36954411764706,97.7261012892157,37.7614671675317,16.6807880596886,59.9256328956748,0.810397714285714,126.594571428571,65.5070571428571,0,5.30638857142857
"Mitch White","19225",7.6635,1.09766666666667,3.3325,0.250437916666667,4.33828333333333,32.3732293888889,14.8057415,4.56548090740741,19.0521883148148,0,36.49035,20.74805,0.51325,2.02255
"Mitchell Kilkenny","sa3010119",6.4575,1.421,3.0591,0.268817,4.85271,0.7175,0.3399,0.157889,0.53919,0,1.0725,0.5756,0.0253,0.0484
"Mitchell Parker","27636",7.79708,1.24820117647059,3.19799676470588,0.250659764705882,4.46058352941176,124.253043620531,50.8795897989908,19.8897486145329,70.9575080802768,0.789538428571429,140.651714285714,75.3351714285714,0,3.76467571428571
"Mitchell Stumpo","sa3011585",7.806205,1.13175,4.931755,0.2540265,4.648225,17.92655,11.7583,2.562778,10.26458,0,20.0035,11.28395,0.5129,1.02355
"Mitchell Tyranski","sa3011235",7.5357,1.251,4.2705,0.251434,4.50693,0.8373,0.4745,0.139,0.50077,0,0.9773,0.5375,0.0254,0.0416
"Moises Amezquita","sa3022203",4.7889,1.35,9.1035,0.285142,6.9012,0.5321,1.0115,0.15,0.7668,0,1.1384,0.8125,0.0292,0.0541
"Moises Brito","sa3018900",5.9859,1.464,5.6799,0.272622,5.73363,0.6651,0.6311,0.162667,0.63707,0,1.0873,0.6765,0.0195,0.0446
"Moises Chace","sa3015346",8.52242,1.46772,5.17514,0.245502,5.24831,34.9491,20.7792,6.0765,21.7729,0,33.4766,23.29175,0.0026,2.52635
"Moises Diaz","sa3005464",5.2155,1.407,4.8141,0.28138,5.60565,0.5795,0.5349,0.156333,0.62285,0,1.1314,0.6648,0.0266,0.0422
"Moises Lira","sa3019058",3.8304,1.743,6.7608,0.299569,7.24392,0.4256,0.7512,0.193667,0.80488,0,1.2312,0.8484,0.0077,0.0509
"Moises Lugo","sa3002814",8.7678,1.309,4.3632,0.238958,4.43628,0.9742,0.4848,0.145444,0.49292,0,0.9149,0.5263,0.0252,0.0495
"Moises Meza","sa3023822",4.5243,1.597,6.7491,0.292527,6.83865,0.5027,0.7499,0.177444,0.75985,0,1.1881,0.804,0.0051,0.0496
"Moises Palma","sa3019162",4.4928,1.606,8.5563,0.29027,7.36596,0.4992,0.9507,0.178444,0.81844,0,1.1733,0.8623,0.0292,0.0552
"Moises Rodriguez","sa3017389",5.4432,1.312,6.3153,0.274989,5.85702,0.6048,0.7017,0.145778,0.65078,0,1.0974,0.6941,0.0274,0.0496
"Montana Semmel","sa3011751",5.5071,1.432,6.2433,0.279448,6.07977,0.6119,0.6937,0.159111,0.67553,0,1.1181,0.7179,0.0274,0.0512
"Morgan McSweeney","sa3010781",7.058615,1.16554,4.337145,0.2555885,4.77522,13.3939,8.72665,2.0694445,9.26031,0,17.0084,9.7796,0.01275,0.51995
"Morris Austin","sa3022955",5.6871,1.553,6.6015,0.279674,6.28254,0.6319,0.7335,0.172556,0.69806,0,1.1171,0.7404,0.0246,0.0592
"Mychal Givens","10430",8.02257083333333,1.2492125,4.22594166666667,0.259805833333333,5.02205416666667,16.4757182993827,8.88637632407408,2.50244505864198,10.31072875,0,17.5006,9.77965,1.0165,1.52635
"Myles Gayman","sa3015275",6.0759,1.751,2.9511,0.279576,5.40873,0.6751,0.3279,0.194556,0.60097,0,1.1334,0.638,0.0256,0.0581
"Nabil Crismatt","17732",7.38600636363636,1.24757727272727,2.80846909090909,0.258574363636364,4.42530909090909,18.3496198272929,7.17648811300716,2.9791651926079,11.1974103206729,0.104592,24.36521,12.5059225,0.071616,0.96990925
"Naoyuki Uwasawa","33828",6.72598333333333,1.37792916666667,3.394475,0.259730416666667,5.06594166666667,20.4986412962963,12.2207198024691,4.68463059259259,17.7090811049383,0,31.5132,18.7613,0.01235,3.0227
"Nash Walters","25413",7.69919,1.222815,3.91288,0.2550395,4.798525,16.9178,8.7093,2.5695555,10.754655,0,19.50285,11.77315,0.01265,1.52415
"Naswell Paulino","sa3002998",6.6375,1.331,4.3839,0.261559,4.88934,0.7375,0.4871,0.147889,0.54326,0,1.0307,0.581,0.0259,0.0483
"Natanael Garabitos","sa3011099",5.796,1.311,6.4422,0.278258,6.0534,0.644,0.7158,0.145667,0.6726,0,1.1083,0.7148,0.0275,0.0562
"Natanael Polanco","sa3016715",5.1957,1.428,6.5619,0.284624,6.34059,0.5773,0.7291,0.158667,0.70451,0,1.1447,0.7478,0.0278,0.0541
"Nate Dahle","sa3020476",7.33097,1.41402,3.377815,0.2574335,4.70425,19.4077,8.6933,3.5821665,12.265735,0,24.50835,13.28305,0.0126,1.02325
"Nate Fisher","25512",6.903,1.421,3.1419,0.259935,4.64508,0.767,0.3491,0.157889,0.51612,0,1.0289,0.5501,0.0251,0.0536
"Nate Garkow","sa3025043",8.685,1.194,3.7611,0.243342,4.23648,0.965,0.4179,0.132667,0.47072,0,0.9412,0.5058,0.025,0.0433
"Nate Griep","sa875199",7.4376,1.231,4.0824,0.258519,4.67001,0.8264,0.4536,0.136778,0.51889,0,1.0128,0.5569,0.0255,0.0437
"Nate Jones","4696",7.713,1.38,3.7089,0.257108,4.73373,0.857,0.4121,0.153333,0.52597,0,1.0119,0.5609,0.0311,0.0442
"Nate Jones","sa3010003",5.7015,1.351,5.1615,0.278593,5.59026,0.6335,0.5735,0.150111,0.62114,0,1.1144,0.6632,0.0267,0.0454
"Nate Lavender","sa3017917",9.97602333333333,1.00117083333333,4.41726333333333,0.222918666666667,3.974485,27.8191333333333,12.1941183333333,2.65628,11.11884,0.771367166666667,20.9164166666667,11.8582216666667,0,1.86701166666667
"Nate Pearson","20160",9.78814235294118,1.19132235294118,3.61509147058824,0.227482117647059,4.03483794117647,61.2215645607382,22.6635423392445,7.37369735081892,25.3623167755929,7.32681714285714,48.4524714285714,26.5922428571429,0,2.60912
"Nate Peterson","sa3020804",7.11931,1.5221,3.938845,0.261632,4.980785,32.38235,17.71415,7.079722,22.27245,0,41.02475,24.2913,0.00305,0.51875
"Nate Savino","sa3023565",5.175,1.374,5.6817,0.286999,6.09615,0.575,0.6313,0.152667,0.67735,0,1.1589,0.72,0.0035,0.0557
"Nate Tellier","sa3015288",6.5277,1.388,5.877,0.267038,5.62878,0.7253,0.653,0.154222,0.62542,0,1.0544,0.6655,0.0269,0.0535
"Nathan Burns","sa3017309",7.6914,1.282,4.4208,0.252964,4.72977,0.8546,0.4912,0.142444,0.52553,0,0.9859,0.5624,0.0256,0.0464
"Nathan Eovaldi","9132",8.57861411764706,1.18605352941176,2.46682205882353,0.241148470588235,3.94810176470588,156.064302752311,44.8940110440946,21.5042390315802,71.7254729036909,0,152.197714285714,78.8480857142857,0,6.21939142857143
"Nathan Karaffa","sa3021466",5.7906,1.447,5.7753,0.275384,5.7888,0.6434,0.6417,0.160778,0.6432,0,1.093,0.6851,0.0269,0.0473
"Nathan Kirby","sa874754",7.0524,1.159,4.0824,0.261705,4.56885,0.7836,0.4536,0.128778,0.50765,0,1.0268,0.5482,0.0109,0.0439
"Nathan Landry","sa3020485",6.2109,1.396,5.6124,0.26781,5.51628,0.6901,0.6236,0.155111,0.61292,0,1.0616,0.6521,0.0268,0.0554
"Nathan Webb","sa918814",7.4304,1.304,4.1526,0.260528,4.78611,0.8256,0.4614,0.144889,0.53179,0,1.0233,0.5701,0.024,0.0438
"Nathan Wiles","sa3010307",5.78705,1.428055,2.25718,0.2727295,4.856145,27.828,10.13625,6.0899445,22.78184,0,47.5604,24.80035,0.0048,2.0224
"Nathan Witt","sa3005340",7.7355,1.209,4.4451,0.255864,4.70088,0.8595,0.4939,0.134333,0.52232,0,0.9981,0.5604,0.0257,0.0472
"Nathanael Cruz","sa3016457",5.4018,1.459,6.9255,0.285101,6.60321,0.6002,0.7695,0.162111,0.73369,0,1.1414,0.7765,0.0279,0.065
"Nathanael Heredia","sa3009986",7.077005,1.0449,5.910515,0.2531955,5.100125,17.8913,16.29555,2.5596665,13.76194,0,22.00095,14.7827,0.0131,3.03205
"Nathanael Perez Gonzalez","sa3017137",5.625,1.378,6.363,0.279201,6.03477,0.625,0.707,0.153111,0.67053,0,1.1151,0.7135,0.0275,0.0521
"Nathanael Perez Lopez","sa3002988",5.652,1.412,4.941,0.279914,5.68638,0.628,0.549,0.156889,0.63182,0,1.1231,0.6738,0.0135,0.0527
"Nazier Mule","sa3023566",4.788,1.475,5.9931,0.28835,6.31575,0.532,0.6659,0.163889,0.70175,0,1.1626,0.7466,0.0035,0.0562
"Neftali Feliz","18",8.52408,1.27191,4.09091,0.234528,4.9558,14,7,2,8,0,15,9,0,1
"Neiver Acosta","sa3019433",4.9275,1.512,9.8424,0.286286,7.53138,0.5475,1.0936,0.168,0.83682,0,1.1448,0.8819,0.0297,0.0566
"Nelfri Contreras","sa3002809",5.7537,1.201,6.7608,0.273995,5.65695,0.6393,0.7512,0.133444,0.62855,0,1.0825,0.673,0.0275,0.051
"Nelfri Payano","sa3019260",5.1246,1.704,9.1989,0.292638,7.6572,0.5694,1.0221,0.189333,0.8508,0,1.1822,0.8967,0.0296,0.0611
"Nelfy Ynfante","sa3019149",5.1633,1.479,5.0787,0.281093,5.82219,0.5737,0.5643,0.164333,0.64691,0,1.1305,0.6887,0.009,0.0479
"Nelson L Alvarez","sa3010783",8.21294,1.193025,4.73933,0.2456175,4.73744,21.44275,12.74695,3.0654445,12.74674,0,21.47805,13.766,0.01265,2.023
"Nelvin Correa","sa3003103",7.3935,1.159,3.9051,0.258335,4.49712,0.8215,0.4339,0.128778,0.49968,0,1.0104,0.5387,0.0253,0.0409
"Nelvis Ochoa","sa3015932",4.0608,1.922,6.1083,0.313637,7.70211,0.4512,0.6787,0.213556,0.85579,0,1.3073,0.8992,0.0047,0.0511
"Neraldo Catalina","sa1172730",6.4062,1.132,6.921,0.269501,5.58576,0.7118,0.769,0.125778,0.62064,0,1.0555,0.666,0.0274,0.0565
"Nestor Cortes","17874",8.85983294117647,1.37104294117647,2.45740470588235,0.232773764705882,3.84563764705882,141.011160099654,38.9492124844291,21.7724276456747,61.1853587340254,0.783800285714286,127.868142857143,65.257,0,4.19630428571429
"Nestor German","sa3023517",6.4458,1.385,3.9753,0.272099,5.08572,0.7162,0.4417,0.153889,0.56508,0,1.0832,0.6057,0.0111,0.0404
"Nestor Lorant","sa3011640",6.4512,1.723,4.4694,0.276867,5.78034,0.7168,0.4966,0.191444,0.64226,0,1.1132,0.682,0.01,0.0467
"Nic Enright","sa3010299",9.53931428571429,1.15265142857143,2.69018571428571,0.229632857142857,3.69273,44.3272428571429,12.4749557142857,5.32938571428571,16.9853,0.851608571428571,36.9618857142857,18.3610714285714,0,1.33728142857143
"Nic Swanson","sa3017551",6.3837,1.516,3.87,0.267333,5.19651,0.7093,0.43,0.168444,0.57739,0,1.0596,0.6163,0.0032,0.0424
"Nicholas Padilla","21327",8.17536111111111,1.18190027777778,4.7399475,0.249055,4.77966333333333,19.694519720859,11.4696182665432,2.82133274774177,11.5121357832716,0,18.97985,11.76495,0.5126,2.0267
"Nicholas Regalado","sa3020184",7.3755,1.101,4.2615,0.263179,4.73625,0.8195,0.4735,0.122333,0.52625,0,1.0324,0.5658,0.0222,0.0487
"Nick Allgeyer","24486",7.5825,1.314,3.4776,0.252487,4.45266,0.8425,0.3864,0.146,0.49474,0,0.9875,0.5292,0.0251,0.0575
"Nick Altermatt","sa3023451",6.5124,1.398,5.2317,0.269872,5.37399,0.7236,0.5813,0.155333,0.59711,0,1.0671,0.6379,0.0265,0.0456
"Nick Anderson","18337",7.88455764705882,1.28459117647059,3.4244,0.257208352941176,4.46693,33.8061050241753,14.6375818782099,5.43021696389619,19.0486589310796,1.19777428571429,37.6046428571429,19.7715857142857,0,1.28046728571429
"Nick Avila","25667",7.4453625,1.1829375,3.4533125,0.25638375,4.63316666666667,19.9636822314815,9.41308455555555,3.1249822037037,12.8936957685185,0,25.50335,13.26885,0.01235,0.5193
"Nick Bautista III","sa3020974",5.6322,1.464,6.7536,0.278531,6.291,0.6258,0.7504,0.162667,0.699,0,1.1129,0.7411,0.0277,0.057
"Nick Bennett","sa3011410",6.332425,1.30436,3.414665,0.2630365,4.80041,25.83025,13.68175,5.071722,18.762515,0,35.03845,20.28255,0.00565,3.5278
"Nick Bitsko","sa3014476",5.0985,1.609,6.3225,0.288272,6.53715,0.5665,0.7025,0.178778,0.72635,0,1.1643,0.7696,0.0125,0.0496
"Nick Burdi","16074",10.5423888888889,1.14101527777778,5.00839583333333,0.226865555555556,4.66698333333333,17.9025527613169,8.93273598271605,2.02501305781893,8.18209251358024,0,11.9431,8.2485,0.01225,2.52825
"Nick Bush","sa3007838",6.309,1.469,2.6523,0.285644,5.13063,0.701,0.2947,0.163222,0.57007,0,1.1562,0.6096,0.003,0.0416
"Nick Davila","sa3014980",7.2117,1.205,2.4156,0.253065,3.98592,0.8013,0.2684,0.133889,0.44288,0,0.9908,0.4798,0.0244,0.0434
"Nick Dean","sa3023506",5.49,1.555,3.8295,0.27969,5.50773,0.61,0.4255,0.172778,0.61197,0,1.1269,0.6518,0.0046,0.0424
"Nick Dombkowski","sa3017201",5.982795,1.315105,3.463035,0.2700935,4.904225,26.32265,13.70715,5.0803335,19.788335,0,41.049,21.3069,0.0041,1.0193
"Nick Duron","21092",8.685,1.048,4.4091,0.243182,4.18644,0.965,0.4899,0.116444,0.46516,0,0.9327,0.5032,0.0252,0.0417
"Nick Ernst","sa3010558",7.5924,1.315,4.2633,0.256692,4.82058,0.8436,0.4737,0.146111,0.53562,0,1.0059,0.5721,0.0256,0.0476
"Nick Frasso","sa3014492",8.456456,1.251338,3.215804,0.2403232,4.238462,13.6932,5.288098,1.98244,6.784988,0.9209464,13.73774,7.395622,0,0.8932492
"Nick Fraze","sa3010250",6.701405,1.317935,3.107145,0.2607525,4.682055,23.8698,11.1698,4.5746665,16.265045,0,32.03005,17.78435,0.00585,4.03285
"Nick Gallagher","sa3005408",7.6644,1.225,4.221,0.25321,4.63788,0.8516,0.469,0.136111,0.51532,0,0.9861,0.5529,0.0256,0.0636
"Nick Garcia","sa3014501",6.670335,1.23436,3.67428,0.262862,4.79833,23.38345,13.6983,4.5671665,18.25321,0,35.0099,19.7725,0.5127,2.0255
"Nick Hernandez","19281",9.1918,1.35995529411765,3.59392352941176,0.231127882352941,4.25705647058824,50.3947732902145,19.5839044974917,7.56363656344483,23.2979106275955,3.98425714285714,43.0834,25.0996857142857,0,2.76542
"Nick Highberger","sa872728",7.0119,1.152,4.5243,0.263143,4.77063,0.7791,0.5027,0.128,0.53007,0,1.0321,0.571,0.0258,0.0451
"Nick Howard","sa827196",7.1766,1.167,4.1373,0.262288,4.67775,0.7974,0.4597,0.129667,0.51975,0,1.0299,0.5596,0.0256,0.0467
"Nick Hull","sa3020624",6.62816,1.27794,4.09749,0.262071,5.028495,27.85975,17.2224,5.0735,20.7779,0,38.0306,22.2981,0.00495,2.0255
"Nick Jones","sa3017419",8.08937,1.175965,3.862595,0.2494905,4.503885,17.9419,8.2203,2.565389,10.239335,0,18.98925,11.25855,0.51265,2.02715
"Nick Kennedy","sa3004987",6.3621,1.003,4.1778,0.266896,4.45059,0.7069,0.4642,0.111444,0.49451,0,1.0485,0.5379,0.0257,0.0553
"Nick Krauth","sa3015006",4.903925,1.55376,3.65762,0.2829995,5.871065,24.77565,18.2086,7.590222,30.32267,0,52.08715,32.8433,0.003,5.036
"Nick Kuzia","sa3004493",6.8301,1.217,3.9987,0.263527,4.74678,0.7589,0.4443,0.135222,0.52742,0,1.0374,0.5672,0.0256,0.0561
"Nick Lockhart","sa3011743",5.9013,1.495,4.6179,0.279566,5.65533,0.6557,0.5131,0.166111,0.62837,0,1.1257,0.6695,0.0129,0.0503
"Nick Lodolo","26378",9.71247647058824,1.17050470588235,2.94977529411765,0.238573941176471,4.25581294117647,138.295563749696,42.0305855948635,16.7424572766628,60.4099311936024,0,117.861571428571,65.0484285714286,0,13.8187857142857
"Nick Margevicius","20395",6.066,1.332,2.8638,0.27089,4.67172,0.674,0.3182,0.148,0.51908,0,1.0831,0.5578,0.0204,0.0475
"Nick Martinez","12730",7.66581529411765,1.26001529411765,2.43695411764706,0.251595941176471,4.14941647058824,130.048481748128,41.2275251181546,21.2978174153633,70.1873888344176,0.884266428571429,152.807142857143,75.3907571428571,0,5.86303
"Nick Mears","25376",11.0542882352941,1.04726741176471,4.21028058823529,0.215570941176471,3.80216,71.4404598964014,27.276404249737,6.77835478678201,24.4895781788789,11.1762285714286,47.3835571428571,26.7141285714286,0,2.12936
"Nick Merkel","sa3019962",7.724085,1.358665,3.445095,0.252484,4.573605,30.4151,12.69815,5.569722,17.749685,0,33.50305,19.26885,0.00935,2.5248
"Nick Mikolajchak","sa3010303",7.267865,1.272815,4.400455,0.2561075,4.628985,15.8964,9.73695,2.575111,9.275605,0,19.0184,9.7946,0.5129,0.01905
"Nick Mondak","sa3017274",6.885,1.39,3.6441,0.264855,4.7232,0.765,0.4049,0.154444,0.5248,0,1.0475,0.5623,0.0254,0.0361
"Nick Morreale","sa3011533",6.646885,1.206915,3.350245,0.2627265,4.723705,24.3676,12.67905,4.072278,17.262105,0,34.5256,18.78125,0.00785,1.5239
"Nick Nastrini","29833",7.99337294117647,1.50560352941176,4.68863176470588,0.249887470588235,5.31872352941176,67.2315985381869,39.4943876216471,12.5210082214533,44.4894881539839,0.781832285714286,74.0096,47.7768857142857,0,3.51582428571429
"Nick Neidert","18699",5.9229,1.534,2.9124,0.27474,5.11587,0.6581,0.3236,0.170444,0.56843,0,1.1058,0.6063,0.0043,0.0495
"Nick Nelson","20153",7.52551090909091,1.00261818181818,3.83799454545455,0.244742181818182,4.63087090909091,22.0808935272727,11.2842965333333,3.01930225454545,14.1193287272727,0.142855,24.855075,13.9458775,0.096361,2.03477475
"Nick Paciorek","sa3011141",6.5214,1.292,5.445,0.269392,5.40801,0.7246,0.605,0.143556,0.60089,0,1.0648,0.6421,0.0266,0.0524
"Nick Payero","sa3022956",5.984235,1.514285,2.84695,0.270142,4.888475,24.3419,11.66155,6.0875,20.273985,0,41.536,21.7924,0.00305,1.0204
"Nick Pivetta","15454",9.94880588235294,1.37252647058824,2.79360235294118,0.227658235294118,3.91546058823529,165.381912216817,46.4383157650135,22.8271168450942,64.991320809208,0.00846528571428571,130.757142857143,72.2977285714286,0,4.52490285714286
"Nick Pogue","sa3020379",5.6781,1.481,5.0967,0.273143,5.63013,0.6309,0.5663,0.164556,0.62557,0,1.0867,0.6651,0.0265,0.0512
"Nick Ramirez","12575",6.14575416666667,1.06304583333333,3.1165375,0.272034166666667,4.40734583333333,15.2195302469136,7.41213845679013,2.50301098765432,10.6212592592593,0,24.53745,11.75865,0.5131,0.51875
"Nick Raquet","sa3004658",6.32723,1.16661,3.63999,0.265126,4.62154,26.8511,15.6986,5.063222,20.2479,0,40.52505,21.7684,0.5071,2.0222
"Nick Richmond","sa3011538",6.39745,1.216815,4.15239,0.2672135,5.03525,13.366,9.22265,2.568889,11.267695,0,20.529,12.28815,0.01285,3.0287
"Nick Robertson","26226",8.63963823529412,1.133134,3.25159294117647,0.241008294117647,4.09555529411765,39.6264835454118,14.9620723153987,5.22577743623529,18.8157317647059,1.04847,39.1087,20.1650714285714,0,1.98316857142857
"Nick Roth","sa3010669",6.1425,1.414,4.5801,0.275241,5.38191,0.6825,0.5089,0.157111,0.59799,0,1.1,0.6384,0.0263,0.0466
"Nick Sandlin","20517",9.54555823529412,1.25101294117647,3.99900823529412,0.222544058823529,3.97148117647059,63.2479827201384,26.4007612091596,8.28896223529412,26.205814449827,11.8931714285714,49.7643428571429,28.5940428571429,0,3.79769571428571
"Nick Sando","sa3023511",6.1632,1.506,5.8743,0.278002,5.87961,0.6848,0.6527,0.167333,0.65329,0,1.1112,0.696,0.0178,0.0542
"Nick Sinacola","sa3017862",6.38892,1.26705,2.725465,0.265379,4.64818,33.35235,14.15115,6.075778,23.76186,0,49.5334,25.78095,0.0032,2.52365
"Nick Snyder","23493",9.2169,1.073,3.9168,0.239069,4.03263,1.0241,0.4352,0.119222,0.44807,0,0.9153,0.4834,0.0247,0.0432
"Nick Starr","sa3008488",7.1775,1.246,3.2544,0.256857,4.45293,0.7975,0.3616,0.138444,0.49477,0,1.0123,0.5311,0.0251,0.0413
"Nick Swiney","sa3014542",7.17222,1.427435,4.365245,0.2587465,4.96769,26.38875,16.23385,5.080111,17.77724,0,33.0128,19.2954,0.0105,1.5237
"Nick Thwaits","sa3008333",6.6105,1.457,4.0032,0.263785,5.01138,0.7345,0.4448,0.161889,0.55682,0,1.0405,0.5936,0.0256,0.0477
"Nick TrogrlicIverson","sa3014782",6.2865,1.241,3.5316,0.269904,4.77081,0.6985,0.3924,0.137889,0.53009,0,1.0716,0.5703,0.0255,0.0543
"Nick Tropeano","12385",6.5178,1.432,4.1679,0.269399,5.19633,0.7242,0.4631,0.159111,0.57737,0,1.0735,0.6147,0.0251,0.0421
"Nick Vespi","21093",7.42949444444444,1.17707694444444,3.4216725,0.25764,4.42692472222222,22.1593328187243,9.69512858296296,3.47922156366255,13.1798910943004,0,25.99515,14.2566,0.51305,1.02105
"Nick Vincent","7555",7.0839,1.428,2.9052,0.262003,4.66425,0.7871,0.3228,0.158667,0.51825,0,1.0385,0.5524,0.0238,0.0425
"Nick Wittgren","15594",6.36508333333333,1.33889583333333,3.26877916666667,0.273559166666667,4.9776625,17.7537029876543,9.30975004938272,3.64870918209877,14.1703555,0,27.043,14.78525,0.515,2.02655
"Nick Zwack","sa3017867",7.0902,1.325,3.0654,0.257702,4.5099,0.7878,0.3406,0.147222,0.5011,0,1.0213,0.5373,0.0049,0.0403
"Nico Zeglin","sa3023549",6.9228,1.182,4.1877,0.263044,4.72797,0.7692,0.4653,0.131333,0.52533,0,1.031,0.5665,0.0146,0.0492
"Nicolas Carreno","sa3022004",4.6989,1.42,7.722,0.287702,6.69672,0.5221,0.858,0.157778,0.74408,0,1.1561,0.7897,0.0033,0.0526
"Nicolas Cruz","sa3019461",5.8599,1.472,4.7943,0.279005,5.58072,0.6511,0.5327,0.163556,0.62008,0,1.1168,0.6621,0.0163,0.0465
"Nicolas De La Cruz","sa3021796",4.0689,1.595,8.0577,0.300584,7.51383,0.4521,0.8953,0.177222,0.83487,0,1.2253,0.8793,0.0078,0.0503
"Nicolo Pinazzi","sa3015335",6.2424,1.323,7.1478,0.269264,5.92218,0.6936,0.7942,0.147,0.65802,0,1.0616,0.7005,0.0213,0.0622
"Nigel Belgrave","sa3023180",8.058895,1.08403,4.52406,0.2515135,4.621815,25.4466,14.74235,3.557611,15.244235,0,27.49,16.2641,0.51275,3.0256
"Niklas Rimmel","sa3008426",6.3189,1.361,5.5611,0.269966,5.53581,0.7021,0.6179,0.151222,0.61509,0,1.0692,0.6558,0.0267,0.0466
"Nivaldo Rodriguez","22449",6.2487,1.415,3.4416,0.273365,5.03667,0.6943,0.3824,0.157222,0.55963,0,1.0904,0.5984,0.0263,0.0438
"Nixon Encarnacion","sa3018319",4.3164,1.896,7.6824,0.297908,7.65144,0.4796,0.8536,0.210667,0.85016,0,1.2177,0.8939,0.0045,0.0579
"Nixon Parra","sa3016520",4.6467,1.449,8.7705,0.28856,7.11513,0.5163,0.9745,0.161,0.79057,0,1.1575,0.8364,0.0291,0.0542
"Noah Bremer","sa915571",6.3369,1.371,3.2778,0.272896,4.95954,0.7041,0.3642,0.152333,0.55106,0,1.0906,0.5905,0.0063,0.0454
"Noah Cameron","sa3018097",8.096985,1.12781666666667,2.66179166666667,0.251164333333333,4.09556833333333,32.1914833333333,10.8093266666667,4.87058666666667,16.8988933333333,0.7370595,36.0104833333333,18.3436333333333,0,1.48162666666667
"Noah Davis","25862",7.22755818181818,1.27121909090909,3.64954636363636,0.276512181818182,5.53666363636364,21.6629394272793,10.9915025159523,3.52114472252709,16.2374011411394,0.05727025,27.84418,16.029255,0.053733875,3.001948
"Noah Dean","sa3020740",7.0488,1.236,6.7968,0.266603,5.7312,0.7832,0.7552,0.137333,0.6368,0,1.0405,0.6798,0.0059,0.068
"Noah Denoyer","sa3011889",7.9533,1.283,3.4947,0.254998,4.46832,0.8837,0.3883,0.142556,0.49648,0,0.9962,0.5337,0.0126,0.043
"Noah Gotsis","sa3011844",7.1667,1.4,2.9763,0.260952,4.62699,0.7963,0.3307,0.155556,0.51411,0,1.0329,0.5486,0.025,0.0421
"Noah Murdock","sa919012",7.89933142857143,0.956122571428571,5.09254571428571,0.244905857142857,4.62415428571428,43.5924,28.4408571428571,5.32079714285714,25.9136428571429,4.69017714285714,47.4522571428571,28.2068,0,4.44960571428571
"Noah Owen","sa3017272",6.1353,1.412,3.3588,0.271274,4.96098,0.6817,0.3732,0.156889,0.55122,0,1.0842,0.589,0.0255,0.0431
"Noah Ruen","sa3022913",5.3208,1.44,5.7222,0.283065,5.90382,0.5912,0.6358,0.16,0.65598,0,1.1339,0.6999,0.0271,0.0554
"Noah Schultz","sa3020949",8.37667,1.14592666666667,3.08140166666667,0.246462166666667,4.26618166666667,40.2280166666667,14.8913166666667,5.76425333333333,20.903,0,41.4579,22.68475,0,4.049635
"Noah Skirrow","sa3014845",5.36705,1.510865,3.88216,0.278046,5.510345,27.78735,19.71225,7.089222,27.30889,0,50.0655,29.3293,0.0025,2.52495
"Noah Song","sa3011695",6.9453,1.4,3.897,0.27097,5.23476,0.7717,0.433,0.155556,0.58164,0,1.0764,0.6193,0.0118,0.0486
"Noah Syndergaard","11762",6.59190666666667,1.36894888888889,2.35710666666667,0.269092888888889,5.05745777777778,15.4635888345679,5.31748009711934,2.85875838024691,10.9559748674897,0,14.1058666666667,8.1761,0.0524911666666667,0.618113333333333
"Noah Takacs","sa3023612",5.1642,1.47,6.8949,0.285541,6.58638,0.5738,0.7661,0.163333,0.73182,0,1.1515,0.7735,0.028,0.0512
"Noah Zavolas","sa3006770",6.4395,1.562,3.0429,0.271889,5.13945,0.7155,0.3381,0.173556,0.57105,0,1.0912,0.6074,0.0041,0.0475
"Noble Meyer","sa3022945",6.2694,1.488,5.7978,0.274471,6.00363,0.6966,0.6442,0.165333,0.66707,0,1.0947,0.7081,0.0034,0.0554
"Noe Ramirez","12800",7.4853,1.406,3.8061,0.257001,4.84362,0.8317,0.4229,0.156222,0.53818,0,1.0104,0.5726,0.0273,0.0486
"Noe Toribio","sa3003041",7.2324,0.968,4.1481,0.261665,4.44627,0.8036,0.4609,0.107556,0.49403,0,1.0218,0.5356,0.0256,0.0591
"Noel Vela","sa3005177",8.1171,1.131,4.428,0.245877,4.21704,0.9019,0.492,0.125667,0.46856,0,0.9438,0.5063,0.0252,0.0385
"Noelin Cuevas","sa3019054",4.4262,1.415,6.7761,0.290297,6.4422,0.4918,0.7529,0.157222,0.7158,0,1.1728,0.7611,0.0067,0.0531
"Nolan Blackwood","sa874212",6.18109,1.0974865,3.430255,0.263738,4.64262,12.84895,7.19195,2.067889,9.75909,0,19.5334,10.77925,0.5127,0.52095
"Nolan Clenney","sa3015328",7.690225,1.194495,3.23448,0.252592,4.358405,23.42295,9.68115,3.5670555,13.240365,0,26.9984,14.25875,0.01245,1.52275
"Nolan DeVos","sa3020453",6.3441,1.498,4.7511,0.272059,5.55957,0.7049,0.5279,0.166444,0.61773,0,1.0813,0.658,0.0058,0.0416
"Nolan Hoffman","sa3007471",7.762225,1.024065,3.78656,0.2493565,4.39968,23.43095,11.21435,3.0575,13.73557,0,25.9981,14.7559,0.0126,1.52335
"Nolan Kingham","sa3008224",5.9247,1.2,2.7567,0.280026,4.7052,0.6583,0.3063,0.133333,0.5228,0,1.1245,0.5653,0.0067,0.044
"Nolan Martinez","sa917988",5.2344,1.413,5.1768,0.282442,5.77935,0.5816,0.5752,0.157,0.64215,0,1.1355,0.6849,0.0203,0.0475
"Nolan McLean","sa3023053",7.2746,1.138385,3.60888,0.252284,4.66157,40.9045,20.6966,6.0666665,27.24876,0,49.50385,29.2689,0.0015,6.5291
"Nolan Perry","sa3021476",5.8392,1.491,5.6268,0.27726,5.96637,0.6488,0.6252,0.165667,0.66293,0,1.1122,0.7051,0.0032,0.0454
"Nolan Santos","sa3023104",6.525,1.393,5.3415,0.269253,5.53581,0.725,0.5935,0.154778,0.61509,0,1.0688,0.6547,0.0266,0.047
"Nolan Watson","sa874732",5.86147,1.38692,3.428575,0.2708585,5.10866,24.32695,15.17825,5.579778,21.283845,0,40.05335,22.8038,0.0015,3.02735
"Nolberto Henriquez","sa3011137",5.2173,1.562,6.3567,0.283571,6.28875,0.5797,0.7063,0.173556,0.69875,0,1.1452,0.7422,0.0277,0.0562
"Nomar Medina","sa3015372",4.7106,1.514,5.0463,0.286398,5.94387,0.5234,0.5607,0.168222,0.66043,0,1.1612,0.7023,0.0064,0.0458
"Nomar Rojas","sa3009742",7.0524,1.193,4.3335,0.263016,4.7862,0.7836,0.4815,0.132556,0.5318,0,1.0331,0.5718,0.0258,0.0486
"Norbis Diaz","sa3021541",4.1661,1.549,6.7212,0.295934,6.83001,0.4629,0.7468,0.172111,0.75889,0,1.2046,0.8046,0.0038,0.0477
"Norge Ruiz","19580",6.3162,1.148,3.2157,0.271947,4.54761,0.7018,0.3573,0.127556,0.50529,0,1.0808,0.5466,0.0244,0.0394
"Norge Vera","sa3017468",7.5357,1.189,5.3919,0.256093,4.92462,0.8373,0.5991,0.132111,0.54718,0,0.9908,0.5887,0.0071,0.047
"Norwith Gudino","sa872808",6.1101,1.542,3.7971,0.279265,5.5638,0.6789,0.4219,0.171333,0.6182,0,1.1227,0.6561,0.0089,0.0419
"Nyan Hernandez","sa3009475",4.266,1.642,6.6888,0.295198,6.95529,0.474,0.7432,0.182444,0.77281,0,1.2042,0.8168,0.0061,0.0505
"Ocean Gabonia","sa3017391",5.9373,1.475,4.977,0.275714,5.53266,0.6597,0.553,0.163889,0.61474,0,1.106,0.6563,0.0266,0.0456
"Odalvi Javier","sa877574",7.0857,1.298,4.2138,0.25743,4.81059,0.7873,0.4682,0.144222,0.53451,0,1.0057,0.5721,0.0256,0.0641
"Odarlin Cruz","sa3021814",4.7133,1.558,8.5518,0.288784,7.24869,0.5237,0.9502,0.173111,0.80541,0,1.164,0.8496,0.0291,0.0541
"Oddanier Mosqueda","sa917882",8.41616,1.02689,4.20988,0.2393295,4.1683,29.4542,14.7273,3.5560555,14.72268,0,27.46795,15.74185,0.0126,4.0324
"Odrisamer Despaigne","16017",6.4323,1.517,3.3039,0.26963,5.01651,0.7147,0.3671,0.168556,0.55739,0,1.0724,0.595,0.0032,0.0446
"Ofelky Peralta","sa828239",6.9822,1.248,3.9357,0.260111,4.75641,0.7758,0.4373,0.138667,0.52849,0,1.029,0.5669,0.023,0.0447
"Ofreidy Gomez","sa737451",7.9308,1.189,4.41,0.254089,4.59549,0.8812,0.49,0.132111,0.51061,0,0.988,0.5494,0.0256,0.0566
"Oliver Camilo","sa3022019",4.5378,1.633,9.4266,0.290176,7.71111,0.5042,1.0474,0.181444,0.85679,0,1.1715,0.9007,0.0297,0.0594
"Oliver Eusebio","sa3021007",4.2822,1.573,9.1062,0.292693,7.54299,0.4758,1.0118,0.174778,0.83811,0,1.1828,0.8831,0.0295,0.0541
"Oliver Garcia","sa917415",7.7553,1.319,4.4172,0.255476,4.86405,0.8617,0.4908,0.146556,0.54045,0,0.9996,0.5767,0.0257,0.0525
"Oliver Mateo","sa3005451",6.5376,1.291,6.7104,0.269621,5.88996,0.7264,0.7456,0.143444,0.65444,0,1.0643,0.6956,0.0275,0.06
"Oliver Ortega","21025",8.606745,1.00532708333333,3.24471222222222,0.232817777777778,3.79290055555556,20.9748033211111,7.63113263959877,2.21109077092593,9.01814038098765,0,18.96945,9.7388,0.0114,1.0235
"Olmandi Diaz","sa3016484",3.8511,1.686,6.381,0.299231,7.00839,0.4279,0.709,0.187333,0.77871,0,1.229,0.8227,0.0087,0.0488
"Omar Cruz","sa3006971",8.82229142857143,1.07996514285714,3.92884428571429,0.233057,4.11272,28.4811857142857,13.00085,3.71388428571429,13.8468671428571,0.650703571428571,26.4711571428571,15.0211571428571,0,2.45298142857143
"Omar Gonzalez","sa3019380",5.085,1.773,7.4403,0.287764,7.06365,0.565,0.8267,0.197,0.78485,0,1.1693,0.8282,0.0094,0.0499
"Omar Munoz","sa3018282",4.2552,1.491,8.6706,0.293367,7.26426,0.4728,0.9634,0.165667,0.80714,0,1.1845,0.8531,0.0292,0.05
"Omar Victorino","sa3019273",5.4378,1.494,6.8085,0.278872,6.36183,0.6042,0.7565,0.166,0.70687,0,1.1173,0.7509,0.0045,0.057
"Omar Yanez","sa3015977",4.9797,1.479,8.7111,0.285896,7.0857,0.5533,0.9679,0.164333,0.7873,0,1.1453,0.8321,0.029,0.0511
"Onias Jimenez","sa3019505",5.0616,1.409,9.0576,0.284248,7.03467,0.5624,1.0064,0.156556,0.78163,0,1.1327,0.8274,0.0291,0.0537
"Oriel Castro","sa3008264",5.6052,1.344,6.5457,0.276421,5.89779,0.6228,0.7273,0.149333,0.65531,0,1.1001,0.6982,0.021,0.0499
"Orion Kerkering","31776",10.2478341176471,0.791885470588235,2.79512352941176,0.221742470588235,3.21085529411765,73.0116635866205,19.9368947756586,5.65291301801461,22.8157200818393,12.4147714285714,52.4270142857143,23.9191857142857,0,4.46646857142857
"Orlando Barrios","sa3009598",4.5558,1.57,8.5221,0.290462,7.29891,0.5062,0.9469,0.174444,0.81099,0,1.173,0.8552,0.0291,0.0547
"Orlando Gil","sa3008707",5.1723,1.518,7.2513,0.284737,6.68115,0.5747,0.8057,0.168667,0.74235,0,1.1441,0.7862,0.0138,0.0522
"Orlando Gonzalez","sa3024196",4.9437,1.667,5.6079,0.285051,6.31674,0.5493,0.6231,0.185222,0.70186,0,1.1479,0.7441,0.0071,0.0529
"Orlando OrtizMayr","sa3018181",5.48753,1.344265,3.92346,0.281119,5.407125,32.296,23.21045,7.5758335,31.29687,0,59.06655,33.81825,0.0017,5.0301
"Orlando Ribalta","26247",8.29887733333333,1.171572,4.48995566666667,0.248821466666667,4.802096,29.6039020454479,15.9260200409062,4.24312139139951,17.3070629239467,1.20017833333333,30.4857166666667,18.38765,0,1.60262
"Orlando Rodriguez","sa3011421",5.7591,1.641,4.212,0.27629,5.68548,0.6399,0.468,0.182333,0.63172,0,1.1119,0.6697,0.0081,0.0466
"Orlando Suarez","sa3023863",4.4487,1.598,6.7257,0.293833,6.87789,0.4943,0.7473,0.177556,0.76421,0,1.1954,0.8087,0.0033,0.0504
"Osbriel Mogollon","sa3019150",5.5593,1.289,7.5492,0.276162,6.12072,0.6177,0.8388,0.143222,0.68008,0,1.0941,0.7243,0.0281,0.0604
"Oscar Moreta","sa3019069",5.0049,1.503,8.9226,0.285436,7.20675,0.5561,0.9914,0.167,0.80075,0,1.1436,0.8453,0.0292,0.0581
"Oscar Paredes","sa3016040",4.5144,1.616,8.8965,0.290315,7.48827,0.5016,0.9885,0.179556,0.83203,0,1.1729,0.8759,0.0293,0.0524
"Oscar Rayo","sa3016749",5.301,1.255,3.6315,0.279434,5.04396,0.589,0.4035,0.139444,0.56044,0,1.1212,0.6018,0.0107,0.0501
"Oscar Rojas","sa3005098",6.6789,1.357,3.0366,0.263765,4.63239,0.7421,0.3374,0.150778,0.51471,0,1.0467,0.5534,0.0057,0.0413
"Oscar Romero","sa3024520",4.1715,1.649,6.9138,0.295765,7.06806,0.4635,0.7682,0.183222,0.78534,0,1.2069,0.8297,0.0063,0.0552
"Osiel Rodriguez","sa3009991",6.7725,1.554,5.4801,0.266729,5.63049,0.7525,0.6089,0.172667,0.62561,0,1.0611,0.6645,0.0268,0.0509
"Osiris German","sa3003046",7.2648,1.219,3.5577,0.258869,4.51593,0.8072,0.3953,0.135444,0.50177,0,1.0158,0.5397,0.0252,0.0497
"Osiris Santana","sa3009738",4.6413,1.478,8.2989,0.289985,7.04979,0.5157,0.9221,0.164222,0.78331,0,1.1678,0.8285,0.0289,0.0508
"Osvaldo Berrios","sa3004702",6.8706,1.368,3.3426,0.261536,4.69593,0.7634,0.3714,0.152,0.52177,0,1.0338,0.5573,0.0252,0.0448
"Osvaldo Bido","23150",8.46444323529412,1.14976705882353,3.67435470588235,0.234750352941176,4.20064647058823,100.334561717811,43.6036707688774,13.6993189448674,49.79306064015,0.924942857142857,98.1515,55.9065142857143,0,8.20512428571429
"Osvaldo De La Rosa","sa3005460",5.1345,1.477,5.7726,0.283554,6.09705,0.5705,0.6414,0.164111,0.67745,0,1.1421,0.7198,0.0239,0.0508
"Osvaldo Hernandez","sa975541",6.7392,1.211,3.699,0.264545,4.59306,0.7488,0.411,0.134556,0.51034,0,1.044,0.5498,0.0168,0.0466
"Oswald Medina","sa3015928",4.2813,1.647,4.0338,0.293127,6.02559,0.4757,0.4482,0.183,0.66951,0,1.201,0.7114,0.0031,0.0476
"Oswaldo Aponte","sa3021023",4.2102,1.625,6.7986,0.294463,6.96357,0.4678,0.7554,0.180556,0.77373,0,1.1992,0.8182,0.0038,0.0561
"Over Galue","sa3008533",5.4774,1.31,5.2335,0.280108,5.59926,0.6086,0.5815,0.145556,0.62214,0,1.1192,0.6665,0.0098,0.0459
"Ovis Portes","sa3019644",6.0795,1.725,6.3054,0.282595,6.51978,0.6755,0.7006,0.191667,0.72442,0,1.1377,0.7669,0.0114,0.0535
"Owen Holt","sa3017861",6.948425,1.62564,4.369565,0.2714915,5.659775,17.3883,11.2372,4.0903335,14.80155,0,25.0409,15.82045,0.51305,0.5206
"Owen Kellington","sa3018801",5.3586,1.517,5.7258,0.283072,6.2307,0.5954,0.6362,0.168556,0.6923,0,1.1418,0.7334,0.0044,0.0442
"Owen Murphy","sa3020330",7.2513,1.519,4.0005,0.26416,5.2029,0.8057,0.4445,0.168778,0.5781,0,1.048,0.6142,0.003,0.0422
"Owen Sharts","sa3019236",5.4099,1.417,7.3989,0.280425,6.44742,0.6011,0.8221,0.157444,0.71638,0,1.1194,0.7602,0.0281,0.0551
"Owen White","22273",6.795535,1.30451058823529,3.57126147058824,0.270288647058824,5.25876941176471,18.1079070324487,9.68788461167128,3.69336315986159,14.8506111463576,0.852093571428571,25.5857571428571,15.4292857142857,0,1.62433885714286
"Owen Wild","sa3023278",6.6897,1.63,3.5802,0.269092,5.26626,0.7433,0.3978,0.181111,0.58514,0,1.0733,0.6219,0.0034,0.0446
"PJ Poulin","sa3007223",7.547235,1.033245,3.970425,0.2487625,4.292195,22.41305,12.20905,3.056778,13.22546,0,25.48575,14.2451,0.51255,1.52295
"Pablo Aldonis","sa3018289",5.2839,1.502,5.103,0.276492,5.69097,0.5871,0.567,0.166889,0.63233,0,1.1042,0.673,0.0031,0.0454
"Pablo Garabitos","sa3007787",7.8471,1.246,3.9114,0.252819,4.42395,0.8719,0.4346,0.138444,0.49155,0,0.9866,0.5283,0.0253,0.049
"Pablo Lopez","17085",9.27930352941176,1.17065088235294,2.20429058823529,0.237789,3.71091588235294,192.251127493241,45.5608934850288,24.2402241946943,76.8235426706651,0,172.006714285714,84.3246714285714,0,8.32916142857143
"Pablo Mujica","sa3009596",5.4765,1.33,6.4566,0.278415,5.89968,0.6085,0.7174,0.147778,0.65552,0,1.1111,0.6986,0.0241,0.0508
"Packy Naughton","23292",7.64915138888889,0.954974583333333,2.87062277777778,0.251353333333333,3.842595,19.1184825144033,6.65318245349794,2.24702770987654,9.64126225802469,0,21.9814,9.72615,0.0177,0.5209
"Palmer Wenzel","sa3018095",5.6079,1.346,5.895,0.279019,5.81931,0.6231,0.655,0.149556,0.64659,0,1.1144,0.6897,0.0271,0.048
"Paolo Espino","8246",5.68515454545455,1.90798,2.75287454545455,0.284196181818182,5.56014727272727,17.410906198843,8.6284661431405,5.68358945090909,15.8039549406612,0,28.6058975,15.8299475,0.289819625,0.8901645
"Parker Bugg","sa738946",7.7877,1.439,4.0482,0.254588,4.89114,0.8653,0.4498,0.159889,0.54346,0,0.9988,0.5777,0.0185,0.044
"Parker Caracci","sa3010619",7.398,1.272,4.3038,0.258938,4.80771,0.822,0.4782,0.141333,0.53419,0,1.0154,0.572,0.0257,0.0464
"Parker Dunshee","20018",7.864425,1.39085416666667,3.72045,0.246393333333333,4.69103333333333,28.6522588148148,13.8599190185185,5.14938901851852,17.5107764444444,0,31.9907,19.2697,0.51255,4.03325
"Parker Harm","sa3017198",7.8372,1.157,5.4963,0.251743,4.82157,0.8708,0.6107,0.128556,0.53573,0,0.9748,0.575,0.0263,0.0731
"Parker Markel","12106",8.3556,1.232,4.3407,0.248188,4.55589,0.9284,0.4823,0.136889,0.50621,0,0.9622,0.542,0.0253,0.0458
"Parker Messick","sa3020748",7.73521,1.270525,3.230085,0.2526815,4.42418,51.42245,21.17895,8.5683335,29.243075,0,57.5023,31.7621,0.00155,5.02825
"Parker Mushinski","21324",7.83895545454545,0.852534363636364,3.63524454545455,0.251269818181818,4.15178181818182,20.3139065670211,9.58254399573003,2.15945928477502,10.8381775303434,0.41817,22.322525,12.038525,0.203302,1.97671
"Pat Gallagher","sa3020938",5.5701,1.333,3.6666,0.277775,5.13342,0.6189,0.4074,0.148111,0.57038,0,1.1156,0.6132,0.0032,0.0484
"Patricio Aquino","sa3016510",5.319,1.57,3.9357,0.281657,5.59683,0.591,0.4373,0.174444,0.62187,0,1.1386,0.6631,0.0069,0.0592
"Patricio Ress","sa3016206",4.6134,1.576,8.2854,0.289836,7.22061,0.5126,0.9206,0.175111,0.80229,0,1.1703,0.8466,0.0222,0.0536
"Patrick Copen","sa3023283",5.7384,1.51,5.1408,0.279515,5.78979,0.6376,0.5712,0.167778,0.64331,0,1.1182,0.6862,0.0036,0.0533
"Patrick Corbin","9323",6.98599882352941,1.39246588235294,3.02699176470588,0.277475411764706,4.96536117647059,75.9708963176471,33.1789940705882,15.148357,53.7817948705882,0.018729,107.713714285714,57.9085428571429,0,2.71798142857143
"Patrick Halligan","sa3017319",7.60945,1.27239,3.555275,0.2576085,4.574635,22.9265,10.6995,4.066889,14.247585,0,28.0029,15.2663,0.01165,1.0212
"Patrick Maybach","sa3025063",6.1047,1.272,5.5611,0.271783,5.38452,0.6783,0.6179,0.141333,0.59828,0,1.0777,0.6398,0.0268,0.0508
"Patrick Monteverde","sa3016940",6.561706,1.306614,3.126476,0.2662566,4.649086,38.84662,18.52758,7.650126,27.57432,0.71884,56.8874,29.6733,0,2.3426
"Patrick Murphy","19712",8.71563,0.920941666666667,3.97432666666667,0.242388,4.20402333333333,5.29132333333333,2.45779333333333,0.529189666666667,2.57124666666667,0,4.99339666666667,2.77715666666667,0.134494333333333,0.32225
"Patrick Murphy","sa3018252",7.4817,1.001,4.0041,0.257529,4.23414,0.8313,0.4449,0.111222,0.47046,0,1.0031,0.5113,0.0216,0.044
"Patrick Pridgen","sa3020564",5.7123,1.564,6.1974,0.277463,6.22845,0.6347,0.6886,0.173778,0.69205,0,1.1121,0.7323,0.0228,0.0493
"Patrick Reilly","sa3023038",7.62194,1.410255,4.281095,0.2553445,4.94316,44.41845,25.23225,7.5836665,27.78147,0,51.0092,29.79985,0.0017,2.52285
"Patrick Ruotolo","sa856262",8.1297,1.338,3.6648,0.247944,4.49586,0.9033,0.4072,0.148667,0.49954,0,0.9648,0.5331,0.0251,0.0456
"Patrick Sandoval","19447",8.68603058823529,0.879108117647059,3.62194588235294,0.250056764705882,3.99115823529412,29.5796509817701,12.2468494208074,2.82455736959631,13.4375522078647,0.816955714285714,26.1541285714286,13.0218928571429,0,1.27234185714286
"Patrick Smith","sa1170802",8.0793,1.126,4.536,0.2506,4.43637,0.8977,0.504,0.125111,0.49293,0,0.9708,0.5309,0.0256,0.0531
"Patrick Weigel","17792",7.45081,1.1047,4.79671,0.2505325,4.95844,15.4077,10.73885,2.066722,10.75682,0,17.4944,11.77605,0.51265,2.52945
"Patrick Wicklander","sa3017304",6.42665,1.3305,3.68225,0.266064,4.83361,25.36685,14.70775,5.5714445,20.25929,0,39.51985,21.7782,0.01275,2.02335
"Paul Blackburn","14739",7.27449176470588,1.24574558823529,3.02024852941176,0.255706588235294,4.59779294117647,87.1886517058823,36.0683171813725,14.8437529039792,54.8546972318339,0.852215714285714,110.212428571429,58.4254571428571,0,4.20849428571429
"Paul Bonzagni","sa3022587",5.9112,1.307,4.0347,0.27818,5.18085,0.6568,0.4483,0.145222,0.57565,0,1.1145,0.6191,0.0046,0.0503
"Paul Campbell","22248",6.88304,1.49788,3.357625,0.268201,5.037475,17.89005,9.18035,4.080778,13.77064,0,26.02375,14.78815,0.01065,2.0263
"Paul Chacon","sa3021499",4.0509,1.64,7.0902,0.297258,7.14843,0.4501,0.7878,0.182222,0.79427,0,1.214,0.839,0.0077,0.0562
"Paul Fry","15832",7.01247,0.9089375,4.11736,0.256014,4.398215,23.38055,14.21485,3.049,15.228725,0,28.5132,16.25055,0.5112,2.52585
"Paul Gervase","sa3019957",9.93615,1.0656305,4.85468,0.226572,4.252145,26.5388,13.2568,2.5640555,11.23333,0,19.4434,12.2507,0.5126,1.5237
"Paul Sewald","13892",9.96695735294118,1.31376352941176,2.91204588235294,0.218861647058824,3.70672823529412,63.5878936011788,18.4609951165398,8.40985856202999,23.572956316752,11.8836285714286,48.1165714285714,26.4738857142857,0,2.81531285714286
"Paul Skenes","33677",10.7817841176471,0.863556588235294,2.61538823529412,0.210426352941176,2.92248352941176,204.428981108005,49.562764193218,16.2689033815917,55.0819373619377,0,134.604142857143,60.3561142857143,0,6.13747142857143
"Paul Wilson","sa3023596",4.1715,1.444,7.5888,0.28807,6.75522,0.4635,0.8432,0.160444,0.75058,0,1.1668,0.7954,0.0052,0.0504
"Paulshawn Pasqualotto","sa3023476",5.1174,1.562,4.8555,0.288781,6.11496,0.5686,0.5395,0.173556,0.67944,0,1.1758,0.721,0.0106,0.0499
"Paxton Schultz","sa3010626",7.912025,1.291635,3.72158,0.2497075,4.48392,39.93025,19.1976,6.0753335,21.753895,0,42.99435,23.27175,0.00675,1.5187
"Paxton Thompson","sa3023277",6.2982,1.526,5.0958,0.268168,5.52708,0.6998,0.5662,0.169556,0.61412,0,1.0609,0.6528,0.0264,0.0437
"Payton Martin","sa3020869",5.0895,1.711,4.5693,0.285989,6.01533,0.5655,0.5077,0.190111,0.66837,0,1.159,0.7098,0.0031,0.0477
"Pedro Alfonseca","sa918899",5.8581,1.332,7.1361,0.274785,6.11577,0.6509,0.7929,0.148,0.67953,0,1.0879,0.7233,0.0278,0.063
"Pedro Almanzar","sa3015967",4.9878,1.527,8.1,0.286148,6.97887,0.5542,0.9,0.169667,0.77543,0,1.1504,0.8191,0.0287,0.0497
"Pedro Avila","18864",8.65182363636364,1.02324618181818,3.84424181818182,0.243955636363636,4.28703636363636,38.3301948958678,17.4166276859504,4.45956350743802,18.8406551669422,0.165793,37.17645,19.78695,0.2954335,2.7175275
"Pedro Da Costa Lemos","sa3016781",5.2875,1.458,4.7493,0.275363,5.52006,0.5875,0.5277,0.162,0.61334,0,1.1017,0.6559,0.0094,0.0574
"Pedro Fernandez","sa657697",6.5952,1.468,2.9763,0.268343,4.88934,0.7328,0.3307,0.163111,0.54326,0,1.0705,0.5801,0.0069,0.042
"Pedro Figueroa","sa3016293",4.5495,1.593,9.0945,0.293151,7.51059,0.5055,1.0105,0.177,0.83451,0,1.1843,0.8799,0.0295,0.0546
"Pedro Garcia","sa3011805",8.5266,1.479,4.2489,0.252405,4.89357,0.9474,0.4721,0.164333,0.54373,0,0.9864,0.5792,0.0256,0.0569
"Pedro Garcia","sa3018872",4.9878,1.58,5.1921,0.279219,6.05358,0.5542,0.5769,0.175556,0.67262,0,1.1293,0.7133,0.0063,0.0526
"Pedro Gonzalez","sa3002617",4.5414,1.279,5.2506,0.289421,5.75307,0.5046,0.5834,0.142111,0.63923,0,1.1679,0.6849,0.027,0.0543
"Pedro Marquez","sa3018310",5.3208,1.564,6.4593,0.284023,6.48936,0.5912,0.7177,0.173778,0.72104,0,1.1397,0.7644,0.0092,0.0506
"Pedro Payano","18313",7.8264,1.426,4.2867,0.261572,4.97808,0.8696,0.4763,0.158444,0.55312,0,1.0302,0.5914,0.0258,0.0432
"Pedro Peralta","sa3022182",4.3578,1.718,7.3602,0.295037,7.31592,0.4842,0.8178,0.190889,0.81288,0,1.2039,0.8563,0.0048,0.0537
"Pedro Reyes","sa3015994",4.5135,1.712,4.8312,0.290313,6.25248,0.5015,0.5368,0.190222,0.69472,0,1.1796,0.7368,0.0064,0.052
"Pedro Rodriguez","sa3015962",5.022,1.322,8.9721,0.282468,6.74667,0.558,0.9969,0.146889,0.74963,0,1.1236,0.7953,0.0291,0.0553
"Pedro Santillan","sa3015493",4.9554,1.526,6.8553,0.287027,6.46731,0.5506,0.7617,0.169556,0.71859,0,1.1529,0.7632,0.0279,0.0526
"Pedro Santos","sa1171936",8.460865,1.244815,5.727835,0.246207,5.01148,23.95755,17.28735,3.5664445,14.75909,0,23.97295,15.778,0.0129,2.02575
"Pedro Tucent","sa3024255",3.996,1.622,6.2892,0.297933,6.86709,0.444,0.6988,0.180222,0.76301,0,1.2195,0.8077,0.0033,0.051
"Peniel Otano","sa3016751",5.4378,1.03,5.9166,0.284084,5.53734,0.6042,0.6574,0.114444,0.61526,0,1.13,0.6623,0.0271,0.0579
"Penn Murfee","25174",8.67152176470588,1.19218588235294,3.50668294117647,0.236301411764706,4.31570588235294,39.2317426997786,16.0181944066021,5.47439944775086,19.5974998351957,3.66981142857143,38.4923857142857,21.0976285714286,0,2.21529714285714
"Pete Fairbanks","17998",9.93667441176471,0.920304470588235,3.29100352941176,0.221343647058824,3.45425529411765,62.5747098083964,20.8157617047597,5.81897978042599,21.8249414456209,6.37304714285714,47.7275,23.7399714285714,0,2.10218
"Pete Hansen","sa3020798",6.1551,1.281,3.3354,0.267003,4.64454,0.6839,0.3706,0.142333,0.51606,0,1.058,0.5558,0.003,0.0489
"Peter Bonilla","sa3018850",5.1714,1.45,9.0864,0.279027,6.921,0.5746,1.0096,0.161111,0.769,0,1.111,0.8125,0.0291,0.0517
"Peter Heubeck","sa3017936",6.8589,1.68,5.6961,0.261536,5.78763,0.7621,0.6329,0.186667,0.64307,0,1.0293,0.6815,0.0031,0.0545
"Peter Lambert","17969",7.94415,1.25721666666667,3.57012916666667,0.2588075,4.66812083333333,36.4204359753086,17.6709468024691,6.11377595679012,23.6487645,0,44.48375,25.24935,0.51105,2.5209
"Peter Solomon","20476",7.3903625,1.1879625,3.89089166666667,0.258345416666667,4.99294166666667,33.273705308642,18.509261287037,5.38159133024691,23.9345386141975,0,41.50415,25.26575,0.01205,1.51955
"Peter Strzelecki","21367",8.10499235294118,1.05773294117647,3.50135411764706,0.251889352941176,4.72646470588235,27.2719287063114,11.7764260172457,3.4898740922722,15.9787805487243,1.20724571428571,29.3092,15.9551571428571,0,2.04606428571429
"Peter Van Loon","sa3017543",7.334535,1.36927,3.362815,0.25804,4.734125,24.3961,10.6904,4.0823335,14.77296,0,29.01945,15.7916,0.0016,2.5286
"Peyton Alford","sa3016843",8.586455,1.19331,4.36717,0.2382305,4.33324,22.47265,11.7336,3.0669445,11.72983,0,21.4566,12.74745,0.01255,1.5235
"Peyton Battenfield","25777",5.63986666666667,1.49657916666667,3.38619166666667,0.276399166666667,5.35320416666667,33.0815010555556,20.2078680092593,8.19916975925926,31.1248896666667,0,61.0767,34.32605,0.00205,1.51815
"Peyton Glavine","sa3017533",6.4467,1.28,5.6304,0.264116,5.21244,0.7163,0.6256,0.142222,0.57916,0,1.0356,0.6194,0.0265,0.0444
"Peyton Pallette","sa3020742",7.063715,1.588715,4.15408,0.2646705,5.37089,27.892,16.72585,6.5836665,22.28248,0,37.51915,24.3013,0.0049,3.52735
"Peyton Plumlee","sa3011654",7.1532,1.361,3.4299,0.263189,4.78647,0.7948,0.3811,0.151222,0.53183,0,1.0402,0.5693,0.0079,0.0456
"Peyton Remy","sa3005302",8.2692,1.273,3.6954,0.248573,4.47597,0.9188,0.4106,0.141444,0.49733,0,0.9666,0.5318,0.0252,0.0618
"Peyton Stumbo","sa3023009",5.4144,1.43,5.436,0.282633,5.98428,0.6016,0.604,0.158889,0.66492,0,1.1387,0.7058,0.0198,0.0481
"Peyton Williams","sa3010813",7.73071,1.42717,4.28502,0.2609035,4.99473,15.42165,8.7283,3.071111,10.263425,0,18.5037,11.28185,0.0128,1.52505
"Phil Bickford","18519",8.69385636363636,1.17448727272727,3.37265090909091,0.231618909090909,4.21421227272727,22.6447167689256,8.51262806060605,2.93404273355372,10.5498577950909,0.232545,20.236375,11.421205,0.692851,1.2925375
"Phil Maton","18064",8.67291529411765,1.11337529411765,3.59743294117647,0.238835647058824,4.11759882352941,54.140156716955,22.4211016359862,6.94524742145329,25.6630237951557,1.06748285714286,50.9335714285714,28.1804571428571,0,5.10539142857143
"Philip Abner","sa3023305",6.3657,1.104,5.463,0.272911,5.20299,0.7073,0.607,0.122667,0.57811,0,1.0789,0.6208,0.0249,0.0497
"Phillip Diehl","20030",7.2855,1.384,3.9033,0.25916,4.77477,0.8095,0.4337,0.153778,0.53053,0,1.0221,0.5658,0.0266,0.0414
"Phillips Valdez","15605",6.5709,0.986,3.7458,0.272723,4.63365,0.7301,0.4162,0.109556,0.51485,0,1.0739,0.558,0.0239,0.0711
"Phoenix Sanders","20541",7.0371,1.375,2.9403,0.262738,4.61403,0.7819,0.3267,0.152778,0.51267,0,1.0416,0.5477,0.0245,0.0379
"Pierce Banks","sa3019435",6.1713,1.425,5.391,0.273115,5.65308,0.6857,0.599,0.158333,0.62812,0,1.0879,0.6681,0.0267,0.0447
"Pierce Johnson","13435",10.8869964705882,1.02630694117647,3.98503941176471,0.227559764705882,3.67963176470588,75.4316072526013,27.5520389153495,7.07153909823299,25.5951002488889,12.4945571428571,54.7064714285714,27.9923285714286,0,2.13594
"Pierson Ohl","sa3017977",5.61409,1.516375,1.922745,0.279159,4.869065,31.3042,9.6157,7.5911665,25.283275,0,55.07165,27.30165,0.00225,1.5187
"Pitterson Rosa","sa3018839",5.085,1.376,9.1269,0.286132,7.15203,0.565,1.0141,0.152889,0.79467,0,1.1435,0.8396,0.0292,0.0525
"PoYu Chen","sa3014699",5.596805,1.31966,3.37537,0.2772725,5.135145,38.30065,21.6933,8.574778,33.29162,0,66.06625,35.8122,0.0017,5.0285
"Porter Hodge","26413",9.96319117647059,0.820649294117647,4.30616147058824,0.216772588235294,3.64253588235294,71.6787808488235,30.9197849496713,5.89711520083045,26.1912991944567,10.6403714285714,52.7288285714286,28.8615714285714,0,4.12682857142857
"Prelander Berroa","22932",10.0489161764706,1.07528376470588,5.30826970588235,0.223525647058824,4.16173882352941,56.7938458756009,30.0998649069135,6.00329329780854,23.6764828713264,1.61221714285714,44.9086,26.3210571428571,0,2.44142
"Preston Johnson","sa3020565",6.7365,1.526,5.5845,0.26825,5.70519,0.7485,0.6205,0.169556,0.63391,0,1.0631,0.6733,0.0152,0.0454
"Preston Price","sa3017463",4.9959,1.479,6.1875,0.285268,6.27129,0.5551,0.6875,0.164333,0.69681,0,1.15,0.7396,0.0276,0.0522
"Quinn Gudaitis","sa3020572",5.2083,1.454,6.966,0.28213,6.45939,0.5787,0.774,0.161556,0.71771,0,1.1301,0.761,0.028,0.0724
"Quinn Mathews","sa3023407",8.70889666666667,1.06194833333333,3.37871833333333,0.2376,3.961465,99.2371166666667,38.4512166666667,12.0732333333333,45.1640333333333,0.6780675,93.6771333333333,49.0734333333333,0,5.5658
"Quinn Priester","25977",7.28880705882353,0.950457647058824,2.89476294117647,0.260681705882353,4.31329411764706,35.0657416254671,14.1471266346751,4.62135124409073,21.3763180927982,0.881464,43.7258142857143,22.2967,0,2.09879142857143
"Quinton Low","sa3017921",6.3018,1.545,5.877,0.273719,5.98914,0.7002,0.653,0.171667,0.66546,0,1.0917,0.7067,0.0072,0.0516
"Quinton Martinez","sa3020109",5.4873,1.293,5.7375,0.276518,5.58666,0.6097,0.6375,0.143667,0.62074,0,1.1014,0.6636,0.0235,0.0574
"RJ Alaniz","10819",8.802,1.527,3.4641,0.252429,4.71906,0.978,0.3849,0.169667,0.52434,0,0.99,0.5573,0.025,0.0472
"RJ Alvarez","13401",7.0956,1.28,4.1481,0.260892,4.82157,0.7884,0.4609,0.142222,0.53573,0,1.0252,0.5742,0.0256,0.0535
"RJ Dabovich","sa3014431",8.5347,1.123,4.1499,0.243511,4.3092,0.9483,0.4611,0.124778,0.4788,0,0.9438,0.5152,0.0253,0.0431
"RJ Freure","sa3008159",6.5016,1.426,5.8806,0.268682,5.71194,0.7224,0.6534,0.158444,0.63466,0,1.0646,0.6744,0.0269,0.0463
"RJ Petit","sa3017848",7.41135,1.14309,3.531425,0.2509855,4.4151,22.4138,10.69685,3.5618335,13.73917,0,26.4946,14.75835,0.01135,2.527
"Rael Santos","sa3006635",5.9553,1.379,7.9407,0.274744,6.42627,0.6617,0.8823,0.153222,0.71403,0,1.0873,0.7577,0.0283,0.0552
"Rafael Dolis","4185",7.9182,1.195,4.4001,0.253631,4.66776,0.8798,0.4889,0.132778,0.51864,0,0.9885,0.5561,0.0263,0.0507
"Rafael Gonzalez","sa3020995",5.9193,1.499,5.8311,0.277301,6.03234,0.6577,0.6479,0.166556,0.67026,0,1.1051,0.7124,0.0119,0.0509
"Rafael Marcano","sa3008330",7.11403,1.261415,4.830265,0.2603665,5.074805,22.9005,16.2594,4.0708335,17.26924,0,31.00555,18.7882,0.0116,1.5236
"Rafael Mendez","sa3015435",4.9599,1.457,8.6337,0.285943,7.02342,0.5511,0.9593,0.161889,0.78038,0,1.145,0.8255,0.029,0.0514
"Rafael Montero","12760",8.09188882352941,1.17363294117647,4.00969147058824,0.248478823529412,4.50783764705882,45.1850834680277,22.0668625133756,6.56544706735871,24.949602459654,7.00812285714286,49.1814571428571,27.3825,0,2.87237142857143
"Rafael Ohashi","sa3015040",5.769,1.43,5.229,0.274505,5.66208,0.641,0.581,0.158889,0.62912,0,1.095,0.6701,0.0223,0.056
"Rafael Sanchez","sa3018362",6.192125,1.319715,2.755675,0.2697445,4.648175,33.33695,14.15725,7.0721665,24.261145,0,51.5469,26.28175,0.00155,0.5172
"Rafael Suero","sa3021774",4.5612,1.549,9.5337,0.290054,7.57809,0.5068,1.0593,0.172111,0.84201,0,1.1668,0.8871,0.0297,0.054
"Rafelin Nivar","sa3018833",6.0111,1.26,7.9083,0.272185,6.07221,0.6679,0.8787,0.14,0.67469,0,1.0723,0.7188,0.0281,0.0527
"Raffi Vizcaino","sa736742",8.563915,1.070415,5.00842,0.2475885,4.549055,23.969,14.75875,3.0573335,13.23851,0,24.4733,14.25815,0.0127,1.02145
"Raidel Martinez","sa3023350",9.8172,1.06,2.7837,0.232391,3.59073,1.0908,0.3093,0.117778,0.39897,0,0.8862,0.4308,0.024,0.0403
"Railin Perez","sa3009622",7.5474,1.112,4.923,0.256743,4.7196,0.8386,0.547,0.123556,0.5244,0,0.9947,0.5658,0.0259,0.0567
"Raimon Gomez","sa3017645",6.0201,1.539,4.7979,0.27235,5.63355,0.6689,0.5331,0.171,0.62595,0,1.0906,0.6661,0.0031,0.0495
"Raimy Rodriguez","sa3018326",5.2974,1.517,6.8931,0.283249,6.62418,0.5886,0.7659,0.168556,0.73602,0,1.1324,0.7804,0.009,0.0812
"Rainiery Rodriguez","sa3007903",4.6836,1.577,4.2048,0.288651,5.86935,0.5204,0.4672,0.175222,0.65215,0,1.1751,0.694,0.005,0.0448
"Raisel Iglesias","17130",9.98089647058823,1.005713,2.22217764705882,0.227965882352941,3.05066529411765,74.721560189481,16.6768421024221,7.53750415302768,23.0448457048789,1.09119714285714,57.9803,26.0820428571429,0,2.42939571428571
"Ralph Garza Jr","17682",5.8374,1.493,3.4092,0.278471,5.20389,0.6486,0.3788,0.165889,0.57821,0,1.1204,0.617,0.0276,0.0478
"Ramon Cuevas","sa3019372",4.2723,1.521,7.7859,0.293925,7.06518,0.4747,0.8651,0.169,0.78502,0,1.1911,0.8305,0.0218,0.0535
"Ramon Henriquez","sa3021507",5.4279,1.418,6.8364,0.281003,6.27651,0.6031,0.7596,0.157556,0.69739,0,1.1239,0.7407,0.0278,0.0508
"Ramon Perez","sa3004005",8.1603,1.15,4.545,0.249076,4.44726,0.9067,0.505,0.127778,0.49414,0,0.964,0.5317,0.0236,0.0537
"Ramon Sanchez","sa3019132",4.6359,1.529,9.0594,0.290379,7.40961,0.5151,1.0066,0.169889,0.82329,0,1.1695,0.8683,0.0294,0.0549
"Rancel Duarte","sa3019463",4.4865,1.579,9.144,0.29121,7.5366,0.4985,1.016,0.175444,0.8374,0,1.1755,0.882,0.0295,0.0544
"Randel Clemente","sa3016003",6.4107,1.223,7.5807,0.26742,5.85693,0.7123,0.8423,0.135889,0.65077,0,1.0462,0.6948,0.0278,0.0505
"Randry De Leon","sa3022025",4.5846,1.56,6.5844,0.291351,6.70662,0.5094,0.7316,0.173333,0.74518,0,1.1814,0.7897,0.0037,0.0515
"Randy Berigüete","sa3016199",4.9887,1.412,6.9309,0.285568,6.31233,0.5543,0.7701,0.156889,0.70137,0,1.1449,0.7467,0.0279,0.0497
"Randy Dobnak","23798",7.15409294117647,0.950427352941176,3.67380294117647,0.264388294117647,4.47165647058824,23.1797839869896,12.0537534407612,3.16183029387543,14.7624219072664,0.747942857142857,30.9336,16.1243142857143,0,1.42579571428571
"Randy Labaut","sa3010615",6.402405,1.26759,5.017415,0.2642935,5.13391,19.84825,15.76885,3.5756665,15.291105,0,28.5295,16.30995,1.00945,0.5188
"Randy Lara","sa3016245",4.3497,1.607,6.4305,0.294506,6.80211,0.4833,0.7145,0.178556,0.75579,0,1.2002,0.8001,0.0038,0.0492
"Randy Rodriguez","23974",9.05898176470588,0.940053705882353,4.05083647058824,0.229388352941176,3.86717882352941,53.7405286270604,24.0013622712249,5.609057001807,22.8210400501961,6.76629142857143,47.0013,25.555,0,3.49559285714286
"Randy Vasquez","24719",7.03761882352941,1.23651882352941,2.96889294117647,0.254715647058824,4.43112911764706,60.6801265922953,25.6709740186574,10.5650087336255,38.2237236746636,0.830394142857143,78.3402857142857,41.4867714285714,0,5.09764
"Randy Wynne","25804",5.79816861111111,1.72663638888889,2.39569833333333,0.283427083333333,5.50139472222222,26.0155042431276,11.3830678638272,7.60100159702675,25.8281534515021,0,48.5813,27.3127,0.01255,1.52145
"Ranger Suarez","17277",8.06952294117647,0.972003352941176,2.72636470588235,0.244654823529412,3.65117176470588,143.895030496367,48.6489203744637,17.4193267188293,65.0288064014302,0.779968714285714,151.321714285714,72.3668428571429,0,5.35011428571429
"Ranwell Smith","sa3019267",4.6368,1.417,9.1998,0.288916,7.20972,0.5152,1.0222,0.157444,0.80108,0,1.1563,0.8477,0.0293,0.0566
"Raudy Gomez","sa3019548",4.3182,1.485,8.8605,0.292938,7.34661,0.4798,0.9845,0.165,0.81629,0,1.1813,0.8623,0.0293,0.0639
"Raudy Rivera","sa3021813",5.4045,1.539,9.8442,0.281625,7.48323,0.6005,1.0938,0.171,0.83147,0,1.1227,0.8753,0.0297,0.0587
"Raul Alcantara","12790",5.98007,1.79402,2.89037,0.280654,5.38206,60,29,18,54,0,103,58,0,5
"Raul Alcantara","sa3005696",7.2009,1.057,4.6206,0.260113,4.49145,0.8001,0.5134,0.117444,0.49905,0,1.0134,0.5415,0.0207,0.0566
"Raul Brito","sa928287",7.966545,1.180455,4.140275,0.2479655,4.54792,21.42865,11.2209,3.0659445,12.244455,0,22.48625,13.2635,0.01105,2.0266
"Raul Rangel","sa3015212",4.6881,1.535,5.4981,0.289208,6.24564,0.5209,0.6109,0.170556,0.69396,0,1.1732,0.7373,0.0096,0.0495
"Ray Gaither","sa3017270",7.32771,1.238295,4.331395,0.2566275,4.72474,21.9031,13.2327,3.5706665,13.766845,0,26.51065,14.78645,0.51005,1.0205
"Ray Kerr","23809",10.1725627272727,1.129335,3.82194272727273,0.235503090909091,4.15811545454545,19.8859917688667,7.32305567531515,2.20179850077879,7.96219622975555,0.15403325,13.9423925,7.1690175,0.35662375,0.7677775
"Raymon Rosario","sa3022801",4.3551,1.429,7.0335,0.291211,6.58413,0.4839,0.7815,0.158778,0.73157,0,1.1769,0.7772,0.0033,0.0551
"Raymond Burgos","22370",7.12415083333333,0.875409305555556,3.28930666666667,0.250829166666667,4.12775555555556,17.3145725066667,7.97695034222222,2.01091366728395,10.4391324654321,0,22.00185,11.24315,0.01245,1.0231
"Raynel Espinal","19516",8.2809,1.211,3.2175,0.248475,4.22316,0.9201,0.3575,0.134556,0.46924,0,0.9656,0.5039,0.0246,0.0504
"Rayner Castillo","sa3015487",4.5972,1.332,4.5864,0.286035,5.64921,0.5108,0.5096,0.148,0.62769,0,1.1587,0.6726,0.0031,0.0495
"Rayner Urbaez","sa3018880",5.5422,1.482,7.6734,0.279077,6.60915,0.6158,0.8526,0.164667,0.73435,0,1.1136,0.7772,0.0283,0.0541
"Rayven Antonio","sa3021808",4.7943,1.451,5.3676,0.292379,6.15528,0.5327,0.5964,0.161222,0.68392,0,1.1882,0.7283,0.0101,0.0477
"Reagan Todd","sa3006946",8.61027,1.08846,4.200285,0.247278,4.39595,16.4674,8.22205,2.059778,8.7285,0,16.4755,9.2471,0.51255,1.0229
"Redinson Gomez","sa3016612",4.9932,1.496,7.5069,0.283709,6.669,0.5548,0.8341,0.166222,0.741,0,1.1379,0.7846,0.0283,0.0521
"Reed Garrett","16866",10.6520211764706,0.945549,4.07450411764706,0.216584352941176,3.45733764705882,75.7044534098824,28.9744895082745,6.68135970193426,24.5438653646874,14.6947142857143,54.1371,28.6909571428571,0,2.26069285714286
"Reese Olson","24968",8.26335176470588,0.913479294117647,3.00303852941176,0.240321117647059,3.97262352941176,122.619178883137,44.4216728441176,13.6548638682353,58.9506699286275,0.0111336857142857,122.938857142857,62.5554285714286,0,5.04227857142857
"Reese Sharp","sa3020561",6.7464,1.569,6.525,0.267294,6.04197,0.7496,0.725,0.174333,0.67133,0,1.0587,0.7101,0.0273,0.0492
"Reggie Crawford","sa3020457",9.652265,1.13569,4.319735,0.2313695,4.425725,16.52075,7.72135,2.057222,8.215885,0,12.94675,8.7337,0.0097,3.0264
"Reggie Lawson","sa917951",7.39993,1.303355,5.53847,0.2518055,5.42694,11.9115,9.7761,2.073389,9.281565,0,14.00565,9.8005,0.01305,1.0247
"Reggie McClain","19311",7.263,1.292,4.293,0.26067,4.91004,0.807,0.477,0.143556,0.54556,0,1.0248,0.5834,0.0256,0.0596
"Regi Grace","sa3008101",7.038995,1.323815,4.147105,0.2607795,5.065645,19.8817,11.72465,3.575222,14.275375,0,25.51795,15.29415,0.0129,3.03115
"Reibyn Corona","sa3009521",6.057,1.375,5.5602,0.277048,5.74785,0.673,0.6178,0.152778,0.63865,0,1.1065,0.6801,0.027,0.0543
"Reid Birlingmair","sa3007473",7.358665,1.390335,4.55028,0.2595545,5.34922,21.4161,14.2379,4.078,16.77887,0,27.51485,18.2972,0.01295,2.5265
"Reid Detmers","27468",10.0401517647059,1.24484,3.18704205882353,0.232426176470588,4.08899764705882,133.231481266897,42.3498137009227,16.5971486013072,54.3362357850058,0.876248571428571,108.051,60.4914142857143,0,5.94344714285714
"Reid Johnston","sa3018183",5.9436,1.481,4.0068,0.276184,5.43078,0.6604,0.4452,0.164556,0.60342,0,1.1099,0.6442,0.0053,0.0561
"Reid Morgan","sa3009860",6.982655,1.2303,3.05851,0.259324,4.44287,16.3976,7.17435,3.065778,11.233605,0,23.0003,12.2529,0.01245,1.02095
"Reid Schaller","sa3008023",7.5888,1.27,3.8151,0.252603,4.52835,0.8432,0.4239,0.141111,0.50315,0,0.9824,0.5392,0.0252,0.05
"Reid VanScoter","sa3020839",6.354505,1.112845,2.58122,0.2617345,4.149105,36.35415,14.14995,6.560111,24.72152,0,54.01185,26.7427,0.00145,2.5217
"Reidis Sena","sa3009626",8.113195,1.186805,4.69422,0.255545,4.768965,22.94875,13.74995,3.5614445,13.758255,0,25.49945,14.7777,0.01275,0.5203
"Reilin Ramirez","sa3022115",4.4649,1.412,8.5815,0.287223,6.92379,0.4961,0.9535,0.156889,0.76931,0,1.1453,0.8155,0.0288,0.052
"Reimy Beltre","sa3008680",4.6008,1.66,7.2837,0.292301,7.11135,0.5112,0.8093,0.184444,0.79015,0,1.183,0.8344,0.0095,0.0525
"Reinaldo De Paula","sa3002820",7.1514,1.22,4.005,0.260522,4.68702,0.7946,0.445,0.135556,0.52078,0,1.0226,0.5597,0.0255,0.0528
"Reinier Parra","sa3015401",6.2982,1.381,6.0552,0.272317,5.78484,0.6998,0.6728,0.153444,0.64276,0,1.0808,0.6839,0.0271,0.0483
"Reiss Knehr","21541",7.5937580952381,1.47660571428571,3.78959047619048,0.255582380952381,4.45022619047619,3.07970391752078,1.50728466334089,0.748323726439907,1.77886050642479,0,0.9792,0.5412,0.0218,0.047
"Reiver Camacho","sa3023839",4.1868,1.67,5.9859,0.295223,6.75855,0.4652,0.6651,0.185556,0.75095,0,1.2069,0.7943,0.0038,0.0478
"Reiver Sanmartin","19754",7.35741,1.0256575,3.36619,0.253624027777778,4.37387916666667,22.5283848133333,9.91898958666667,2.93675673916667,13.65075735,0,28.0179,14.7629,0.01475,1.0201
"Renaldito Florian","sa3019126",4.6593,1.517,8.793,0.288812,7.24779,0.5177,0.977,0.168556,0.80531,0,1.1614,0.8503,0.0292,0.0527
"Renil Ramos","sa3022124",4.1886,1.637,6.9858,0.294958,7.0623,0.4654,0.7762,0.181889,0.7847,0,1.2016,0.8293,0.0033,0.057
"Reny Artiles","sa3008716",5.6772,1.428,7.2531,0.279298,6.41052,0.6308,0.8059,0.158667,0.71228,0,1.1175,0.756,0.0281,0.057
"Reudis Diaz","sa3021566",4.0401,1.472,5.9949,0.296655,6.50304,0.4489,0.6661,0.163556,0.72256,0,1.2078,0.7688,0.0046,0.0545
"Rex Brothers","9794",9.5328,1.22,4.6071,0.235761,4.33026,1.0592,0.5119,0.135556,0.48114,0,0.9003,0.5142,0.0261,0.0514
"Reyes Moronta","14966",8.47757142857143,1.474,4.19328571428571,0.241475,4.62985714285714,3.83779684353742,1.8310829569161,0.872503863945579,2.3020426122449,0,0.9358,0.5425,0.0253,0.0421
"Reymin Guduan","13058",7.6239,1.212,3.5415,0.256258,4.38228,0.8471,0.3935,0.134667,0.48692,0,1.0042,0.5232,0.0246,0.0418
"Reynaldo Lopez","16400",9.41533117647059,1.06851311764706,3.03965470588235,0.236686941176471,3.72979058823529,167.059752860081,53.9559312420646,18.9597652730738,66.3516093442214,0.0106053,141.579714285714,70.5827571428571,0,4.63515
"Reynaldo Yean","sa3018303",7.2468,1.504,7.3521,0.263672,6.084,0.8052,0.8169,0.167111,0.676,0,1.0332,0.7164,0.0277,0.0536
"Reynardo Cruz","sa3016032",5.4018,1.822,5.7159,0.291015,6.68709,0.6002,0.6351,0.202444,0.74301,0,1.1867,0.7855,0.0084,0.0581
"Reyson Santos","sa3008266",5.7816,1.44,5.9715,0.276814,5.96376,0.6424,0.6635,0.16,0.66264,0,1.1059,0.704,0.0272,0.0544
"Rhett Kouba","sa3017544",6.552325,1.33095,3.60275,0.265019,4.88939,28.85155,15.69555,5.0818335,19.78567,0,39.539,21.30535,0.00165,2.5253
"Rhett Lowder","33876",7.03733529411765,1.33602470588235,3.06470117647059,0.264333823529412,4.78469882352941,89.4830636598232,38.7620368307574,16.8994737474818,60.6369925484045,0.869616714285714,119.090428571429,64.8245857142857,0,5.06934571428571
"Ricardito Lorenzo","sa3018035",4.2372,1.355,9.4401,0.290811,7.14114,0.4708,1.0489,0.150556,0.79346,0,1.1665,0.8402,0.0295,0.0519
"Ricardo Brizuela","sa3019290",4.9932,1.78,4.3704,0.287347,6.05502,0.5548,0.4856,0.197778,0.67278,0,1.1691,0.7128,0.0068,0.0478
"Ricardo Estrada","sa3016017",4.5225,1.45,6.4422,0.289057,6.35013,0.5025,0.7158,0.161111,0.70557,0,1.1686,0.75,0.0061,0.0474
"Ricardo Gomez","sa3019462",4.7151,1.542,8.4897,0.287259,7.15167,0.5239,0.9433,0.171333,0.79463,0,1.1553,0.8389,0.029,0.0529
"Ricardo Montero","sa3018370",4.3974,1.508,9.5175,0.291729,7.59798,0.4886,1.0575,0.167556,0.84422,0,1.1738,0.8902,0.0298,0.0739
"Ricardo Pinto","16318",6.4379875,1.12389583333333,3.52715,0.269087083333333,4.71917916666667,23.5219056419753,13.5314309475309,4.42079894753086,18.4099695092593,0,36.0344,20.2679,0.0124,2.5246
"Ricardo Quintana","sa3019758",4.3299,1.466,8.3745,0.293191,7.13133,0.4811,0.9305,0.162889,0.79237,0,1.1837,0.8384,0.029,0.0522
"Ricardo Sanchez","17581",7.0641,1.107,3.0276,0.260632,4.15836,0.7849,0.3364,0.123,0.46204,0,1.0235,0.5008,0.0247,0.0466
"Ricardo Velez","sa3017602",8.007495,1.274785,3.774795,0.256547,4.604755,21.4332,9.7129,3.5655555,12.25077,0,24.00125,13.26955,0.01265,1.5231
"Ricardo Yan","sa3016056",6.2856,1.187,5.1408,0.274613,5.43195,0.6984,0.5712,0.131889,0.60355,0,1.0881,0.6471,0.0031,0.0665
"Rich Hill","4806",8.06794166666667,1.3926125,3.19239166666667,0.263200833333333,5.19249166666667,50.6760863055556,22.5805805462963,10.440491537037,38.1590685092593,0,65.47685,38.2375,0.0072,4.0255
"Richard Bleier","7803",5.44321666666667,1.07312125,2.26477083333333,0.277921666666667,4.27130833333333,9.70029303703704,3.70994014506173,1.98280424074074,7.95096158024692,0,17.55275,7.75125,0.51535,0.5216
"Richard Fernandez","sa3018898",4.2588,1.529,6.2469,0.294553,6.62148,0.4732,0.6941,0.169889,0.73572,0,1.1978,0.7811,0.0033,0.0514
"Richard Fitts","30160",7.09117647058823,1.24421176470588,2.81861294117647,0.261950647058824,4.46286352941176,48.3964007058824,19.5126465448289,8.4633555426759,30.8354043771549,0.884465285714286,64.1498285714286,33.3643857142857,0,2.26827428571429
"Richard Gallardo","sa3009990",5.993275,1.37431,2.740155,0.26936,4.79451,21.83515,9.166,5.075778,17.271185,0,35.04805,18.7914,0.0021,2.52445
"Richard Guasch","sa3008434",8.227305,1.15575,5.030705,0.247671,4.909075,18.94815,12.2567,2.5654445,11.75578,0,19.48435,12.7747,0.5128,2.5273
"Richard Lovelady","19337",8.05762941176471,0.894332470588235,2.76748941176471,0.240789647058824,3.72690941176471,29.8638573483737,10.0316905395156,3.30365430117647,13.6324365951557,1.10726285714286,30.7217857142857,15.0093,0,1.74521
"Richard Rodriguez","13549",6.1065,1.499,2.8395,0.277767,5.11326,0.6785,0.3155,0.166556,0.56814,0,1.1239,0.6039,0.0241,0.0473
"Richy Valdez","sa3019083",4.4073,1.372,9.0027,0.294598,7.36902,0.4897,1.0003,0.152444,0.81878,0,1.1862,0.8649,0.0294,0.0592
"Rickey Ramirez","sa3004644",5.5116,1.423,5.5512,0.282008,5.83434,0.6124,0.6168,0.158111,0.64826,0,1.1315,0.6912,0.027,0.0479
"Ricky Castro","sa3023681",6.0903,1.549,4.0095,0.278206,5.56866,0.6767,0.4455,0.172111,0.61874,0,1.1217,0.6576,0.0051,0.0426
"Ricky DeVito","sa1116003",7.96297,1.13585,6.710845,0.2538565,5.455915,19.93855,18.33375,3.0575555,14.774405,0,21.9918,15.79555,0.0133,4.0359
"Ricky Karcher","23449",9.07505416666667,1.041625,6.70995,0.24003625,5.28575833333333,21.2462387160494,17.3188050648148,2.26919405246914,12.8247410555556,0,17.94965,12.2741,0.513,1.5234
"Ricky Salinas","sa3007456",6.7581,1.742,4.1742,0.272818,5.62644,0.7509,0.4638,0.193556,0.62516,0,1.0943,0.6625,0.0202,0.0511
"Ricky Tiedemann","sa3018096",9.356175,1.125,4.2003,0.23249,4.16394,35.4927,16.2167,4.0625,15.228285,0,27.4653,16.24715,0.00145,3.0268
"Ricky Vanasco","23391",8.41192222222222,0.955078444444444,3.919565,0.239102666666667,3.80544555555556,21.136301376237,10.007522360214,2.45167798078683,9.49047537184966,0.60755,18.7572466666667,11.0895266666667,0.388092666666667,0.811261
"Rico Garcia","20023",9.24698666666667,1.25837833333333,4.10691333333333,0.232030416666667,4.38796666666667,26.2073220133333,12.1424165496296,3.48243941695988,12.7155324567901,0,22.9449,13.7464,0.5118,0.5198
"Riggs Threadgill","sa3018111",5.5485,1.354,6.1497,0.279301,5.92245,0.6165,0.6833,0.150444,0.65805,0,1.1148,0.7014,0.0273,0.0513
"Riley Bauman","sa3023102",4.9752,1.805,5.3775,0.289067,6.56514,0.5528,0.5975,0.200556,0.72946,0,1.175,0.7711,0.0035,0.0697
"Riley Cooper","sa3023503",5.1525,1.513,5.2038,0.282039,5.83038,0.5725,0.5782,0.168111,0.64782,0,1.1367,0.6894,0.0091,0.0455
"Riley Cornelio","sa3020830",4.9293,1.551,4.9086,0.280457,5.83011,0.5477,0.5454,0.172333,0.64779,0,1.1248,0.6897,0.0031,0.042
"Riley Davis","sa3018145",6.0543,1.437,3.33,0.269,4.91256,0.6727,0.37,0.159667,0.54584,0,1.0735,0.5852,0.0098,0.0473
"Riley Frey","sa3022909",5.715,1.328,3.9105,0.279439,5.15277,0.635,0.4345,0.147556,0.57253,0,1.1222,0.6143,0.0052,0.0416
"Riley Gowens","sa3022948",7.60175,1.54572,3.548475,0.259842,5.00057,44.9126,20.2001,8.589222,28.77892,0,53.0159,31.29655,0.0015,2.02175
"Riley Martin","sa3017601",9.414695,1.040425,5.168635,0.2319325,4.276755,32.00015,17.771,3.5549445,14.723895,0,25.4511,15.74315,0.01265,1.5236
"Riley O'Brien","20348",9.01518705882353,1.00740288235294,4.73152235294118,0.239299764705882,4.37575647058824,51.1096945443691,26.7897758756909,5.71391859736332,24.7589421625283,6.57251142857143,45.8551142857143,25.5116,0,3.80096
"Riley Pint","21858",10.1977922222222,0.993623611111111,5.68451944444444,0.216400972222222,4.22326194444444,26.8432127695679,15.7416378408951,2.70922281450617,11.465313157284,0,17.43055,12.7412,0.0127,4.03655
"Riley Smith","19826",5.7357,1.371,2.6901,0.281009,4.98033,0.6373,0.2989,0.152333,0.55337,0,1.1364,0.5914,0.0232,0.0401
"Riley Thompson","sa876287",6.653555,1.367045,3.9159,0.2642085,4.94946,33.8573,20.20705,6.577778,24.27628,0,46.03145,26.29585,0.50375,0.5165
"Rio Britton","sa3023379",5.9256,1.089,6.2694,0.277396,5.50917,0.6584,0.6966,0.121,0.61213,0,1.0986,0.6569,0.0241,0.05
"Rio Gomez","sa3004676",7.3395,1.433,3.6378,0.258551,4.79772,0.8155,0.4042,0.159222,0.53308,0,1.0197,0.5683,0.0076,0.0489
"Riskiel Tineo","sa3018375",4.9932,1.363,5.6916,0.286129,5.96088,0.5548,0.6324,0.151444,0.66232,0,1.1529,0.7062,0.0272,0.0443
"Rito Lugo","sa3008237",5.7465,1.318,4.0833,0.27639,5.13477,0.6385,0.4537,0.146444,0.57053,0,1.1057,0.6119,0.0081,0.0498
"River Ryan","29514",7.85082444444445,1.27889444444444,3.62210916666667,0.2528,4.54520833333333,34.3800449269136,15.8004878133333,5.28358819506173,19.0836979814815,0,35.5114,20.2763,0.00145,2.5242
"Roansy Contreras","22810",7.83835176470588,1.26466676470588,3.37780764705882,0.238827882352941,4.24696529411765,34.5101629586159,14.7437559604706,5.57041739061592,18.5857620785606,0.898061428571429,36.1895,20.6700285714286,0,1.53526571428571
"Rob Griswold","sa3018118",5.2722,1.229,4.095,0.284674,5.23701,0.5858,0.455,0.136556,0.58189,0,1.1459,0.6258,0.0262,0.0567
"Rob Hensey","sa3020332",5.8113,1.673,5.9454,0.284212,6.29352,0.6457,0.6606,0.185889,0.69928,0,1.1485,0.7411,0.0142,0.0474
"Rob Kaminsky","15792",6.526935,0.98663,2.946265,0.2623805,4.168525,16.3557,7.1657,2.551889,10.720675,0,23.02355,11.7418,0.01235,1.5221
"Rob Zastryzny","15094",8.38031818181818,1.33181781818182,3.61919454545455,0.24383,4.51370363636364,15.4380773325965,6.51301526568227,2.38138430921249,8.20405762049586,0.072177,14.148235,7.4626325,0.1273435,0.8016965
"Robbie Baker","sa3008103",6.9264,1.332,3.1536,0.26332,4.63365,0.7696,0.3504,0.148,0.51485,0,1.0423,0.5514,0.0251,0.0433
"Robbie Erlin","10354",6.8049,1.282,3.051,0.262073,4.4271,0.7561,0.339,0.142444,0.4919,0,1.036,0.5287,0.0254,0.0429
"Robbie Hitt","sa3004463",7.3674,1.146,3.7827,0.260382,4.53717,0.8186,0.4203,0.127333,0.50413,0,1.0208,0.5433,0.0254,0.0583
"Robbie Peto","sa3014848",6.138,1.502,4.7007,0.271987,5.55453,0.682,0.5223,0.166889,0.61717,0,1.0855,0.6563,0.0131,0.0497
"Robbie Ray","11486",9.94795,1.28273852941176,3.38754823529412,0.230823411764706,4.00411176470588,155.863365386678,52.8642649965397,20.0624186209631,62.6513851268742,0,125.607,67.5126857142857,0,5.95034714285714
"Robby Ahlstrom","sa3018193",7.9137,1.321,4.13715,0.2510355,4.849725,27.4293,14.22635,4.571778,17.255525,0,29.50025,18.7739,0.01175,2.0244
"Robby Snelling","sa3020707",6.72798666666667,1.22542833333333,3.57944666666667,0.266713666666667,4.729945,29.06485,15.6595333333333,5.21647,20.6023,0,41.87505,22.4827666666667,0,1.001017
"Robert Broom","sa3007235",6.975,1.297,3.9771,0.265303,4.88916,0.775,0.4419,0.144111,0.54324,0,1.0515,0.5822,0.0257,0.0467
"Robert Colina","sa3006133",7.3458,1.295,3.1734,0.260748,4.57533,0.8162,0.3526,0.143889,0.50837,0,1.0274,0.5458,0.0092,0.0472
"Robert Cruz","sa3006390",4.0041,1.706,6.2478,0.296533,6.94305,0.4449,0.6942,0.189556,0.77145,0,1.2146,0.8145,0.0098,0.0568
"Robert Dugger","19191",6.852285,1.235025,3.59847,0.2607835,4.740335,39.88265,22.1889,7.070111,29.24866,0,55.00975,31.7679,0.00895,1.51685
"Robert Garcia","23363",10.3222129411765,0.936704352941176,3.14852441176471,0.223403294117647,3.45602529411765,73.4320080828651,22.4829360873391,6.65134237388927,24.683959137308,10.6586,53.4932142857143,26.8022,0,2.45935428571429
"Robert Gasser","29812",8.16968666666667,1.21859,2.72154,0.245414583333333,4.13998361111111,45.3783686311111,14.4339447344444,5.92001226083333,21.7892934951852,0,43.9886,22.7542,0.0014,4.5299
"Robert Gsellman","13696",6.63472,1.271765,3.29919,0.2651375,4.756335,12.38425,6.6754,2.567778,9.74907,0,18.5194,10.7682,0.0115,1.52325
"Robert Kwiatkowski","sa3014929",6.224655,1.277435,3.290745,0.2668135,4.727185,21.3567,11.1902,4.5701665,16.762085,0,33.53195,18.28205,0.0101,1.5226
"Robert Stephenson","13594",10.4677247058824,1.41218470588235,3.12190882352941,0.222748764705882,3.99813294117647,39.8544050579008,11.9755566427912,5.44105369780853,15.4442209781622,1.44538285714286,28.5062,15.7752714285714,0,1.12743428571429
"Robert Stock","6576",7.3143,1.241,3.6423,0.26751,4.86738,0.8127,0.4047,0.137889,0.54082,0,1.0549,0.5804,0.0029,0.0529
"Robert Suarez","30115",8.92711058823529,1.03939105882353,3.12137764705882,0.231034117647059,3.72208735294118,63.2158103229512,22.0694592891703,7.37592560760554,26.3907449950884,3.76609714285714,54.8494428571429,28.5824142857143,0,2.39787142857143
"Robert Wegielnik","sa3023540",5.7312,1.349,6.3423,0.280718,6.05232,0.6368,0.7047,0.149889,0.67248,0,1.1252,0.7165,0.0276,0.06
"Roberto Medina","sa3021498",5.1615,1.525,8.361,0.284365,6.90273,0.5735,0.929,0.169444,0.76697,0,1.1382,0.811,0.0156,0.0524
"Robin Vazquez","sa3008265",4.9059,1.394,6.1704,0.286477,6.17778,0.5451,0.6856,0.154889,0.68642,0,1.1535,0.7306,0.0276,0.0589
"Robinson Hernandez","sa3005879",5.5188,1.548,4.5432,0.279058,5.69655,0.6132,0.5048,0.172,0.63295,0,1.1241,0.6726,0.0168,0.042
"Robinson Martinez","sa873188",8.0784,1.319,4.0077,0.254108,4.65363,0.8976,0.4453,0.146556,0.51707,0,0.9929,0.5529,0.0254,0.0453
"Robinson Pina","sa3003123",6.693745,1.26302,3.28622,0.2691235,4.748685,40.8532,20.66745,7.0728335,27.267265,0,56.04265,29.28735,0.0015,3.52495
"Rodarni Salvador","sa3018889",4.4118,1.539,8.8074,0.292176,7.37712,0.4902,0.9786,0.171,0.81968,0,1.1801,0.8648,0.0293,0.0534
"Roddery Munoz","25311",7.74767529411765,1.331395,3.85779529411765,0.251334117647059,4.81768117647059,33.9562921885429,16.8169714572857,5.86336497589389,21.1151245442522,0.851320142857143,37.0318142857143,21.7310714285714,0,1.85936571428571
"Rodney Boone","sa3018107",6.983005,1.37332,3.338495,0.261526,4.681355,26.38195,12.68155,5.0768335,17.262575,0,34.5232,18.7813,0.00205,1.52245
"Rodney Hutchison","sa3008162",7.5402,1.257,3.5451,0.252284,4.3956,0.8378,0.3939,0.139667,0.4884,0,0.9858,0.5254,0.0251,0.0526
"Rodney Theophile","sa3008228",6.542875,1.300855,4.44597,0.265646,5.240665,28.36335,19.74075,5.573111,23.283595,0,41.02845,25.30415,0.0015,3.52835
"Rodolfo De La Cruz","sa3019398",4.5774,1.541,9.4392,0.291529,7.62156,0.5086,1.0488,0.171222,0.84684,0,1.176,0.8918,0.0297,0.0533
"Rodolfo Garrido","sa3018355",4.3317,1.638,7.0587,0.294147,7.06401,0.4813,0.7843,0.182,0.78489,0,1.197,0.8291,0.0057,0.0563
"Rodolfo Martinez","sa206642",8.52408,1.27191,4.09091,0.234528,4.9558,23,11,3,13,0,24,15,0,2
"Rodolfo Sanchez","sa3003009",6.9714,1.334,4.4091,0.263865,5.03937,0.7746,0.4899,0.148222,0.55993,0,1.041,0.5989,0.0154,0.0449
"Rodolfo Toledano","sa3019276",3.7395,1.689,6.2757,0.300924,7.06293,0.4155,0.6973,0.187667,0.78477,0,1.238,0.8292,0.0033,0.0577
"Roel Garcia III","sa3020253",5.4486,1.783,3.7845,0.283046,5.84496,0.6054,0.4205,0.198111,0.64944,0,1.1486,0.6875,0.0049,0.0485
"Roel Ramirez","16470",7.3683,1.177,3.5622,0.25739,4.38444,0.8187,0.3958,0.130778,0.48716,0,1.0066,0.5251,0.025,0.0394
"Roelmy Garcia","sa3015434",4.7061,1.511,9.4986,0.289423,7.50447,0.5229,1.0554,0.167889,0.83383,0,1.1618,0.8795,0.0239,0.0574
"Roenis Elias","12673",7.4475,1.238,2.9025,0.25668,4.24233,0.8275,0.3225,0.137556,0.47137,0,1.0086,0.5067,0.0245,0.0381
"Roger Jorge","sa3019301",4.5081,1.576,8.9559,0.291542,7.49016,0.5009,0.9951,0.175111,0.83224,0,1.1764,0.8773,0.0203,0.0558
"Roger Rodriguez","sa3009234",4.2939,1.621,6.3405,0.294494,6.78231,0.4771,0.7045,0.180111,0.75359,0,1.2013,0.7976,0.0064,0.0483
"Roiber Talavera","sa3016799",5.0805,1.561,7.2486,0.280422,6.55623,0.5645,0.8054,0.173444,0.72847,0,1.1248,0.772,0.0152,0.0525
"Roki Sasaki","sa3025686",10.8332557142857,1.16228714285714,2.69592571428571,0.225778571428571,3.60343714285714,166.742428571429,41.3197571428571,17.8311571428571,55.4017857142857,0,116.645714285714,59.9786,0,8.07716714285714
"Rolando Casihis","sa3018356",4.2066,1.495,7.407,0.292862,6.84162,0.4674,0.823,0.166111,0.76018,0,1.1877,0.8051,0.0077,0.0525
"Rolando Gutierrez","sa3018372",5.2713,1.275,5.8014,0.28048,5.64894,0.5857,0.6446,0.141667,0.62766,0,1.1206,0.6717,0.0196,0.0491
"Rolddy Munoz","sa3011575",8.411415,1.137175,4.181625,0.248792166666667,4.40021333333333,24.4883,12.130075,3.48947166666667,12.9088666666667,0.90958,25.71975,14.0341666666667,0,1.695995
"Rolfi Jimenez","sa3016471",4.1742,1.629,6.7221,0.295879,6.94701,0.4638,0.7469,0.181,0.77189,0,1.2076,0.8161,0.0087,0.0477
"Roman Angelo","sa3022737",6.336,1.317,4.2129,0.272631,5.26176,0.704,0.4681,0.146333,0.58464,0,1.0851,0.6251,0.0032,0.0518
"Roman Camacho","sa3023108",4.0536,1.605,7.4169,0.297323,7.1946,0.4504,0.8241,0.178333,0.7994,0,1.2115,0.8448,0.0071,0.0542
"Roman Perez","sa3018845",4.7682,1.557,8.9703,0.287488,7.35732,0.5298,0.9967,0.173,0.81748,0,1.1557,0.8618,0.0293,0.0573
"Roman Phansalkar","sa3019949",5.7807,1.593,5.661,0.277222,5.99445,0.6423,0.629,0.177,0.66605,0,1.1085,0.7069,0.027,0.0544
"Ron Marinaccio","23488",9.17606264705882,1.17967029411765,4.39892,0.227857647058824,4.32407941176471,41.7683438232753,19.9996697562353,5.31866960969204,19.5426467500769,1.16154428571429,34.794,20.6073714285714,0,3.74514428571429
"Ronal Herrera","sa3018862",4.9131,1.463,9.369,0.286615,7.29396,0.5459,1.041,0.162556,0.81044,0,1.146,0.856,0.0294,0.0546
"Ronald Bolanos","20041",6.4386,1.204,3.7719,0.267711,4.72392,0.7154,0.4191,0.133778,0.52488,0,1.0577,0.5655,0.0259,0.059
"Ronald Herrera","15688",6.264,1.432,2.7927,0.267667,4.74525,0.696,0.3103,0.159111,0.52725,0,1.0628,0.5652,0.0029,0.0411
"Ronald Medrano","sa737377",6.6033,1.387,3.0348,0.270931,4.97295,0.7337,0.3372,0.154111,0.55255,0,1.0821,0.5892,0.0052,0.0498
"Ronaldo Alesandro","sa3007627",6.4611,1.274,5.3559,0.268877,5.33178,0.7179,0.5951,0.141556,0.59242,0,1.0622,0.6339,0.0265,0.0504
"Ronan Kopp","sa3017751",9.553475,1.30011,5.774565,0.233323,4.78881,29.0207,17.80955,4.0685555,15.24746,0,23.9438,16.2655,0.0129,1.52565
"Ronel Blanco","19407",8.80598529411765,1.41769764705882,3.70960941176471,0.234455411764706,4.21689411764706,150.807565066367,63.4834774686044,24.2252096436755,72.0961176056286,0,139.401285714286,78.9111571428571,0,4.52464285714286
"Ronnie Williams","sa828702",7.074,1.238,3.3147,0.261075,4.6197,0.786,0.3683,0.137556,0.5133,0,1.0343,0.5523,0.0079,0.05
"Ronny Chalas","sa3015970",5.6583,1.341,5.7024,0.273413,5.68476,0.6287,0.6336,0.149,0.63164,0,1.0916,0.6738,0.0226,0.0479
"Ronny Garcia","sa3003030",6.4251,1.269,5.3397,0.268397,5.28237,0.7139,0.5933,0.141,0.58693,0,1.0592,0.6285,0.0265,0.0433
"Ronny Henriquez","24094",7.49939882352941,1.06614523529412,2.99740852941176,0.255071411764706,4.17465705882353,42.4142984484706,17.0281955357059,6.05311816158824,23.64467141,4.09635714285714,50.8959571428571,25.6117,0,2.52667428571429
"Ronny Lopez","sa3021754",4.6683,1.628,7.3836,0.290085,7.03116,0.5187,0.8204,0.180889,0.78124,0,1.1747,0.8249,0.0092,0.0511
"Ronny Oliver","sa3016624",4.0788,1.623,6.8535,0.292796,6.91884,0.4532,0.7615,0.180333,0.76876,0,1.1901,0.8127,0.0056,0.0589
"Ronny Robles","sa3019256",4.554,1.449,8.8479,0.28944,7.15923,0.506,0.9831,0.161,0.79547,0,1.1619,0.8416,0.0292,0.0536
"Rony Cruz","sa3016611",4.7475,1.599,8.1783,0.288684,7.19955,0.5275,0.9087,0.177667,0.79995,0,1.1664,0.8432,0.0289,0.0539
"Rony Garcia","20430",7.9533,1.49,3.3021,0.256382,4.81068,0.8837,0.3669,0.165556,0.53452,0,1.0104,0.5682,0.0081,0.0551
"Roque Gutierrez","sa3015440",5.7672,1.794,4.6152,0.280973,6.03567,0.6408,0.5128,0.199333,0.67063,0,1.1362,0.7085,0.0159,0.0514
"Rorik Maltrud","sa3023510",6.1866,1.438,3.8898,0.272909,5.21793,0.6874,0.4322,0.159778,0.57977,0,1.0924,0.6205,0.0043,0.04
"Ross Carver","sa3017069",7.59951,1.367665,3.570255,0.2524755,4.690565,28.4246,14.1868,5.077,17.758805,0,33.0014,19.27635,0.00995,3.52955
"Ross Detwiler","2859",8.5959,1.392,3.4722,0.252246,4.46958,0.9551,0.3858,0.154667,0.49662,0,0.9855,0.5318,0.0271,0.0593
"Ross Dunn","sa3023414",5.1075,1.536,5.2866,0.284872,6.07302,0.5675,0.5874,0.170667,0.67478,0,1.1547,0.7157,0.0041,0.0442
"Ross Stripling","13273",5.95503588235294,1.27014382352941,2.11589647058824,0.274152941176471,4.81989,28.1551457303922,10.115990674356,6.03993436173587,23.0705222132834,0.848730285714286,46.0844571428571,24.2488428571429,0,0.909242857142857
"Rowan Wick","14646",8.7939,1.112,3.6936,0.243668,4.11291,0.9771,0.4104,0.123556,0.45699,0,0.939,0.4926,0.0252,0.041
"Roy Garcia","sa3002941",7.335,1.021,4.482,0.25811,4.46769,0.815,0.498,0.113444,0.49641,0,1.0033,0.5384,0.0256,0.0519
"Royber Salinas","sa3009243",9.01348666666667,1.14736666666667,5.39845666666667,0.241029666666667,4.83852333333333,28.0579233333333,15.31793,3.602215,13.9968966666667,0,24.7478733333333,15.1104,0.001,1.6824
"Royman Blanco","sa3008580",4.2831,1.521,4.734,0.29181,6.00345,0.4759,0.526,0.169,0.66705,0,1.19,0.7098,0.0236,0.047
"Ruben Castillo","sa3015455",5.3028,1.557,5.5026,0.282358,6.13584,0.5892,0.6114,0.173,0.68176,0,1.1383,0.7232,0.0122,0.0542
"Ruben De La Cruz","sa3018884",4.806,1.618,9.063,0.287866,7.50393,0.534,1.007,0.179778,0.83377,0,1.1601,0.8772,0.0294,0.055
"Ruben Galindo","sa3015100",6.1461,1.314,4.8312,0.269788,5.17329,0.6829,0.5368,0.146,0.57481,0,1.0631,0.6165,0.0193,0.0457
"Ruben Ramirez","sa3017474",6.1272,1.376,5.3856,0.273577,5.58963,0.6808,0.5984,0.152889,0.62107,0,1.089,0.6619,0.0267,0.046
"Rubender Pena","sa3024097",4.0869,1.651,6.3171,0.296486,6.88644,0.4541,0.7019,0.183444,0.76516,0,1.2126,0.8093,0.0047,0.0532
"Rudit Pina","sa3022030",4.32,1.7,7.3755,0.294584,7.27443,0.48,0.8195,0.188889,0.80827,0,1.2009,0.852,0.0043,0.0529
"Runelvis Toribio","sa3019243",4.7808,1.57,9.8325,0.287984,7.6878,0.5312,1.0925,0.174444,0.8542,0,1.1564,0.8988,0.0299,0.06
"Russell Smith","sa3018191",7.706305,1.445345,4.32638,0.250046,4.831695,22.4136,12.7292,4.080111,13.765225,0,24.4981,14.78275,0.01105,1.5238
"Ruver Flores","sa3021571",4.6998,1.544,9.1062,0.288288,7.38279,0.5222,1.0118,0.171556,0.82031,0,1.1586,0.865,0.0294,0.0533
"Ryan Ammons","sa3023523",7.3107,1.219,6.3756,0.253485,5.09976,0.8123,0.7084,0.135444,0.56664,0,0.9857,0.6075,0.0268,0.048
"Ryan Anderson","sa1172845",7.316465,1.165815,3.692715,0.250949,4.63765,15.9018,8.1981,2.563222,10.73678,0,18.50765,11.75705,0.0107,2.52925
"Ryan Bergert","sa3017418",6.986446,1.37841,3.475552,0.2553556,4.71574,24.13916,12.19924,5.102066,16.615426,0.72188,31.67338,17.93144,0,1.33386
"Ryan Birchard","sa3023449",6.4071,1.601,5.1957,0.273677,5.84991,0.7119,0.5773,0.177889,0.64999,0,1.0949,0.6897,0.0038,0.046
"Ryan Borucki","16350",8.69163294117647,1.02889670588235,3.73501882352941,0.240292058823529,4.06518647058824,24.6184886923553,10.6168244020023,2.94144828517186,11.4730472042776,1.16753857142857,23.2467428571429,12.4993171428571,0,2.13389
"Ryan Bourassa","sa3022947",9.076565,1.22825,4.37176,0.2438235,4.4884,18.9903,9.23365,2.5664445,9.24661,0,16.9776,9.76415,0.51265,0.52095
"Ryan Boyer","sa3018151",8.239025,1.33532,3.1461,0.246091,4.386955,15.94575,5.6829,2.572611,8.245015,0,15.98875,8.7622,0.5125,2.02655
"Ryan Brady","sa3020313",5.972345,1.148375,3.126125,0.270592,4.70326,21.337,10.68405,4.065389,16.765975,0,35.04775,18.2862,0.51045,2.023
"Ryan Brasier","5615",8.41527117647059,1.03880023529412,2.60619441176471,0.235858117647059,3.68818941176471,51.3635805651557,15.9314084441003,6.28876775868512,22.3944662010242,12.7763142857143,49.1837285714286,24.0265428571429,0,1.80082571428571
"Ryan Brown","sa3022939",6.8751,1.435,3.4056,0.262533,4.81554,0.7639,0.3784,0.159444,0.53506,0,1.0353,0.5718,0.0104,0.0451
"Ryan Buchter","9456",7.4583,1.45,4.1076,0.258916,4.89825,0.8287,0.4564,0.161111,0.54425,0,1.0222,0.5783,0.0263,0.0476
"Ryan Burr","17536",9.94789588235294,1.19252588235294,3.27806588235294,0.230578176470588,3.82998588235294,53.1676636649066,17.5071680167935,6.27705051458824,20.4238092302191,4.22587285714286,42.2206714285714,21.0554857142857,0,1.53422142857143
"Ryan Cardona","sa3017470",6.5781,1.802,4.8789,0.273549,5.94522,0.7309,0.5421,0.200222,0.66058,0,1.096,0.6998,0.0038,0.0483
"Ryan Carpenter","12699",5.86551,1.45819,3.582825,0.2715455,5.12061,17.33515,11.19325,4.578222,16.271005,0,30.5367,17.7907,0.0015,1.52215
"Ryan Castellani","16377",6.1128,1.408,5.1084,0.272386,5.51763,0.6792,0.5676,0.156444,0.61307,0,1.0796,0.6532,0.0247,0.0599
"Ryan Chasse","sa3020266",5.418,1.368,7.6122,0.278336,6.31989,0.602,0.8458,0.152,0.70221,0,1.1085,0.7455,0.0282,0.0546
"Ryan Conroy","sa3007906",7.4862,1.13,3.9906,0.257696,4.49307,0.8318,0.4434,0.125556,0.49923,0,1.0062,0.5386,0.0254,0.051
"Ryan Costeiu","sa3017260",6.4503,1.689,4.3506,0.271299,5.58981,0.7167,0.4834,0.187667,0.62109,0,1.0827,0.6594,0.0031,0.0428
"Ryan Cusick","sa3017385",7.164856,1.287728,4.967728,0.2566332,5.108656,19.93476,13.9289,3.607,14.54749,0.73072,25.33096,15.86228,0,1.54708
"Ryan Feltner","21446",7.51276235294118,1.27763558823529,3.12685941176471,0.266472588235294,4.89796852941176,134.474979330934,55.9603580388312,22.8557925457516,87.568606371634,0,169.680285714286,94.5821,0,7.07514
"Ryan Fernandez","24862",8.79966352941176,0.927864647058824,3.45981411764706,0.234834,3.73008294117647,63.4139384309727,24.8097547166413,6.70619400742099,26.8722724811888,15.8617857142857,59.2917,29.6517285714286,0,2.06595857142857
"Ryan Garcia","sa3011190",7.167305,1.633315,4.24325,0.261274,5.529195,38.3951,23.2286,8.591722,30.297565,0,49.0233,32.81545,0.0015,2.5241
"Ryan Gusto","sa3011818",7.49359142857143,1.26712857142857,3.23513857142857,0.250206857142857,4.43892285714286,43.3638285714286,18.9597142857143,7.39475428571429,26.0404571428571,0.660744285714286,51.9725857142857,28.2516285714286,0,2.38033714285714
"Ryan Harbin","sa3011733",6.7104,1.025,5.8293,0.267963,5.13522,0.7456,0.6477,0.113889,0.57058,0,1.0491,0.6147,0.0254,0.0552
"Ryan Hartman","19480",6.669,1.382,3.4128,0.26715,4.79439,0.741,0.3792,0.153556,0.53271,0,1.0608,0.5696,0.0253,0.042
"Ryan Harvey","sa3021724",5.2497,1.693,5.1669,0.28415,6.2784,0.5833,0.5741,0.188111,0.6976,0,1.152,0.7376,0.0036,0.0517
"Ryan Hawks","sa3022999",5.0733,1.464,3.4047,0.279322,5.20155,0.5637,0.3783,0.162667,0.57795,0,1.1262,0.6201,0.003,0.0518
"Ryan Helsley","18138",11.03248,0.840981588235294,3.33484941176471,0.204508352941176,2.96407,80.7314189754187,24.4375192415456,6.09621922186967,21.6344906100431,2.03590714285714,49.2685857142857,23.4623714285714,0,1.61565
"Ryan Hendrix","19535",8.2224,1.12,4.3263,0.250226,4.40775,0.9136,0.4807,0.124444,0.48975,0,0.968,0.5279,0.0282,0.0448
"Ryan Hennen","sa3018277",7.23239,1.259835,3.217405,0.259079,4.46669,14.90415,6.1922,2.571111,9.248365,0,19.507,9.7663,0.0126,0.5213
"Ryan Jennings","sa3020634",7.197365,1.330165,3.545135,0.2580605,4.79271,22.3923,11.1902,4.073722,14.764005,0,27.51945,15.78335,0.0027,2.5262
"Ryan Jensen","sa3011496",8.708415,1.09287,5.53921,0.2454545,4.71355,27.474,18.2864,3.5574445,15.249505,0,26.4739,16.26965,0.00975,2.02475
"Ryan Langford","sa3020880",6.05426,1.4996,4.000835,0.273373,5.48352,15.845,10.72255,4.0820555,15.292155,0,27.04015,16.3113,0.0073,1.0226
"Ryan Lillie","sa3004740",6.4728,1.525,3.7089,0.270694,5.25213,0.7192,0.4121,0.169444,0.58357,0,1.0821,0.6207,0.0099,0.0454
"Ryan Lobus","sa3022744",8.433325,1.386035,2.83769,0.247209,4.476445,38.9658,12.6623,6.5744445,21.240345,0,39.48815,22.75765,0.00365,3.52435
"Ryan Long","sa3017616",5.959185,1.581175,3.19268,0.271269,5.17326,28.82565,14.68355,6.5989445,23.30326,0,46.05215,25.32125,0.00335,2.02255
"Ryan Loutos","29521",7.69258823529412,0.979548588235294,3.62846823529412,0.254224941176471,4.22273588235294,36.2668541064514,17.3395552974641,4.66698486698962,20.0723889931196,0.949851428571429,42.5003142857143,21.5802571428571,0,1.72756271428571
"Ryan Meisinger","18105",7.2054,1.213,4.1544,0.260576,4.68513,0.8006,0.4616,0.134778,0.52057,0,1.0206,0.5597,0.0251,0.0407
"Ryan Middendorf","sa3019506",7.12467,1.248495,3.25701,0.2557765,4.60468,22.3938,9.6901,4.066389,14.749425,0,27.5145,15.7692,0.51265,3.5318
"Ryan Miller","22187",7.63687454545455,1.26477636363636,3.11190227272727,0.249288909090909,4.50888,20.9162163237612,8.78951162338843,3.45094542991368,12.64048409827,0.21091375,22.9531,12.9482575,0.52012525,1.43952925
"Ryan Murphy","sa3014871",7.104965,1.34735,3.37131,0.259155,4.75713,28.3854,13.187,5.0775555,18.26883,0,36.01655,19.7874,0.0015,2.02525
"Ryan Nutof","sa915630",7.1352,1.138,4.158,0.260923,4.59567,0.7928,0.462,0.126444,0.51063,0,1.0218,0.551,0.0255,0.0449
"Ryan Och","sa3017146",9.17214,1.12447,4.76951,0.235319,4.23829,24.99785,13.25335,3.061111,11.72624,0,21.45095,12.7444,0.51255,2.02335
"Ryan Olson","sa918258",7.3845,1.532,3.9645,0.267289,5.17725,0.8205,0.4405,0.170222,0.57525,0,1.0617,0.6138,0.0151,0.0514
"Ryan Pepiot","26221",9.47268852941177,1.34515647058824,3.17533411764706,0.224534235294118,3.85530941176471,155.480264832261,52.06826583594,22.0428829370242,63.312261032526,0,128.626428571429,70.5040428571429,0,8.29244571428571
"Ryan Pressly","7005",9.14853352941176,0.899789529411765,2.68881647058824,0.233682,3.35874352941176,61.2902024593118,17.9936648727797,6.05442314107651,22.600195040143,5.13365,54.6199714285714,25.3744428571429,0,2.00353714285714
"Ryan Ramsey","sa3020605",6.1776,1.357,4.3506,0.269542,5.22963,0.6864,0.4834,0.150778,0.58107,0,1.071,0.6198,0.0068,0.0562
"Ryan Rolison","sa3008244",6.2365,1.395,3.42935,0.2803815,5.19569,15.8485,8.69215,3.577222,13.28841,0,26.07095,14.30855,0.50875,0.52005
"Ryan Sherriff","12249",7.351,1.30614285714286,3.98014285714286,0.26721,4.75125,4.08741133786848,2.27994761904762,0.84354760770975,2.79861394557823,0,1.0104,0.534,0.0242,0.059
"Ryan Shreve","sa3010555",6.30585,1.16522,3.41526,0.263989,4.558,22.8452,12.1899,4.066278,16.25368,0,33.5308,17.7738,0.01265,0.5185
"Ryan Smith","sa1159711",7.281,1.202,3.9195,0.257811,4.49343,0.809,0.4355,0.133556,0.49927,0,1.01,0.5371,0.0254,0.0459
"Ryan Sublette","sa3017781",7.975945,1.32835,5.827945,0.2493635,5.405755,20.42855,15.3043,3.0789445,13.791715,0,20.99935,14.81075,0.0132,2.53005
"Ryan Tepera","10291",8.0175,1.35957142857143,3.14814285714286,0.253145,4.60733571428571,3.26965243537414,1.21194905215419,0.630650183673468,2.02019133333333,0,0.9899,0.5203,0.0266,0.0489
"Ryan Thompson","16647",6.94208470588235,0.799460235294118,2.43794147058824,0.252660705882353,3.58673411764706,48.4341096113956,17.0634051182488,5.6807659425298,25.0740612786621,13.4563142857143,61.3922,28.2194714285714,0,2.56025142857143
"Ryan Vanderhei","sa3023671",5.3586,1.367,4.8717,0.278865,5.65875,0.5954,0.5413,0.151889,0.62875,0,1.1248,0.6719,0.0076,0.0522
"Ryan Walker","20423",10.4734905882353,0.754091705882353,2.91168235294118,0.214193294117647,3.07658470588235,82.077142459128,22.7332259824498,5.95282428161476,24.1587700288812,4.93566857142857,56.8295285714286,26.1274857142857,0,4.56220142857143
"Ryan Watson","sa3015070",7.5645,1.078,2.9115,0.251769,4.041,0.8405,0.3235,0.119778,0.449,0,0.9854,0.487,0.0247,0.0456
"Ryan Watson","sa3023682",6.127755,1.297585,3.09586,0.2673985,4.79619,26.81635,11.6858,4.582278,17.792195,0,37.5631,19.31225,0.00215,1.52155
"Ryan Weathers","23796",8.04611647058824,1.18167617647059,3.30053147058824,0.251623882352941,4.36981294117647,120.406190006367,49.1792838143945,17.5707450550865,65.3823430505191,0.784838142857143,133.960571428571,70.3803285714286,0,6.37403714285714
"Ryan Webb","sa3018280",7.93717714285714,1.07674328571429,3.73289,0.249707428571429,4.26455571428571,29.7749142857143,14.7385042857143,4.39459714285714,16.6988828571429,0.677905714285714,34.0739857142857,18.0327285714286,0,2.186393
"Ryan Weber","10160",5.75471428571429,1.39528571428571,3.03428571428571,0.300637857142857,4.99407142857143,1.82366926984127,1.38844057142857,0.545309793650794,1.8947613968254,0,1.1143,0.5339,0.0224,0.0423
"Ryan Weiss","sa3007778",7.1127,1.263,3.7143,0.262227,4.70376,0.7903,0.4127,0.140333,0.52264,0,1.0332,0.5606,0.0254,0.0522
"Ryan Yarbrough","16502",6.60803352941176,1.27688470588235,2.52854941176471,0.253630705882353,4.29384,29.6307188038962,11.4593936381638,5.80932969811765,19.3922054422145,1.02049428571429,38.7729142857143,20.6471285714286,0,3.24927
"Ryan Zeferjahn","25420",9.56609176470588,1.19834470588235,4.30273588235294,0.233997764705882,4.48617176470588,62.9621982862837,28.3180689349204,7.92659056092272,29.4477867632941,11.3620614285714,52.9284428571429,31.3075,0,4.74261428571429
"Ryder Ryan","19891",7.18112181818182,1.28659636363636,3.82408909090909,0.258580454545455,4.93941909090909,14.123570164303,7.46315875963637,2.43896602105234,9.48821014896144,0.156027,18.850675,10.1206625,0.09329,1.382536
"Rylan Kaufman","sa3008588",7.5771,1.097,4.3497,0.25383,4.38705,0.8419,0.4833,0.121889,0.48745,0,0.9859,0.5268,0.0255,0.0516
"Ryley Widell","sa3005099",6.0183,1.46,4.0626,0.274266,5.28696,0.6687,0.4514,0.162222,0.58744,0,1.0989,0.6263,0.0049,0.0439
"Ryne Harper","12680",6.7104,1.436,3.4461,0.267669,4.95495,0.7456,0.3829,0.159556,0.55055,0,1.065,0.5866,0.0276,0.0453
"Ryne Moore","sa3017725",5.0733,1.305,3.8331,0.284424,5.31531,0.5637,0.4259,0.145,0.59059,0,1.1462,0.6348,0.0052,0.0622
"Ryne Nelson","26253",7.51473882352941,1.20465617647059,2.33153235294118,0.256193411764706,4.11830117647059,87.096874357647,26.9147281838477,13.9548796048789,47.5635572281522,0.858980285714286,103.279085714286,51.5991428571429,0,3.42712571428571
"Ryne Stanek","15947",10.1242129411765,1.13155823529412,4.19177764705882,0.220550117647059,3.93256235294118,65.4595909472941,27.1974295986405,7.30384307364706,25.5243105190004,12.1150428571429,47.9732571428571,27.3185571428571,0,2.48208
"Sabier Marte","sa3019431",4.5612,1.613,5.7942,0.29114,6.34437,0.5068,0.6438,0.179222,0.70493,0,1.1866,0.7501,0.0086,0.0445
"Sadiel Baro","sa3019136",5.1057,1.535,5.1741,0.285905,5.9022,0.5673,0.5749,0.170556,0.6558,0,1.1538,0.6987,0.0076,0.0445
"Sadrac Franco","sa3005073",5.7528,1.33,5.2488,0.274923,5.61618,0.6392,0.5832,0.147778,0.62402,0,1.1031,0.6665,0.0178,0.0514
"Sal Romano","13690",6.007005,1.29719,3.66387,0.277417,5.12364,9.3571,6.2002,2.0751665,8.77619,0,17.54125,9.29525,0.51375,0.52175
"Sam Aldegheri","26443",7.96354647058824,1.47288352941176,3.95680264705882,0.255297941176471,4.87491764705882,26.7057852397024,13.3144296817889,5.06228452595156,16.5239038764844,0,28.4336428571429,17.1325271428571,0,1.63095414285714
"Sam Armstrong","sa3023046",6.126835,1.30253,3.31646,0.266509,4.93176,31.84205,17.1857,6.5748335,25.77378,0,49.0403,27.794,0.00225,5.0277
"Sam Bachman","29754",7.19309176470588,1.12606823529412,4.03974558823529,0.253623235294118,4.65223588235294,34.0150904000277,19.1617680072722,5.39410612226067,22.2425333281176,1.05801714285714,43.2027571428571,24.2041142857143,0,2.99526285714286
"Sam Benschoter","sa3017639",6.96569,1.646845,3.882955,0.270141,5.613195,34.88935,20.7029,8.588222,30.28924,0,49.53545,32.8086,0.0049,4.0292
"Sam Carlson","sa3005015",7.190535,1.291665,3.8432,0.25945,4.86641,21.9008,12.2048,4.0694445,15.753675,0,28.51125,17.2734,0.01265,3.52815
"Sam Clay","16279",7.1919,0.911,3.6261,0.256395,3.93993,0.7991,0.4029,0.101222,0.43777,0,0.9953,0.48,0.0301,0.0592
"Sam Coonrod","17264",7.4495,1.182,3.57942857142857,0.257437857142857,4.47411428571429,3.36201564625849,1.42096734693877,0.618020442176869,2.16843714285714,0,0.9952,0.5319,0.0246,0.0559
"Sam Delaplane","sa3004222",8.3448,1.262,4.6107,0.249208,4.70088,0.9272,0.5123,0.140222,0.52232,0,0.967,0.5581,0.0256,0.0474
"Sam Freeman","6832",7.6815,1.237,3.9555,0.25291,4.45896,0.8535,0.4395,0.137444,0.49544,0,0.9863,0.5315,0.0266,0.0427
"Sam Gardner","sa3021721",9.3416,1.29832,4.16542,0.2359355,4.34884,18.97735,8.2204,2.5685,8.24078,0,14.9701,8.758,0.01255,0.0192
"Sam Gaviglio","12778",7.0326,1.098,3.1644,0.263146,4.32918,0.7814,0.3516,0.122,0.48102,0,1.0349,0.5209,0.0249,0.0466
"Sam Hentges","18548",9.29825863636364,0.777424181818182,2.98173,0.234331636363636,3.52260545454545,25.2592426490129,7.99198928764922,1.9798132231405,9.4239441144169,1.1258,18.882075,8.41112,0.161546,0.8222295
"Sam Howard","16265",8.4951,1.208,4.5711,0.242955,4.38534,0.9439,0.5079,0.134222,0.48726,0,0.9354,0.5233,0.0247,0.045
"Sam Jacobsak","sa3015359",5.841,1.514,4.9284,0.27667,5.75568,0.649,0.5476,0.168222,0.63952,0,1.1095,0.6794,0.0157,0.0532
"Sam Keating","sa3005025",5.5539,1.394,6.1686,0.278882,5.99076,0.6171,0.6854,0.154889,0.66564,0,1.1143,0.7084,0.0273,0.054
"Sam Knowlton","sa3023467",5.8536,1.189,7.0335,0.27985,6.04341,0.6504,0.7815,0.132111,0.67149,0,1.1105,0.7164,0.0277,0.0513
"Sam Long","25379",8.02277411764706,1.11314064705882,3.67938352941176,0.247730117647059,4.31968882352941,49.9987356239216,22.8879222271434,6.87685595584583,26.9484963597732,9.78820428571429,53.8547285714286,28.9397714285714,0,1.92391571428571
"Sam McWilliams","sa829124",8.868765,1.291805,4.7998,0.2427855,4.80969,25.4824,15.2315,3.573111,14.25272,0,23.47665,15.2703,0.0083,4.0223
"Sam Moll","14874",9.08914117647059,1.06160341176471,3.93040117647059,0.239793764705882,4.45829647058823,55.7447096922476,24.0727625059808,6.6024897220123,27.1816914062868,10.4908571428571,49.1890285714286,27.4582571428571,0,3.80609285714286
"Sam Ryan","sa3010627",5.5665,1.525,5.4945,0.282658,5.95962,0.6185,0.6105,0.169444,0.66218,0,1.1349,0.7044,0.027,0.0494
"Sam Selman","13397",7.0182,1.443,3.8304,0.260633,4.92615,0.7798,0.4256,0.160333,0.54735,0,1.0319,0.5818,0.0249,0.0572
"Sam Thoresen","sa3014920",6.9237,1.331,6.6492,0.263978,5.706,0.7693,0.7388,0.147889,0.634,0,1.034,0.675,0.0272,0.0542
"Sam Weatherly","sa3014455",6.6951,1.472,5.3739,0.278558,5.81094,0.7439,0.5971,0.163556,0.64566,0,1.1127,0.6852,0.0268,0.0484
"Sam Whiting","sa3023078",6.10682,1.443265,4.3155,0.2666355,5.39798,23.3403,17.2295,5.0868335,20.798305,0,36.53745,22.3176,0.002,3.0251
"Samir Chires","sa3016254",4.2345,1.628,6.3756,0.291395,6.84756,0.4705,0.7084,0.180889,0.76084,0,1.1951,0.8041,0.0056,0.0513
"Sammy Peralta","25589",7.223065,1.28647333333333,3.51253222222222,0.271023,4.67030666666667,19.0222417775124,8.36923890231358,3.25534049983539,12.1586445825476,0.120469,24.09894,13.0987366666667,0.3413,1.6822
"Sammy Tavarez","sa3015079",8.1324,1.216,5.7591,0.249806,4.97952,0.9036,0.6399,0.135111,0.55328,0,0.9653,0.5919,0.0263,0.0539
"Samuel Colmenares","sa3021762",5.2218,1.646,5.4927,0.283029,6.28407,0.5802,0.6103,0.182889,0.69823,0,1.1474,0.7394,0.0048,0.0477
"Samuel Fabian","sa3016711",4.7304,1.441,8.6805,0.285953,7.00767,0.5256,0.9645,0.160111,0.77863,0,1.1445,0.8237,0.029,0.0561
"Samuel Mejia","sa3016475",6.0966,1.47,5.49,0.276416,5.85675,0.6774,0.61,0.163333,0.65075,0,1.1063,0.6906,0.027,0.0537
"Samuel Perez","sa3008176",5.9067,1.381,4.6107,0.2703,5.22513,0.6563,0.5123,0.153444,0.58057,0,1.0772,0.6198,0.0235,0.0415
"Samuel Perez","sa3024068",4.1454,1.676,6.3342,0.296275,6.91497,0.4606,0.7038,0.186222,0.76833,0,1.212,0.8119,0.0049,0.0494
"Samuel Reyes","sa3003036",6.970215,1.270045,3.883255,0.264645,4.848015,21.39265,12.7042,4.068389,15.75685,0,30.01625,17.27635,0.0095,0.5198
"Samuel Sanchez","sa3021008",5.2848,1.678,4.6953,0.286479,6.02298,0.5872,0.5217,0.186444,0.66922,0,1.1611,0.7108,0.0045,0.0443
"Samuel Strickland","sa3017139",6.5286,1.337,4.0059,0.266337,4.87368,0.7254,0.4451,0.148556,0.54152,0,1.0564,0.5792,0.0257,0.0405
"Samuel Valerio","sa3009220",6.6357,1.319,7.4304,0.266029,5.96349,0.7373,0.8256,0.146556,0.66261,0,1.0427,0.7052,0.0277,0.0529
"Samuel Vasquez","sa3005849",5.6043,1.414,6.4035,0.273035,5.91174,0.6227,0.7115,0.157111,0.65686,0,1.0801,0.6989,0.0272,0.0476
"Samy Natera Jr","sa3020862",8.0991,1.394,3.9825,0.253773,4.68954,0.8999,0.4425,0.154889,0.52106,0,0.9903,0.5575,0.0081,0.0542
"Sandi Charle","sa3015330",4.986,1.423,8.5599,0.285621,6.92829,0.554,0.9511,0.158111,0.76981,0,1.1422,0.8153,0.0289,0.0499
"Sandro Bargallo","sa3009639",5.6043,1.149,6.2766,0.27906,5.62779,0.6227,0.6974,0.127667,0.62531,0,1.1072,0.6716,0.0036,0.05
"Sandro Santana","sa3021030",4.7655,1.393,8.3889,0.286171,6.79842,0.5295,0.9321,0.154778,0.75538,0,1.1462,0.8008,0.0185,0.0556
"Sandy Alcantara","18684",7.74704,1.00284217647059,2.16828617647059,0.25239,3.92827411764706,152.320893364075,42.6677512927374,19.6548280206113,76.8957615058054,0,170.115,79.0750142857143,0,6.83596285714286
"Sandy Gaston","sa3011136",6.8085,1.429,7.6275,0.267219,6.15348,0.7565,0.8475,0.158778,0.68372,0,1.0475,0.7265,0.0279,0.0615
"Sandy Mejia","sa3019141",5.9976,1.554,6.0138,0.276556,6.15546,0.6664,0.6682,0.172667,0.68394,0,1.1018,0.7256,0.0055,0.0458
"Sandy Ozuna","sa3021041",4.6224,1.657,6.7464,0.290631,6.88221,0.5136,0.7496,0.184111,0.76469,0,1.1806,0.8077,0.0075,0.0502
"Sann Omosako","sa3022315",4.1121,1.631,5.6133,0.296469,6.61257,0.4569,0.6237,0.181222,0.73473,0,1.2141,0.7786,0.0043,0.0491
"Santiago Florez","sa3003026",5.7861,1.428,5.148,0.276133,5.66937,0.6429,0.572,0.158667,0.62993,0,1.1042,0.6705,0.0267,0.0542
"Santiago Peraza","sa3021002",4.2354,1.637,6.8481,0.294471,6.99435,0.4706,0.7609,0.181889,0.77715,0,1.1995,0.8216,0.0033,0.0537
"Santiago Quintero","sa3019072",5.0904,1.354,9.3861,0.281668,6.90066,0.5656,1.0429,0.150444,0.76674,0,1.1198,0.8121,0.0293,0.0495
"Santiago Ramirez","sa3018875",4.8501,1.476,8.5995,0.287327,7.09083,0.5389,0.9555,0.164,0.78787,0,1.1529,0.8329,0.029,0.055
"Santiago Rojas","sa3024585",4.3281,1.654,6.9993,0.294826,7.07832,0.4809,0.7777,0.183778,0.78648,0,1.2018,0.8305,0.0039,0.05
"Santiago Sojo","sa3018811",4.7871,1.558,8.5752,0.288038,7.22826,0.5319,0.9528,0.173111,0.80314,0,1.1599,0.8471,0.0291,0.0503
"Santiago Suarez","sa3019386",5.1858,1.616,3.5847,0.286545,5.61258,0.5762,0.3983,0.179556,0.62362,0,1.1634,0.6646,0.003,0.0396
"Saul Garcia","sa3017106",6.3153,1.348,5.3838,0.266345,5.41377,0.7017,0.5982,0.149778,0.60153,0,1.0527,0.644,0.0066,0.0594
"Saul Gonzalez","sa3008360",5.8761,1.334,5.6412,0.275166,5.63157,0.6529,0.6268,0.148222,0.62573,0,1.0945,0.668,0.0269,0.0466
"Saul Sanchez","sa3021786",4.5234,1.57,9.2007,0.29041,7.51437,0.5026,1.0223,0.174444,0.83493,0,1.1707,0.8796,0.0295,0.0535
"Saul Siri","sa3022047",4.2777,1.574,9.0162,0.294282,7.56315,0.4753,1.0018,0.174889,0.84035,0,1.1909,0.8859,0.0216,0.0514
"Saul Teran","sa3018296",5.8167,1.503,6.3405,0.273964,6.02523,0.6463,0.7045,0.167,0.66947,0,1.0855,0.711,0.0273,0.0523
"Sauryn Lao","sa917331",7.94118,1.23529,2.82353,0.247525,4.23529,45,16,7,24,0,50,26,1,3
"Sawyer GipsonLong","26048",8.2159,1.16440823529412,2.66064588235294,0.241109176470588,4.16223764705882,39.4959418201799,12.8871132298039,5.71396998272664,20.0988158948189,0.857243857142857,41.4610857142857,21.4763142857143,0,2.00628714285714
"Scarlyn Lebron","sa3016277",5.3631,1.476,6.5835,0.279201,6.25509,0.5959,0.7315,0.164,0.69501,0,1.117,0.7373,0.0277,0.0568
"Scott Alexander","10591",6.57238352941176,0.894553,2.89095882352941,0.266109764705882,4.21127676470588,39.1968054163737,17.1813078877939,5.28701241396732,25.1038467300673,8.96871428571429,55.0016285714286,26.1512571428571,0,2.46823285714286
"Scott Barlow","14993",10.1339423529412,1.06929388235294,4.04251294117647,0.228001470588235,4.01005411764706,67.0479860201461,26.8021321909266,7.10927833239523,26.6501601683737,7.66557142857143,51.7570285714286,28.1661285714286,0,3.12671428571429
"Scott Blewett","16427",7.52241411764706,1.205715,3.54638823529412,0.261340176470588,4.70145411764706,27.8216130684383,13.117828350905,4.38832742364168,17.3668252271895,1.03006,34.1866428571429,18.0805428571429,0,1.40950142857143
"Scott Boches","sa3004022",8.1603,1.209,3.3858,0.246028,4.14288,0.9067,0.3762,0.134333,0.46032,0,0.9539,0.4963,0.0229,0.0416
"Scott Effross","18384",7.28402029411765,1.03323376470588,2.86182235294118,0.249413411764706,4.30056823529412,24.1329668684875,9.47421769011919,3.43327530561476,14.2359990662053,1.08355428571429,28.2880571428571,13.9495,0,1.15102857142857
"Scott Engler","sa918353",7.862495,1.373575,5.537705,0.2531355,5.31257,13.4359,10.2786,2.5684445,9.77042,0,15.49445,10.7895,0.513,1.02405
"Scott Kazmir","4897",7.7103,1.281,2.8305,0.257587,4.31037,0.8567,0.3145,0.142333,0.47893,0,1.0126,0.515,0.0075,0.0414
"Scott Kobos","sa3014856",8.1594,1.217,5.2524,0.248002,4.7007,0.9066,0.5836,0.135222,0.5223,0,0.9589,0.5594,0.026,0.0459
"Scott McGough","12056",8.17668235294118,1.28371411764706,4.08249676470588,0.258256588235294,4.90052058823529,25.5046097167243,12.6721063854141,4.0588360711634,15.3710583328212,1.09376571428571,27.8834857142857,15.8030571428571,0,0.94165
"Scott Randall","sa3017752",6.1461,1.374,2.5947,0.27287,4.79331,0.6829,0.2883,0.152667,0.53259,0,1.0941,0.5699,0.0098,0.0431
"Sean Boyle","sa3007618",7.42677,1.28361,2.38862,0.252832,4.364225,30.92015,10.1326,5.076222,18.73923,0,37.00845,20.25705,0.0102,4.0293
"Sean Burke","29878",8.78871264705882,1.26866941176471,4.15849529411765,0.239848529411765,4.40011352941176,108.931679060686,51.4836671682353,15.8474035294118,54.7063499579739,0.781796285714286,104.666,60.8367571428571,0,5.10656857142857
"Sean Doolittle","1581",8.3178,1.499,3.6747,0.245721,4.63779,0.9242,0.4083,0.166556,0.51531,0,0.9605,0.5448,0.0299,0.0418
"Sean Guenther","20045",7.20703529411765,0.990183176470588,2.54345970588235,0.253032529411765,3.97465294117647,36.4377936714187,12.9203699408824,5.01405995187543,20.2449853792111,1.20193285714286,44.9415,21.3337428571429,0,2.12998714285714
"Sean Harney","sa3020472",6.71857,1.35546,3.414825,0.2591005,4.926305,17.3871,9.18915,3.576611,13.761955,0,24.51455,14.78045,0.00965,2.52635
"Sean Hermann","sa3019429",4.9923,1.449,4.0581,0.286436,5.51214,0.5547,0.4509,0.161,0.61246,0,1.1623,0.6574,0.0031,0.0573
"Sean Hjelle","21481",7.58489705882353,0.810260882352941,2.54035058823529,0.256131529411765,3.79231176470588,57.9549023918039,19.4188084364844,6.34119071027489,29.1514404099423,12.3232171428571,70.7086142857143,33.0298,0,4.98347571428571
"Sean Hunley","sa3017316",5.57027,1.35561,2.32521,0.2734275,4.832725,24.81645,10.1349,5.582722,21.27771,0,43.5668,22.7975,0.0045,3.52915
"Sean Kealey","sa3015134",8.3583,1.115,4.2822,0.247314,4.26222,0.9287,0.4758,0.123889,0.47358,0,0.9552,0.5107,0.0253,0.0439
"Sean Linan","sa3019270",5.9157,1.571,5.0031,0.27749,5.77575,0.6573,0.5559,0.174556,0.64175,0,1.1106,0.6829,0.0112,0.0528
"Sean Manaea","15873",9.09448941176471,1.32399588235294,3.26664470588235,0.235234,4.27699764705882,154.874123523529,55.6758234411764,22.6624848373356,72.8379851220761,0.00799341428571429,137.553857142857,76.4134714285714,0,7.18532857142857
"Sean McLaughlin","sa659266",7.4592,1.237,3.2904,0.258726,4.49199,0.8288,0.3656,0.137444,0.49911,0,1.0162,0.5362,0.0225,0.0557
"Sean Mellen","sa3011865",7.4817,1.364,3.753,0.255775,4.65102,0.8313,0.417,0.151556,0.51678,0,1.0043,0.5517,0.0197,0.0455
"Sean Mooney","sa3014913",8.0181,1.481,3.735,0.255176,4.89717,0.8909,0.415,0.164556,0.54413,0,1.0045,0.5776,0.0111,0.0425
"Sean Mullen","sa3017843",5.5764,1.562,5.0661,0.282174,5.93469,0.6196,0.5629,0.173556,0.65941,0,1.1364,0.7001,0.0234,0.0558
"Sean Newcomb","16943",8.72597818181818,1.15539181818182,4.81001818181818,0.242885545454545,4.60771818181818,12.5914833511082,6.92654438272911,1.74086202226722,6.81220505499394,0,10.1802825,6.4461425,0.3500735,0.75474875
"Sean Nolin","11341",6.93178571428572,1.35242857142857,3.47764285714286,0.27769,4.73021428571429,3.43472463492063,2.1667460952381,0.770653031746032,2.78350025396825,0,1.0279,0.5364,0.0239,0.0442
"Sean Poppen","19583",6.8283,1.247,3.3705,0.266414,4.64886,0.7587,0.3745,0.138556,0.51654,0,1.0534,0.555,0.0301,0.0555
"Sean Rackoski","sa3006964",7.4367,1.145,3.6585,0.259088,4.44087,0.8263,0.4065,0.127222,0.49343,0,1.0149,0.5322,0.0252,0.0453
"Sean ReidFoley","17034",10.1699529411765,0.896375823529412,4.74638117647059,0.214946352941176,3.92340823529412,35.3506289635294,16.4732607043137,3.18676467742215,13.8587897855748,1.59921285714286,25.8452,14.5833,0,0.9206
"Sean Reynolds","22253",9.49122558823529,1.02223982352941,4.68903764705882,0.228303882352941,4.09330117647059,52.5709948460242,26.1729121106851,5.65674365054325,22.8299084256055,5.75804,45.3713857142857,25.5083285714286,0,3.08391714285714
"Sean Sullivan","sa3018185",5.984205,1.343625,3.230405,0.2717145,4.99786,33.82755,17.6827,6.5838335,26.293485,0,53.55675,28.31205,0.00185,2.5217
"Sean Sullivan","sa3023162",6.592535,1.55307,2.800795,0.2720005,5.13739,36.8771,17.6408,8.0946665,29.288445,0,55.55655,31.8058,0.00145,2.02135
"Sean Wymer","sa3007204",7.686,1.273,4.0014,0.255725,4.67136,0.854,0.4446,0.141444,0.51904,0,1.0005,0.5556,0.0255,0.05
"Sebastian Estiven","sa3022372",4.1742,1.651,6.8706,0.295677,7.06158,0.4638,0.7634,0.183444,0.78462,0,1.2066,0.8289,0.0046,0.0568
"Sebastian Javier","sa3016606",4.4667,1.478,9.5616,0.29141,7.51194,0.4963,1.0624,0.164222,0.83466,0,1.171,0.8809,0.0297,0.0602
"Sebastian Keane","sa3020953",6.0831,1.727,4.7547,0.27327,5.83461,0.6759,0.5283,0.191889,0.64829,0,1.0995,0.6876,0.0061,0.0632
"Sem Robberse","sa3011735",7.24886285714286,1.09403157142857,2.99096428571429,0.251197428571429,4.22298,25.9636857142857,10.9842942857143,4.19733857142857,15.5461442857143,0.652144714285714,32.2994,16.8763714285714,0,1.24252985714286
"Serafino Brito","sa3010312",6.3549,1.37,5.0688,0.268174,5.32737,0.7061,0.5632,0.152222,0.59193,0,1.058,0.6319,0.0263,0.0496
"Seranthony Dominguez","19249",9.76575647058823,1.15802376470588,3.65484882352941,0.226669411764706,3.80343470588235,68.031669226782,25.5044308730588,8.11321718286505,26.6102807445606,12.1233,53.2625142857143,28.4662714285714,0,2.52201857142857
"Sergio Caruci","sa3015448",4.6953,1.572,8.9658,0.288383,7.3944,0.5217,0.9962,0.174667,0.8216,0,1.161,0.8658,0.0293,0.0539
"Sergio Morillo","sa3005196",6.5475,1.31,6.4143,0.267199,5.65866,0.7275,0.7127,0.145556,0.62874,0,1.0514,0.6706,0.0271,0.0494
"Sergio Romo","9817",6.9291,1.579,3.1581,0.26549,5.07753,0.7699,0.3509,0.175444,0.56417,0,1.0665,0.5983,0.0261,0.041
"Sergio Sanchez","sa3009735",6.2262,1.58,6.1623,0.285398,6.48234,0.6918,0.6847,0.175556,0.72026,0,1.1471,0.7615,0.0275,0.06
"Sergio Umana","sa3009623",5.4099,1.422,4.842,0.280769,5.65866,0.6011,0.538,0.158,0.62874,0,1.129,0.6701,0.0266,0.0509
"Seth Blair","sa526934",6.9912,1.556,3.5811,0.265687,5.11326,0.7768,0.3979,0.172889,0.56814,0,1.0556,0.6037,0.0177,0.054
"Seth Chavez","sa3023005",6.1911,1.588,5.1102,0.274918,5.81031,0.6879,0.5678,0.176444,0.64559,0,1.0997,0.6841,0.0267,0.0511
"Seth Clark","sa3020630",7.612985,1.185875,5.14576,0.251239,5.084465,20.4266,14.27825,3.558389,15.250475,0,23.4952,16.2713,0.513,3.02905
"Seth Corry","sa3004648",7.218945,1.09954,5.13419,0.2581455,5.12546,19.8933,15.256,3.059278,15.25503,0,24.5099,16.27575,0.01295,4.53215
"Seth Elledge","19766",7.19799,1.34232,3.342185,0.257281,4.6594,17.40165,8.184,3.078889,11.2601,0,22.00875,12.27735,0.5121,1.02275
"Seth Frankoff","11346",6.5358,1.485,2.9889,0.272316,5.0292,0.7262,0.3321,0.165,0.5588,0,1.0906,0.5959,0.0044,0.047
"Seth Halvorsen","33294",8.55471176470588,1.09481835294118,3.78282882352941,0.253093764705882,4.747175,59.2517172429527,26.0854841330335,7.46500154849673,32.789555713391,8.5155,61.5046142857143,33.8079571428571,0,3.79745285714286
"Seth Johnson","26020",7.64450382352941,1.42986911764706,4.07078117647059,0.263722705882353,5.11928117647059,27.404881511732,14.6803658334118,5.31458798243791,18.6908592256471,0.854424571428571,33.6409285714286,20.4889142857143,0,1.18736371428571
"Seth Keener","sa3022949",5.9877,1.527,4.7277,0.277442,5.62788,0.6653,0.5253,0.169667,0.62532,0,1.1096,0.6669,0.0031,0.0523
"Seth Keller","sa3020397",5.3937,1.474,6.6735,0.283771,6.44292,0.5993,0.7415,0.163778,0.71588,0,1.1411,0.7585,0.0279,0.0683
"Seth Lonsway","sa3017857",5.68268,1.0079,3.977425,0.2734555,4.803715,25.81385,18.71155,5.0497222,23.24732,0,45.04425,25.271,0.00175,4.53245
"Seth Lugo","12447",7.63407764705882,1.11097941176471,2.48119882352941,0.253107529411765,3.95012176470588,154.132739080392,50.097175713341,22.510775956113,79.7211105399654,0.0287451428571429,180.356142857143,88.3676428571429,0,7.21478428571429
"Seth Martinez","21045",7.63494352941176,1.16065323529412,3.46340352941176,0.244796352941176,4.01932029411765,25.7998076047982,11.6785769389312,3.86895582307036,13.5109403416801,1.13380285714286,28.8148714285714,14.8102142857143,0,2.00286428571429
"Seth Mayberry","sa3010244",8.1756,1.238,4.3146,0.245782,4.44618,0.9084,0.4794,0.137556,0.49402,0,0.9455,0.5302,0.0253,0.0497
"Seth Nightingale","sa3020877",5.6493,1.363,6.8175,0.278509,6.1398,0.6277,0.7575,0.151444,0.6822,0,1.1093,0.7258,0.0277,0.0555
"Seth Nordlin","sa3004215",5.58,1.412,2.9232,0.278233,5.00436,0.62,0.3248,0.156889,0.55604,0,1.12,0.5962,0.0095,0.0468
"Seth Shuman","sa3011187",5.975065,1.40586,2.790855,0.2721195,4.99155,22.32175,9.66235,4.586222,17.782455,0,36.04685,19.3013,0.0016,2.02485
"Seunghwan Oh","18719",6.6033,1.366,2.9286,0.269194,4.72959,0.7337,0.3254,0.151778,0.52551,0,1.0736,0.5623,0.0252,0.0414
"Shaddon Peavyhouse","sa3020802",5.3415,1.286,4.2309,0.275647,5.13279,0.5935,0.4701,0.142889,0.57031,0,1.1003,0.6147,0.0076,0.0602
"Shane Baz","22264",8.43323,1.20413823529412,3.24528470588235,0.240720941176471,4.16783764705882,124.934383795963,48.06992127797,17.88850821188,61.8777586193772,0.811686142857143,123.546571428571,67.9505571428571,0,6.62464285714286
"Shane Bieber","19427",8.68731,1.00983529411765,2.30456764705882,0.246816,3.56574823529412,89.657222265015,23.9184989494656,10.4600308923645,36.9206653165275,0.846238428571429,89.2171,41.5265428571429,0,2.85975
"Shane Connolly","sa3017320",5.0427,1.294,6.678,0.284946,6.17724,0.5603,0.742,0.143778,0.68636,0,1.144,0.7293,0.0278,0.0512
"Shane Davis","sa3015007",5.5053,1.566,4.9437,0.281975,5.95413,0.6117,0.5493,0.174,0.66157,0,1.1376,0.7025,0.0035,0.0443
"Shane Drohan","sa3014447",7.356555,1.227005,4.27686,0.2606905,4.8139,37.40765,23.2205,6.069889,24.76356,0,47.0129,26.78245,0.0076,2.0224
"Shane Gray","sa3020662",6.2136,1.399,5.0472,0.270655,5.445,0.6904,0.5608,0.155444,0.605,0,1.0755,0.6448,0.0264,0.0445
"Shane Greene","10756",7.69320833333333,1.34923333333333,4.5331375,0.257120833333333,5.2109625,9.65995666666667,6.113525,1.74367166666667,7.046915,0,10.49105,7.27705,0.01235,1.5302
"Shane Gustafson","sa3019610",5.2038,1.417,5.8698,0.282784,6.01524,0.5782,0.6522,0.157444,0.66836,0,1.1358,0.7113,0.0273,0.0523
"Shane Marshall","sa3023405",5.8437,1.475,6.4188,0.276415,6.11496,0.6493,0.7132,0.163889,0.67944,0,1.1019,0.7207,0.0274,0.0464
"Shane McCarthy","sa915740",7.7454,1.258,3.6567,0.255297,4.52034,0.8606,0.4063,0.139778,0.50226,0,0.9989,0.5384,0.0252,0.042
"Shane McClanahan","21483",9.65531470588235,1.08971911764706,2.69803529411765,0.228053058823529,3.53860352941176,152.294636102876,42.2195244967628,17.2101431545905,55.6786926479816,0.807421142857143,125.173857142857,60.4172142857143,0,3.15015714285714
"Shane Murphy","sa3020389",6.026615,1.68979,2.69757,0.275191,5.11055,29.83325,12.1629,8.5908335,25.777075,0,50.04585,27.79535,0.00235,0.51795
"Shane Panzini","sa3018257",5.5143,1.437,5.1768,0.281882,5.9526,0.6127,0.5752,0.159667,0.6614,0,1.1337,0.7023,0.008,0.0499
"Shane Rademacher","sa3023258",5.7897,1.289,4.3335,0.274842,5.25069,0.6433,0.4815,0.143222,0.58341,0,1.1036,0.6258,0.0112,0.0401
"Shane Smith","sa3020469",8.5458,1.17241,3.39208333333333,0.244945166666667,4.32334333333333,57.6484833333333,22.8069166666667,8.02452,29.2802166666667,7.83875,57.94745,31.6554333333333,0,4.52179666666667
"Shane Telfer","sa3022736",5.9859,1.27,6.1776,0.275418,5.75091,0.6651,0.6864,0.141111,0.63899,0,1.096,0.6802,0.0272,0.0492
"Shaun Anderson","19453",6.39956333333333,1.48845,2.67562,0.273847638888889,5.02615555555556,28.4907491471605,12.5652397837037,6.26043345740741,22.6376024329218,0,47.04285,23.28435,0.00845,1.01895
"Shawn Armstrong","12857",8.72934647058823,1.19277,2.93494205882353,0.242515647058824,4.05594941176471,60.3936460687912,20.3226345689077,8.29940404887889,28.0953640999446,11.6589957142857,59.4495428571429,31.3837285714286,0,3.08390142857143
"Shawn Dubin","24977",9.24424764705882,0.952871294117647,4.24450764705882,0.236221529411765,4.15292470588235,37.756060371391,17.3576710701376,3.85587169124183,17.0197878249689,1.01357285714286,33.2725571428571,17.9349285714286,0,2.10601
"Shawn Morimando","13606",7.335,1.272,3.6828,0.25975,4.57605,0.815,0.4092,0.141333,0.50845,0,1.023,0.5447,0.0249,0.0424
"Shawn Rapp","sa3020743",7.0182,1.224,5.3586,0.26207,5.05161,0.7798,0.5954,0.136,0.56129,0,1.0308,0.602,0.0265,0.0523
"Shawn Semple","sa3004661",5.0985,1.536,2.8431,0.284734,5.28957,0.5665,0.3159,0.170667,0.58773,0,1.1581,0.6277,0.0055,0.0428
"Shawndrick Oduber","sa3021483",4.8177,1.39,8.3205,0.290081,7.05789,0.5353,0.9245,0.154444,0.78421,0,1.1663,0.8289,0.0289,0.0529
"Shay Schanaman","sa3022933",6.6429,1.32,4.6593,0.271795,5.28624,0.7381,0.5177,0.146667,0.58736,0,1.0815,0.6272,0.0263,0.0532
"Shea Barry","sa1170345",4.5945,1.506,5.9589,0.290512,6.41835,0.5105,0.6621,0.167333,0.71315,0,1.1773,0.7576,0.0089,0.0624
"Shea Spitzbarth","18475",6.0804,1.461,4.4325,0.273757,5.50575,0.6756,0.4925,0.162333,0.61175,0,1.0973,0.6486,0.0261,0.0472
"Shelby Lackey","sa3006771",7.3926,1.144,4.9779,0.259158,4.84713,0.8214,0.5531,0.127111,0.53857,0,1.011,0.5793,0.0261,0.0588
"Shelby Miller","10197",8.44483882352941,1.25502,3.55970382352941,0.244358,4.65516352941177,50.0941627091119,21.0862277843714,7.38485341230296,27.5667877561707,9.54390571428571,47.9574142857143,27.8016285714286,0,3.06944857142857
"Sheldon Reed","sa3017382",7.53091,1.42278,4.826805,0.260471,5.254735,13.9109,9.2524,2.579222,9.784175,0,17.00985,10.802,0.51295,1.02435
"Shelton Perkins","sa1169965",7.7625,1.276,4.2498,0.255358,4.7304,0.8625,0.4722,0.141778,0.5256,0,0.9984,0.5622,0.0256,0.045
"Shinnosuke Ogasawara","sa3058454",7.826958,1.279024,3.468316,0.249319,4.77839,62.11284,27.40766,10.092056,37.68414,0,71.24162,40.42572,0,4.01717
"Shintaro Fujinami","31839",9.70030766666667,1.0852944,4.918676,0.22618,4.36903533333333,31.5217321299778,16.3521678878736,3.51139624051556,14.3406745291743,0.973958333333333,24.5815,14.8138833333333,0,1.703566
"Shohei Ohtani","19755",10.3021514285714,1.14801,3.17008142857143,0.214289857142857,3.53728428571429,133.043571428571,40.7362142857143,14.8025142857143,45.5663428571429,0,91.8269428571429,49.2376285714286,0,6.72980428571429
"Shohei Tomioka","sa3014808",6.82668,1.125155,4.540765,0.260857,4.91388,17.88055,12.24535,3.060222,13.75441,0,24.5112,14.77545,0.5128,2.0239
"Shota Imanaga","33829",8.99707352941176,1.31802941176471,2.15560058823529,0.231002235294118,3.64996882352941,167.737901043541,40.1060036471165,24.6575915483276,68.0853686453172,0,154.041142857143,74.6207857142857,0,5.61077714285714
"Shun Yamaguchi","27460",8.964,1.184,3.7341,0.242471,4.18203,0.996,0.4149,0.131556,0.46467,0,0.9347,0.4987,0.0239,0.0422
"Silvano Hechavarria","sa3024856",4.6008,1.668,6.0597,0.291446,6.69663,0.5112,0.6733,0.185333,0.74407,0,1.187,0.7867,0.0032,0.0479
"Silvino Bracho","15051",7.33842857142857,1.56414285714286,3.51242857142857,0.256055714285714,4.36342857142857,2.62973850340135,1.88343283446711,0.533217956916098,1.41519285260771,0,1.0232,0.5788,0.0246,0.0447
"Simeon Woods Richardson","24494",7.72745647058824,1.24316588235294,3.27915529411765,0.250388352941176,4.29963823529412,108.864230822853,46.1764718899039,17.527545495594,60.6795801562091,0.0263344285714286,125.131142857143,68.8198285714286,0,4.05714142857143
"Simon Leandro","sa3022240",4.9779,1.648,5.4108,0.289083,6.32466,0.5531,0.6012,0.183111,0.70274,0,1.1744,0.7451,0.0103,0.0523
"Simon Miller","sa3023311",7.1298,1.483,5.3946,0.269299,5.55462,0.7922,0.5994,0.164778,0.61718,0,1.0668,0.6579,0.0266,0.0472
"Simon Pacheco","sa3016222",4.8348,1.502,8.3385,0.287303,7.05726,0.5372,0.9265,0.166889,0.78414,0,1.1549,0.8287,0.0289,0.0567
"Sixto Sanchez","19680",6.24493090909091,1.02702854545455,3.10785954545455,0.273485272727273,4.72255272727273,13.1174564104169,6.52713622843893,2.08201530557576,9.81816578310377,0.16142525,17.78045,8.9126375,0.093004,0.8733985
"Skylar Arias","sa918539",8.0676,1.193,4.5387,0.256809,4.75407,0.8964,0.5043,0.132556,0.52823,0,0.9995,0.5658,0.0193,0.0557
"Skylar Hales","sa3022739",8.03565,1.383,3.50865,0.250037,4.690035,22.45285,9.69985,4.0736665,13.751115,0,24.9944,14.76855,0.5126,1.0214
"Skylar Szynski","sa917964",4.9023,1.544,7.0506,0.287151,6.71112,0.5447,0.7834,0.171556,0.74568,0,1.1596,0.7885,0.0282,0.0563
"Slade Cecconi","27500",8.15156588235294,1.25744588235294,2.01101294117647,0.247721058823529,4.05358,59.4744547300792,14.6966441730334,9.23195468109189,29.7252363105298,0.91753,62.9635,33.2898142857143,0,3.09891
"Smil Guzman","sa3019249",4.2507,1.709,6.5997,0.295532,7.0425,0.4723,0.7333,0.189889,0.7825,0,1.2084,0.8258,0.0033,0.0488
"Snarlyn Evangelista","sa3021013",4.7772,1.522,8.5761,0.287566,7.15536,0.5308,0.9529,0.169111,0.79504,0,1.1561,0.8396,0.029,0.0518
"Soenni Martinez","sa3009605",6.2127,1.333,6.5727,0.269999,5.74497,0.6903,0.7303,0.148111,0.63833,0,1.0679,0.6796,0.0273,0.0495
"Solomon Bates","sa3006951",8.1306,1.203,3.6603,0.248144,4.37616,0.9034,0.4067,0.133667,0.48624,0,0.9695,0.5217,0.0242,0.0423
"Sonny Gray","12768",9.36268588235294,1.01564164705882,2.64892823529412,0.236074705882353,3.55761470588235,177.062596935794,50.0020888687043,19.1979417629758,67.1584967932526,0,150.826428571429,72.8464285714286,0,6.16611714285714
"Spencer Arrighetti","29921",9.55433382352941,1.30847647058824,3.66802411764706,0.235715529411765,4.26040941176471,149.047024699896,57.0943685617301,20.3976040519031,66.4564656970242,0,125.203571428571,72.2387142857143,0,7.52917571428571
"Spencer Bengard","sa3023092",5.4684,1.529,3.7152,0.280779,5.48181,0.6076,0.4128,0.169889,0.60909,0,1.1355,0.649,0.0086,0.0431
"Spencer Bivens","30226",6.87706647058824,1.02927970588235,2.95264705882353,0.257627176470588,4.11780352941177,34.3096541611096,14.7559595765813,5.27067340013649,20.7137644392926,1.06753714285714,45.8791428571429,23.3596714285714,0,2.56638428571429
"Spencer Giesting","sa3020402",7.08687,1.119675,3.851425,0.2607745,4.53627,51.8711,26.21775,7.563778,29.76555,0,62.03295,32.2861,0.0015,4.0257
"Spencer Howard","23252",8.7192375,1.22367916666667,3.37165833333333,0.2479425,4.26327916666667,38.5102618055556,15.0101069444444,5.14173060185185,19.1847125,0,39.97095,21.25125,0.00995,1.5203
"Spencer Mraz","sa3010574",6.1209,1.372,6.1686,0.272406,5.82192,0.6801,0.6854,0.152444,0.64688,0,1.0802,0.6886,0.0272,0.0572
"Spencer Patton","12361",7.06535714285714,1.26557142857143,3.62592857142857,0.266942857142857,4.71688571428571,3.09177885714286,1.50177379591837,0.490539979591837,2.03541028571429,0,1.0265,0.5694,0.0248,0.0569
"Spencer Schwellenbach","31846",8.80461764705882,1.07042823529412,2.03627411764706,0.235639176470588,3.54250882352941,158.281003771703,36.6213902482122,19.174003421684,63.7865196321799,0,150.724428571429,72.3206285714286,0,7.30123714285714
"Spencer Stockton","sa3011500",7.02881,1.447025,4.07558,0.2641765,5.342755,14.8994,9.216,3.0818335,12.27785,0,21.0149,13.29515,0.0128,1.023
"Spencer Strider","27498",11.9143623529412,1.05002947058824,2.96526470588235,0.214563647058824,3.40509,154.211339399954,38.2107238876125,13.4510070846713,43.8442242974164,0,91.7452428571429,46.1445142857143,0,4.98267142857143
"Spencer Turnbull","16207",8.36446235294117,1.05796,3.35091058823529,0.244405411764706,4.28846941176471,53.6477319257209,21.3436945831603,6.65676005951557,27.4972683423299,0.0586647142857143,53.2027142857143,29.0564285714286,0,4.08459428571429
"Spenser Watkins","17489",5.79004166666667,1.43925,2.984625,0.27930875,5.1381125,29.1892685185185,15.7981534259259,7.17731718518518,26.5069356388889,0,51.55965,27.7923,0.0012,2.0213
"Stanly Alcantara","sa3022151",4.3434,1.5,10.1016,0.29293,7.7787,0.4826,1.1224,0.166667,0.8643,0,1.1779,0.9107,0.0301,0.0645
"Starlin Savinon","sa3021735",4.122,1.464,7.6005,0.293479,6.84819,0.458,0.8445,0.162667,0.76091,0,1.1885,0.8065,0.0088,0.0488
"Starlyn Castillo","sa3011608",5.1426,1.41,5.0499,0.283815,5.84559,0.5714,0.5611,0.156667,0.64951,0,1.1419,0.6935,0.0039,0.0645
"Starlyn Pichardo","sa3016774",6.2181,1.43,7.9146,0.271909,6.4251,0.6909,0.8794,0.158889,0.7139,0,1.0751,0.7563,0.0282,0.0497
"Stefan Crichton","16058",6.0516,1.245,3.5991,0.276361,5.01273,0.6724,0.3999,0.138333,0.55697,0,1.1068,0.5965,0.0339,0.0512
"Stefan Raeth","sa3020487",5.9463,1.31,5.2092,0.269892,5.29281,0.6607,0.5788,0.145556,0.58809,0,1.0695,0.6305,0.0265,0.0515
"Stephen Gonsalves","15492",9.11332,1.184815,6.18944,0.2387965,4.997385,19.99535,14.8031,2.5653335,11.750225,0,17.95435,12.76825,0.01285,2.0278
"Stephen Jones","sa3009935",7.59506,1.26532,4.4551,0.2573025,4.93002,18.42235,11.2374,3.0703335,12.75504,0,22.9867,13.7737,0.0127,2.0275
"Stephen Kolek","21487",7.40387852941176,0.891071941176471,2.96503529411765,0.252082588235294,3.98753941176471,39.7236757519958,15.9219500915171,4.84403790832411,21.3955589226644,0.978204285714286,48.0489571428571,24.8571857142857,0,3.70404428571429
"Stephen Nogosek","19545",7.78779583333333,1.23610833333333,4.38746666666667,0.253285416666667,4.90402916666667,16.4493247592593,9.75733185185185,2.36554228703704,10.3863394259259,0,17.5029,10.7899,0.01195,1.0241
"Stephen Ridings","22358",9.4995,1.258,3.6144,0.236081,4.07304,1.0555,0.4016,0.139778,0.45256,0,0.9036,0.4851,0.0245,0.0409
"Stephen Strasburg","10131",6.8148,1.477,3.3399,0.264292,4.9194,0.7572,0.3711,0.164111,0.5466,0,1.0453,0.5832,0.0064,0.0448
"Stephen Woods Jr","sa737853",7.6959,0.973,4.4622,0.255219,4.31226,0.8551,0.4958,0.108111,0.47914,0,0.9879,0.5209,0.0255,0.0424
"Sterling Patick","sa3024981",5.1282,1.582,5.0814,0.286227,5.94,0.5698,0.5646,0.175778,0.66,0,1.1565,0.7027,0.0035,0.0479
"Sterling Sharp","19671",6.0849,1.304,3.0969,0.270691,4.71627,0.6761,0.3441,0.144889,0.52403,0,1.079,0.5634,0.025,0.0458
"Steve Cishek","6483",7.6941,1.213,4.0239,0.256225,4.63833,0.8549,0.4471,0.134778,0.51537,0,1.0063,0.5533,0.0282,0.0675
"Steve Hajjar","sa3018177",6.6861,1.485,7.1226,0.262781,5.99004,0.7429,0.7914,0.165,0.66556,0,1.0347,0.7045,0.0212,0.0471
"Steven Brault","15291",7.0407,1.175,3.627,0.262614,4.48785,0.7823,0.403,0.130556,0.49865,0,1.0363,0.5367,0.0514,0.0499
"Steven Cruz","23165",8.550265,0.928487705882353,4.15973294117647,0.239421352941176,3.95626823529412,40.1724003301765,19.5089253710173,4.37788761912149,18.6309821342899,0.996367142857143,38.7188857142857,21.3462428571429,0,2.56428428571429
"Steven Echavarria","sa3023560",4.986,1.548,5.4504,0.28337,6.06933,0.554,0.6056,0.172,0.67437,0,1.1379,0.7172,0.0032,0.0498
"Steven Fuentes","sa828326",5.9184,1.195,3.8376,0.27232,4.88025,0.6576,0.4264,0.132778,0.54225,0,1.077,0.5854,0.0067,0.0637
"Steven Fulgencio","sa3019427",5.6259,1.115,5.8023,0.278344,5.43177,0.6251,0.6447,0.123889,0.60353,0,1.1028,0.6501,0.0202,0.0573
"Steven Jennings","sa3004812",7.039065,1.40714,3.04286,0.2588605,4.8597,23.8924,9.68055,4.581722,16.766335,0,31.02115,18.28415,0.01065,1.02005
"Steven Klimek","sa876117",7.1145,1.265,3.9555,0.26234,4.7736,0.7905,0.4395,0.140556,0.5304,0,1.0332,0.5686,0.0256,0.0491
"Steven Matz","13361",7.70276588235294,1.12603676470588,2.82453411764706,0.258020588235294,4.14048117647059,90.2280603086505,33.0004642205305,13.0759477127163,48.5109070633218,0.845850571428571,107.0651,53.2374571428571,0,4.08796142857143
"Steven Moyers","sa920718",6.012,1.444,3.177,0.275036,4.90356,0.668,0.353,0.160444,0.54484,0,1.1013,0.5844,0.0071,0.0468
"Steven Okert","13580",9.46281764705882,1.40268823529412,3.93944235294118,0.231281764705882,4.33936,31.2438390567197,12.9830865515233,4.67557936319877,14.3329711325183,1.20860428571429,25.4913428571429,14.9573571428571,0,2.00879714285714
"Steven Perez","sa3008362",6.8805,1.344,5.7411,0.263917,5.38029,0.7645,0.6379,0.149333,0.59781,0,1.043,0.6373,0.0268,0.0461
"Steven Sanchez","sa3016595",5.9445,1.454,4.9581,0.268892,5.39478,0.6605,0.5509,0.161556,0.59942,0,1.07,0.6394,0.0264,0.0448
"Steven Wilson","20353",8.882,1.54344117647059,4.56345470588235,0.229974529411765,4.59629705882353,33.9286682319723,17.5563923584083,5.97440092041522,17.6855684534948,1.60604571428571,31.0836285714286,20.2798142857143,0,2.13398571428571
"Steven Zobac","sa3020875",6.51055,1.32874,2.680365,0.267092,4.694235,40.84735,15.6539,7.578,27.270885,0,57.5412,29.28935,0.50165,2.02135
"Stevie Branche","sa3014866",8.393195,1.421155,5.710915,0.254071,5.73517,16.4578,11.7933,2.583722,11.795995,0,17.00145,12.8147,0.0132,2.5317
"Stevie Emanuels","sa3014698",8.079685,1.293355,4.611215,0.2480305,4.79243,13.9156,7.7445,2.072278,7.764635,0,13.49735,8.2832,0.0128,0.52305
"Stharlin Torres","sa3024080",4.3974,1.693,6.327,0.293783,6.87519,0.4886,0.703,0.188111,0.76391,0,1.1994,0.8068,0.0047,0.0474
"Stijn Van Der Schaaf","sa3021736",4.1859,1.677,7.1901,0.295662,7.20405,0.4651,0.7989,0.186333,0.80045,0,1.2063,0.8445,0.0077,0.0571
"Stiven Cruz","sa3015938",5.6736,1.794,4.7295,0.276835,6.01938,0.6304,0.5255,0.199333,0.66882,0,1.1175,0.7063,0.0142,0.0528
"Stiven Rogers","sa3024560",4.2624,1.618,7.4574,0.294596,7.16229,0.4736,0.8286,0.179778,0.79581,0,1.1983,0.8403,0.0124,0.0568
"Stiward Aquino","sa3002911",5.7483,1.454,7.0911,0.27795,6.34626,0.6387,0.7879,0.161556,0.70514,0,1.1088,0.7474,0.0279,0.0489
"Stu Flesland III","sa3023000",5.0166,1.557,5.229,0.297624,6.36201,0.5574,0.581,0.173,0.70689,0,1.2149,0.7501,0.0133,0.051
"Sulivan Ribeiro","sa3016747",4.4919,1.425,10.4004,0.287262,7.50627,0.4991,1.1556,0.158333,0.83403,0,1.1483,0.8797,0.0301,0.058
"Sunayro Martina","sa3022106",4.7637,1.687,7.4448,0.29005,7.0038,0.5293,0.8272,0.187444,0.7782,0,1.1783,0.823,0.0124,0.0594
"TJ Brock","sa3020079",9.65005,1.194355,3.950295,0.2337615,4.09695,20.5008,8.21035,2.561278,8.226645,0,15.462,8.7446,0.0115,2.02515
"TJ Czyz","sa3020398",5.7042,1.449,6.7059,0.27723,6.19155,0.6338,0.7451,0.161,0.68795,0,1.1059,0.73,0.0276,0.0478
"TJ Fondtain","sa3023271",6.5655,1.458,4.4082,0.267713,5.17158,0.7295,0.4898,0.162,0.57462,0,1.0625,0.6127,0.0165,0.0434
"TJ McFarland","3237",6.41736294117647,1.02535152941176,3.20256235294118,0.268328470588235,4.57038647058824,40.5495840127451,20.131657102922,6.43356781672434,28.6920416857324,10.5533142857143,59.4814285714286,29.7196142857143,0,3.43944285714286
"TJ Nichols","sa3023039",5.1012,1.501,4.4748,0.287576,5.76459,0.5668,0.4972,0.166778,0.64051,0,1.1629,0.684,0.0043,0.043
"TJ Shook","sa3014915",7.64277,1.31208,3.501685,0.2494645,4.71858,35.41005,16.68205,5.576778,21.754525,0,38.49835,23.27265,0.00485,4.02965
"TJ Sikkema","sa3011191",6.655175,1.4745,3.408695,0.269829,5.249885,25.8531,12.68935,5.5805,20.28029,0,35.0512,21.80085,0.00235,4.0319
"TJ Zeuch","19269",5.06057,1.418855,3.2958,0.286053,5.47512,15.7855,10.6787,4.086222,17.304775,0,33.0948,18.8269,0.0014,1.52385
"Tahnaj Thomas","sa3003066",6.7068,1.381,4.2696,0.265556,5.09904,0.7452,0.4744,0.153444,0.56656,0,1.0516,0.6047,0.023,0.0496
"Tai Tiedemann","sa918110",5.6916,1.38,3.7521,0.278708,5.22198,0.6324,0.4169,0.153333,0.58022,0,1.1201,0.6208,0.0196,0.0482
"Taijuan Walker","11836",6.62841205882353,1.46817764705882,3.29043176470588,0.263437647058824,5.10440941176471,52.4735477442426,26.1458225258824,11.5678424761861,40.6895043036063,0.888562857142857,73.6735714285714,42.1348285714286,0,3.23484428571429
"Taj Bradley","22543",9.45408911764706,1.26869852941176,2.97224352941176,0.233607294117647,4.07784823529412,164.167977120909,51.6149572096886,22.0951568805248,70.6861133317955,0,141.028142857143,75.3327571428571,0,5.24674428571429
"Tanner Andrews","sa3007850",7.99332,1.051815,3.996615,0.2513185,4.35799,22.94955,12.21015,3.058389,13.23081,0,26.48135,14.25,0.51255,0.51885
"Tanner Banks","16990",8.88799352941176,1.01631111764706,2.85612352941176,0.240583647058824,3.75840705882353,66.8606663909842,21.5892500756632,7.66326627527067,28.3573305744437,11.7288228571429,63.3178571428571,31.3794571428571,0,2.50786714285714
"Tanner Bibee","30134",9.14532647058824,1.14659176470588,2.59751352941176,0.228547882352941,3.72059647058824,169.480230999485,48.0543480468666,21.1877459327951,68.8696730612841,0,148.575571428571,73.5270857142857,0,6.74786571428571
"Tanner Burns","sa3014451",7.53043,1.25909,4.360525,0.253343,4.684435,28.42495,17.72715,4.573722,17.76314,0,33.99965,19.28145,0.01275,1.52245
"Tanner Cooper","sa1170930",5.3406,1.527,4.2084,0.280914,5.59188,0.5934,0.4676,0.169667,0.62132,0,1.1352,0.6606,0.0263,0.0413
"Tanner Dodson","sa3007008",6.470164,0.945473,5.291582,0.2622048,4.9251,13.2411,11.11806,2.002,10.40918,0.73072,19.25602,11.50104,0,1.7149
"Tanner Gordon","27669",6.53404941176471,1.54068617647059,2.35109352941176,0.282578,5.34372764705882,33.4077809409458,12.0899626603107,7.93025758111111,27.5434398175271,0.839110142857143,52.5361142857143,28.1137428571429,0,1.44326714285714
"Tanner Hall","sa3023481",5.8734,1.259,4.446,0.278463,5.31864,0.6526,0.494,0.139889,0.59096,0,1.1131,0.6347,0.005,0.0557
"Tanner Houck","19879",7.83158352941177,0.885963647058824,2.65338882352941,0.251334941176471,3.91774352941176,149.838907568966,50.6853882260477,16.927982941311,74.8691255892118,0.797393571428571,166.206285714286,81.2810142857143,0,11.8332857142857
"Tanner Jacobson","sa3020454",6.4566,1.369,5.5656,0.263771,5.41566,0.7174,0.6184,0.152111,0.60174,0,1.0386,0.6411,0.0266,0.0541
"Tanner Kiest","sa738380",7.955175,1.299215,4.26313,0.253167,4.860485,21.4371,11.729,3.569889,13.75282,0,23.993,14.77185,0.5127,2.02535
"Tanner Kohlhepp","sa3022238",6.876,1.085,5.3478,0.260048,4.91463,0.764,0.5942,0.120556,0.54607,0,1.0171,0.5887,0.024,0.0566
"Tanner McDougal","sa3017471",6.3873,1.466,5.4954,0.271116,5.64048,0.7097,0.6106,0.162889,0.62672,0,1.0721,0.6689,0.0031,0.058
"Tanner Myatt","sa3007719",8.37642,1.22558,5.161065,0.24363,4.79938,18.44025,11.7601,2.5680555,10.260785,0,16.98825,11.27955,0.01285,1.0229
"Tanner Propst","sa3015075",5.9355,1.294,6.1281,0.272606,5.62284,0.6595,0.6809,0.143778,0.62476,0,1.0811,0.6668,0.0272,0.0573
"Tanner Rainey","17610",8.21898852941176,1.36694294117647,4.40608235294118,0.241543882352941,4.78120529411765,38.8899813842653,20.8829606343806,6.41220553361784,22.7278690823852,1.02656,41.0230428571429,25.2076857142857,0,2.16944428571429
"Tanner Scott","17586",11.1257941176471,0.723892882352941,4.09333882352941,0.205209529411765,3.07603764705882,83.3725816019377,30.6795140388651,5.46682739431142,23.018895817301,7.66848285714286,51.8868857142857,25.0630428571429,0,3.22881
"Tanner Shears","sa3020823",7.4763,1.241,6.2361,0.258147,5.292,0.8307,0.6929,0.137889,0.588,0,1.0052,0.6295,0.0268,0.0602
"Tanner Tully","19518",5.3909,1.24678,2.226305,0.271998,4.58612,27.3096,12.11875,6.074222,24.746975,0,51.54845,26.7658,0.013,1.5195
"Tarik Skubal","22267",10.2563058823529,0.842566352941176,1.88199352941176,0.215360882352941,2.78392588235294,215.138444936255,39.4940676493464,17.6713704874433,58.3266252473972,0,151.583,64.8712857142857,0,6.77680714285714
"Tate Kuehner","sa3023099",7.49994,1.234405,4.445475,0.252253,4.779815,38.91025,23.7357,6.071222,24.76186,0,44.5076,26.78155,0.00195,3.02415
"Tayler Saucedo","17888",8.65561705882353,0.975997470588235,3.89840705882353,0.233663176470588,3.92096147058824,54.9892977459746,24.7691839436278,6.20449162856747,24.936099662659,11.5811542857143,51.8700142857143,26.7810571428571,0,4.08135714285714
"Tayler Scott","13652",9.23549205882353,1.05043835294118,4.01348705882353,0.229513058823529,3.86132235294118,65.9637233484983,28.5401291326536,7.6343943272895,27.6720738652088,15.3525571428571,57.8269428571429,31.0315142857143,0,3.35058428571429
"Taylor Broadway","sa3017205",7.4457,1.39,3.3615,0.265651,4.90176,0.8273,0.3735,0.154444,0.54464,0,1.0515,0.5795,0.0213,0.0373
"Taylor Clarke","17611",7.364725,1.28429823529412,2.90506,0.261726588235294,4.75136176470588,13.3607738595294,5.60075131615225,2.35268786008766,8.96942526960092,1.03139714285714,17.0553571428571,8.79866,0,0.476083428571429
"Taylor Cole","11964",7.2972,1.306,3.8169,0.266587,4.95909,0.8108,0.4241,0.145111,0.55101,0,1.0523,0.5886,0.0171,0.0496
"Taylor Dollard","sa3014982",6.8193,1.442,2.4399,0.259783,4.47516,0.7577,0.2711,0.160222,0.49724,0,1.0283,0.5338,0.0029,0.0476
"Taylor Floyd","sa3011367",7.339695,1.158,4.205895,0.2513025,4.588725,24.38695,13.72625,3.5661665,14.75093,0,27.49995,15.7711,0.51155,2.52805
"Taylor Hearn","18325",8.90578571428571,1.15757142857143,3.719,0.246565714285714,4.20062857142857,4.57435725170067,2.12956117006802,0.630624639455781,2.45401210884353,0,0.9191,0.4702,0.0232,0.0409
"Taylor Lehman","sa3007834",7.68587,1.08804,4.980155,0.2489345,4.776665,14.91855,10.25305,2.0608335,9.745455,0,16.4921,10.76535,0.0128,1.02295
"Taylor Rashi","sa3011597",8.131165,1.115355,4.347635,0.249159,4.422325,20.94485,11.7258,2.568,10.75647,0,21.9924,11.7741,0.0127,1.0219
"Taylor Rogers","13449",10.1340411764706,1.26983941176471,3.53365058823529,0.240231,4.37646,68.6135054578147,23.8969992913341,8.5259183288466,29.6180588944729,13.0598428571429,56.2592428571429,31.3560142857143,0,3.75195714285714
"Taylor Widener","19266",7.97282,1.405185,3.4124,0.2558045,4.5927,26.4399,11.6819,4.5789445,15.25301,0,29.9957,16.2693,0.5299,2.02655
"Taylor Williams","14899",6.6357,1.195,3.6378,0.268418,4.7466,0.7373,0.4042,0.132778,0.5274,0,1.0635,0.5673,0.026,0.0547
"Tayron Guerrero","11691",7.167615,1.30769,3.85009,0.266047,5.026935,11.89985,6.70365,2.0763335,8.765445,0,16.5187,9.28445,0.01205,1.024
"Ted Stuka","sa3011238",6.0417,1.273,6.7311,0.274678,5.87385,0.6713,0.7479,0.141444,0.65265,0,1.0866,0.6966,0.0275,0.0532
"Teddy Stankiewicz","sa657954",6.0057,1.85,3.4875,0.284539,5.82516,0.6673,0.3875,0.205556,0.64724,0,1.1591,0.686,0.0045,0.0479
"Tejay Antone","16233",8.65708352941176,1.234,3.94314823529412,0.249885823529412,4.89737294117647,12.0077477138713,5.50320680305329,1.66649659624637,7.08382438680031,0.89964,11.49639,6.84081428571429,0,0.619627428571429
"Tekoah Roby","sa3014519",6.97730857142857,1.31559571428571,2.91570714285714,0.257691571428571,4.65965142857143,12.2038485714286,5.04215,2.29078,8.00491857142857,0,16.2373057142857,8.87244428571429,0,0.592074714285714
"Teofilo Mendez","sa3008795",6.2307,1.3,5.1543,0.274927,5.53023,0.6923,0.5727,0.144444,0.61447,0,1.0955,0.6548,0.0266,0.0446
"Thaddeus Ward","21513",7.33788,1.11976823529412,4.86047058823529,0.256081294117647,4.73391235294118,21.6306295846228,14.4609594218824,3.39166755276124,14.4021032772664,0.895216285714286,26.5813714285714,15.8701314285714,0,2.59119985714286
"Theo Denlinger","sa3016908",6.9732,1.183,3.85875,0.2620405,4.79439,15.8873,9.20375,2.5689445,11.25771,0,21.5147,12.277,0.0127,1.5266
"Theo McDowell","sa3007809",7.6545,1.294,4.6818,0.255535,4.86711,0.8505,0.5202,0.143778,0.54079,0,0.9984,0.578,0.0258,0.0407
"Thomas Balboni Jr","sa3020861",7.398,1.499,5.4117,0.260859,5.42736,0.822,0.6013,0.166556,0.60304,0,1.0306,0.6411,0.0266,0.0559
"Thomas Bruss","sa3023480",5.9364,1.274,6.228,0.270622,5.69691,0.6596,0.692,0.141556,0.63299,0,1.0741,0.6757,0.0272,0.056
"Thomas Burrows","sa874215",8.1513,1.213,3.5298,0.248192,4.22712,0.9057,0.3922,0.134778,0.46968,0,0.9642,0.5045,0.025,0.0499
"Thomas Eshelman","18361",4.5792,1.617,2.0808,0.289915,5.26356,0.5088,0.2312,0.179667,0.58484,0,1.1872,0.6236,0.0076,0.0448
"Thomas Farr","sa3017720",5.095285,1.88171,3.47073,0.2899355,6.243735,28.2853,19.69005,10.108778,35.342695,0,59.1,38.36255,0.00155,6.536
"Thomas Girard","sa3015011",6.1065,1.318,6.0201,0.273351,5.68134,0.6785,0.6689,0.146444,0.63126,0,1.0837,0.6737,0.027,0.0456
"Thomas Harrington","sa3020752",6.96830166666667,1.33381333333333,2.51195833333333,0.259881333333333,4.47836333333333,20.8551166666667,7.10355666666667,3.76349166666667,12.974145,0,27.3191,13.9609666666667,0,0.971395833333333
"Thomas Hatch","19264",7.37566285714286,1.08608238095238,2.90655333333333,0.275226904761905,4.68060904761905,2.49026066503401,0.947224034950869,0.371228342373394,1.80581540293273,0,1.0263,0.5144,0.0223,0.0515
"Thomas Ireland","sa3021469",5.2947,1.4,4.761,0.281897,5.55921,0.5883,0.529,0.155556,0.61769,0,1.1361,0.6606,0.0065,0.0528
"Thomas Jankins","sa873276",8.0811,1.328,3.3408,0.254166,4.49298,0.8979,0.3712,0.147556,0.49922,0,0.996,0.5347,0.0186,0.0481
"Thomas Pannone","17281",7.51460833333333,1.22555083333333,2.45012833333333,0.252162916666667,4.06193277777778,50.4251561703704,17.1477146781173,8.41364929564815,28.806137769465,0,63.99545,31.2291,0.012,2.0208
"Thomas Ponticelli","sa3007730",5.296215,1.401855,4.36952,0.2814985,5.57831,14.79255,12.7304,3.5843335,15.31369,0,28.57205,16.3343,0.50205,1.5222
"Thomas Ruwe","sa3014874",8.0361,1.268,4.5927,0.250553,4.71159,0.8929,0.5103,0.140889,0.52351,0,0.9736,0.5599,0.0256,0.0439
"Thomas Schultz","sa3022936",6.0048,1.521,5.1381,0.270143,5.62176,0.6672,0.5709,0.169,0.62464,0,1.0729,0.6628,0.0265,0.0445
"Thomas Szapucki","21065",10.0224,1.028,3.3777,0.224275,3.50154,1.1136,0.3753,0.114222,0.38906,0,0.8485,0.4217,0.0194,0.0434
"Thomas White","sa3023268",6.5232,1.206,4.5126,0.267482,4.94685,0.7248,0.5014,0.134,0.54965,0,1.0557,0.5914,0.003,0.0498
"Thyago Vieira","14510",9.25039472222222,1.17987583333333,4.29506861111111,0.242715694444444,4.28376416666667,19.5786596196708,9.4516837689712,2.63812166580247,9.14977107604939,0,17.46085,9.24665,0.0124,1.02285
"Tim Adleman","10968",6.9687,1.388,2.7531,0.261914,4.55562,0.7743,0.3059,0.154222,0.50618,0,1.0393,0.5432,0.0062,0.045
"Tim Brennan","sa3008630",5.14377,1.21176,3.210985,0.274874,5.10453,13.7999,8.68575,3.074278,14.28548,0,27.0726,15.3072,0.0029,3.0274
"Tim Cate","sa3007926",7.14917,1.14043,4.02623,0.257454,4.605355,24.4134,14.7172,4.063222,17.241865,0,32.99945,18.7612,0.51165,1.0219
"Tim Elliott","sa1169632",6.147,1.308,4.9527,0.272576,5.32458,0.683,0.5503,0.145333,0.59162,0,1.083,0.6329,0.0264,0.0445
"Tim Herrin","25139",9.46118264705882,0.773749882352941,3.63402882352941,0.225256,3.47024470588235,65.4880337577201,25.1567263230219,5.25933817971549,23.9870443800569,13.9084285714286,52.9347428571429,25.6445714285714,0,3.01571142857143
"Tim Hill","16814",5.17489088235294,0.825682588235294,2.77928588235294,0.272385882352941,4.23555764705882,35.3396429060504,18.9321136630327,5.70704759128643,28.8856496456747,11.4352157142857,66.7345285714286,31.5558428571429,0,3.81196142857143
"Tim Holdgrafer","sa3019458",7.29,1.191,3.5559,0.260798,4.51998,0.81,0.3951,0.132333,0.50222,0,1.0247,0.5406,0.0253,0.0488
"Tim Mayza","15042",6.69034794117647,0.943625882352941,3.13814882352941,0.263177588235294,4.10930294117647,39.1157258465444,18.3711981707912,5.50995002148251,24.1665968353449,4.89040285714286,55.8354428571429,26.8013285714286,0,1.72584714285714
"Tim Naughton","sa3004713",7.9944,1.1225,4.4445,0.246832,4.497765,21.94035,13.223,3.062222,12.739335,0,23.4808,13.75805,0.0126,1.02125
"Timmy Manning","sa3023173",5.9112,1.164,6.309,0.27101,5.48712,0.6568,0.701,0.129333,0.60968,0,1.0774,0.6536,0.0273,0.0475
"Tink Hence","sa3014709",7.78269285714286,1.15662714285714,3.11629,0.248579571428571,4.23244714285714,25.0123142857143,10.0423014285714,3.84262428571429,13.7400628571429,0,28.1679857142857,14.9266285714286,0,0.734744857142857
"Tobias Myers","22191",8.04283058823529,1.41357705882353,2.71602882352941,0.243732470588235,4.17108117647059,123.70009264083,41.8846409360554,21.7807580920415,64.2084424863668,0.741742857142857,133.181428571429,70.2538285714286,0,5.44569857142857
"Todd Peterson","sa3011334",5.67822,1.4277,3.93685,0.2721785,5.30076,13.8289,9.7249,3.5803335,13.78696,0,25.5353,14.8062,0.0106,1.0218
"Tom Cosgrove","23443",8.522945,1.18953323529412,3.80164470588235,0.235631294117647,4.27837911764706,40.8185793685067,18.3812482352018,5.73987980482814,20.5443279380815,1.18214428571429,37.9083142857143,21.6305142857143,0,3.33060857142857
"Tom Reisinger","sa3022958",4.6206,1.653,5.6898,0.289159,6.43905,0.5134,0.6322,0.183667,0.71545,0,1.1715,0.7573,0.0127,0.0524
"Tomas Cleto","sa3016009",5.2434,1.588,5.4567,0.283465,6.17814,0.5826,0.6063,0.176444,0.68646,0,1.1452,0.7273,0.0156,0.0507
"Tomas Reyes","sa3008445",5.4891,1.416,6.1875,0.277355,5.93235,0.6099,0.6875,0.157333,0.65915,0,1.1092,0.7003,0.0274,0.0523
"Tommy Doyle","21281",7.67084117647059,1.28644705882353,3.93650705882353,0.263699647058824,5.21223205882353,19.1458483403875,9.87141766105652,3.25139099401307,13.1485422017682,0.837303714285714,23.4793285714286,13.4097385714286,0,0.441336714285714
"Tommy Eveld","sa918150",7.5789,1.255,3.0438,0.255168,4.33449,0.8421,0.3382,0.139444,0.48161,0,0.9999,0.5173,0.0248,0.0442
"Tommy Henry","26285",7.53698941176471,1.15276911764706,3.46238882352941,0.255624941176471,4.31110294117647,33.0085652078431,15.508824103268,5.06400449607843,18.9348294,0.87547,39.1462142857143,20.4543857142857,0,1.63771285714286
"Tommy Hunter","1157",7.11564285714286,1.39928571428571,2.6265,0.261817142857143,4.54080714285714,2.21667097505669,0.722039891156463,0.487555204081633,1.44233256689342,0,1.0392,0.5339,0.0223,0.0431
"Tommy Kahnle","11384",9.10845058823529,0.960085647058824,3.93293764705882,0.225217117647059,3.86267588235294,54.5166227482968,23.4164106196078,5.71475064941176,23.0944275236448,10.3873571428571,46.5025571428571,24.6898714285714,0,2.73334714285714
"Tommy Kane","sa3022525",6.2865,1.132,5.3865,0.267049,5.08608,0.6985,0.5985,0.125778,0.56512,0,1.0581,0.6079,0.0241,0.0493
"Tommy Mace","sa3018140",5.367825,1.45319,3.51091,0.2772255,5.24566,35.79985,24.1896,9.086278,33.802985,0,66.07095,36.3233,0.0016,4.5264
"Tommy McCollum","sa3017204",8.054085,1.318255,5.19447,0.2487735,5.04519,19.43485,12.7745,3.0738335,12.27002,0,20.4847,13.2887,0.0129,1.5256
"Tommy Milone","7608",6.03971428571429,1.65757142857143,2.9335,0.271745714285714,5.29418571428571,2.41151876643991,1.12126634920635,0.695154056689342,2.27277053061224,0,1.0965,0.6083,0.0027,0.0363
"Tommy Nance","19178",8.20871470588235,1.05317294117647,3.35701176470588,0.246546294117647,4.11164941176471,44.8614311761246,18.3035629695779,5.77927539764706,22.361555550173,6.54039142857143,47.5023714285714,24.9005285714286,0,2.77751285714286
"Tommy Parsons","sa3007624",5.7969,1.815,3.2607,0.275298,5.56605,0.6441,0.3623,0.201667,0.61845,0,1.1138,0.653,0.0045,0.0379
"Tommy Romero","23465",6.75847,1.36645,4.068185,0.2625235,5.012105,29.36785,17.22745,5.085778,20.2927,0,39.03005,21.8113,0.0049,1.0193
"Tommy Sommer","sa3016906",6.2955,1.434,4.0203,0.268185,5.07645,0.6995,0.4467,0.159333,0.56405,0,1.0666,0.6026,0.0037,0.0382
"Tommy Vail","sa3023413",7.1757,1.446,5.1903,0.260136,5.16726,0.7973,0.5767,0.160667,0.57414,0,1.0195,0.6129,0.0092,0.0412
"Tommy Ventimiglia","sa3019366",4.5297,1.57,10.2132,0.290514,7.87932,0.5033,1.1348,0.174444,0.87548,0,1.1683,0.9207,0.0301,0.0627
"Tomoyuki Sugano","sa3025685",6.65852,1.57365666666667,2.38140833333333,0.269596666666667,4.91212333333333,88.7902833333333,31.25515,21.2897833333333,65.89655,0.111666483333333,131.4725,70.7196166666667,0,5.51577333333333
"Tomy Sanchez","sa3016292",4.8069,1.571,9.2754,0.288419,7.50753,0.5341,1.0306,0.174556,0.83417,0,1.1608,0.8784,0.0295,0.0547
"Tony Dibrell","sa3004657",6.9174,1.576,3.8412,0.265704,5.25951,0.7686,0.4268,0.175111,0.58439,0,1.0579,0.62,0.005,0.0427
"Tony Gonsolin","19388",7.73619647058824,1.41296294117647,3.17663294117647,0.247485058823529,4.71589176470588,80.3711761191788,32.8240780857578,14.7727989485375,48.9152641259516,0.820894857142857,87.3900857142857,49.9906857142857,0,3.81355
"Tony Locey","sa3011123",6.8985,1.514,4.1481,0.263398,5.20218,0.7665,0.4609,0.168222,0.57802,0,1.0449,0.6131,0.0259,0.0481
"Tony Santillan","19926",10.5862658823529,1.21352470588235,4.27435764705882,0.228853117647059,4.33732941176471,69.0108719971211,27.8594949402353,7.85892832326644,28.2131872167751,11.1482571428571,51.845,30.3587714285714,0,4.00321428571429
"Tony Watson","3132",7.3674,1.156,3.0942,0.256949,4.19697,0.8186,0.3438,0.128444,0.46633,0,1.0048,0.503,0.0238,0.0377
"Touki Toussaint","16929",8.5344375,1.096725,4.855925,0.247540416666667,4.815825,35.0454368333333,21.4333061666667,4.75351516666667,21.6390001666667,0,35.47105,22.7509,0.01555,4.03075
"Trace Bright","sa3020558",7.49019,1.367865,4.39357,0.2580515,5.006085,43.3979,24.24575,7.081278,26.788555,0,49.51995,28.80795,0.0015,3.5262
"Travis Adams","sa3017991",6.70856,1.19241666666667,2.91301333333333,0.263298166666667,4.53736,26.7901166666667,11.824705,4.70445333333333,18.02832,0.712455166666667,37.3906833333333,19.4560033333333,0,1.23899933333333
"Travis Bergen","18581",7.8795,1.275,4.6647,0.251226,4.70439,0.8755,0.5183,0.141667,0.52271,0,0.9783,0.5589,0.023,0.0476
"Travis Kuhn","sa3009928",7.60095,1.1075,3.8394,0.247808,4.347495,21.42455,11.2066,3.0630555,12.733055,0,24.48075,13.7524,1.01255,3.0294
"Travis Lakins Sr","18600",7.56315,1.3765,4.09275,0.259889,4.871205,10.92035,6.21475,2.0729445,7.261245,0,13.5038,7.77915,0.01155,0.5221
"Travis MacGregor","sa917950",7.1718,1.16,3.58485,0.259855,4.626555,30.8902,15.69165,5.062222,20.247395,0,38.0191,21.76805,0.00945,4.5316
"Travis Perry","sa3007488",7.5123,1.234,3.7629,0.256985,4.55454,0.8347,0.4181,0.137111,0.50606,0,1.0063,0.5434,0.0253,0.0461
"Travis Sthele","sa3022941",4.1697,1.543,4.8339,0.291051,6.04953,0.4633,0.5371,0.171444,0.67217,0,1.1803,0.7159,0.0036,0.0436
"Travis Sykora","sa3023557",6.7941,1.35,4.5009,0.263083,5.06295,0.7549,0.5001,0.15,0.56255,0,1.0326,0.6023,0.003,0.0429
"Trayson Kubo","sa3010314",7.5717,1.263,4.6674,0.257942,4.87548,0.8413,0.5186,0.140333,0.54172,0,1.0093,0.5797,0.0258,0.0425
"Trennor O'Donnell","sa3023531",5.3388,1.478,4.8006,0.28939,6.04548,0.5932,0.5334,0.164222,0.67172,0,1.1707,0.7136,0.0106,0.0492
"Trent Baker","sa3017504",6.198885,1.55629,3.632995,0.273353,5.309375,29.3381,16.70415,7.088278,24.299725,0,46.04915,26.31855,0.00265,2.022
"Trent Fennell","sa3007811",7.4394,1.346,4.4037,0.259288,4.97655,0.8266,0.4893,0.149556,0.55295,0,1.0189,0.59,0.0212,0.0521
"Trent Harris","sa3022526",8.441236,1.096416,3.622542,0.2417696,4.224558,9.088636,4.073848,1.053034,4.565644,0.8856036,9.497734,5.116056,0,0.3268312
"Trent Palmer","sa3014491",6.993455,1.266395,4.988835,0.2592255,5.16974,14.38045,11.2427,2.569889,10.776965,0,18.0215,11.79735,0.0051,3.0306
"Trent Sellers","sa3023454",7.7499,1.3,3.951,0.25369,4.54194,0.8611,0.439,0.144444,0.50466,0,0.9916,0.5438,0.0107,0.0433
"Trent Thornton","17948",9.08754558823529,1.17857676470588,2.78128,0.232444588235294,3.73877058823529,67.0916199163898,20.4549947188866,8.78866079615456,27.6072712441922,13.4812142857143,59.8702142857143,29.9165857142857,0,3.09405285714286
"Trenton Denholm","sa3018139",5.832325,1.35669,2.847445,0.2717985,4.744305,38.32045,18.6569,8.081778,29.277145,0,63.05585,31.7972,0.0015,1.51965
"Trenton Toplikar","sa3007803",7.4385,1.352,3.6783,0.259596,4.78152,0.8265,0.4087,0.150222,0.53128,0,1.0226,0.5672,0.021,0.0521
"Trenton Wallace","sa3017748",7.613705,1.268955,4.172085,0.2489155,4.637565,40.90575,22.719,6.075778,23.75985,0,43.99795,25.7787,0.0015,3.5261
"Trevin Michael","sa3020400",7.94471,1.270315,3.599,0.247614,4.38936,22.431,10.19455,3.569278,12.2413,0,23.9836,13.2588,0.5112,0.51985
"Trevor Bauer","12703",9.387,1.524,2.9646,0.240692,4.34457,1.043,0.3294,0.169333,0.48273,0,0.9341,0.513,0.005,0.0397
"Trevor Bettencourt","sa918556",7.0164,1.16,3.4299,0.263111,4.45941,0.7796,0.3811,0.128889,0.49549,0,1.0355,0.5351,0.023,0.0403
"Trevor Brigden","sa3011481",8.49525,1.2485,3.34935,0.245556,4.360935,23.46475,9.18465,3.076222,11.744965,0,23.47985,12.7609,0.51245,1.02065
"Trevor Cahill","6249",6.3576,1.331,3.4218,0.271351,4.95324,0.7064,0.3802,0.147889,0.55036,0,1.0806,0.5907,0.0034,0.0445
"Trevor Clifton","sa737901",7.65579,1.183955,4.272475,0.2552125,4.79123,9.9376,6.21385,1.5663335,6.74975,0,11.9973,7.26835,1.01265,1.52395
"Trevor Gott","15046",8.50941676470588,1.02075317647059,3.01514823529412,0.237976941176471,4.19672058823529,15.2076747182872,5.38462803903114,1.69627142004152,7.52780441748943,1.01613571428571,14.0493285714286,7.47639285714286,0,0.713286857142857
"Trevor Harrison","sa3023629",5.7402,1.645,4.9581,0.282319,6.02082,0.6378,0.5509,0.182778,0.66898,0,1.138,0.7097,0.0034,0.0442
"Trevor Hildenberger","17002",6.4134,1.437,3.9699,0.271715,5.29614,0.7126,0.4411,0.159667,0.58846,0,1.0861,0.6262,0.0258,0.0557
"Trevor Holloway","sa3014859",5.8428,1.373,5.2254,0.276306,5.59611,0.6492,0.5806,0.152556,0.62179,0,1.1034,0.6632,0.0267,0.047
"Trevor Kelley","18454",7.2324625,1.33795416666667,3.70520416666667,0.261772916666667,4.78859166666667,19.9376419197531,9.93537240123456,3.41064437962963,12.1771521512346,0,24.03165,13.3002,0.50945,1.02215
"Trevor Lane","sa918196",8.1909,1.149,3.9888,0.247914,4.2381,0.9101,0.4432,0.127667,0.4709,0,0.9595,0.5074,0.0252,0.0435
"Trevor Martin","sa3020608",6.930685,1.544395,3.200525,0.2650735,5.074425,42.37865,18.6832,9.087722,30.284235,0,56.53485,32.8026,0.0016,3.52455
"Trevor May","6398",8.39507142857143,1.29742857142857,3.74278571428571,0.246951428571429,4.54625,3.89823640816325,1.65572275736961,0.533371963718819,2.0835183356009,0,0.9617,0.538,0.0312,0.0389
"Trevor McDonald","26448",6.89390529411765,0.901734823529412,3.03592705882353,0.262197176470588,4.25228235294118,32.7442521268943,14.5539527272526,4.42587593872357,20.5605505883891,0.880465428571429,42.6819142857143,21.2782285714286,0,3.71073285714286
"Trevor Megill","17722",10.8172023529412,1.06598676470588,3.38122823529412,0.221926,3.66883176470588,72.5169848606967,22.7793143006459,7.25277400135294,24.532144922316,2.43944,51.0047714285714,25.4040714285714,0,2.32724142857143
"Trevor Richards","19309",9.44910470588235,1.26656705882353,4.35247852941176,0.227954470588235,4.45582147058824,33.7323679330873,15.5493653411496,4.54207193370242,15.7778801843591,1.19015857142857,27.2689142857143,16.3599714285714,0,0.930755714285714
"Trevor Rogers","22286",7.57830117647059,1.12842323529412,3.30964411764706,0.254768823529412,4.36324470588235,56.2638127863991,24.4770088093595,8.35903502325413,32.1626178184637,0.838593,65.4977857142857,34.4254571428571,0,2.70872571428571
"Trevor Stephan","19932",9.51999029411765,1.06296,3.36124235294118,0.231569411764706,3.97867882352941,38.79712101,13.7189598909804,4.2149378227451,16.1266586936471,1.66009285714286,32.8058,17.1604857142857,0,2.12303428571429
"Trevor Tietz","sa3017897",6.0948,1.414,6.2109,0.273772,5.91642,0.6772,0.6901,0.157111,0.65738,0,1.0889,0.6986,0.0272,0.0495
"Trevor Williams","16977",7.13580941176471,1.38111529411765,2.87608764705882,0.260876588235294,4.57803294117647,86.0519878234833,34.6630392100346,16.7234119752249,55.2757388371857,0.790598714285714,113.569428571429,60.4069,0,4.16739571428571
"Trey Benton","sa3015034",7.691145,1.229855,4.572705,0.255363,4.61563,15.426,9.73665,2.565222,9.255705,0,18.00315,9.77535,0.5128,0.51985
"Trey Braithwaite","sa3020251",7.8219,1.534,4.3335,0.262251,5.15826,0.8691,0.4815,0.170444,0.57314,0,1.0361,0.6102,0.0233,0.0427
"Trey Cobb","sa918276",7.2774,1.191,4.0509,0.258527,4.62177,0.8086,0.4501,0.132333,0.51353,0,1.0119,0.5525,0.0255,0.0548
"Trey Cumbie","sa3006954",8.0046,1.296,4.2462,0.249801,4.57911,0.8894,0.4718,0.144,0.50879,0,0.9725,0.5438,0.0228,0.0471
"Trey Dillard","sa3023309",6.4557,1.431,6.3117,0.269277,5.81157,0.7173,0.7013,0.159,0.64573,0,1.0599,0.6871,0.0242,0.0496
"Trey Dombroski","sa3020833",6.97115,1.50323,3.06846,0.263303,4.71259,39.37375,16.1765,8.5796665,25.761545,0,52.0197,27.78025,0.00225,1.0193
"Trey Gibson","sa3023250",6.309,1.22,4.383,0.272911,5.0157,0.701,0.487,0.135556,0.5573,0,1.081,0.6013,0.0054,0.052
"Trey Jeans","sa3010265",7.9578,1.193,4.3083,0.251678,4.48785,0.8842,0.4787,0.132556,0.49865,0,0.9785,0.5357,0.0228,0.0494
"Trey McGough","sa1170436",7.61413333333333,1.09646533333333,3.21160666666667,0.249261666666667,4.12793333333333,22.78228,9.51063666666667,3.36628333333333,13.16195,0,27.3222033333333,14.29019,0.0726143333333333,0.455418
"Trey McLoughlin","sa3017277",8.23468,1.282535,3.6128,0.2468495,4.44265,19.45155,8.2063,3.0693335,10.73753,0,20.4759,11.75525,0.0125,0.01775
"Trey Riley","sa3007611",7.402655,1.2701,5.526955,0.2614145,5.17934,16.9069,13.28665,3.0655555,12.273215,0,21.5045,13.2935,0.01305,1.52555
"Trey Supak","sa828707",5.585045,1.36642,3.01697,0.2734475,4.98368,23.30975,12.6663,5.5775,20.776715,0,40.5552,22.2971,0.0027,3.02615
"Trey Wingenter","17793",9.24993333333333,1.19237083333333,3.82627916666667,0.237208333333333,4.201775,24.8021197777778,10.7244674259259,3.52895171296296,12.0329794814815,0,21.9521,13.2319,0.51185,2.02465
"Tristan Beck","21584",7.70253235294118,1.06815088235294,2.63925529411765,0.249572,4.18268823529412,48.8073941635871,16.7631873295502,6.8966118838812,26.456298033564,1.22248285714286,56.7207285714286,27.9859285714286,0,2.27755142857143
"Tristan Garnett","sa3017473",8.05922,1.174465,4.442325,0.24914,4.63605,17.93855,9.74555,2.565222,10.740965,0,19.4781,11.76,0.51265,0.5208
"Tristan Stevens","sa3019881",5.496475,1.25837,2.813265,0.2803795,4.852745,23.31085,11.66265,5.568111,21.2654,0,45.05965,22.78685,0.0027,1.02125
"Tristan Stivors","sa3020325",8.136865,1.21606,5.082115,0.249979,4.892385,14.44205,9.26765,2.069111,8.76307,0,14.9931,9.28245,0.0129,1.5255
"Triston McKenzie","18000",8.360145,1.59228117647059,4.42852235294118,0.240203411764706,4.91210941176471,100.536252461766,53.0628660175548,19.0917681930335,58.8276347451996,0.817962142857143,103.762928571429,62.6286285714286,0,3.35127714285714
"Triston Polley","sa3010258",6.69996,1.091465,4.825855,0.2605695,5.065975,14.86585,11.249,2.556,12.24957,0,20.01785,13.27115,0.0129,1.5266
"Troy Bacon","sa918926",7.3188,1.417,3.8178,0.261582,4.92723,0.8132,0.4242,0.157444,0.54747,0,1.0344,0.583,0.0214,0.0424
"Troy Melton","sa3020652",7.06315,1.30757,2.74681,0.257465,4.47013,37.8913,14.65305,7.0718335,24.244845,0,49.5088,26.2634,0.00145,1.51965
"Troy Miller","sa3008453",6.936685,1.4744,3.922195,0.262895,4.94503,11.89615,7.6915,2.582389,8.772575,0,17.01985,9.29075,0.0022,0.02075
"Troy Stainbrook","sa3014806",6.2874,1.24,6.5754,0.26717,5.51961,0.6986,0.7306,0.137778,0.61329,0,1.0503,0.6559,0.0272,0.0512
"Troy Taylor","31883",9.49087933333333,1.11190106666667,3.68699866666667,0.226466266666667,3.76450333333333,55.8208106051407,21.7287028725689,6.53287886051259,22.1698056275684,4.83363,46.64505,24.8980666666667,0,3.63738333333333
"Troy Watson","sa3007249",6.550795,1.287695,4.331905,0.2611265,5.06194,24.86055,17.22645,4.575611,19.27758,0,35.02065,20.79695,0.50415,1.5213
"Trystan Vrieling","sa3020681",6.601025,1.477705,2.94708,0.262976,4.85579,50.85,21.168,9.5920555,34.28137,0,68.04285,37.3002,0.00165,1.51945
"Tsuyoshi Wada","13046",7.6869,1.263,2.7666,0.256398,4.2363,0.8541,0.3074,0.140333,0.4707,0,1.0069,0.5062,0.0116,0.0395
"Tucker Davidson","19871",7.47666666666667,1.10158333333333,3.31008333333333,0.2571825,4.24715416666667,41.9902521851852,19.4264352592593,6.21737806481481,24.6103611296296,0,51.4991,26.24755,0.5119,1.5188
"Ty Adcock","25651",8.14155166666667,1.4030225,3.25819583333333,0.247931666666667,4.4491225,15.8333300618518,6.28010418595679,3.05894071964506,9.28162486925926,0,17.4823,9.75095,0.0121,0.521
"Ty Blach","14361",5.275525,1.45640416666667,2.2974875,0.294337916666667,5.26152916666667,25.2026837962963,10.9200476790123,7.65320311419753,27.3726398148148,0,54.5675,28.28275,0.0034,2.5244
"Ty Buttrey","14719",7.01785,1.0773645,4.23322,0.258614,4.56442,10.9007,7.21765,1.5655555,7.25445,0,14.51045,7.77405,0.0144,0.5212
"Ty Cummings","sa3023365",6.048,1.381,4.1319,0.277208,5.26986,0.672,0.4591,0.153444,0.58554,0,1.1062,0.628,0.003,0.0464
"Ty Damron","sa738284",5.922,1.432,3.1383,0.272266,4.90734,0.658,0.3487,0.159111,0.54526,0,1.0901,0.5838,0.0037,0.0435
"Ty Johnson","sa3023410",7.2864,1.414,4.1229,0.264798,5.07843,0.8096,0.4581,0.157111,0.56427,0,1.045,0.6029,0.0065,0.0525
"Ty Langenberg","sa3023101",5.9328,1.448,3.7647,0.278613,5.36598,0.6592,0.4183,0.160889,0.59622,0,1.121,0.6367,0.0033,0.0472
"Ty Madden","30140",8.2555,1.15098235294118,3.36913058823529,0.242483588235294,4.28376411764706,40.6500226273587,16.9043554541176,5.76796793552019,21.4902191476448,0.926074285714286,41.0966285714286,22.1686142857143,0,1.61781857142857
"Ty Madrigal","sa3014800",6.0318,1.344,5.9031,0.271531,5.47992,0.6702,0.6559,0.149333,0.60888,0,1.0729,0.6511,0.027,0.0588
"Ty Tice","20177",8.027075,1.231945,4.663655,0.2529405,4.83035,22.44565,13.74435,3.565889,14.25273,0,25.48665,15.2715,0.0126,1.5236
"Ty Weatherly","sa3023130",5.9571,1.509,4.8573,0.277155,5.66226,0.6619,0.5397,0.167667,0.62914,0,1.1092,0.6708,0.0044,0.0462
"Ty Weber","sa3014788",5.9319,1.361,3.0375,0.271419,4.88124,0.6591,0.3375,0.151222,0.54236,0,1.0917,0.581,0.0202,0.0443
"Tyler Ahearn","sa3017747",5.5512,1.393,5.391,0.277733,5.70447,0.6168,0.599,0.154778,0.63383,0,1.1106,0.6758,0.0268,0.0492
"Tyler Alexander","17735",7.58781176470588,1.65478264705882,1.92671117647059,0.257057647058824,4.47661882352941,55.4493241128581,13.9235580806228,12.3273726998408,32.9841411332318,3.68787142857143,66.3912,35.4816857142857,0,2.31712428571429
"Tyler Anderson","12880",7.07194058823529,1.56050352941176,3.57788705882353,0.257108705882353,4.93291352941176,128.63930813865,64.6742660278354,28.2556178522107,89.4067651568204,0,165.405285714286,93.3424571428571,0,6.94853142857143
"Tyler Baum","sa1054042",7.85477,1.262785,5.445785,0.250932,5.061985,20.9271,15.279,3.564222,14.258095,0,22.98245,15.2779,0.0129,3.0288
"Tyler Beck","sa3010563",7.5879,1.301,4.0428,0.257077,4.74948,0.8431,0.4492,0.144556,0.52772,0,1.0081,0.5644,0.0223,0.0474
"Tyler Beede","16981",7.834825,1.14734583333333,4.39602083333333,0.253902916666667,4.76595416666667,18.91271275,11.4770304722222,2.74233194444444,11.7916557962963,0,20.5048,12.2681,0.5167,2.02765
"Tyler Bradt","sa3022859",6.5988,1.268,5.7582,0.265514,5.35392,0.7332,0.6398,0.140889,0.59488,0,1.044,0.6359,0.0267,0.0492
"Tyler Brown","sa3014450",7.3854,1.403,3.7215,0.258248,4.79835,0.8206,0.4135,0.155889,0.53315,0,1.0137,0.5689,0.0253,0.0432
"Tyler Bryant","sa3024995",7.1667,1.397,5.6124,0.263521,5.42412,0.7963,0.6236,0.155222,0.60268,0,1.0383,0.642,0.0266,0.0443
"Tyler Burch","sa1172727",6.08853,1.51028,3.52147,0.2805235,5.584765,11.3295,6.202,2.5889445,9.820845,0,18.08915,10.84065,0.00865,1.02305
"Tyler Chatwood","4338",7.785,1.062,4.1742,0.255351,4.38057,0.865,0.4638,0.118,0.48673,0,0.9925,0.5266,0.0235,0.0504
"Tyler Cleveland","sa3020840",6.2505,1.455,3.9033,0.262052,4.93155,0.6945,0.4337,0.161667,0.54795,0,1.0372,0.5857,0.0256,0.0483
"Tyler Clippard","5640",6.8724,1.547,3.7278,0.261624,5.1264,0.7636,0.4142,0.171889,0.5696,0,1.0376,0.603,0.0251,0.0508
"Tyler Cyr","18421",8.49685714285714,1.11928571428571,3.99014285714286,0.257005,4.73152857142857,4.58722699319727,2.26886191383219,0.681076145124715,3.15015957369614,0,0.9548,0.4935,0.0245,0.0446
"Tyler Danish","15126",5.66396,1.2698,3.980575,0.2811855,5.29374,13.322,9.7177,3.0701665,12.792685,0,24.5686,13.81375,0.51225,1.52525
"Tyler Davis","sa3024515",7.5825,1.428,4.2372,0.257935,4.88916,0.8425,0.4708,0.158667,0.54324,0,1.011,0.5798,0.0218,0.0446
"Tyler Driver","sa3010253",6.4656,1.357,4.4937,0.269137,5.24583,0.7184,0.4993,0.150778,0.58287,0,1.0685,0.6221,0.0262,0.0636
"Tyler Duffey","13758",7.95112916666667,1.175875,3.885125,0.252312083333333,4.42234166666667,17.9755411975309,9.31464082098765,2.57459039506173,10.0669148271605,0,19.49675,11.2645,0.01175,1.0213
"Tyler Eckberg","sa3017365",6.418145,1.337035,2.76932,0.271494,4.726405,18.36225,7.17125,3.5803335,13.271745,0,29.5351,14.28955,0.51265,1.0219
"Tyler Ferguson","19481",9.58320264705882,1.00348,4.27604235294118,0.222460823529412,4.00117294117647,68.5588485253268,30.5545396136102,7.09167801801615,28.6385581125952,15.2283142857143,55.1808857142857,32.4460714285714,0,4.98904571428571
"Tyler Gilbert","17964",7.62172382352941,1.34139176470588,2.803415,0.259412647058824,4.57144529411765,42.2405828388639,15.5572164244948,7.4778581799308,25.47042033396,5.33742,51.9513,27.8255857142857,0,2.07633714285714
"Tyler Gillies","sa3008645",6.2613,1.416,5.3667,0.273238,5.65965,0.6957,0.5963,0.157333,0.62885,0,1.0888,0.6688,0.0268,0.0509
"Tyler Glasnow","14374",10.9498564705882,1.05167229411765,2.68478823529412,0.214652058823529,3.33596,164.766623141361,40.4168433114879,15.8598889066148,50.1216813079585,0,107.15,53.9662142857143,0,2.47509714285714
"Tyler Gough","sa3020865",5.3973,1.573,4.8321,0.275682,5.70744,0.5997,0.5369,0.174778,0.63416,0,1.1062,0.6754,0.0033,0.0475
"Tyler Guilfoil","sa3020113",6.774415,1.59002,4.00719,0.2630455,5.31522,36.86565,21.22255,8.0918335,27.30426,0,49.02815,29.3225,0.00255,6.0337
"Tyler Herb","sa829625",7.4466,1.002,2.466,0.257497,3.8403,0.8274,0.274,0.111333,0.4267,0,1.0063,0.4659,0.0244,0.037
"Tyler Higgins","sa503722",7.8624,1.265,3.357,0.253944,4.41684,0.8736,0.373,0.140556,0.49076,0,0.9932,0.526,0.025,0.0409
"Tyler Hoffman","sa3020449",5.1885,1.731,7.1064,0.29951,7.3782,0.5765,0.7896,0.192333,0.8198,0,1.2232,0.8624,0.0285,0.0594
"Tyler Holton","26231",7.83132470588235,0.947866823529412,2.37586676470588,0.234097705882353,3.50247,63.6405680648858,19.1805913810784,7.66111356627451,28.4821080712918,13.2024857142857,63.2641571428571,29.4403285714286,0,2.90508857142857
"Tyler Ivey","20237",6.8958,1.518,3.114,0.269171,5.04288,0.7662,0.346,0.168667,0.56032,0,1.0727,0.5971,0.0029,0.0418
"Tyler Jay","17952",7.76856545454546,0.99316,3.21036909090909,0.251686181818182,4.25889818181818,17.0397597092452,6.87484213593388,2.1143794621157,9.40541835108172,0,19.5709575,9.7375225,0.1224145,1.25166125
"Tyler Kennedy","sa3023042",5.8212,1.342,8.7471,0.279155,6.84648,0.6468,0.9719,0.149111,0.76072,0,1.1083,0.8044,0.0289,0.0629
"Tyler Kinley","18297",9.15736,1.32494470588235,3.95455352941176,0.254994705882353,4.98340794117647,62.8001485399031,26.9606419655409,9.05527215498039,34.0437145352411,6.54613714285714,60.3489571428571,35.4455,0,2.87723428571429
"Tyler Mahle","16358",8.13919235294118,1.31934176470588,2.82797735294118,0.245229529411765,4.42354176470588,114.747866434775,39.9265101377682,18.6243757040484,62.2919705633564,0,120.066428571429,66.4986,0,4.85126571428571
"Tyler Mattison","sa3018117",9.027336,1.127228,4.041252,0.2325818,4.199998,21.88152,9.687732,2.85494,10.132292,0.96303,19.83722,11.056,0,1.1432684
"Tyler Matzek","10058",8.3986505882353,1.21662952941176,4.1558305882353,0.239018235294118,4.58196,38.5028742460807,19.0405615790542,5.61550574924568,20.8511432152249,4.16070285714286,38.0503428571429,21.3660428571429,0,1.63091142857143
"Tyler McKay","sa3007851",6.746535,1.0036305,4.078625,0.2595335,4.65767,17.38005,11.21405,2.5571665,12.74578,0,23.5161,13.7669,0.5127,2.5289
"Tyler Mitzel","sa3007862",7.686,1.223,3.1626,0.254627,4.32369,0.854,0.3514,0.135889,0.48041,0,0.996,0.5166,0.0249,0.047
"Tyler Morgan","sa3022862",5.3577,1.551,4.8303,0.278533,5.70771,0.5953,0.5367,0.172333,0.63419,0,1.1143,0.6747,0.0162,0.0447
"Tyler Myrick","sa3017541",6.976355,1.034795,3.40398,0.2576625,4.40259,20.8934,10.192,3.059111,13.73778,0,28.00495,14.75795,0.5126,2.02455
"Tyler Owens","sa3011201",7.14945666666667,1.16428666666667,3.32169,0.256064833333333,4.50995333333333,19.503945,9.21478333333333,3.32579333333333,12.339915,0.724593666666667,24.6839333333333,13.211765,0,1.2360785
"Tyler Palm","sa3007270",6.7464,1.281,3.7737,0.268002,4.89906,0.7496,0.4193,0.142333,0.54434,0,1.0637,0.5837,0.0204,0.0527
"Tyler Phillips","20629",6.71806911764706,1.24949529411765,2.89615647058824,0.266036235294118,4.65826,39.1045092238581,17.2045634106021,7.42571739550173,27.6887983099931,0.829300285714286,55.4328428571429,29.7513428571429,0,1.93285428571429
"Tyler Pike","sa657974",7.7067,1.132,4.0032,0.254353,4.35969,0.8563,0.4448,0.125778,0.48441,0,0.9905,0.5228,0.0225,0.049
"Tyler Ras","sa3017718",5.841,1.355,5.2875,0.276715,5.59323,0.649,0.5875,0.150556,0.62147,0,1.1047,0.6632,0.0267,0.0453
"Tyler Rogers","15541",6.30771294117647,0.871043411764706,1.97501529411765,0.254707529411765,3.75245647058824,49.0752766261776,15.248553912692,6.74111232678585,29.102268355471,15.0363428571429,70.5787714285714,31.3079714285714,0,3.90264714285714
"Tyler Samaniego","sa3017876",7.45727,1.025785,4.134795,0.2539235,4.360205,14.9143,8.23085,2.0568335,8.74161,0,17.50275,9.26135,0.01275,1.02285
"Tyler Santana","sa3017542",5.8635,1.199,3.672,0.272544,4.74498,0.6515,0.408,0.133222,0.52722,0,1.0817,0.5696,0.0222,0.0391
"Tyler Schimpf","sa829573",7.6797,1.312,4.6377,0.256997,4.94001,0.8533,0.5153,0.145778,0.54889,0,1.0064,0.5857,0.0259,0.0487
"Tyler Schlaffer","sa3011815",5.1831,1.519,4.7376,0.283058,5.84613,0.5759,0.5264,0.168778,0.64957,0,1.1403,0.6916,0.0049,0.0521
"Tyler Schoff","sa3017545",7.36159,1.214055,3.47497,0.25555,4.592465,18.40225,8.20135,3.065611,11.744685,0,22.50055,12.7638,0.51255,0.5212
"Tyler Schweitzer","sa3020712",6.75433,1.428815,3.46829,0.266621,4.93417,43.36995,21.6951,9.079111,32.265055,0,61.0266,34.7845,0.0015,1.5202
"Tyler Stuart","sa3020264",7.46242166666667,1.11464,2.82706166666667,0.2530445,4.19242333333333,30.0893833333333,11.5125416666667,4.77171166666667,17.4021916666667,0.837183333333333,36.5209333333333,18.69795,0,1.85255666666667
"Tyler Thomas","sa873974",7.44281,1.147295,4.395035,0.2551325,4.813295,17.90325,10.7341,2.5669445,11.75636,0,21.00285,12.7757,0.0099,2.53065
"Tyler Thornburg","10688",7.3206,1.316,3.7233,0.260266,4.75398,0.8134,0.4137,0.146222,0.52822,0,1.0261,0.5643,0.0244,0.0488
"Tyler Thornton","sa3018229",9.46121,1.355595,5.511215,0.235984,4.86646,18.00945,11.2718,2.573222,9.26208,0,14.45985,9.7789,0.5129,3.0342
"Tyler Uberstine","sa3017643",5.6034,1.45,4.1607,0.286472,5.7303,0.6226,0.4623,0.161111,0.6367,0,1.1558,0.6782,0.0031,0.0441
"Tyler Viza","sa738610",8.3187,1.158,3.4371,0.250707,4.26024,0.9243,0.3819,0.128667,0.47336,0,0.9758,0.5093,0.0249,0.0439
"Tyler Vogel","sa3020406",6.2658,1.156,5.1066,0.268453,5.14206,0.6962,0.5674,0.128444,0.57134,0,1.0649,0.6149,0.0192,0.0478
"Tyler Webb","14974",6.9003,1.3,4.7286,0.261468,4.96242,0.7667,0.5254,0.144444,0.55138,0,1.0294,0.589,0.0259,0.0426
"Tyler Wehrle","sa3019961",5.2452,1.505,4.7574,0.279747,5.72607,0.5828,0.5286,0.167222,0.63623,0,1.1252,0.6771,0.0201,0.0512
"Tyler Wells","20000",7.87725882352941,1.43418529411765,2.48782941176471,0.240703882352941,4.17588352941176,20.0391037075294,6.49193139192157,3.66572012709804,11.1139389136471,0.908858571428571,20.1257571428571,11.3212428571429,0,0.508246714285714
"Tyler Woessner","sa3020171",6.722415,1.37204,4.37482,0.263393,5.10326,30.86425,20.23515,6.0771665,22.78472,0,41.5338,24.805,0.0049,1.5219
"Tyler Yankosky","sa1170108",5.7141,1.249,4.7223,0.273187,5.16087,0.6349,0.5247,0.138778,0.57343,0,1.0813,0.6159,0.0262,0.0482
"Tyler Zuber","20379",9.06862705882353,1.35266588235294,4.44846323529412,0.239164470588235,4.84736117647059,37.0871568884706,18.1496985392288,5.51450878145329,19.7399794837555,1.13821428571429,33.5405428571429,20.5651857142857,0,1.41445714285714
"Tylor Megill","21318",9.53800705882353,1.08342382352941,3.51123029411765,0.234070705882353,4.00563411764706,91.8305887176471,33.8601981916667,10.3497813698097,38.5799078809689,0.886910571428571,77.6101571428571,41.7479142857143,0,3.58125285714286
"Tyree Thompson","sa918618",7.2756,1.312,4.6674,0.25848,4.97133,0.8084,0.5186,0.145778,0.55237,0,1.0127,0.5906,0.021,0.0495
"Tyrone Yulie","sa3010246",6.0192,1.773,4.9932,0.27591,6.02163,0.6688,0.5548,0.197,0.66907,0,1.1136,0.7085,0.0031,0.0561
"Tyson Guerrero","sa3017140",6.701265,1.350675,3.93079,0.2656745,5.079395,37.8631,22.21295,7.573778,28.279535,0,51.53475,30.7986,0.0017,4.02765
"Tyson Messer","sa3010114",5.5206,1.656,6.7824,0.281101,6.51006,0.6134,0.7536,0.184,0.72334,0,1.1273,0.7646,0.0278,0.0551
"Tyson Miller","19976",8.29525176470588,1.14063764705882,3.01915264705882,0.231130823529412,3.97756147058824,57.3515591706498,20.9038981851615,7.9769416800692,27.5367262339896,12.2588142857143,55.9704142857143,29.0464,0,3.44146285714286
"TzuChen Sha","sa3021551",4.2462,1.84,4.2417,0.292135,6.29451,0.4718,0.4713,0.204444,0.69939,0,1.1967,0.7387,0.007,0.0503
"Ubaldo Soto","sa3022015",4.4541,1.513,6.3747,0.292121,6.58422,0.4949,0.7083,0.168111,0.73158,0,1.1842,0.7768,0.0033,0.0529
"Ubert Mejias","sa3021562",4.131,1.534,3.2634,0.29033,5.61708,0.459,0.3626,0.170444,0.62412,0,1.1943,0.6665,0.0034,0.0418
"Ulices Campos","sa3015997",5.2938,1.39,5.5161,0.27631,5.74929,0.5882,0.6129,0.154444,0.63881,0,1.1093,0.6804,0.027,0.0434
"Valente Bellozo","23899",6.52499882352941,1.49927176470588,2.89966117647059,0.267416588235294,4.75715,47.6204412126182,21.2332564662361,10.9565208541407,34.732964011707,0.830406571428571,70.3424714285714,38.2306428571429,0,2.32190428571429
"Valentin Linarez","sa3006557",7.178355,1.18893,4.68477,0.2601875,4.93404,22.89795,15.2541,4.0610555,16.264035,0,29.51165,17.7841,0.51295,2.5269
"Victor Arano","15915",8.2701,1.084,3.1095,0.245813,3.93633,0.9189,0.3455,0.120444,0.43737,0,0.9452,0.4734,0.023,0.0483
"Victor Basora","sa3016219",4.7466,1.531,8.3016,0.288572,7.12647,0.5274,0.9224,0.170111,0.79183,0,1.1626,0.8361,0.0289,0.0568
"Victor Brea","sa3019242",4.6953,1.45,9.8496,0.286071,7.3602,0.5217,1.0944,0.161111,0.8178,0,1.1452,0.8626,0.0298,0.0574
"Victor Cabreja","sa3018342",4.5702,1.331,8.3628,0.287486,6.77736,0.5078,0.9292,0.147889,0.75304,0,1.1546,0.7975,0.0288,0.0476
"Victor Castaneda","sa978399",7.4493,1.374,3.5856,0.252903,4.59387,0.8277,0.3984,0.152667,0.51043,0,0.993,0.5457,0.0253,0.0482
"Victor Espiritu","sa3023847",4.3569,1.561,7.2513,0.293253,6.94008,0.4841,0.8057,0.173444,0.77112,0,1.1897,0.816,0.0124,0.0484
"Victor Fransua","sa3016488",4.8294,1.473,8.8164,0.28757,7.14474,0.5366,0.9796,0.163667,0.79386,0,1.1533,0.8391,0.0291,0.0499
"Victor Garcia","sa3015930",4.3461,1.585,9.2205,0.293112,7.64802,0.4829,1.0245,0.176111,0.84978,0,1.1852,0.8946,0.0296,0.063
"Victor Garcia","sa3023615",5.5584,1.652,5.8824,0.2837,6.3126,0.6176,0.6536,0.183556,0.7014,0,1.1428,0.743,0.0199,0.0512
"Victor Gonzalez","16408",7.07596588235294,1.10636870588235,4.04525058823529,0.256009764705882,4.62309588235294,20.8173558724337,12.0886315989773,3.35144482276048,13.7366150840946,0.90782,26.6142285714286,14.6621428571429,0,1.90367285714286
"Victor Juarez","sa3016226",5.3892,1.741,3.7278,0.296666,6.19704,0.5988,0.4142,0.193444,0.68856,0,1.2171,0.729,0.0033,0.0522
"Victor Lizarraga","sa3015220",6.63937,1.39907,3.708635,0.259518,5.037745,35.8652,19.2127,7.082,26.78168,0,48.023,28.80085,0.0015,4.5294
"Victor Lopez","sa3009636",5.8392,1.567,5.6232,0.274593,5.90346,0.6488,0.6248,0.174111,0.65594,0,1.0931,0.6959,0.0269,0.0474
"Victor Mederos","31533",7.07143941176471,1.24974352941176,4.25867,0.256869705882353,4.84747823529412,28.2332953743645,17.1642259725759,5.07884983640138,19.6051308035425,0.984398571428571,37.4050285714286,22.5001857142857,0,3.21249285714286
"Victor Munoz","sa3006381",5.7222,1.535,3.2895,0.276888,5.27967,0.6358,0.3655,0.170556,0.58663,0,1.115,0.6252,0.0079,0.0526
"Victor Pena","sa3017015",5.5566,1.331,8.2917,0.276856,6.41214,0.6174,0.9213,0.147889,0.71246,0,1.0979,0.7566,0.0285,0.0491
"Victor Santos","sa3003083",6.06504,1.20528,2.845015,0.262851,4.61282,31.34305,14.1667,5.575222,23.761735,0,48.0334,25.78095,0.0057,2.02135
"Victor Simeon","sa3011677",7.2333,1.343,5.9319,0.262207,5.44212,0.8037,0.6591,0.149222,0.60468,0,1.0305,0.645,0.0268,0.0538
"Victor Soteldo","sa3017098",4.7151,1.534,8.586,0.288957,7.22295,0.5239,0.954,0.170444,0.80255,0,1.1636,0.847,0.0291,0.0541
"Victor Vargas","sa3007724",5.5467,1.535,3.0393,0.278674,5.229,0.6163,0.3377,0.170556,0.581,0,1.1247,0.6202,0.003,0.0474
"Victor Villanueva","sa3008137",5.7213,1.363,6.5367,0.277441,6.01335,0.6357,0.7263,0.151444,0.66815,0,1.1043,0.7113,0.0275,0.0504
"Victor Vodnik","24614",8.48034117647059,0.902043235294118,4.41683705882353,0.254858470588235,4.38069147058824,61.9257652994879,32.159465200346,6.564745614,32.0375936311626,10.7541,65.5355571428571,35.6166285714286,0,2.49642285714286
"Vin Timpanelli","sa3014814",7.806865,1.3593,5.41921,0.255501,5.446345,16.41925,12.266,3.067,12.269015,0,18.0023,13.28855,0.51295,2.5274
"Vince Reilly","sa3040586",5.5809,1.28,5.6115,0.277399,5.5656,0.6201,0.6235,0.142222,0.6184,0,1.1028,0.6622,0.0268,0.046
"Vince Sanchez","sa3019298",4.3488,1.684,6.8031,0.293351,7.00713,0.4832,0.7559,0.187111,0.77857,0,1.1957,0.8219,0.0067,0.0491
"Vince Vannelle","sa3018094",6.7959,1.515,4.1913,0.266714,5.1561,0.7551,0.4657,0.168333,0.5729,0,1.0576,0.6101,0.0236,0.04
"Vince Velasquez","11189",8.487497,1.356244,3.33513933333333,0.2404972,4.49470666666667,11.9867890115156,4.766365698,2.09411301997037,6.57616470808889,0.861183,11.00735,6.16124166666667,0,0.591896
"Vinny Nittoli","16754",8.69764909090909,1.54042409090909,2.94828727272727,0.244878181818182,4.94854181818182,19.2962255454435,6.37615242446281,3.49337652557851,11.2776396583508,0.3210975,16.543925,8.986585,0.1669255,1.215875
"Vitico Valdez","sa3017472",4.0626,1.456,6.9516,0.295807,6.74982,0.4514,0.7724,0.161778,0.74998,0,1.2,0.797,0.0065,0.0519
"Vladimir Gutierrez","19278",7.03152916666667,1.36082083333333,4.0359875,0.260390416666667,5.06263333333333,24.1503188518519,15.1978725185185,4.70153116049383,18.0577610648148,0,32.0256,19.29365,0.01595,2.02475
"Wade Davis","7441",7.4574,1.397,3.3876,0.260541,4.79862,0.8286,0.3764,0.155222,0.53318,0,1.0288,0.5678,0.0249,0.0439
"Wade LeBlanc","5221",5.3973,1.582,2.9862,0.280299,5.26068,0.5997,0.3318,0.175778,0.58452,0,1.1379,0.6214,0.0202,0.0486
"Wade Miley","8779",5.85377176470588,1.47158764705882,3.38281882352941,0.279984117647059,5.05378823529412,31.0575562477078,17.8839151346159,7.78364377784314,26.7959225877386,0.00945411428571429,51.6879,28.5958714285714,0,1.59556214285714
"Wagner Castillo","sa3018354",4.329,1.637,8.8929,0.292951,7.62246,0.481,0.9881,0.181889,0.84694,0,1.1878,0.8909,0.0295,0.0623
"Walbert Urena","sa3018298",5.3064,1.438,5.8563,0.285108,6.05295,0.5896,0.6507,0.159778,0.67255,0,1.1418,0.7183,0.0032,0.0595
"Wali Pierre","sa3020968",4.2534,1.586,9.0198,0.293509,7.56369,0.4726,1.0022,0.176222,0.84041,0,1.1883,0.8853,0.0295,0.0542
"Walin Castillo","sa3019280",4.4091,1.534,4.6782,0.29375,6.11991,0.4899,0.5198,0.170444,0.67999,0,1.2,0.7236,0.0046,0.0471
"Walker Brockhouse","sa3017105",7.0749,1.146,4.5855,0.263099,4.80177,0.7861,0.5095,0.127333,0.53353,0,1.0279,0.5756,0.02,0.0506
"Walker Buehler","19374",7.48174235294118,1.13247941176471,2.71243941176471,0.259259764705882,4.26376882352941,119.228300615948,43.4024519130719,18.1031498594771,68.1009040477124,0.796625285714286,145.183571428571,75.2239857142857,0,5.80057857142857
"Walker Powell","sa3017815",6.266195,1.330135,2.42421,0.265449,4.50624,28.84995,10.14785,6.074889,20.25768,0,43.03565,21.77735,0.00145,1.52055
"Walter Ford","sa3022190",4.9374,1.704,4.2021,0.280679,5.80752,0.5486,0.4669,0.189333,0.64528,0,1.1379,0.6852,0.0043,0.05
"Walter Pennington","27624",8.30111117647059,0.897754411764706,3.69042823529412,0.240864823529412,4.07981352941176,40.9901147904921,18.4105552824867,4.55330112159515,20.3647130343414,1.05861428571429,41.8616571428571,21.9746,0,2.08316142857143
"Walvin Mena","sa3021505",3.9528,1.755,6.5322,0.297746,7.14609,0.4392,0.7258,0.195,0.79401,0,1.2221,0.8372,0.0039,0.0517
"Wande Torres","sa3019165",4.9158,1.487,7.3341,0.285164,6.63732,0.5462,0.8149,0.165222,0.73748,0,1.1467,0.7814,0.004,0.0559
"Wander Arias","sa3011440",5.7294,1.411,4.9104,0.271015,5.43222,0.6366,0.5456,0.156778,0.60358,0,1.0736,0.6442,0.0209,0.055
"Wander Guante","sa3009851",5.618,1.53693,3.97771,0.2752065,5.44289,27.30545,18.72355,7.582222,26.2978,0,47.5525,28.3179,0.00725,3.02625
"Wander Severino","sa3018901",4.4469,1.603,7.2918,0.292489,7.0182,0.4941,0.8102,0.178111,0.7798,0,1.1873,0.824,0.0113,0.0515
"Wander Suero","15855",7.75644666666667,1.40543666666667,3.82646416666667,0.264654583333333,4.87024333333333,22.8261058747222,11.5553670848611,3.88867394055556,14.0728193480556,0,26.0114,14.78985,0.5135,2.02545
"Wander Ventura","sa3018892",4.0257,1.568,6.8121,0.296728,6.92037,0.4473,0.7569,0.174222,0.76893,0,1.2097,0.8143,0.0089,0.0563
"Wandi Montout","sa3011422",5.7114,1.357,5.895,0.27757,5.83452,0.6346,0.655,0.150778,0.64828,0,1.1067,0.6909,0.0272,0.0589
"Wandisson Charles","sa874818",7.91025,1.131275,5.743865,0.2515235,5.042455,14.93,11.29765,2.063778,9.766155,0,16.49005,10.78625,0.01305,1.02225
"Wandy Abreu","sa3018825",4.2345,1.728,6.2991,0.295628,6.97113,0.4705,0.6999,0.192,0.77457,0,1.2103,0.8172,0.0047,0.0491
"Wandy Peralta","14295",7.26991323529412,1.02973129411765,3.81304117647059,0.243796,4.09786441176471,40.6387054163253,21.3960756106113,5.74888659099885,22.8173635655709,4.93272857142857,46.8174285714286,24.5746857142857,0,2.87273571428571
"Wanmer Ramirez","sa3018904",4.7466,1.585,7.938,0.287092,7.05681,0.5274,0.882,0.176111,0.78409,0,1.1581,0.8273,0.0287,0.0571
"Wardquelin Vasquez","sa3006502",5.6205,1.583,6.0714,0.278819,6.1065,0.6245,0.6746,0.175889,0.6785,0,1.1155,0.7197,0.0273,0.0506
"Waylin Santana","sa3015425",4.9608,1.549,5.8563,0.28546,6.29595,0.5512,0.6507,0.172111,0.69955,0,1.1538,0.7415,0.023,0.0564
"WeiChieh Huang","17508",7.7904,1.292,2.9241,0.253066,4.40937,0.8656,0.3249,0.143556,0.48993,0,0.9967,0.5255,0.0056,0.0426
"Welington Quintero","sa3016047",4.6917,1.535,8.2863,0.288674,7.1055,0.5213,0.9207,0.170556,0.7895,0,1.1633,0.8338,0.0289,0.0495
"Welinton Herrera","sa3016061",6.8886,1.193,5.3658,0.275223,5.30127,0.7654,0.5962,0.132556,0.58903,0,1.0868,0.6321,0.0266,0.055
"Wellington Aracena","sa3019265",5.6889,1.416,6.3648,0.275481,5.99184,0.6321,0.7072,0.157333,0.66576,0,1.0987,0.7097,0.0062,0.0475
"Wellington Diaz","sa3004579",6.1677,1.364,5.7888,0.273196,5.6925,0.6853,0.6432,0.151556,0.6325,0,1.0853,0.6739,0.0269,0.0482
"Wellington Guzman","sa3019185",4.2741,1.616,8.8236,0.292888,7.53327,0.4749,0.9804,0.179556,0.83703,0,1.1864,0.8813,0.0294,0.0549
"WenHui Pan","sa3020878",6.4521,1.472,4.7907,0.267091,5.36184,0.7169,0.5323,0.163556,0.59576,0,1.0537,0.6355,0.0145,0.0496
"Wenderlyn King","sa3024235",4.4424,1.633,6.3603,0.29361,6.80643,0.4936,0.7067,0.181444,0.75627,0,1.1969,0.7998,0.0063,0.0528
"Wermer Pineda","sa3018339",4.4361,1.563,8.8785,0.291756,7.44102,0.4929,0.9865,0.173667,0.82678,0,1.1782,0.8715,0.0293,0.0562
"Wes Benjamin","19243",7.3728,1.428,3.8574,0.255698,4.69458,0.8192,0.4286,0.158667,0.52162,0,1.0007,0.5562,0.0189,0.0388
"Wes Parsons","14764",8.57919583333333,1.18167083333333,3.91553333333333,0.243000416666667,4.0947125,23.9626119753086,12.144874345679,3.60335823765432,12.5181911234568,0,24.96265,14.23725,0.0121,1.5234
"Wes Robertson","sa3004491",7.6131,1.179,4.0059,0.257157,4.56696,0.8459,0.4451,0.131,0.50744,0,1.0051,0.5458,0.0254,0.0514
"Weskendry Espinoza","sa3016046",4.5423,1.386,7.8741,0.293186,6.98121,0.5047,0.8749,0.154,0.77569,0,1.1833,0.8207,0.0287,0.0541
"Wesley Moore","sa3020796",8.06576,1.3458,4.25259,0.250187,4.79629,16.94165,8.73835,3.066889,10.743665,0,17.97955,11.76235,0.01265,2.52645
"Wesley Scott","sa3020442",5.9985,1.337,6.948,0.274741,6.06366,0.6665,0.772,0.148556,0.67374,0,1.0891,0.7171,0.0277,0.0579
"Whilmer Guerra","sa3021538",3.6549,1.714,6.7266,0.304477,7.32159,0.4061,0.7474,0.190444,0.81351,0,1.2567,0.858,0.007,0.0532
"Wifrailyn Jaquez","sa3024278",4.1472,1.633,6.6501,0.296693,6.97842,0.4608,0.7389,0.181444,0.77538,0,1.2119,0.8199,0.0033,0.0524
"Wikelman Gonzalez","sa3008687",8.031956,1.333456,5.043852,0.2496558,5.127016,26.98054,16.78846,4.408624,17.31172,0,28.86654,18.65082,0,2.21802
"Wil Crowe","19800",7.9265,1.14771428571429,3.72428571428571,0.248457857142857,4.3028,3.55286284807257,1.74816119727892,0.458190199546486,1.87981122902495,0,0.9906,0.5251,0.0319,0.0429
"Wil Jensen","sa3014786",7.40788,1.351135,3.37644,0.255433,4.54278,34.9039,15.1929,6.077222,20.26174,0,41.5083,21.77975,0.007,1.0202
"Wilber Dotel","sa3015163",5.1156,1.498,5.1669,0.283104,6.03108,0.5684,0.5741,0.166444,0.67012,0,1.1421,0.7115,0.0032,0.0517
"Wilber Perez","sa3005219",6.1416,1.552,6.0372,0.270977,6.00858,0.6824,0.6708,0.172444,0.66762,0,1.0796,0.7064,0.0272,0.0511
"Wilfred Alvarado","sa3020990",5.4135,1.433,6.8553,0.279035,6.20289,0.6015,0.7617,0.159222,0.68921,0,1.1095,0.7323,0.0276,0.0491
"Wilfredo Cordero","sa3016529",4.86,1.437,10.2924,0.286375,7.54983,0.54,1.1436,0.159667,0.83887,0,1.1453,0.8857,0.0301,0.0601
"Wilfredo Pereira","sa917136",5.652305,1.475745,3.48233,0.270907,5.22584,29.3104,17.69525,6.592778,25.80135,0,49.54995,27.81925,0.0055,2.52465
"Wilgenis Alvarado","sa3008708",5.6835,1.18,6.6681,0.275767,5.64975,0.6315,0.7409,0.131111,0.62775,0,1.0911,0.6726,0.0275,0.0555
"Wilian Bormie","sa3020327",6.1983,1.543,5.6529,0.274881,5.92587,0.6887,0.6281,0.171444,0.65843,0,1.0998,0.6995,0.0097,0.0449
"Wilkel Hernandez","sa918026",5.92561,1.41739,3.524765,0.267765,5.106615,32.82575,19.69205,7.580722,28.28081,0,53.03485,30.8001,0.0016,3.0248
"Wilkelma Castillo","sa3008487",5.6826,1.703,5.1084,0.276471,6.06816,0.6314,0.5676,0.189222,0.67424,0,1.1131,0.7119,0.016,0.0513
"Wilker Reyes","sa3009477",5.9283,1.262,6.3837,0.273112,5.66046,0.6587,0.7093,0.140222,0.62894,0,1.083,0.6718,0.0273,0.0493
"Wilkerman Munoz","sa3016487",4.1598,1.653,6.3576,0.296631,6.91875,0.4622,0.7064,0.183667,0.76875,0,1.2134,0.8127,0.005,0.055
"Wilkin Paredes","sa3020998",4.6944,1.313,4.0896,0.290535,5.52915,0.5216,0.4544,0.145889,0.61435,0,1.1803,0.6575,0.0049,0.0451
"Wilkin Ramos","sa3006487",7.194645,1.03554,5.06926,0.2566945,4.857875,19.8906,14.26975,3.0521665,13.756745,0,24.0132,14.7784,0.513,2.5288
"Wilking Rodriguez","8801",8.45047,0.9043305,4.342415,0.2353385,4.193555,6.4665,3.7069,0.561111,3.22973,0,5.9753,3.2479,0.5119,0.02145
"Will Bednar","sa3017844",8.105945,1.2898,5.15403,0.2480835,5.164675,23.93715,15.76695,3.574278,15.277995,0,24.48945,16.29645,0.0046,4.02985
"Will Carter","sa829689",7.5762,1.178,4.1985,0.257526,4.61952,0.8418,0.4665,0.130889,0.51328,0,1.006,0.5523,0.0222,0.0471
"Will Childers","sa3021720",7.00515,1.50525,3.7155,0.261239,4.94844,18.40335,10.2045,4.5735,14.25816,0,26.01085,15.27695,0.01265,0.5206
"Will Christophersen","sa3022493",6.6231,1.336,5.3631,0.266825,5.40423,0.7359,0.5959,0.148444,0.60047,0,1.0538,0.6406,0.0266,0.0567
"Will Dion","sa3017850",7.14302,1.19273,3.261535,0.2572475,4.42042,43.3918,19.68015,6.571778,25.75284,0,53.5202,27.77205,0.00165,1.01775
"Will Ethridge","sa3011337",6.5196,1.414,3.7233,0.268119,5.05719,0.7244,0.4137,0.157111,0.56191,0,1.0669,0.5994,0.0221,0.0561
"Will Gaddis","sa829731",5.7393,1.346,3.8385,0.277898,5.15196,0.6377,0.4265,0.149556,0.57244,0,1.1149,0.613,0.0259,0.0416
"Will Geerdes","sa3020333",5.9211,1.247,5.3028,0.274603,5.39955,0.6579,0.5892,0.138556,0.59995,0,1.0902,0.6431,0.0266,0.0537
"Will Harris","3192",7.3485,1.267,3.0627,0.25989,4.44537,0.8165,0.3403,0.140778,0.49393,0,1.0229,0.5303,0.024,0.0418
"Will Johnston","sa3022940",8.06888,1.295805,3.753585,0.2477105,4.465925,41.93025,18.7092,6.5709445,22.743405,0,42.9856,24.7618,0.003,1.02
"Will Klein","27787",9.34578205882353,0.984892941176471,4.89106117647059,0.226527647058824,4.06911647058824,30.4937649464706,15.8261804649412,3.15132989976471,13.2126645559216,1.01727285714286,25.4403,14.8523428571429,0,1.31234285714286
"Will Kobos","sa3007614",8.0181,1.212,4.4199,0.25332,4.71186,0.8909,0.4911,0.134667,0.52354,0,0.9881,0.5593,0.0256,0.0453
"Will Mabrey","sa3020709",7.23004,1.148165,4.41502,0.258252,4.66969,19.9078,12.24715,3.066722,12.765305,0,25.5105,13.78395,0.5129,1.0221
"Will McAffer","sa3006757",5.9058,1.464,5.9913,0.27556,5.96088,0.6562,0.6657,0.162667,0.66232,0,1.1002,0.703,0.0272,0.0477
"Will Rudy","sa3020893",5.6475,1.669,3.7296,0.278285,5.57064,0.6275,0.4144,0.185444,0.61896,0,1.1238,0.658,0.0032,0.0493
"Will Sanders","sa3023508",6.7239,1.354,3.7386,0.267956,4.98141,0.7471,0.4154,0.150444,0.55349,0,1.0614,0.593,0.0032,0.0495
"Will Schomberg","sa3023160",6.3333,1.472,5.0994,0.274007,5.78124,0.7037,0.5666,0.163556,0.64236,0,1.0937,0.6827,0.0031,0.0649
"Will Smith","8048",7.74544705882353,1.39935294117647,3.28915764705882,0.252734588235294,4.81018235294118,27.1252032885813,11.4949591944637,4.76772170519031,16.9601720581315,0.468911428571429,30.9905,18.0988285714286,0,1.29771285714286
"Will Stevens","sa3023001",5.3838,1.439,7.6743,0.283674,6.57639,0.5982,0.8527,0.159889,0.73071,0,1.132,0.7757,0.0283,0.0538
"Will Stewart","sa875247",6.5313,0.924,4.1841,0.266088,4.31244,0.7257,0.4649,0.102667,0.47916,0,1.042,0.5233,0.0256,0.0541
"Will Varmette","sa3022881",6.9669,1.401,6.3459,0.261605,5.62077,0.7741,0.7051,0.155667,0.62453,0,1.0212,0.6646,0.0215,0.0553
"Will Vest","19769",8.60725764705882,0.761011647058824,2.88131735294118,0.234420235294118,3.39310411764706,64.3581530648889,21.5499859136928,5.6402455183514,25.61326220608,12.2260571428571,61.3436857142857,28.7632714285714,0,2.65096
"Will Warren","30182",8.79926235294118,1.14367882352941,3.14973882352941,0.241638117647059,4.22057647058823,60.0185859729273,21.6008992341776,7.95633170011534,29.1967196733564,0.932105714285714,57.8124857142857,31.0841857142857,0,3.27196428571429
"William Cuevas","13331",7.3332,1.661,2.9862,0.2633,4.96224,0.8148,0.3318,0.184556,0.55136,0,1.0463,0.5855,0.0039,0.0474
"William Fleming","sa3017314",4.456685,1.415055,3.41009,0.28766,5.550375,23.246,17.6893,7.081389,28.31335,0,54.59395,30.83415,0.0023,3.5279
"William Kempner","sa3020527",7.5528,1.258,3.9942,0.260011,4.79043,0.8392,0.4438,0.139778,0.53227,0,1.0214,0.57,0.0181,0.0559
"William Silva","sa3020235",6.354,1.335,5.1543,0.274295,5.49918,0.706,0.5727,0.148333,0.61102,0,1.0926,0.6519,0.0266,0.052
"William Woods","25075",8.0397,1.361,3.6396,0.252153,4.60296,0.8933,0.4044,0.151222,0.51144,0,0.9868,0.545,0.0251,0.0411
"Willian Campos","sa3019399",4.3956,1.625,9.2421,0.292378,7.6878,0.4884,1.0269,0.180556,0.8542,0,1.1834,0.8984,0.0296,0.0566
"Willian Colmenares","sa3018852",4.563,1.573,9.2034,0.28999,7.51014,0.507,1.0226,0.174778,0.83446,0,1.1686,0.879,0.0295,0.0526
"Willian Suarez","sa916841",7.8741,1.22,4.7511,0.2519,4.72698,0.8749,0.5279,0.135556,0.52522,0,0.978,0.5631,0.0258,0.0516
"Williander Moreno","sa3005698",5.3325,1.558,3.0015,0.281765,5.3172,0.5925,0.3335,0.173111,0.5908,0,1.1425,0.6297,0.0081,0.0487
"Willy Taveras","sa917753",7.0065,1.435,3.2175,0.264812,4.83678,0.7785,0.3575,0.159444,0.53742,0,1.0526,0.5723,0.0253,0.0436
"Wilme Mora","sa3019835",4.4721,1.511,8.7003,0.291856,7.29639,0.4969,0.9667,0.167889,0.81071,0,1.1744,0.8568,0.0194,0.0574
"Wilmer Blanco","sa3019184",4.3092,1.788,6.7059,0.292829,7.05735,0.4788,0.7451,0.198667,0.78415,0,1.1883,0.8274,0.0043,0.0569
"Wilmer Flores","sa3015223",7.51262833333333,1.000692,3.41386833333333,0.248857666666667,4.21581666666667,15.437075,7.03712666666667,2.10920616666667,8.93482833333333,0.721172666666667,18.0428616666667,9.53073,0,1.661281
"Wilmer Lugo","sa3024204",4.3344,1.457,7.5969,0.291629,6.81561,0.4816,0.8441,0.161889,0.75729,0,1.1785,0.8027,0.006,0.0548
"Wilmer Ortega","sa3009788",5.7393,1.458,5.9436,0.276754,5.96862,0.6377,0.6604,0.162,0.66318,0,1.1058,0.7043,0.0272,0.052
"Wilmer Ramirez","sa3020967",4.3641,1.511,7.6131,0.291173,6.88824,0.4849,0.8459,0.167889,0.76536,0,1.178,0.81,0.0055,0.0494
"Wilmis Paulino","sa3021815",4.4334,1.58,7.9326,0.292069,7.1685,0.4926,0.8814,0.175556,0.7965,0,1.1839,0.8405,0.0288,0.0551
"Wilmy Sanchez","sa3019396",7.1847,1.2,5.8482,0.261825,5.19786,0.7983,0.6498,0.133333,0.57754,0,1.0196,0.6197,0.0265,0.045
"Wilny Moron","sa3011375",4.6071,1.535,8.2026,0.289476,7.10856,0.5119,0.9114,0.170556,0.78984,0,1.1676,0.8342,0.0289,0.0531
"Wilson Betemit Jr","sa3016512",4.2795,1.748,6.2496,0.294168,6.95682,0.4755,0.6944,0.194222,0.77298,0,1.2035,0.8154,0.0033,0.0524
"Wilson Esterlin","sa3019157",6.3855,1.376,6.9372,0.268697,5.9778,0.7095,0.7708,0.152889,0.6642,0,1.0595,0.706,0.0276,0.0571
"Wilson Lopez","sa3019297",5.7636,1.312,7.5429,0.273799,6.13809,0.6404,0.8381,0.145778,0.68201,0,1.0846,0.727,0.0281,0.0596
"Wilton Castillo","sa3015310",5.3316,1.597,4.509,0.283937,5.9211,0.5924,0.501,0.177444,0.6579,0,1.1504,0.698,0.0083,0.0524
"Wilton Rondon","sa3019502",4.5351,1.523,8.5122,0.289143,7.17192,0.5039,0.9458,0.169222,0.79688,0,1.1638,0.8418,0.029,0.0542
"Wily Peralta","7738",7.143685,1.187465,3.744355,0.2606865,4.43674,24.4228,15.1842,4.562389,17.23022,0,34.992,18.7491,0.00985,1.0188
"Winston Santos","sa3015952",6.911125,1.52461,2.90757,0.262104,5.10888,37.88525,15.6649,8.5826665,29.271735,0,50.5294,31.79035,0.0015,5.53245
"Winyer Chourio","sa3024615",4.2147,1.635,6.8436,0.294991,6.9993,0.4683,0.7604,0.181667,0.7777,0,1.2025,0.822,0.0076,0.0552
"Wladimir Pinto","sa871482",8.3457,1.246,4.3479,0.249214,4.58478,0.9273,0.4831,0.138444,0.50942,0,0.9672,0.5451,0.0254,0.0409
"WooSuk Go","sa3012630",8.237605,1.191035,3.857175,0.253483,4.471705,23.9572,11.21415,3.564111,13.243445,0,26.98735,14.26175,0.5126,2.02315
"Wuardo Fernandez","sa3006521",5.5998,1.341,6.8535,0.279195,6.14241,0.6222,0.7615,0.149,0.68249,0,1.1117,0.7266,0.0277,0.0597
"Wuilberth Mendez","sa3021527",3.8052,1.629,5.3622,0.299389,6.606,0.4228,0.5958,0.181,0.734,0,1.2301,0.7783,0.0032,0.0525
"Wuilliams Rodriguez","sa3019672",5.2605,1.477,7.9119,0.276541,6.50799,0.5845,0.8791,0.164111,0.72311,0,1.1008,0.7672,0.0284,0.0493
"Wuilliams Rodriguez","sa3021523",4.1949,1.659,6.9381,0.300993,7.31061,0.4661,0.7709,0.184333,0.81229,0,1.2307,0.8561,0.0107,0.0493
"Wuillians Herrera","sa3018302",4.6386,1.589,9.5661,0.289224,7.67205,0.5154,1.0629,0.176556,0.85245,0,1.1643,0.8969,0.0298,0.0635
"Wyatt Cheney","sa3020562",4.9887,1.69,5.2632,0.287049,6.26274,0.5543,0.5848,0.187778,0.69586,0,1.1647,0.7376,0.0068,0.0447
"Wyatt Crowell","sa3023662",6.3684,1.456,4.7952,0.273116,5.41899,0.7076,0.5328,0.161778,0.60211,0,1.0852,0.6435,0.0031,0.0618
"Wyatt Hudepohl","sa3023442",5.4729,1.506,5.166,0.279732,5.85621,0.6081,0.574,0.167333,0.65069,0,1.1269,0.6931,0.0039,0.0445
"Wyatt Mills","20010",7.245,1.147,3.8304,0.264773,4.68531,0.805,0.4256,0.127444,0.52059,0,1.0355,0.5595,0.0266,0.0515
"Wyatt Olds","sa3017539",8.023195,1.192665,5.35098,0.25191,5.4147,32.94195,22.78335,4.570278,22.79043,0,35.00105,24.8093,0.01185,8.0485
"Wyatt Short","sa874187",6.6573,1.243,3.6054,0.265935,4.65453,0.7397,0.4006,0.138111,0.51717,0,1.0518,0.5568,0.0111,0.0483
"Wyatt Sparks","sa1119694",7.2675,1.297,3.6792,0.260172,4.68738,0.8075,0.4088,0.144111,0.52082,0,1.0237,0.558,0.0225,0.0455
"Wyatt Wendell","sa3019882",5.0643,1.299,4.5927,0.2876,5.70681,0.5627,0.5103,0.144333,0.63409,0,1.1611,0.6781,0.007,0.0625
"Xander Hamilton","sa3023094",6.705,1.408,5.5602,0.267676,5.61591,0.745,0.6178,0.156444,0.62399,0,1.0608,0.6632,0.0268,0.0552
"Xavier Meachem","sa3022410",6.9048,1.287,5.9769,0.264554,5.4666,0.7672,0.6641,0.143,0.6074,0,1.0393,0.6482,0.0249,0.0464
"Xavier Moore","sa3004348",8.4807,1.257,4.8159,0.245208,4.66128,0.9423,0.5351,0.139667,0.51792,0,0.9467,0.5536,0.0257,0.0461
"Xavier Ruiz","sa3019717",5.517,1.343,6.0246,0.274887,5.66955,0.613,0.6694,0.149222,0.62995,0,1.0863,0.6734,0.027,0.0478
"Xiomer Guacache","sa3018887",4.1193,1.763,5.9022,0.295174,6.87033,0.4577,0.6558,0.195889,0.76337,0,1.2103,0.8056,0.0038,0.0489
"Xzavion Curry","25595",6.76606117647059,1.51176382352941,2.77272382352941,0.262637647058824,4.89215352941176,19.2385535439723,7.85840281612111,4.21769285721453,13.8750470877086,1.01044,25.5922857142857,14.2730142857143,0,0.689152142857143
"Yacksel Rios","15007",8.5367725,1.2347225,4.80628361111111,0.245218888888889,4.50056194444444,15.7952043883333,9.38777098092593,2.29772845916667,8.5360567937037,0,14.4633,8.7594,0.0121,1.025
"Yadiel Batista","sa3021558",4.2012,1.463,5.9085,0.290282,6.23088,0.4668,0.6565,0.162556,0.69232,0,1.1775,0.7361,0.0038,0.0471
"Yadier Álvarez","sa868984",7.6284,1.121,4.428,0.256803,4.58244,0.8476,0.492,0.124556,0.50916,0,1.0003,0.5489,0.0256,0.0478
"Yafrerlyn Vasquez","sa3019053",4.1148,1.542,7.4124,0.296644,7.08219,0.4572,0.8236,0.171333,0.78691,0,1.2058,0.8331,0.0057,0.0556
"Yaifer Perdomo","sa3009484",6.5844,1.34,6.6843,0.266054,5.70879,0.7316,0.7427,0.148889,0.63431,0,1.0482,0.6748,0.0273,0.0505
"Yamil Castillo","sa3008549",5.8842,1.544,6.4692,0.27885,6.18678,0.6538,0.7188,0.171556,0.68742,0,1.113,0.7295,0.0275,0.0468
"Yannelbinson Lugo","sa3020985",3.7449,1.668,6.8067,0.300677,7.17597,0.4161,0.7563,0.185333,0.79733,0,1.2344,0.8422,0.0049,0.0513
"Yanquiel Sanchez","sa3019562",6.1884,1.32,5.8149,0.271647,5.53005,0.6876,0.6461,0.146667,0.61445,0,1.072,0.6574,0.0115,0.0466
"Yansel Marine","sa3021750",4.2669,1.412,9.7101,0.290251,7.32645,0.4741,1.0789,0.156889,0.81405,0,1.1653,0.86,0.0297,0.0533
"Yanzel Correa","sa3023302",5.1327,1.661,6.8742,0.300326,7.19838,0.5703,0.7638,0.184556,0.79982,0,1.2262,0.8432,0.0283,0.0553
"Yaqui Rivera","sa3015504",6.6483,1.43,5.8068,0.267183,5.63274,0.7387,0.6452,0.158889,0.62586,0,1.055,0.6661,0.0269,0.0612
"Yariel Rodriguez","33838",9.09659529411765,1.09713835294118,3.91379294117647,0.226059647058824,4.12894352941176,96.6732199841246,41.4986449168904,11.6525038837647,43.7025212851211,0.851231,82.6601571428571,46.6283142857143,0,5.03591142857143
"Yaya Chentouf","sa3006950",6.9066,1.25,3.4695,0.258887,4.58325,0.7674,0.3855,0.138889,0.50925,0,1.0218,0.5466,0.0253,0.0516
"Yeferson Silva","sa3022179",4.0626,1.552,7.1109,0.296653,6.9714,0.4514,0.7901,0.172444,0.7746,0,1.2072,0.8205,0.007,0.0485
"Yeferson Vargas","sa3021044",5.5323,1.626,5.5503,0.283523,6.16356,0.6147,0.6167,0.180667,0.68484,0,1.1407,0.7273,0.0072,0.047
"Yefri Carrillo","sa3005739",4.482,1.645,7.5888,0.292583,7.18947,0.498,0.8432,0.182778,0.79883,0,1.1885,0.8426,0.0131,0.0527
"Yefri Del Rosario","sa3002971",7.2072,1.407,3.78,0.258651,4.83228,0.8008,0.42,0.156333,0.53692,0,1.0188,0.5723,0.0254,0.0461
"Yefry Ramirez","15655",7.1892,1.229,3.0969,0.259877,4.40955,0.7988,0.3441,0.136556,0.48995,0,1.0222,0.5273,0.0249,0.0475
"Yehizon Sanchez","sa3011574",5.067,1.375,5.0265,0.280029,5.57757,0.563,0.5585,0.152778,0.61973,0,1.1181,0.6626,0.0266,0.0567
"Yeiber Cartaya","sa3019599",5.6439,1.548,5.58,0.281614,6.06159,0.6271,0.62,0.172,0.67351,0,1.1313,0.7161,0.0053,0.0508
"Yeimison Arias","sa3019796",4.3119,1.658,6.5187,0.294557,6.92001,0.4791,0.7243,0.184222,0.76889,0,1.2025,0.8123,0.0075,0.0543
"Yeizo Campos","sa919234",7.5042,1.32,3.9285,0.256549,4.70529,0.8338,0.4365,0.146667,0.52281,0,1.0058,0.559,0.0254,0.042
"Yency Almonte","15068",9.48695,1.01043208333333,4.03300694444444,0.227949861111111,4.05991,22.3927053938272,9.67414406741255,2.25208130061728,9.55838332665124,0,15.95955,9.7373,0.5128,2.02765
"Yency De Jesus","sa3022112",4.6863,1.8,7.9443,0.291444,7.54758,0.5207,0.8827,0.2,0.83862,0,1.1895,0.8797,0.0206,0.0509
"Yendy Gomez","sa3016287",5.3469,1.562,6.0795,0.284663,6.23502,0.5941,0.6755,0.173556,0.69278,0,1.1446,0.7356,0.0274,0.0476
"Yenfri Sosa","sa3017823",5.0589,1.26,9.1917,0.284806,6.89427,0.5621,1.0213,0.14,0.76603,0,1.1337,0.8113,0.0292,0.0511
"Yennier Cano","25911",8.76366470588235,0.756283588235294,3.20221764705882,0.232193882352941,3.33520058823529,61.0340042319631,22.3655986179346,5.33254632890465,23.3677194196332,13.1255285714286,56.4233285714286,25.9484428571429,0,2.49372
"Yennsy Diaz","20218",7.4592,1.437,4.0311,0.256608,4.89528,0.8288,0.4479,0.159667,0.54392,0,1.0125,0.5789,0.0262,0.0454
"Yenrri Rojas","sa3018366",4.1679,1.534,4.779,0.29392,6.10632,0.4631,0.531,0.170444,0.67848,0,1.1979,0.7225,0.0082,0.0484
"Yensy Bello","sa3019490",6.4269,1.266,6.8157,0.26193,5.45031,0.7141,0.7573,0.140667,0.60559,0,1.0259,0.6481,0.0273,0.05
"Yeremin Lara","sa917804",5.796,1.468,5.8176,0.27625,5.91237,0.644,0.6464,0.163111,0.65693,0,1.1042,0.6977,0.0271,0.0445
"Yereny Teus","sa3020978",5.0562,1.489,6.2892,0.282652,6.22449,0.5618,0.6988,0.165444,0.69161,0,1.1366,0.7344,0.004,0.05
"Yeri Perez","sa3019566",4.095,1.422,7.9839,0.298916,7.25076,0.455,0.8871,0.158,0.80564,0,1.2133,0.8521,0.0091,0.0519
"Yeriel Santos","sa3018891",5.3541,1.526,5.7177,0.281017,6.1101,0.5949,0.6353,0.169556,0.6789,0,1.1246,0.7221,0.0064,0.0488
"Yerlin Rodriguez","sa3015362",7.1514,1.224,6.9273,0.261374,5.53959,0.7946,0.7697,0.136,0.61551,0,1.018,0.6588,0.0273,0.0655
"Yermain Ruiz","sa3024529",4.1706,1.672,6.3981,0.295747,6.92082,0.4634,0.7109,0.185778,0.76898,0,1.2086,0.8127,0.0033,0.0495
"Yerry De Los Santos","21420",7.29682294117647,1.06939435294118,3.24909411764706,0.250269529411765,4.33747529411765,22.7975639040638,10.1838081585252,3.38602263181084,13.5806764685121,1.02328,27.1366714285714,14.0288857142857,0,1.179396
"Yerry Landinez","sa3007036",5.9904,1.543,5.8203,0.271541,5.87295,0.6656,0.6467,0.171444,0.65255,0,1.0759,0.6922,0.0223,0.0541
"Yerry Rodriguez","21955",8.52079818181818,1.22452,4.05527272727273,0.249064909090909,4.68965090909091,15.6614633319559,7.77643952066116,2.19717571900827,8.61555753305785,0,16.95951,10.0900925,0.37363875,1.0010665
"Yeuris Jimenez","sa3006386",5.7465,1.197,5.4801,0.270629,5.28048,0.6385,0.6089,0.133,0.58672,0,1.0636,0.6306,0.0266,0.065
"Yeury Gervacio","sa3007468",6.2352,1.345,6.0795,0.268687,5.58468,0.6928,0.6755,0.149444,0.62052,0,1.0629,0.6611,0.027,0.0506
"Yeury Tatiz","sa3005812",5.2947,1.287,5.8716,0.274542,5.61627,0.5883,0.6524,0.143,0.62403,0,1.0904,0.6688,0.0272,0.0799
"Yhoiker Fajardo","sa3024273",4.6575,1.502,5.967,0.291239,6.40449,0.5175,0.663,0.166889,0.71161,0,1.1808,0.7563,0.0032,0.0466
"Yilber Diaz","29271",8.86665411764706,1.08268911764706,4.08584647058824,0.241828588235294,4.33787294117647,57.861975551634,26.7693042635717,7.13659334035948,28.3924142364475,0.892013285714286,53.3691,29.3482285714286,0,2.89966428571429
"Yimi Garcia","12095",10.0236176470588,1.13476823529412,2.74712,0.218223176470588,3.52880823529412,65.887654506436,17.9900676443829,7.49722413882353,23.1425687197232,14.4441857142857,49.7998142857143,25.6845571428571,0,3.14841571428571
"Yimi Presinal","sa3019169",5.3658,1.205,6.4026,0.284241,5.99751,0.5962,0.7114,0.133889,0.66639,0,1.1352,0.7112,0.0275,0.0548
"Yoan Aybar","sa829086",7.8381,1.214,4.9104,0.252129,4.68486,0.8709,0.5456,0.134889,0.52054,0,0.9798,0.5581,0.0259,0.0463
"Yoan Lopez","17181",8.2053,1.122,3.4083,0.247808,4.06593,0.9117,0.3787,0.124667,0.45177,0,0.9611,0.4889,0.0302,0.0399
"Yoan Valdez","sa3019292",4.5405,1.533,8.3619,0.289619,7.15212,0.5045,0.9291,0.170333,0.79468,0,1.1676,0.8393,0.029,0.0524
"Yoelvin Chirino","sa3022303",4.3605,1.619,7.1505,0.293859,7.038,0.4845,0.7945,0.179889,0.782,0,1.1948,0.8265,0.0066,0.0506
"Yoelvin Silven","sa3006619",7.0785,1.242,3.555,0.262923,4.61763,0.7865,0.395,0.138,0.51307,0,1.0366,0.5512,0.0253,0.0424
"Yoendrys Gomez","22872",8.50098705882353,1.43019352941176,3.82776705882353,0.239073529411765,4.76405882352941,42.3106763960138,19.0489832259408,7.02470068896886,23.8082385485582,0.870404142857143,41.0245857142857,24.1487714285714,0,2.97673
"Yoerys Hernandez","sa3018881",4.635,1.41,8.5626,0.286138,6.85629,0.515,0.9514,0.156667,0.76181,0,1.1477,0.8066,0.029,0.0506
"Yohan Ramirez","19444",8.237325,0.913053,3.91926882352941,0.248241411764706,4.42794411764706,23.4365097567282,11.1334429394464,2.61488803373702,12.6162157510573,0.938422857142857,23.0775571428571,13.1015714285714,0,3.80274
"Yohanse Morel","sa3005685",6.4854,1.291,5.589,0.267588,5.40675,0.7206,0.621,0.143444,0.60075,0,1.0551,0.6422,0.0267,0.055
"Yohemy Nolasco","sa3016500",5.4135,1.652,6.2838,0.28232,6.35211,0.6015,0.6982,0.183556,0.70579,0,1.1349,0.7469,0.0275,0.0479
"Yoilan Quinonez","sa3004769",5.8473,1.405,5.7618,0.276304,5.80725,0.6497,0.6402,0.156111,0.64525,0,1.1027,0.6868,0.027,0.0459
"Yokelvin Reyes","sa3016067",4.7943,1.357,8.6868,0.284301,6.76566,0.5327,0.9652,0.150778,0.75174,0,1.1355,0.7971,0.029,0.0558
"Yoldin De La Paz","sa3015975",5.634,1.144,5.3469,0.277012,5.30487,0.626,0.5941,0.127111,0.58943,0,1.1019,0.6327,0.0223,0.0531
"Yoljeldriz Diaz","sa3010248",5.967,1.413,7.1622,0.273606,6.20055,0.663,0.7958,0.157,0.68895,0,1.0846,0.7314,0.0278,0.0521
"Yomil Maysonet","sa3007476",5.9076,1.675,6.9201,0.283901,6.66153,0.6564,0.7689,0.186111,0.74017,0,1.1429,0.783,0.028,0.0554
"Yon Castro","sa3005848",6.73897,1.468325,3.713845,0.2644305,5.130055,16.8712,9.2067,3.5830555,12.783965,0,23.52855,13.8023,0.0056,1.5238
"Yon Landaeta","sa3016238",5.0553,1.501,9.4797,0.285382,7.36704,0.5617,1.0533,0.166778,0.81856,0,1.1413,0.8634,0.0295,0.0525
"Yonael Dominguez","sa3009750",5.1336,1.571,5.2722,0.283544,6.11811,0.5704,0.5858,0.174556,0.67979,0,1.1458,0.7209,0.0162,0.0602
"Yonaiker Garcia","sa3008437",4.7718,1.582,8.2089,0.287302,7.14231,0.5302,0.9121,0.175778,0.79359,0,1.158,0.837,0.0289,0.0553
"Yonatan Pineda","sa3015471",4.4082,1.7,9.6813,0.294498,7.92387,0.4898,1.0757,0.188889,0.88043,0,1.1936,0.925,0.0299,0.0553
"Yondrei Rojas","sa3016783",5.9661,1.373,5.2902,0.272444,5.55642,0.6629,0.5878,0.152556,0.61738,0,1.0861,0.6589,0.0268,0.0577
"Yonfi Rodriguez","sa3017693",4.0995,1.556,8.4834,0.295018,7.36371,0.4555,0.9426,0.172889,0.81819,0,1.1955,0.8638,0.0228,0.0511
"Yoniel Curet","sa3015446",8.201735,1.30977,5.016635,0.24662,5.101595,49.44015,29.77375,7.078222,29.78319,0,48.49085,32.3023,0.0015,7.03585
"Yoniel Ramirez","sa3008131",5.8464,1.326,7.0704,0.276684,6.13413,0.6496,0.7856,0.147333,0.68157,0,1.0978,0.7255,0.0278,0.0617
"Yonny Chirinos","16401",6.0909,1.33569166666667,3.13999166666667,0.274873333333333,4.85790833333333,38.2316709135803,20.0996332160494,8.50473033950617,30.755310308642,0,64.0519,33.291,0.00125,3.0239
"Yoralbert Cadiz","sa3021822",4.3173,1.52,9.2781,0.292498,7.51266,0.4797,1.0309,0.168889,0.83474,0,1.179,0.8805,0.0296,0.0583
"Yordan Nodal","sa3009754",4.7655,1.366,5.832,0.286202,5.96736,0.5295,0.648,0.151778,0.66304,0,1.1483,0.7084,0.008,0.0588
"Yordanny Monegro","sa3015476",6.8103,1.323,4.4397,0.27205,5.3154,0.7567,0.4933,0.147,0.5906,0,1.0771,0.6311,0.0033,0.0465
"Yordin Chalas","sa3021508",6.8985,1.158,5.5998,0.26789,5.28282,0.7665,0.6222,0.128667,0.58698,0,1.0538,0.6285,0.0266,0.0441
"Yordy Herrera","sa3019643",6.4602,1.229,7.5672,0.264554,5.73219,0.7178,0.8408,0.136556,0.63691,0,1.0343,0.6796,0.0277,0.0526
"Yorlin Calderon","sa3010371",7.36236,1.17847,3.36719,0.2510645,4.49851,25.90475,11.19585,4.066111,16.240515,0,30.4938,17.75995,0.01125,4.03115
"Yorman Galindez","sa3018322",6.5223,1.373,5.4477,0.270127,5.53419,0.7247,0.6053,0.152556,0.61491,0,1.069,0.6577,0.0031,0.0543
"Yorman Gomez","sa3015931",5.3118,1.466,4.1796,0.283657,5.60988,0.5902,0.4644,0.162889,0.62332,0,1.1481,0.6662,0.0035,0.0491
"Yorvi Pirela","sa3019163",4.3596,1.631,8.5635,0.295393,7.54065,0.4844,0.9515,0.181222,0.83785,0,1.2016,0.8819,0.0293,0.0517
"Yoryi Jimenez","sa3018031",4.6845,1.548,9.5355,0.288485,7.55739,0.5205,1.0595,0.172,0.83971,0,1.1585,0.8846,0.0297,0.0607
"Yoryi Simarra","sa3019155",4.9536,1.507,8.8983,0.285361,7.17534,0.5504,0.9887,0.167444,0.79726,0,1.1429,0.8418,0.0291,0.0512
"Yosber Sanchez","sa3011636",7.0047,1.073,5.3334,0.256882,4.7871,0.7783,0.5926,0.119222,0.5319,0,1.0013,0.5742,0.0262,0.0465
"Yoscar Pimentel","sa3009599",4.8924,1.52,5.0562,0.291226,6.27714,0.5436,0.5618,0.168889,0.69746,0,1.1859,0.7394,0.0032,0.0541
"Yoshihisa Hirano","19756",6.741,1.318,3.3669,0.26787,4.76046,0.749,0.3741,0.146444,0.52894,0,1.0639,0.5666,0.0248,0.0382
"Yoshinobu Yamamoto","33825",9.33839529411765,1.02921558823529,2.29100470588235,0.223655058823529,3.37519882352941,162.005801776102,39.7562263187543,17.7977583217955,58.5937949250289,0,131.977428571429,65.0101571428571,0,4.61019142857143
"Yosver Zulueta","27765",9.03098823529412,0.948503764705882,4.4293,0.245163058823529,4.33108470588235,47.3621091800754,23.2052370856686,4.95602610064206,22.8011560767074,1.05118714285714,43.5579714285714,25.0216285714286,0,4.12401714285714
"Yovannki Pascual","sa3022006",5.3757,1.386,5.9346,0.275893,5.67855,0.5973,0.6594,0.154,0.63095,0,1.094,0.6738,0.0151,0.0463
"Yovanny Cabrera","sa3009640",6.1857,1.31,6.1803,0.270933,5.67927,0.6873,0.6867,0.145556,0.63103,0,1.0691,0.6736,0.0271,0.0573
"Yovanny Cruz","sa3002951",7.46023,1.112143,4.189885,0.257835,5.05489,11.9182,6.7334,1.57,8.27594,0,14.5173,8.7947,0.01285,2.5288
"Yu Darvish","13074",8.55803764705882,1.34112323529412,2.59058941176471,0.237323882352941,4.03926588235294,139.902891704114,42.2760697857747,21.8845567654748,66.0720711495579,0,135.372,73.0075142857143,0,7.68431857142857
"YuMin Lin","sa3019278",7.01363,1.10473,3.5585,0.261658,4.43736,43.87275,20.7038,6.562,25.259395,0,54.0321,27.28,0.0015,5.0288
"Yujanyer Herrera","sa3015370",5.2938,1.369,4.509,0.295546,5.88708,0.5882,0.501,0.152111,0.65412,0,1.1977,0.6996,0.0074,0.0585
"Yuki Matsui","33826",10.1582276470588,1.04701147058824,3.98605411764706,0.215425647058824,3.63274,65.1345063468843,25.5422547547928,6.73001473266013,23.2922183561707,10.7812185714286,46.9995857142857,25.3858285714286,0,2.15975142857143
"Yuliangel De La Cruz","sa3018858",3.906,1.717,7.2819,0.29758,7.34868,0.434,0.8091,0.190778,0.81652,0,1.2174,0.8607,0.0049,0.0579
"Yunior Marte","14416",7.96336888888889,1.06241555555556,4.03634222222222,0.252911777777778,4.41547555555556,19.4440739407407,10.0698700049383,2.61374834567901,10.9603145415638,0.520066666666667,20.2321666666667,11.5480666666667,0.34963,0.991216666666667
"Yunior Marte","sa3018367",4.985185,1.5505,3.96275,0.2841805,5.963385,15.24965,9.25775,4.581,16.338055,0,28.59925,17.8595,0.00185,1.02345
"Yunior Thibo","sa3015217",5.31,1.299,5.7753,0.281384,5.76783,0.59,0.6417,0.144333,0.64087,0,1.125,0.6851,0.0271,0.0532
"Yunior Tur","sa3021045",5.2299,1.586,4.9545,0.27979,5.88168,0.5811,0.5505,0.176222,0.65352,0,1.1219,0.6943,0.009,0.0517
"Yusei Kikuchi","20633",10.0340617647059,1.34489058823529,2.78714294117647,0.237243235294118,3.93204176470588,184.04796080677,51.0515100670319,24.7291530752787,72.2048066627105,0,153.448142857143,79.2007714285714,0,5.40457
"Yusmeiro Petit","4020",4.9482,1.637,2.5956,0.283572,5.29083,0.5498,0.2884,0.181889,0.58787,0,1.161,0.6246,0.0242,0.0404
"Yusniel PadronArtiles","sa3008040",6.3333,1.663,2.9061,0.271092,5.1804,0.7037,0.3229,0.184778,0.5756,0,1.0896,0.6106,0.0038,0.0398
"Zac Addkison","sa3023284",5.6835,1.512,6.0084,0.275916,5.96772,0.6315,0.6676,0.168,0.66308,0,1.0966,0.7044,0.0192,0.047
"Zac Gallen","19291",8.81832823529412,1.01043741176471,2.74736382352941,0.240312588235294,3.70242352941176,163.718489980346,50.9982885979873,18.76725411411,68.8201215770473,0,153.929714285714,75.5732285714286,0,6.35821142857143
"Zac Houston","sa874155",9.63555,1.135145,5.305585,0.2311065,4.904475,18.0061,10.7508,2.061611,9.73849,0,13.45495,10.7565,0.0127,3.53625
"Zac Kristofak","27585",6.4749875,1.25767916666667,3.23129166666667,0.266560416666667,4.84224166666667,13.8538985185185,7.35975527777778,2.63829231481481,10.8714085185185,0,21.0313,11.78295,0.5126,1.02195
"Zac Leigh","sa3017873",8.69605,1.144315,4.686325,0.2410795,4.44968,20.46995,11.24775,2.565111,10.24627,0,18.9715,11.2646,0.0127,2.0256
"Zac Lowther","20243",7.3611,1.287,3.348,0.260103,4.48614,0.8179,0.372,0.143,0.49846,0,1.0259,0.5352,0.0239,0.0528
"Zac Rosscup","9419",7.3719,1.324,3.8763,0.272147,5.00112,0.8191,0.4307,0.147111,0.55568,0,1.0792,0.594,0.0256,0.0498
"Zach Agnos","sa3020560",7.84490666666667,1.46616833333333,3.14063333333333,0.261033833333333,4.78079166666667,25.41435,10.2304166666667,4.672105,15.4320166666667,0.833535,29.9281833333333,16.7616833333333,0,1.212055
"Zach Barnes","sa3017203",6.16208,1.17847,4.625615,0.2714845,5.177915,16.34425,12.748,3.067111,13.78809,0,26.0462,14.80865,0.0131,2.02705
"Zach Bryant","sa3011368",7.04208,1.384075,4.43825,0.265245,5.24034,13.3849,8.7332,2.5773335,9.79174,0,17.5327,10.8104,0.0111,1.02515
"Zach Brzykcy","27783",8.72068705882353,1.26128705882353,4.12654294117647,0.240972470588235,4.51849294117647,47.3935047005675,22.3699251973287,6.7931644231511,24.4553635727059,1.26236,44.4358,25.7568285714286,0,2.68277428571429
"Zach Cable","sa3016935",5.8068,1.452,6.7149,0.276854,6.2064,0.6452,0.7461,0.161333,0.6896,0,1.1044,0.7315,0.0276,0.0518
"Zach Davies","13183",6.45944583333333,1.42754166666667,4.443875,0.27608375,5.2131875,30.3065773333333,22.79241275,6.64948783333333,25.6016199722222,0,46.5502,27.79905,0.00205,1.01735
"Zach Eflin","13774",7.44784,1.26286235294118,1.66697411764706,0.255772705882353,3.78696882352941,139.569182326874,31.2731910915033,23.6482184031526,71.0913791228374,0,169.233857142857,78.7382571428571,0,5.33344714285714
"Zach Fogell","sa3023280",6.7221,1.259,5.8761,0.268105,5.45715,0.7469,0.6529,0.139889,0.60635,0,1.0536,0.647,0.0268,0.0513
"Zach Franklin","sa3022735",8.9966,1.23682,3.855355,0.241437,4.426525,22.4844,9.2176,3.0671665,11.234225,0,20.4677,12.2521,0.0125,2.024
"Zach Fruit","sa3023507",5.7942,1.45,4.7817,0.27755,5.54436,0.6438,0.5313,0.161111,0.61604,0,1.1092,0.6588,0.004,0.0433
"Zach Greene","sa1119415",7.9542,1.412,3.8853,0.254014,4.68558,0.8838,0.4317,0.156889,0.52062,0,0.9967,0.5573,0.0145,0.0405
"Zach Haake","sa3008523",6.85488,1.44156,4.059325,0.261958,5.166925,19.3869,12.21435,4.081278,15.278245,0,27.017,16.29625,0.00835,1.5239
"Zach Hart","sa3009997",7.1874,1.315,4.1337,0.260611,4.86099,0.7986,0.4593,0.146111,0.54011,0,1.0248,0.578,0.0202,0.0474
"Zach Jackson","19493",9.14204305555556,1.07971625,5.60023611111111,0.229652777777778,4.63228583333333,20.8331248091564,13.031267478035,2.11807692033951,10.1730603562346,0,16.95795,10.77805,0.5139,0.51975
"Zach Jacobs","sa3020600",6.2604,1.458,4.1742,0.270723,5.29632,0.6956,0.4638,0.162,0.58848,0,1.0817,0.628,0.0153,0.0496
"Zach King","sa3011592",6.3081,1.293,4.383,0.269029,5.06718,0.7009,0.487,0.143667,0.56302,0,1.066,0.604,0.0055,0.0626
"Zach Lee","11468",7.2072,1.422,3.5874,0.276106,5.18778,0.8008,0.3986,0.158,0.57642,0,1.1031,0.6142,0.0256,0.0412
"Zach Linginfelter","sa3014910",7.5654,1.123,4.6755,0.257389,4.68648,0.8406,0.5195,0.124778,0.52072,0,1.0024,0.5609,0.0258,0.056
"Zach Logue","20231",7.3550375,1.3658375,2.66492916666667,0.258720416666667,4.4227875,38.3791398888889,14.519257,7.50720691666667,24.79707025,0,49.00605,28.2538,0.0111,3.5253
"Zach Matson","sa918537",6.4521,1.21,3.6729,0.268074,4.72914,0.7169,0.4081,0.134444,0.52546,0,1.0627,0.5647,0.0116,0.0487
"Zach Maxwell","sa3020255",10.1205466666667,1.21157666666667,5.19200833333333,0.230105833333333,4.53515833333333,39.2786666666667,20.2582333333333,4.693355,17.6533833333333,0.813376666666667,30.2621833333333,19.0295166666667,0,1.401379
"Zach McAllister","2895",7.87335714285714,1.34685714285714,3.56935714285714,0.259007142857143,4.8132,3.79246222222222,2.2297980952381,0.861209206349206,3.19031428571429,0,0.9599,0.5073,0.0246,0.0565
"Zach McCambley","sa3014478",7.715215,1.12712,4.64533,0.2570285,4.8325,24.42325,15.2449,3.5619445,15.756655,0,28.5013,17.2765,0.01285,3.02785
"Zach Messinger","sa3018093",6.852625,1.48615,3.61828,0.259913,5.02249,50.35915,24.20895,9.092722,32.79659,0,62.0399,35.31565,0.0017,4.02685
"Zach Mort","sa3008172",5.6151,1.767,3.969,0.279839,5.8077,0.6239,0.441,0.196333,0.6453,0,1.135,0.6828,0.0117,0.0491
"Zach Muckenhirn","20209",6.95314285714286,1.26157142857143,3.74521428571429,0.265022857142857,4.54174285714286,3.79274848979591,2.11997585487528,0.686222303854875,2.3752831292517,0,1.0385,0.534,0.0251,0.0417
"Zach Neal","11294",5.96928571428572,1.62242857142857,3.50492857142857,0.281515,4.8806,2.4204803356009,2.30270769160997,0.797560530612243,2.10872725623582,0,1.1018,0.5644,0.0197,0.0473
"Zach Peek","sa3014469",8.10765,1.243,3.87675,0.247234,4.434165,22.95085,11.70075,3.568111,12.742685,0,23.99155,13.761,0.01255,2.0222
"Zach Penrod","25368",9.31674133333333,1.10582533333333,4.38095133333333,0.248437733333333,4.46641866666667,26.3074827783111,12.456229624637,3.09114010527407,12.9398170134044,1.378315,23.4648833333333,13.2830033333333,0,1.551735
"Zach Pettway","sa3018109",6.1668,1.382,5.7528,0.273493,5.7132,0.6852,0.6392,0.153556,0.6348,0,1.0876,0.6758,0.0269,0.0461
"Zach Plesac","19979",5.63828333333333,1.72875416666667,2.97274583333333,0.2748625,5.451,33.2377875462963,17.3812021388889,9.88855598148148,31.5589249166667,0,57.57175,32.80905,0.00145,1.01685
"Zach Pop","20185",7.13727941176471,0.919247058823529,3.18256470588235,0.249130411764706,4.01830352941176,34.7544626621246,15.4812340876709,4.483372896,19.6931475238754,1.59644,43.5653142857143,22.5740142857143,0,2.68264571428571
"Zach Thompson","16094",6.462,1.4,3.0861,0.274457,4.97349,0.718,0.3429,0.155556,0.55261,0,1.1023,0.5915,0.0077,0.0438
"Zach Thornton","sa3023505",5.2488,1.295,4.0113,0.276466,5.04576,0.5832,0.4457,0.143889,0.56064,0,1.1086,0.6039,0.0061,0.0524
"Zach Veen","sa3020339",5.337,1.386,6.3198,0.279489,5.95944,0.593,0.7022,0.154,0.66216,0,1.1191,0.7042,0.0275,0.0467
"Zach Vennaro","sa3010326",7.0713,1.022,4.5414,0.2613,4.58073,0.7857,0.5046,0.113556,0.50897,0,1.0186,0.5516,0.0258,0.0652
"Zach Warren","sa829420",7.7094,1.137,4.6206,0.253827,4.51422,0.8566,0.5134,0.126333,0.50158,0,0.9866,0.5404,0.0257,0.0457
"Zach Willeman","sa3008443",7.2567,1.157,4.3542,0.259805,4.66551,0.8063,0.4838,0.128556,0.51839,0,1.0162,0.5584,0.0257,0.0468
"Zack Austin","sa3022910",5.967,1.233,7.8813,0.278781,6.27129,0.663,0.8757,0.137,0.69681,0,1.1028,0.7428,0.0283,0.0605
"Zack Britton","3240",7.8993,0.858,4.5981,0.251341,4.03506,0.8777,0.5109,0.0953333,0.44834,0,0.9654,0.491,0.0239,0.0461
"Zack Brown","sa738901",5.9787,1.447,3.6054,0.275591,5.23125,0.6643,0.4006,0.160778,0.58125,0,1.1057,0.6204,0.0127,0.0533
"Zack Burdi","19159",7.68714285714286,1.19128571428571,3.70757142857143,0.24916,4.51842857142857,3.4794140770975,1.5983405170068,0.485804870748298,2.10490976870748,0,0.9876,0.5484,0.0244,0.0477
"Zack Erwin","sa857605",6.9804,1.264,3.6162,0.26332,4.56192,0.7756,0.4018,0.140444,0.50688,0,1.0369,0.5457,0.0197,0.0444
"Zack Godley","14862",6.7032,1.477,3.6504,0.269511,5.13522,0.7448,0.4056,0.164111,0.57058,0,1.075,0.6086,0.005,0.0547
"Zack Greinke","1943",5.96285714285714,1.44414285714286,2.0365,0.284318571428571,4.72627857142857,4.3901231292517,2.02496329251701,1.19069032653061,4.01793835374149,0,1.12,0.5436,0.0026,0.0334
"Zack Hess","sa3010777",6.3639,1.354,5.8689,0.27059,5.64237,0.7071,0.6521,0.150444,0.62693,0,1.0717,0.668,0.0269,0.0473
"Zack Kelly","20349",9.37964117647059,1.01244858823529,4.29509529411765,0.233626294117647,4.04956411764706,33.7555395146851,15.5143008305421,3.66432723663975,14.6024321976701,1.33559714285714,28.3051142857143,16.2559714285714,0,1.85282285714286
"Zack Leban","sa3007967",7.6653,1.303,4.4091,0.256102,4.86711,0.8517,0.4899,0.144778,0.54079,0,1.0021,0.5778,0.0224,0.0572
"Zack Lee","sa3023124",5.4117,1.31,3.9114,0.275992,5.16987,0.6013,0.4346,0.145556,0.57443,0,1.1075,0.6169,0.0041,0.0456
"Zack Littell","15823",7.70300088235294,1.38670411764706,2.0108,0.254759176470588,4.23740941176471,115.037091882903,30.0712812751096,20.7173642581392,63.2429657304883,0.852373,135.576857142857,68.4932857142857,0,4.72835
"Zack Matthews","sa3017918",6.426,1.242,5.7996,0.270111,5.45031,0.714,0.6444,0.138,0.60559,0,1.0654,0.6485,0.0216,0.0523
"Zack Phillips","sa1170425",6.7455,1.275,3.7818,0.26353,4.69827,0.7495,0.4202,0.141667,0.52203,0,1.0406,0.5606,0.0168,0.0501
"Zack Plunkett","sa3011394",7.0029,1.318,3.3624,0.262908,4.67172,0.7781,0.3736,0.146444,0.51908,0,1.0393,0.5559,0.0252,0.0443
"Zack Qin","sa3021986",5.7501,1.372,6.2379,0.272529,5.66865,0.6389,0.6931,0.152444,0.62985,0,1.0757,0.6723,0.017,0.0448
"Zack Showalter","sa3020959",6.8265,1.225,6.0912,0.26198,5.33313,0.7585,0.6768,0.136111,0.59257,0,1.024,0.634,0.0268,0.0595
"Zack Thompson","25918",8.69331529411765,1.03087947058824,4.00767764705882,0.240876117647059,4.41703411764706,46.7231188679862,21.6898554785606,5.67742076724567,23.7845095749573,1.24899428571429,44.8201,24.7134714285714,0,2.51762714285714
"Zack Trageton","sa918087",6.606,1.373,3.9285,0.269463,5.07645,0.734,0.4365,0.152556,0.56405,0,1.0709,0.6035,0.0072,0.0423
"Zack Weiss","15444",8.37470055555556,1.10673916666667,3.675615,0.241954166666667,4.17610472222222,17.7319178840741,7.78522811722222,2.18595148555556,8.75590307435185,0,16.47915,9.2535,0.51345,1.5223
"Zack Wheeler","10310",9.52558294117647,0.972115941176471,2.36314941176471,0.222320823529412,3.25369058823529,205.73399655421,50.9219881141868,20.9665525014418,70.2579465974625,0,162.985142857143,77.6318,0,7.99319285714286
"Zak Kent","sa3010315",7.71761,1.131625,3.437655,0.2536055,4.277905,25.9231,11.68605,3.566111,13.74534,0,29.50705,14.7649,0.5059,1.0218
"Zander Mueth","sa3023569",5.0067,1.43,5.9895,0.288214,6.3585,0.5563,0.6655,0.158889,0.7065,0,1.1645,0.75,0.0035,0.0611
"Zane Barnhart","sa3023226",6.3882,1.44,6.0912,0.27123,5.79312,0.7098,0.6768,0.16,0.64368,0,1.0751,0.6848,0.0271,0.0494
"Zane Mills","sa3017535",5.43152,1.240885,2.92,0.272725,4.744475,23.8123,12.66955,5.569722,21.760745,0,45.0473,23.28115,0.0102,2.0223
"Zane Morehouse","sa3023062",7.792035,1.13747,3.95554,0.2513465,4.49441,20.44025,10.7161,3.0625555,12.24406,0,23.49545,13.2635,1.01265,2.52465
"Zane Russell","sa3022907",7.1253,1.251,5.9859,0.265101,5.48748,0.7917,0.6651,0.139,0.60972,0,1.0419,0.6496,0.0268,0.0427
"Zebby Matthews","31827",8.51946352941177,1.29284970588235,1.97763588235294,0.248641058823529,3.96051411764706,84.9580004754602,19.6646586225798,12.9855859125732,39.4144327960938,0.859518428571429,89.7609571428571,43.6571714285714,0,3.28677428571429
"Zhiorman Imbriano","sa3017785",4.1211,1.41,7.2,0.292893,6.59952,0.4579,0.8,0.156667,0.73328,0,1.1827,0.7797,0.0049,0.053
"Ángel Vargas","sa3011855",5.6718,1.313,6.8967,0.277586,6.04089,0.6302,0.7663,0.145889,0.67121,0,1.1021,0.7155,0.0276,0.0504
