"name","playerid","new_W","W","Source","W_adj_rate"
"AJ Alexy","22343",1.52195,NA,NA,NA
"AJ Block","sa3014916",0.0467,NA,NA,NA
"AJ Blubaugh","sa3020112",1.85770833333333,NA,NA,NA
"AJ Candelario","sa3018176",0.0408,NA,NA,NA
"AJ Labas","sa3017638",0.043,NA,NA,NA
"AJ Ladwig","16266",0.046,NA,NA,NA
"AJ Minter","18655",3.77935647058824,1.977,"REZ1",1.9116623523461
"AJ Puckett","sa738686",0.0485,NA,NA,NA
"AJ Puk","19343",4.68479647058824,4.912,"REZ1",0.953745209810309
"AJ SmithShawver","29960",3.60231764705882,2.333,"REZ1",1.54407100173974
"Aaron Ashby","23550",3.84442588235294,3.243,"REZ1",1.18545355607553
"Aaron Barrett","11243",0.0437,NA,NA,NA
"Aaron Brooks","12272",1.90775,1.321,"REZ1",1.44417108251325
"Aaron Brown","sa3017500",2.52615,NA,NA,NA
"Aaron Brown","sa598306",0.0474,NA,NA,NA
"Aaron Bummer","16258",4.20844941176471,4.111,"REZ1",1.02370455163335
"Aaron Civale","19479",8.06501294117647,7.637,"REZ1",1.05604464333855
"Aaron Cohn","sa3017210",0.0391,NA,NA,NA
"Aaron Davenport","sa3017615",2.52215,NA,NA,NA
"Aaron Fletcher","22052",0.0446,NA,NA,NA
"Aaron Haase","sa3017849",0.0428,NA,NA,NA
"Aaron Hernandez","sa3008599",1.02295,NA,NA,NA
"Aaron Holiday","sa3017937",0.0398,NA,NA,NA
"Aaron Leasher","sa3004701",0.0515,NA,NA,NA
"Aaron Loup","10343",1.121,3.799,"REZ1",0.295077652013688
"Aaron McGarity","sa873280",2.02355,NA,NA,NA
"Aaron Munson","sa3023257",0.0439,NA,NA,NA
"Aaron Nixon","sa3023376",0.041,NA,NA,NA
"Aaron Nola","16149",11.8893529411765,13.083,"REZ1",0.908763505402161
"Aaron Northcraft","10218",0.0431,NA,NA,NA
"Aaron Ochsenbein","sa3011241",0.0489,NA,NA,NA
"Aaron Perry","sa1055363",0.05,NA,NA,NA
"Aaron Pinto","sa3006823",0.0479,NA,NA,NA
"Aaron Rozek","sa3015224",2.52515,NA,NA,NA
"Aaron Rund","sa3023369",0.043,NA,NA,NA
"Aaron Sanchez","11490",1.5234,NA,NA,NA
"Aaron Shortridge","sa3006759",2.02325,NA,NA,NA
"Aaron Slegers","15231",0.0468,NA,NA,NA
"Aaron Wilkerson","16904",0.051,NA,NA,NA
"Abdiel Medina","sa3009206",0.0368,NA,NA,NA
"Abdiel Mendoza","sa916829",3.02345,NA,NA,NA
"Abel Adames","sa917912",0.0411,NA,NA,NA
"Abel Brito","sa3015458",0.0387,NA,NA,NA
"Abel Fuerte","sa3021475",0.0361,NA,NA,NA
"Abel Mendez","sa3018902",0.0321,NA,NA,NA
"Abel Mercedes","sa3017013",0.0414,NA,NA,NA
"Abner Uribe","25327",2.04239411764706,1.376,"REZ1",1.4842980506156
"Abraham Gaitan","sa3020492",0.0279,NA,NA,NA
"Abraham Parra","sa3022369",0.0311,NA,NA,NA
"Abrahan Tejada","sa3019146",0.0365,NA,NA,NA
"Accimias Morales","sa3018809",0.0335,NA,NA,NA
"Adam Boucher","sa3023128",0.0431,NA,NA,NA
"Adam Cimber","15288",1.4726,2.543,"REZ1",0.579079826976013
"Adam Conley","14457",0.0508,NA,NA,NA
"Adam Kloffenstein","24493",2.3775,1.641,"REZ1",1.44881170018282
"Adam Kolarek","10843",1.57816666666667,4.35,"REZ1",0.3627969348659
"Adam Laskey","sa3014851",1.5241,NA,NA,NA
"Adam Leverett","sa1169991",2.5226,NA,NA,NA
"Adam Macko","sa3011555",0.850614714285714,NA,NA,NA
"Adam Maier","sa3020883",0.052,NA,NA,NA
"Adam Mazur","31900",2.50009411764706,3.004,"REZ1",0.832255032505679
"Adam McKillican","sa3017687",0.0417,NA,NA,NA
"Adam Morgan","12580",0.0484,NA,NA,NA
"Adam Oller","20132",2.49358181818182,4.916,"REZ1",0.507237961387677
"Adam Ottavino","1247",2.28973294117647,2.631,"REZ1",0.870289981442976
"Adam Plutko","15846",1.5232,NA,NA,NA
"Adam Scoggins","sa3017845",0.0419,NA,NA,NA
"Adam Scott","sa3006826",0.0505,NA,NA,NA
"Adam Seminaris","sa3015010",2.02685,NA,NA,NA
"Adam Serwinowski","sa3020626",0.0413,NA,NA,NA
"Adam Shoemaker","sa3017888",0.0435,NA,NA,NA
"Adam Smith","sa3017147",0.0409,NA,NA,NA
"Adam Stauffer","sa3005146",0.0477,NA,NA,NA
"Adam Stone","sa3020944",0.0403,NA,NA,NA
"Adam Tulloch","sa3020588",0.043,NA,NA,NA
"Adam Wainwright","2233",3.294,11.4,"REZ1",0.288947368421053
"Adam Wolf","sa3007587",1.5248,NA,NA,NA
"Adan Moreno","sa3021537",0.0404,NA,NA,NA
"Adbert Alzolay","17859",1.94704166666667,1.549,"REZ1",1.25696686034
"Adel Dilone","sa3018798",0.042,NA,NA,NA
"Adenys Bautista","sa3007905",0.0395,NA,NA,NA
"Adilson Peralta","sa3018816",0.0381,NA,NA,NA
"Adisyn Coffey","sa3014738",1.02145,NA,NA,NA
"Adolfo Oviedo","sa3018882",0.0322,NA,NA,NA
"Adolfo Ramirez","sa3003015",0.0476,NA,NA,NA
"Adonis Medina","19903",2.02385,NA,NA,NA
"Adonis Villavicencio","sa3019070",0.0407,NA,NA,NA
"Adonys Perez","sa3020114",0.0529,NA,NA,NA
"Adrian Acosta","sa3018883",0.0262,NA,NA,NA
"Adrian Alcantara","sa974592",0.0489,NA,NA,NA
"Adrian Bohorquez","sa3021501",0.0366,NA,NA,NA
"Adrian Chaidez","sa3017417",0.0464,NA,NA,NA
"Adrian De Horta","sa737857",0.0485,NA,NA,NA
"Adrian Del Moral","sa3006816",0.0404,NA,NA,NA
"Adrian Delgado","sa3019379",0.0349,NA,NA,NA
"Adrian Florencio","sa3010569",0.0415,NA,NA,NA
"Adrian Heredia","sa3024791",0.0326,NA,NA,NA
"Adrian Hernandez","sa3006177",1.0227,NA,NA,NA
"Adrian Herrera","sa3023627",0.0357,NA,NA,NA
"Adrian Houser","12718",2.14972127272727,3.296,"REZ1",0.652221259929391
"Adrian Martinez","21023",2.184375,2.988,"REZ1",0.731049196787149
"Adrian Martinez","sa3016049",0.0288,NA,NA,NA
"Adrian Morejon","20039",3.21338705882353,4.382,"REZ1",0.73331516632212
"Adrian Ogando","sa3017617",0.0352,NA,NA,NA
"Adrian Quintana","sa3016465",0.0411,NA,NA,NA
"Adrian Rodriguez","sa3015385",0.0417,NA,NA,NA
"Adrian Sampson","13339",2.52525,NA,NA,NA
"Adrian Santana","sa3018876",0.0331,NA,NA,NA
"Aidan Anderson","sa3011250",2.0238,NA,NA,NA
"Aidan Curry","sa3015334",0.0432,NA,NA,NA
"Aidan Maldonado","sa3020829",0.0425,NA,NA,NA
"Al Pesto","sa3021977",0.0485,NA,NA,NA
"Alain Pena","sa3019050",0.0449,NA,NA,NA
"Alan Busenitz","15239",1.56695833333333,1.785,"REZ1",0.877847805788982
"Alan Carter","sa3020817",0.047,NA,NA,NA
"Alan Mundo","sa3005688",0.0421,NA,NA,NA
"Alan Perdomo","sa3006399",0.0376,NA,NA,NA
"Alan Rangel","sa877578",1.931579,NA,NA,NA
"Alan Strong","sa3006768",0.0475,NA,NA,NA
"Alaska Abney","sa3017308",1.02215,NA,NA,NA
"Albert Abreu","17485",0.704615866666667,2.173,"REZ1",0.32425948765148
"Albert Breton","sa3009995",0.0359,NA,NA,NA
"Albert Polanco","sa3019660",0.0303,NA,NA,NA
"Albert Rivas","sa3018286",0.0431,NA,NA,NA
"Albert Suarez","6175",4.34478941176471,5.018,"REZ1",0.865840855273955
"Alberto Baldonado","11812",0.0483,NA,NA,NA
"Alberto Guerrero","sa872514",0.0452,NA,NA,NA
"Alberto Mota","sa3016712",0.0425,NA,NA,NA
"Alberto Pacheco","sa3015421",0.0374,NA,NA,NA
"Albertus Barber","sa1172728",0.0466,NA,NA,NA
"Aldrin Batista","sa3019119",0.0405,NA,NA,NA
"Aldry Acosta","sa3002794",0.0459,NA,NA,NA
"Alec Baker","sa3022794",0.0477,NA,NA,NA
"Alec Barger","sa3010566",1.0211,NA,NA,NA
"Alec Bettinger","20312",0.0445,NA,NA,NA
"Alec Gamboa","sa3011249",2.0263,NA,NA,NA
"Alec Kisena","sa875686",0.0542,NA,NA,NA
"Alec Marsh","27451",6.45379882352941,8.441,"REZ1",0.764577517300013
"Alec Mills","13834",0.390571428571429,1.252,"REZ1",0.311958010041077
"Alejandro Gomez","sa3017618",0.0412,NA,NA,NA
"Alejandro Hidalgo","sa3015151",0.0375,NA,NA,NA
"Alejandro Lugo","sa3009253",0.0396,NA,NA,NA
"Alejandro Manzano","sa3019125",0.0406,NA,NA,NA
"Alejandro Mateo","sa918495",0.0476,NA,NA,NA
"Alejandro Melean","sa3006815",1.0226,NA,NA,NA
"Alejandro Mendez","sa3011785",0.0394,NA,NA,NA
"Alejandro Ramirez","sa3021042",0.036,NA,NA,NA
"Alejandro Rosario","sa3023538",0.0558,NA,NA,NA
"Alejandro Torres","sa3023265",0.5236,NA,NA,NA
"Alek Jacob","29628",1.92024823529412,1.806,"REZ1",1.06326037391701
"Alek Manoah","26410",1.96580435294118,3.819,"REZ1",0.51474321889007
"Alemao Hernandez","sa3002788",0.0503,NA,NA,NA
"Alessandro Ercolani","sa3016714",0.0433,NA,NA,NA
"Alex Amalfi","sa3020489",0.0442,NA,NA,NA
"Alex Ayala Jr","sa3017141",0.0415,NA,NA,NA
"Alex Bustamante","sa3020631",0.0414,NA,NA,NA
"Alex Claudio","12890",0.0466,NA,NA,NA
"Alex Clemmey","sa3023421",0.0434,NA,NA,NA
"Alex Cobb","6562",5.27878705882353,4.814,"REZ1",1.09654903590019
"Alex Colome","6661",2.13578571428571,7.368,"REZ1",0.289873196835738
"Alex Cook","sa3020879",0.0454,NA,NA,NA
"Alex Cornwell","sa3017501",1.08112,NA,NA,NA
"Alex Faedo","19874",2.77762235294118,1.715,"REZ1",1.61960487051964
"Alex Garbrick","sa3017465",0.042,NA,NA,NA
"Alex Hoppe","sa3020836",1.52305,NA,NA,NA
"Alex Lange","19883",2.48285294117647,2.615,"REZ1",0.949465751883928
"Alex Makarewich","sa3023642",0.0392,NA,NA,NA
"Alex Martinez","sa3015284",0.0416,NA,NA,NA
"Alex Mauricio","sa3004337",1.02305,NA,NA,NA
"Alex McFarlane","sa3020633",0.0446,NA,NA,NA
"Alex McKenney","sa3017209",0.039,NA,NA,NA
"Alex Nolan","sa3010267",0.0421,NA,NA,NA
"Alex Pham","sa3017550",2.5262,NA,NA,NA
"Alex Phillips","sa3008595",0.0476,NA,NA,NA
"Alex Powers","sa621533",0.0478,NA,NA,NA
"Alex Rao","sa3020595",0.0417,NA,NA,NA
"Alex Reyes","15015",0.0488,NA,NA,NA
"Alex Santos II","sa3014684",2.02365,NA,NA,NA
"Alex Scherff","sa3005397",0.045,NA,NA,NA
"Alex Segal","sa919036",0.0499,NA,NA,NA
"Alex Speas","21859",1.45679529411765,2.991,"REZ1",0.487059610203159
"Alex Troop","sa915638",2.0252,NA,NA,NA
"Alex Valdez","sa3005432",0.0411,NA,NA,NA
"Alex Valverde","sa3005207",0.048,NA,NA,NA
"Alex Vesia","25007",3.83830352941176,4.142,"REZ1",0.926678785468799
"Alex Wells","19845",0.0457,NA,NA,NA
"Alex Williams","sa3020314",0.0457,NA,NA,NA
"Alex Wood","13781",3.64976235294118,3.461,"REZ1",1.05453983037884
"Alex Young","18333",1.03868282352941,0.751,"REZ1",1.38306634291533
"Alexander Agramonte","sa3021034",0.0327,NA,NA,NA
"Alexander Alberto","sa3015986",0.0407,NA,NA,NA
"Alexander Beltre","sa3015444",0.0378,NA,NA,NA
"Alexander Campos","sa3022221",0.0321,NA,NA,NA
"Alexander Cornielle","sa3011779",0.0423,NA,NA,NA
"Alexander De Los Santos","sa3023083",0.0283,NA,NA,NA
"Alexander Fuentes","sa3024072",0.0305,NA,NA,NA
"Alexander Johnson","sa3015278",0.0367,NA,NA,NA
"Alexander Vallecillo","sa3016034",0.0384,NA,NA,NA
"Alexis Cedano","sa3006641",0.0395,NA,NA,NA
"Alexis De La Cruz","sa3022007",0.0341,NA,NA,NA
"Alexis Diaz","21132",3.34743529411765,1.489,"REZ1",2.24810966696954
"Alexis Liebano","sa3019885",0.0416,NA,NA,NA
"Alexis Paulino","sa3019128",0.0341,NA,NA,NA
"Alexis Torres","sa3019375",0.0333,NA,NA,NA
"Alexuan Vega","sa3008334",0.0413,NA,NA,NA
"Alfonso Perez","sa3019659",0.0283,NA,NA,NA
"Alfred Morillo","sa3018870",0.0441,NA,NA,NA
"Alfred Vega","sa3006495",0.0442,NA,NA,NA
"Alfredi Jimenez","sa3006479",0.0442,NA,NA,NA
"Alfredo Romero","sa3018345",0.0372,NA,NA,NA
"Alfredo Ruiz","sa3017506",0.0435,NA,NA,NA
"Alfredo Zarraga","sa3018276",1.5233,NA,NA,NA
"Ali Ascanio","sa3018306",0.0356,NA,NA,NA
"Alimber Santa","sa3015478",1.02325,NA,NA,NA
"Alison Zacarias","sa3022388",0.0293,NA,NA,NA
"Alix Hernandez","sa3021479",0.0399,NA,NA,NA
"Allan Hernandez","sa3011399",0.0412,NA,NA,NA
"Allan Saathoff","sa3020711",0.0435,NA,NA,NA
"Allan Winans","21238",1.66187218181818,0.872,"REZ1",1.90581672226856
"Allen Facundo","sa3016071",0.0469,NA,NA,NA
"Alonzo Richardson","sa3015333",0.036,NA,NA,NA
"Alonzo Tredwell","sa3023524",0.0428,NA,NA,NA
"Alvaro Benua","sa3018032",0.0366,NA,NA,NA
"Alvaro Gamez","sa3018854",0.0343,NA,NA,NA
"Alvaro Pineda","sa3019503",0.0298,NA,NA,NA
"Alvin Nova","sa3022153",0.0366,NA,NA,NA
"Amauri Otero","sa3019075",0.0317,NA,NA,NA
"Amilcar Chirinos","sa3017149",0.0427,NA,NA,NA
"Amir Garrett","14375",1.90859636363636,4.448,"REZ1",0.429090909090909
"Amos Willingham","26128",2.65579894117647,4.289,"REZ1",0.619211690645015
"Anders Tolhurst","sa3019818",2.02415,NA,NA,NA
"Anderson Amarista","sa917061",0.0438,NA,NA,NA
"Anderson Beltre","sa3022002",0.0308,NA,NA,NA
"Anderson Bido","sa3004204",0.5241,NA,NA,NA
"Anderson Brito","sa3024232",0.0431,NA,NA,NA
"Anderson Cardenas","sa3020991",0.0328,NA,NA,NA
"Anderson Espinoza","18593",0.0475,NA,NA,NA
"Anderson Guevara","sa3019182",0.0322,NA,NA,NA
"Anderson Jerez","sa3021778",0.0308,NA,NA,NA
"Anderson Munoz","sa3007840",0.0469,NA,NA,NA
"Anderson Paulino","sa3007991",1.52325,NA,NA,NA
"Anderson Pilar","sa917899",2.03942428571429,NA,NA,NA
"Anderson Severino","20582",0.0446,NA,NA,NA
"Andinson Ferrer","sa3018819",0.0423,NA,NA,NA
"Andre Granillo","sa3016913",1.53888,NA,NA,NA
"Andre Jackson","21298",0.179928571428571,0.503,"REZ1",0.357710877591593
"Andre Pallante","26108",7.46283529411765,5.631,"REZ1",1.32531260772823
"Andre Sanchez","sa3018297",0.0338,NA,NA,NA
"Andre Scrubb","20329",0.52325,NA,NA,NA
"Andres Cova","sa3024530",0.0328,NA,NA,NA
"Andres Diaz","sa3006159",0.0396,NA,NA,NA
"Andres Jimenez","sa3019648",0.036,NA,NA,NA
"Andres Machado","14681",0.351,1.107,"REZ1",0.317073170731707
"Andres Munoz","20373",4.60494823529412,3.765,"REZ1",1.22309382079525
"Andres Nunez","sa3006796",0.0482,NA,NA,NA
"Andres Parra","sa3018329",0.0372,NA,NA,NA
"Andres Silvera","sa3016284",0.0312,NA,NA,NA
"Andres Sotillet","sa917861",0.0471,NA,NA,NA
"Andrew Abbott","29911",7.26016117647059,3.445,"REZ1",2.10744881755315
"Andrew Albers","7853",0.049,NA,NA,NA
"Andrew Alvarez","sa3017531",3.02645,NA,NA,NA
"Andrew Baker","sa3017196",1.02345,NA,NA,NA
"Andrew Bash","sa3010259",1.52445,NA,NA,NA
"Andrew Bechtold","sa829787",2,NA,NA,NA
"Andrew Bellatti","10657",1.528375,4.054,"REZ1",0.377004193389245
"Andrew Bolivar","sa3024521",0.0309,NA,NA,NA
"Andrew Cabezas","sa3007461",0.0467,NA,NA,NA
"Andrew Chafin","12988",2.50956823529412,1.25,"REZ1",2.00765458823529
"Andrew Dalquist","sa3011841",1.02,NA,NA,NA
"Andrew Edwards","sa1170614",0.0486,NA,NA,NA
"Andrew Gross","sa3010127",0.0455,NA,NA,NA
"Andrew Heaney","15423",7.03323764705882,6.691,"REZ1",1.05114895337899
"Andrew Hoffmann","sa3017202",2.02515,NA,NA,NA
"Andrew Kittredge","12828",4.06450823529412,3.262,"REZ1",1.24601723951383
"Andrew Landry","sa3024982",0.0391,NA,NA,NA
"Andrew Lee","sa856275",0.0469,NA,NA,NA
"Andrew Magno","sa3010824",2.52365,NA,NA,NA
"Andrew Marrero","sa3016941",1.52275,NA,NA,NA
"Andrew McInvale","sa3011143",0.046,NA,NA,NA
"Andrew Miller","6785",0.0467,NA,NA,NA
"Andrew Misiaszek","sa3010118",2.052385,NA,NA,NA
"Andrew Mitchell","sa3007801",0.0464,NA,NA,NA
"Andrew Moore","17553",0.0523,NA,NA,NA
"Andrew Moore","sa3016795",1.499,NA,NA,NA
"Andrew Morris","sa3020569",1.24974566666667,NA,NA,NA
"Andrew Nardi","25942",2.78176235294118,1.958,"REZ1",1.42071621702818
"Andrew Painter","sa3017880",3.47020714285714,NA,NA,NA
"Andrew Perez","sa3006640",0.0477,NA,NA,NA
"Andrew Politi","sa3007243",2.02375,NA,NA,NA
"Andrew Quezada","sa3009858",1.5207,NA,NA,NA
"Andrew Saalfrank","26203",1.8584296,1.872,"REZ1",0.992750854700855
"Andrew Schultz","sa3010782",1.02265,NA,NA,NA
"Andrew Sears","sa3023133",0.0429,NA,NA,NA
"Andrew Shaps","sa3008430",0.042,NA,NA,NA
"Andrew Suarez","18300",1.0815,1.368,"REZ1",0.790570175438596
"Andrew Taylor","sa3020873",0.0477,NA,NA,NA
"Andrew Vasquez","19482",1.802375,3.196,"REZ1",0.563947121401752
"Andrew Walling","sa3020319",1.5242,NA,NA,NA
"Andrew Walters","33834",2.87747866666667,2.843,"REZ1",1.01212756477899
"Andrew Wantz","24933",1.09018072727273,2.844,"REZ1",0.383326556706304
"Andry Lara","sa3014716",2.60342,NA,NA,NA
"Andy Basora","sa3019168",0.0327,NA,NA,NA
"Andy Fisher","sa1172135",0.0453,NA,NA,NA
"Andy Luis","sa3015633",0.0343,NA,NA,NA
"Andy Otero","sa506550",0.0499,NA,NA,NA
"Andy Rodriguez","sa3017620",0.04,NA,NA,NA
"Andy Rodriguez","sa3020863",1.02185,NA,NA,NA
"Andy Santana","sa3002957",0.0391,NA,NA,NA
"Anel Cabrera","sa3021033",0.0362,NA,NA,NA
"Aneudis George","sa3016514",0.0363,NA,NA,NA
"Aneudis Mejia","sa3019960",0.0369,NA,NA,NA
"Aneudy Cortorreal","sa3009242",0.0411,NA,NA,NA
"Aneuris Rodriguez","sa3019393",0.0345,NA,NA,NA
"Aneuris Rosario","sa828343",0.0466,NA,NA,NA
"Aneury Lora","sa3019365",0.0396,NA,NA,NA
"Aneurys Zabala","20802",0.0504,NA,NA,NA
"Anfernny Reyes","sa3018807",0.0413,NA,NA,NA
"Angel Acevedo","sa917893",0.0461,NA,NA,NA
"Angel Alfonseca","sa3015308",0.0398,NA,NA,NA
"Angel Anazco","sa3021494",0.042,NA,NA,NA
"Angel Bastardo","sa3009716",1.302433,NA,NA,NA
"Angel Bello","sa3024272",0.0312,NA,NA,NA
"Angel Beltran","sa3024556",0.0275,NA,NA,NA
"Angel Camacho","sa3022175",0.0369,NA,NA,NA
"Angel Chivilli","26790",2.32551764705882,0.714,"REZ1",3.25702751688911
"Angel Cruz","sa3020988",0.0365,NA,NA,NA
"Angel Cuenca","sa3006414",0.0421,NA,NA,NA
"Angel De Jesus","22323",0.0459,NA,NA,NA
"Angel Felipe","21163",0.798071428571429,2.669,"REZ1",0.299015147460258
"Angel Gonzalez","sa3015160",0.0404,NA,NA,NA
"Angel Hernandez","sa3015363",0.0429,NA,NA,NA
"Angel Hernandez","sa3019189",0.0364,NA,NA,NA
"Angel Jimenez","sa3018287",0.0347,NA,NA,NA
"Angel Macuare","sa3003039",1.02265,NA,NA,NA
"Angel Perdomo","17759",2.19393294117647,0.559,"REZ1",3.92474586972535
"Angel Reyes","sa3006985",1.02225,NA,NA,NA
"Angel Roman","sa3018314",0.0416,NA,NA,NA
"Angel Rondon","22036",0.0462,NA,NA,NA
"Angel Sanchez","11776",0.0512,NA,NA,NA
"Angel Tello","sa3019121",0.0365,NA,NA,NA
"Angel Zerpa","22717",2.91638117647059,3.439,"REZ1",0.848031746574757
"Angello Infante","sa916705",0.0406,NA,NA,NA
"Anibal Sanchez","3284",0.0475,NA,NA,NA
"Ankeily Feliz","sa3018803",0.0346,NA,NA,NA
"Anthony Arguelles","sa3023266",0.0401,NA,NA,NA
"Anthony Banda","14706",2.88349058823529,2.917,"REZ1",0.988512371695336
"Anthony Bass","7982",0.849714285714286,2.852,"REZ1",0.297936285313564
"Anthony Bello","sa3019565",0.037,NA,NA,NA
"Anthony Bender","19742",3.06462,2.818,"REZ1",1.08751596877218
"Anthony Castro","19789",0.0482,NA,NA,NA
"Anthony Crespo","sa3023139",0.0313,NA,NA,NA
"Anthony Cruz","sa3019534",0.0353,NA,NA,NA
"Anthony DeSclafani","13050",3.13961058823529,3.744,"REZ1",0.838571204122675
"Anthony Escobar","sa3005691",0.0394,NA,NA,NA
"Anthony Flores","sa3019377",0.0436,NA,NA,NA
"Anthony Garcia","sa3019661",0.0433,NA,NA,NA
"Anthony Gose","5097",2.25558333333333,3.396,"REZ1",0.664188260698861
"Anthony HoopiiTuionetoa","sa3015298",1.17838,NA,NA,NA
"Anthony Kay","20387",0.871357142857143,2.925,"REZ1",0.297899877899878
"Anthony Maldonado","26034",2.15052,1.814,"REZ1",1.18551267916207
"Anthony Mendez","sa3015992",0.0395,NA,NA,NA
"Anthony Misiewicz","18152",1.39878094117647,2.857,"REZ1",0.48959780930223
"Anthony Molina","26952",1.33657764705882,1.713,"REZ1",0.780255485731946
"Anthony Narvaez","sa3019521",0.0381,NA,NA,NA
"Anthony Perez","sa3016623",0.034,NA,NA,NA
"Anthony Simonelli","sa3017312",1.5233,NA,NA,NA
"Anthony Solometo","sa3018259",2.52425,NA,NA,NA
"Anthony Swarzak","7466",0.0468,NA,NA,NA
"Anthony Tomczak","sa3011763",0.0414,NA,NA,NA
"Anthony Veneziano","27453",2.95240470588235,2.938,"REZ1",1.00490289512674
"Anthony Vizcaya","sa657689",0.5236,NA,NA,NA
"Antoine Kelly","sa3011135",0.5219,NA,NA,NA
"Antoni Cuello","sa3015947",0.0361,NA,NA,NA
"Antonio Florido","sa3018890",0.0267,NA,NA,NA
"Antonio Jimenez","sa3008074",1.44732,NA,NA,NA
"Antonio Knowles","sa3017387",1.524,NA,NA,NA
"Antonio Menendez","sa3018799",1.5232,NA,NA,NA
"Antonio Santos","20383",2.52465,NA,NA,NA
"Antonio Senzatela","15488",4.81480941176471,4.528,"REZ1",1.06334130118478
"Antonio Velez","sa3014850",0.0475,NA,NA,NA
"Antwone Kelly","sa3015489",0.0377,NA,NA,NA
"Anyelo Ovando","sa3015996",0.0414,NA,NA,NA
"Anyer Laureano","sa3019123",0.0401,NA,NA,NA
"Archie Bradley","12918",0.749214285714286,2.507,"REZ1",0.298848937261382
"Argenis Angulo","sa829470",0.0467,NA,NA,NA
"Argenis Aparicio","sa3021643",0.0325,NA,NA,NA
"Ariel Jurado","17030",0.0536,NA,NA,NA
"Arielbi Gonzalez","sa3016800",0.0392,NA,NA,NA
"Arij Fransen","sa3015369",0.0428,NA,NA,NA
"Arlison Rodriguez","sa3018823",0.0355,NA,NA,NA
"Armando Vasquez","sa3018283",0.0435,NA,NA,NA
"Arnaldo Hernandez","sa828154",0.0463,NA,NA,NA
"Arodys Vizcaino","5498",0.0489,NA,NA,NA
"Aroldis Chapman","10233",4.53978117647059,5.734,"REZ1",0.7917302365662
"Art Warren","18251",1.0227,NA,NA,NA
"Asa Lacy","sa3014423",0.0479,NA,NA,NA
"Asher Wojciechowski","10836",0.048,NA,NA,NA
"Ashton Goudeau","15139",0.0409,NA,NA,NA
"Ashton Izzi","sa3022230",0.0373,NA,NA,NA
"Audry Lugo","sa3008710",0.0406,NA,NA,NA
"Augusto Calderon","sa3006406",0.0412,NA,NA,NA
"Austin Adams","13801",0.888430588235294,0.06,"REZ1",14.8071764705882
"Austin Aldeano","sa3016259",0.0307,NA,NA,NA
"Austin Amaral","sa3022903",0.0393,NA,NA,NA
"Austin Becker","sa3020465",0.0371,NA,NA,NA
"Austin Bergner","sa3011122",1.52515,NA,NA,NA
"Austin Brice","17237",0.52235,NA,NA,NA
"Austin Briggs","sa3007261",0.046,NA,NA,NA
"Austin Cox","24604",1.35741666666667,0.523,"REZ1",2.59544295729764
"Austin Davis","17117",1.18707145454545,2.142,"REZ1",0.554188354129531
"Austin Drury","sa3008043",0.0461,NA,NA,NA
"Austin Emener","sa3022799",0.033,NA,NA,NA
"Austin Gomber","16561",6.24438235294118,4.509,"REZ1",1.38487078131319
"Austin Hansen","sa3006956",0.0481,NA,NA,NA
"Austin Hedges","12976",0,NA,NA,NA
"Austin Kitchen","27910",1.879875,1.158,"REZ1",1.62338082901554
"Austin Krob","sa3020594",3.02895,NA,NA,NA
"Austin Lambright","sa3007236",0.0424,NA,NA,NA
"Austin Love","sa3017609",0.0482,NA,NA,NA
"Austin Peterson","sa3020868",3.52645,NA,NA,NA
"Austin Pope","sa3010816",2.5246,NA,NA,NA
"Austin Pruitt","15290",1.264625,2.475,"REZ1",0.510959595959596
"Austin Roberts","sa3010254",1.52235,NA,NA,NA
"Austin Ross","sa3007817",0.0474,NA,NA,NA
"Austin Schulfer","sa3007585",1.52455,NA,NA,NA
"Austin Smith","sa3017071",1.0239,NA,NA,NA
"Austin Strickland","sa3023380",0.0423,NA,NA,NA
"Austin Temple","sa3020263",0.0404,NA,NA,NA
"Austin Troesser","sa3023281",0.0494,NA,NA,NA
"Austin Vernon","sa3017138",1.52255,NA,NA,NA
"Austin Voth","15047",1.78756,2.493,"REZ1",0.71703168872844
"Austin Warner","sa3004494",0.0508,NA,NA,NA
"Austin Warren","24937",0.915246470588235,2.053,"REZ1",0.445809289132117
"Avery Short","sa3011712",0.0499,NA,NA,NA
"Avery Weems","sa3010256",0.0525,NA,NA,NA
"Ayendy Bravo","sa3024090",0.0311,NA,NA,NA
"Bailey Dees","sa3017946",2.52565,NA,NA,NA
"Bailey Falter","20070",5.48594470588235,3.999,"REZ1",1.37182913375403
"Bailey Horn","27753",1.72660988235294,2.468,"REZ1",0.699598817809133
"Bailey Ober","21224",9.45452941176471,6.711,"REZ1",1.40881081981295
"Bailey Reid","sa3014867",0.0411,NA,NA,NA
"Baron Stuart","sa3020888",2.5254,NA,NA,NA
"Barrett Kent","sa3023082",0.0361,NA,NA,NA
"Barrett Loseke","sa3008243",0.0477,NA,NA,NA
"Bayant Melo","sa3022028",0.0251,NA,NA,NA
"Bayden Root","sa3023040",0.0422,NA,NA,NA
"Bear Bellomy","sa1170484",0.0455,NA,NA,NA
"Beau Brieske","26079",3.34021764705882,4.258,"REZ1",0.784456939187136
"Beau Burrows","18873",1.52215,NA,NA,NA
"Beau Sulser","23420",2.0238,NA,NA,NA
"Beck Way","sa3014462",2.02285,NA,NA,NA
"Ben Anderson","sa3010560",2.0258,NA,NA,NA
"Ben Beutel","sa3019848",0.0441,NA,NA,NA
"Ben Bowden","20198",1.02355,NA,NA,NA
"Ben Braymer","20175",0.0443,NA,NA,NA
"Ben Brecht","sa3011218",0.0473,NA,NA,NA
"Ben Brown","23590",3.17973294117647,5.387,"REZ1",0.59026043088481
"Ben Brutti","sa3021478",0.0385,NA,NA,NA
"Ben Casparius","30085",1.95865647058824,2.892,"REZ1",0.677267106012529
"Ben Ethridge","sa3020820",0.0393,NA,NA,NA
"Ben Gross","sa1119979",0.0483,NA,NA,NA
"Ben Harris","sa3017779",1.5238,NA,NA,NA
"Ben Hecht","sa738501",0.0451,NA,NA,NA
"Ben Heller","15100",0.958867672727273,1.942,"REZ1",0.493752663608276
"Ben Hernandez","sa3014541",0.0422,NA,NA,NA
"Ben Holmes","sa549147",0.0435,NA,NA,NA
"Ben Joyce","31461",2.82200705882353,3.46,"REZ1",0.815608976538592
"Ben Krauth","sa918347",0.0499,NA,NA,NA
"Ben Kudrna","sa3018253",2.52465,NA,NA,NA
"Ben Leeper","sa3014907",1.52405,NA,NA,NA
"Ben Lively","14932",7.13747058823529,2.383,"REZ1",2.99516180790403
"Ben Madison","sa3008173",1.52335,NA,NA,NA
"Ben Miller","sa3017208",0.0417,NA,NA,NA
"Ben Onyshko","sa3008096",0.52295,NA,NA,NA
"Ben Peoples","sa3011784",2.02475,NA,NA,NA
"Ben Petschke","sa3023452",0.0398,NA,NA,NA
"Ben Rowen","10983",0.0445,NA,NA,NA
"Ben Sears","sa3020178",0.0429,NA,NA,NA
"Ben Serunkuma","sa3019627",0.0398,NA,NA,NA
"Ben Shields","sa3023483",2.52955,NA,NA,NA
"Ben Simon","sa3023164",0.0456,NA,NA,NA
"Ben Thompson","sa3022873",0.0413,NA,NA,NA
"Ben Wereski","sa3018234",0.0436,NA,NA,NA
"Benito Garcia","sa3005891",1.52325,NA,NA,NA
"Benjamin Arias","sa3008724",0.0429,NA,NA,NA
"Benjamin Dum","sa3011795",0.0411,NA,NA,NA
"Bennett Sousa","21345",2.207772,0.97,"REZ1",2.27605360824742
"Benony Robles","sa3006135",0.0427,NA,NA,NA
"Bernard Jose","sa3021812",0.0398,NA,NA,NA
"Bernard Mack","sa3021771",0.0361,NA,NA,NA
"Bernardo Flores Jr","19561",0.0464,NA,NA,NA
"Bernardo Rivera","sa3024531",0.0315,NA,NA,NA
"Bernie Martinez","sa3010142",0.0469,NA,NA,NA
"Biembenido  Brito","sa3019257",0.0359,NA,NA,NA
"Billy Corcoran","sa3020172",3.5254,NA,NA,NA
"Billy Lescher","sa3004471",0.0455,NA,NA,NA
"Billy Seidl","sa3020257",0.0381,NA,NA,NA
"Billy Sullivan","sa3014918",1.02235,NA,NA,NA
"Bishop Letson","sa3023526",0.0388,NA,NA,NA
"Blade Tidwell","sa3020177",3.52775,NA,NA,NA
"Bladimir Pichardo","sa3022123",0.0314,NA,NA,NA
"Blaine Knight","sa3008532",1.0231,NA,NA,NA
"Blair Calvo","25416",1.53085714285714,5.241,"REZ1",0.292092566849293
"Blair Henley","26190",1.5264,NA,NA,NA
"Blake Adams","sa3020174",2.52175,NA,NA,NA
"Blake Beers","sa3018004",3.52455,NA,NA,NA
"Blake Burkhalter","sa3020382",0.0509,NA,NA,NA
"Blake Goldsberry","sa3014978",0.52315,NA,NA,NA
"Blake Holub","sa3018147",1.52345,NA,NA,NA
"Blake Loubier","sa3011730",0.039,NA,NA,NA
"Blake Money","sa3023127",0.0459,NA,NA,NA
"Blake Parker","5224",0.0459,NA,NA,NA
"Blake Pivaroff","sa3023080",0.0395,NA,NA,NA
"Blake Rivera","sa3008261",0.0461,NA,NA,NA
"Blake Rogers","sa876290",0.0468,NA,NA,NA
"Blake Seigler","sa3017899",0.0404,NA,NA,NA
"Blake Snell","13543",11.0486235294118,10.745,"REZ1",1.02825719212767
"Blake Taylor","16418",1.0231,NA,NA,NA
"Blake Townsend","sa3010125",0.5219,NA,NA,NA
"Blake Treinen","12572",4.76333411764706,5.292,"REZ1",0.900100929260593
"Blake Walston","26270",1.91915647058824,0.681,"REZ1",2.81814459704587
"Blake Wehunt","sa3023220",2.52655,NA,NA,NA
"Blake Weiman","sa3004211",0.735979857142857,NA,NA,NA
"Blake Whiting","sa3023045",0.0398,NA,NA,NA
"Blake Whitney","sa3007966",1.5238,NA,NA,NA
"Blake Wolters","sa3023513",0.0389,NA,NA,NA
"Blake Workman","sa3007856",0.0468,NA,NA,NA
"Blane Abeyta","sa3014975",3.02595,NA,NA,NA
"Blas Castano","sa3006617",2.03332371428571,NA,NA,NA
"Blayne Enlow","sa3005117",1.5264,NA,NA,NA
"Blaze Pontes","sa3020486",0.0394,NA,NA,NA
"Bo Bonds","sa3022938",0.0439,NA,NA,NA
"Bobby Ay","sa3011535",0.0418,NA,NA,NA
"Bobby Milacki","sa3007216",1.0231,NA,NA,NA
"Bobby Miller","27483",3.25198705882353,4.599,"REZ1",0.707107427445864
"Boby Johnson","sa3006983",0.0466,NA,NA,NA
"Bodi Rascon","sa3011849",0.0474,NA,NA,NA
"Bowden Francis","20548",8.56045058823529,5.344,"REZ1",1.60188072384642
"Bowen Plagge","sa3018237",0.0405,NA,NA,NA
"Brad Boxberger","10133",0.865357142857143,2.915,"REZ1",0.296863513844646
"Brad Brach","6627",0.0461,NA,NA,NA
"Brad Case","sa3007613",1.02255,NA,NA,NA
"Brad Deppermann","sa3011801",0.02335,NA,NA,NA
"Brad Hand","9111",0.574214285714286,1.889,"REZ1",0.303977917265371
"Brad Keller","15734",2.08553894117647,5.188,"REZ1",0.401992856818903
"Brad Lord","sa3020812",1.52605,NA,NA,NA
"Brad Peacock","5401",0.0479,NA,NA,NA
"Brad Wieck","16390",1.0244,NA,NA,NA
"Braden Bristo","20494",0.2425,0.734,"REZ1",0.330381471389646
"Braden Carmichael","sa3023003",0.0424,NA,NA,NA
"Braden Nett","sa3020336",0.051,NA,NA,NA
"Braden Olthoff","sa3017654",0.0475,NA,NA,NA
"Braden Scott","sa3018143",0.0466,NA,NA,NA
"Braden Shipley","15158",0.0463,NA,NA,NA
"Braden Zarbnisky","sa3014791",0.0464,NA,NA,NA
"Bradford Webb","sa3017508",0.0463,NA,NA,NA
"Bradgley Rodriguez","sa3016035",0.84952,NA,NA,NA
"Bradley Blalock","26419",2.11807952941176,3.167,"REZ1",0.668796820148963
"Bradley Brehmer","sa3020828",2.5241,NA,NA,NA
"Bradley Hanner","sa3010837",2.5228,NA,NA,NA
"Brady Basso","25582",2.92216235294118,2.452,"REZ1",1.19174647346704
"Brady Choban","sa3023212",1.52305,NA,NA,NA
"Brady Feigl","15968",1.44904166666667,1.07,"REZ1",1.3542445482866
"Brady Hill","sa3020559",0.0365,NA,NA,NA
"Brady Lail","14707",0.0458,NA,NA,NA
"Brady Puckett","sa829632",0.0451,NA,NA,NA
"Brady Schanuel","sa918871",0.0405,NA,NA,NA
"Brady Singer","25377",8.65220235294118,6.711,"REZ1",1.28925679525275
"Braeden Fausnaught","sa3020598",2.5257,NA,NA,NA
"Braeden Ogle","sa917989",0.0456,NA,NA,NA
"Brahian Rijo","sa3022051",0.0343,NA,NA,NA
"Braian Salazar","sa3019741",0.0418,NA,NA,NA
"Brailin Rodriguez","sa3009238",0.0411,NA,NA,NA
"Brailyn Marquez","21896",0.0495,NA,NA,NA
"Brailyn Paulino","sa3022038",0.0325,NA,NA,NA
"Brandan Bidois","sa3015277",0.0455,NA,NA,NA
"Branden Noriega","sa3020867",0.0394,NA,NA,NA
"Brandison Polanco","sa3019279",0.0366,NA,NA,NA
"Brandon Beckel","sa3023276",0.0432,NA,NA,NA
"Brandon Bielak","19866",1.04697290909091,0.603,"REZ1",1.73627348107945
"Brandon Birdsell","sa3020797",3.02685,NA,NA,NA
"Brandon Brennan","13527",0.0459,NA,NA,NA
"Brandon Dufault","sa3017257",0.0451,NA,NA,NA
"Brandon Eisert","27668",1.11406282352941,0.522,"REZ1",2.13421996844715
"Brandon Finnegan","16208",0.0443,NA,NA,NA
"Brandon Gold","sa872724",0.0504,NA,NA,NA
"Brandon Herbold","sa3021988",0.0306,NA,NA,NA
"Brandon Hughes","23460",1.03062023636364,2.231,"REZ1",0.461954386536816
"Brandon Johnson","sa3020610",1.52305,NA,NA,NA
"Brandon Kintzler","9939",0.0464,NA,NA,NA
"Brandon Knarr","sa3015005",0.0525,NA,NA,NA
"Brandon Komar","sa3010630",2.0241,NA,NA,NA
"Brandon Leibrandt","16135",1.592375,1.928,"REZ1",0.825920643153527
"Brandon Neeck","sa3021978",0.0458,NA,NA,NA
"Brandon Pfaadt","27782",8.85294470588235,9.457,"REZ1",0.936126118841319
"Brandon Schaeffer","sa3020751",0.0461,NA,NA,NA
"Brandon Smith","sa3021021",0.0353,NA,NA,NA
"Brandon Sproat","sa3023499",1.98543666666667,NA,NA,NA
"Brandon Waddell","18347",0.0505,NA,NA,NA
"Brandon Walter","26056",0.508428571428571,1.651,"REZ1",0.307951890629056
"Brandon White","sa3020589",0.0356,NA,NA,NA
"Brandon Williamson","25463",2.15220833333333,2.788,"REZ1",0.771954208512673
"Brandon Woodruff","16162",7.92213647058824,5.192,"REZ1",1.5258352216079
"Brandon Workman","11428",0.045,NA,NA,NA
"Brandon Young","sa3014926",1.579882,NA,NA,NA
"Brandyn Garcia","sa3022951",1.33812633333333,NA,NA,NA
"Brandyn Sittinger","19192",0.0454,NA,NA,NA
"Branneli Franco","sa3023818",0.0288,NA,NA,NA
"Brannon Jordan","sa3017814",0.0422,NA,NA,NA
"Brant Hurter","30133",3.14452117647059,2.39,"REZ1",1.31569923701698
"Braulio Salas","sa3019820",0.0319,NA,NA,NA
"Braunny Munoz","sa3006398",0.0424,NA,NA,NA
"Brawny Reyes","sa3018007",0.0396,NA,NA,NA
"Braxton Ashcraft","sa3008470",1.83511871428571,NA,NA,NA
"Braxton Bragg","sa3023303",0.0478,NA,NA,NA
"Braxton Garrett","21844",2.881875,4.648,"REZ1",0.620024741824441
"Braxton Hyde","sa3020612",0.0365,NA,NA,NA
"Braxton Roxby","sa3014811",1.02385,NA,NA,NA
"Brayan Bello","23920",10.2935529411765,8.508,"REZ1",1.20986752952239
"Brayan Cabello","sa3018304",0.0374,NA,NA,NA
"Brayan Castillo","sa3006544",1.0205,NA,NA,NA
"Brayan De Paula","sa3005070",1.02385,NA,NA,NA
"Brayan Diaz","sa3016069",0.0364,NA,NA,NA
"Brayan Medina","sa3014705",0.0284,NA,NA,NA
"Brayan Mendoza","sa3015477",0.0448,NA,NA,NA
"Brayan Narvaez","sa3022133",0.0322,NA,NA,NA
"Brayan Palencia","sa3016011",0.0405,NA,NA,NA
"Brayan Perez","sa3006100",0.0474,NA,NA,NA
"Brayan Restituyo","sa3015461",0.0406,NA,NA,NA
"Brayan Romero","sa3018313",0.0391,NA,NA,NA
"Brayan Suarez","sa3019649",0.0358,NA,NA,NA
"Braydon Fisher","sa3007929",1.3993,NA,NA,NA
"Braydon Tucker","sa3023249",0.0448,NA,NA,NA
"Brayhans Barreto","sa3022316",0.0432,NA,NA,NA
"Brayner Sanchez","sa3011366",0.0417,NA,NA,NA
"Breck Eichelberger","sa3023096",0.0403,NA,NA,NA
"Breidy Encarnacion","sa3009205",0.043,NA,NA,NA
"Breilin Arredondo","sa3021748",0.0358,NA,NA,NA
"Brenan Hanifee","22304",2.34288588235294,3.86,"REZ1",0.606965254495581
"Brendan Beck","sa3020680",0.0482,NA,NA,NA
"Brendan Cellucci","sa3011710",1.5231,NA,NA,NA
"Brendan Collins","sa3017549",0.0416,NA,NA,NA
"Brendan Hardy","sa3008290",0.52135,NA,NA,NA
"Brendan McGuigan","sa3011850",0.0418,NA,NA,NA
"Brendan McKay","20186",1.02695,NA,NA,NA
"Brendan Morse","sa3022743",0.031,NA,NA,NA
"Brendan Nail","sa3005359",0.049,NA,NA,NA
"Brendan White","26024",0.484928571428571,1.574,"REZ1",0.308086767108368
"Brendon Little","21574",3.01050941176471,4.507,"REZ1",0.667963037888774
"Brennan Bernardino","16835",2.83547176470588,3.352,"REZ1",0.845904464411063
"Brent Headrick","27702",2.08036823529412,2.457,"REZ1",0.846710718475424
"Brent Honeywell","16466",1.03499981818182,0.527,"REZ1",1.96394652406417
"Brent Killam","sa3014927",0.0464,NA,NA,NA
"Brent Suter","13942",2.36091882352941,1.701,"REZ1",1.3879593318809
"Brent Teller","sa3018794",0.0489,NA,NA,NA
"Brett Anderson","8223",0.0535,NA,NA,NA
"Brett Conine","sa3008024",0.0451,NA,NA,NA
"Brett Daniels","sa3008127",0.045,NA,NA,NA
"Brett Eibner","11369",0.0477,NA,NA,NA
"Brett Kennedy","17877",1.71929166666667,2.694,"REZ1",0.638192897797575
"Brett Kerry","sa3017390",2.0241,NA,NA,NA
"Brett Lockwood","sa3015041",0.0398,NA,NA,NA
"Brett Martin","17369",0.0496,NA,NA,NA
"Brett Matthews","sa3019488",0.0486,NA,NA,NA
"Brett Schulze","sa3011195",0.0479,NA,NA,NA
"Brett Standlee","sa3017388",0.0432,NA,NA,NA
"Brett Wichrowski","sa3023366",1.5243,NA,NA,NA
"Brett de Geus","23592",1.87071082352941,3.093,"REZ1",0.604820828816493
"Brian Edgington","sa3022911",0.0441,NA,NA,NA
"Brian Fitzpatrick","sa3020265",0.046,NA,NA,NA
"Brian Glowicki","sa3004826",0.0479,NA,NA,NA
"Brian Gonzalez","sa828794",0.0505,NA,NA,NA
"Brian Howard","sa918377",0.0459,NA,NA,NA
"Brian Keller","sa918951",0.0528,NA,NA,NA
"Brian Marconi","sa3010665",0.0458,NA,NA,NA
"Brian Moran","9646",0.52495,NA,NA,NA
"Brian Van Belle","sa3014925",2.5253,NA,NA,NA
"Brock Bell","sa3011571",0.0414,NA,NA,NA
"Brock Burke","17968",3.15343764705882,3.583,"REZ1",0.880110981596099
"Brock Jones","sa3011783",0.0379,NA,NA,NA
"Brock Porter","sa3020708",0.0414,NA,NA,NA
"Brock Selvidge","sa3017950",3.0278,NA,NA,NA
"Brock Stewart","16727",2.33453647058824,2.53,"REZ1",0.92274168797954
"Brock Whittlesey","sa1172219",0.0429,NA,NA,NA
"Brody Hopkins","sa3023515",0.0457,NA,NA,NA
"Brody Jessee","sa3020447",0.0418,NA,NA,NA
"Brody Koerner","17748",0.0448,NA,NA,NA
"Brody McCullough","sa3020599",0.0532,NA,NA,NA
"Brody Rodning","sa3004591",1.0248,NA,NA,NA
"Brooks Crawford","sa3011554",1.02175,NA,NA,NA
"Brooks Gosswein","sa3017315",0.0482,NA,NA,NA
"Brooks Kriske","21189",1.14979166666667,1.774,"REZ1",0.648135099586622
"Brooks Raley","10061",1.15847941176471,1.664,"REZ1",0.696201569570136
"Brooks Wilson","sa3006966",1.52415,NA,NA,NA
"Bruce Zimmermann","20370",1.48764654545455,2.061,"REZ1",0.721808124917295
"Brusdar Graterol","20367",2.16319188235294,4.819,"REZ1",0.448888126655518
"Bryan Abreu","16609",3.71066470588235,3.635,"REZ1",1.02081559996763
"Bryan Baker","19804",2.41970823529412,3.086,"REZ1",0.784092104761542
"Bryan Bautista","sa3018820",0.0337,NA,NA,NA
"Bryan Brickhouse","sa597825",0.0521,NA,NA,NA
"Bryan Caceres","sa3005687",0.0377,NA,NA,NA
"Bryan Chi","sa3020958",0.52265,NA,NA,NA
"Bryan Garcia","19457",0.0451,NA,NA,NA
"Bryan Hoeing","26304",3.07382,3.653,"REZ1",0.841450862304955
"Bryan Hudson","19924",3.48847529411765,3.952,"REZ1",0.882711359847583
"Bryan King","25890",2.20114470588235,3.278,"REZ1",0.671490148225245
"Bryan Lucas","sa3006123",0.0416,NA,NA,NA
"Bryan Magdaleno","sa3016478",0.0496,NA,NA,NA
"Bryan Mata","sa917784",1.0255,NA,NA,NA
"Bryan Mena","sa3016613",0.0312,NA,NA,NA
"Bryan Mitchell","11479",0.0462,NA,NA,NA
"Bryan Monte De Oca","sa3021773",0.0307,NA,NA,NA
"Bryan Pena","sa3006483",0.0413,NA,NA,NA
"Bryan Perez","sa3016515",0.0357,NA,NA,NA
"Bryan Perez","sa3017014",0.0397,NA,NA,NA
"Bryan Polanco","sa3016915",0.0335,NA,NA,NA
"Bryan Pope","sa3017532",0.0459,NA,NA,NA
"Bryan Rivera","sa3019382",0.039,NA,NA,NA
"Bryan Sammons","20462",2.62470833333333,3.129,"REZ1",0.838832960477256
"Bryan Sanchez","sa3009558",0.0357,NA,NA,NA
"Bryan Shaw","8110",1.03176282352941,0.838,"REZ1",1.23122055313772
"Bryan Woo","30279",8.07316588235294,6.153,"REZ1",1.31206986548886
"Bryant Landaeta","sa3019389",0.0358,NA,NA,NA
"Bryant Salgado","sa3017364",0.0418,NA,NA,NA
"Bryce Bonnin","sa3014453",1.02365,NA,NA,NA
"Bryce Collins","sa3023438",0.0404,NA,NA,NA
"Bryce Conley","sa3004704",0.0465,NA,NA,NA
"Bryce Elder","27779",3.78264588235294,4.03,"REZ1",0.938621807035469
"Bryce Hubbart","sa3020323",1.0203,NA,NA,NA
"Bryce Jarvis","27477",2.28436117647059,2.126,"REZ1",1.07448785346688
"Bryce McGowan","sa3017786",0.52065,NA,NA,NA
"Bryce Miller","29837",10.6794705882353,10.31,"REZ1",1.03583613852913
"Bryce Montes de Oca","21319",0.0536,NA,NA,NA
"Bryce Osmond","sa3020800",0.0475,NA,NA,NA
"Bryce Tassin","sa3010814",1.02415,NA,NA,NA
"Bryce Warrecker","sa3023364",0.0392,NA,NA,NA
"Brycen Mautz","sa3020710",0.0488,NA,NA,NA
"Bryse Wilson","19990",3.6349,3.696,"REZ1",0.983468614718615
"Bryson Hammer","sa3022664",0.0401,NA,NA,NA
"Bubba Chandler","sa3017428",4.99563833333333,NA,NA,NA
"Bubba Derby","sa875183",0.0474,NA,NA,NA
"Bubba Hall","sa3020403",0.0397,NA,NA,NA
"Bubby Rossman","17179",0.0478,NA,NA,NA
"Buck Farmer","14814",2.03557294117647,1.824,"REZ1",1.1159939370485
"Burch Smith","12784",1.71193472727273,4.101,"REZ1",0.41744324000798
"CD Pelham","19820",0.52285,NA,NA,NA
"CJ Culpepper","sa3020563",2.02705,NA,NA,NA
"CJ Eldred","sa3006697",0.0487,NA,NA,NA
"CJ Mayhue","sa3020175",0.0428,NA,NA,NA
"CJ Van Eyk","sa3014713",2.0255,NA,NA,NA
"CJ Weins","sa3023221",0.0468,NA,NA,NA
"CJ Widger","sa3020960",0.0436,NA,NA,NA
"Cade Austin","sa3023372",0.0424,NA,NA,NA
"Cade Cavalli","27473",3.83792285714286,NA,NA,NA
"Cade Denton","sa3023047",0.0384,NA,NA,NA
"Cade Feeney","sa3023228",0.0429,NA,NA,NA
"Cade Gibson","sa3019914",1.52335,NA,NA,NA
"Cade Halemanu","sa3020328",0.0417,NA,NA,NA
"Cade Horton","sa3020860",1.52845,NA,NA,NA
"Cade Kuehler","sa3023306",0.0474,NA,NA,NA
"Cade Povich","30055",5.54162117647059,5.498,"REZ1",1.0079340080885
"Cade Smith","27867",4.69646235294118,7.536,"REZ1",0.62320360309729
"Cade Smith","sa3023371",0.0477,NA,NA,NA
"Cade Winquest","sa3020805",0.0455,NA,NA,NA
"Caden Dana","31508",4.15038470588235,3.746,"REZ1",1.10795106937596
"Caden Grice","sa3023166",0.0469,NA,NA,NA
"Caden Monke","sa3017305",0.0432,NA,NA,NA
"Cal Quantrill","19312",6.38608705882353,3.874,"REZ1",1.6484478726958
"Cale Lansville","sa3023176",0.0432,NA,NA,NA
"Caleb Baragar","19231",1.0234,NA,NA,NA
"Caleb Bolden","sa3020463",1.024,NA,NA,NA
"Caleb Boushley","19736",2.61429166666667,0.566,"REZ1",4.61888987043581
"Caleb Ferguson","19349",2.64612235294118,2.15,"REZ1",1.23075458276334
"Caleb Franzen","sa3020531",0.0426,NA,NA,NA
"Caleb Freeman","sa3011339",1.0207,NA,NA,NA
"Caleb Kilian","26213",1.20835282352941,0.623,"REZ1",1.93957114531206
"Caleb Sampen","sa3007965",0.0513,NA,NA,NA
"Caleb Simpson","sa738717",0.0461,NA,NA,NA
"Caleb Smith","14875",0.0468,NA,NA,NA
"Caleb Thielbar","10078",2.87682823529412,2.733,"REZ1",1.05262650394955
"Caleb Wurster","sa3016910",0.0459,NA,NA,NA
"Callum Wallace","sa3019579",0.04,NA,NA,NA
"Calvin Coker","sa3007932",1.02265,NA,NA,NA
"Calvin Faucher","20116",2.66242,3.415,"REZ1",0.779625183016105
"Calvin Ziegler","sa3018142",0.0507,NA,NA,NA
"Cam Alldred","25078",2.0245,NA,NA,NA
"Cam Bedrosian","13360",0.0453,NA,NA,NA
"Cam Booser","16061",2.81498117647059,2.668,"REZ1",1.05509039597848
"Cam Brown","sa3018260",0.0426,NA,NA,NA
"Cam Day","sa3023201",0.044,NA,NA,NA
"Cam Opp","sa3014853",0.0457,NA,NA,NA
"Cam Robinson","sa3005216",1.02295,NA,NA,NA
"Cam Sanders","sa3008067",1.5226,NA,NA,NA
"Cam Schlittler","sa3021981",3.5286,NA,NA,NA
"Cam Tullar","sa3022415",0.0422,NA,NA,NA
"Cam Vieaux","19529",0.0471,NA,NA,NA
"Cam Wynne","sa3017492",0.0421,NA,NA,NA
"Camden Minacci","sa3022728",1.34913333333333,NA,NA,NA
"Cameron Bishop","sa829601",0.0492,NA,NA,NA
"Cameron Cotter","sa3021726",3.02385,NA,NA,NA
"Cameron Foster","sa3020735",1.5261,NA,NA,NA
"Cameron Junker","sa3010365",1.022,NA,NA,NA
"Cameron Leonard","sa3016912",0.0471,NA,NA,NA
"Cameron Wagoner","sa3019952",0.0448,NA,NA,NA
"Cameron Weston","sa3020528",3.52805,NA,NA,NA
"Camilo Doval","21992",4.60585176470588,5.389,"REZ1",0.854676519707902
"Camilo Hernandez","sa3018899",0.0403,NA,NA,NA
"Camilo Sanchez","sa3018834",0.0341,NA,NA,NA
"Candido Cuevas","sa3018305",0.0438,NA,NA,NA
"Carl Edwards Jr","13607",1.44583333333333,-1.444,"REZ1",-1.00126962142198
"Carlo Reyes","sa3008713",1.0243,NA,NA,NA
"Carlos A Francisco","sa3010827",1.52285,NA,NA,NA
"Carlos Belen","sa736746",0.0471,NA,NA,NA
"Carlos Betancourt","sa3006600",1.0231,NA,NA,NA
"Carlos Brito","sa3019802",0.0353,NA,NA,NA
"Carlos Brito","sa3022391",0.0356,NA,NA,NA
"Carlos Calderon","sa3009713",0.0419,NA,NA,NA
"Carlos Campos","sa3005457",0.0416,NA,NA,NA
"Carlos Canales","sa3024076",0.0301,NA,NA,NA
"Carlos Carrasco","6632",1.64619211764706,2.925,"REZ1",0.562800723981901
"Carlos Castillo","sa3021500",0.0361,NA,NA,NA
"Carlos De Los Santos","sa3005448",0.04,NA,NA,NA
"Carlos Duran","sa3006404",1.52855,NA,NA,NA
"Carlos Espinal","sa872567",0.0472,NA,NA,NA
"Carlos Espinosa","sa3019549",1.52295,NA,NA,NA
"Carlos Estevez","14542",4.10430941176471,4.287,"REZ1",0.957384980584256
"Carlos Garcia","sa3006590",1.0224,NA,NA,NA
"Carlos Gomez","sa3006699",1.0224,NA,NA,NA
"Carlos Gomez","sa3019733",0.0357,NA,NA,NA
"Carlos Gonzalez","sa3022036",0.0324,NA,NA,NA
"Carlos Guarate","sa3006127",0.0404,NA,NA,NA
"Carlos Guzman","sa871477",1.524,NA,NA,NA
"Carlos Hernandez","22713",2.28375411764706,2.949,"REZ1",0.774416452237049
"Carlos Hinestroza","sa3015503",0.0343,NA,NA,NA
"Carlos Jimenez","sa3008711",0.0374,NA,NA,NA
"Carlos Lagrange","sa3019390",0.042,NA,NA,NA
"Carlos Lequerica","sa3023081",0.0399,NA,NA,NA
"Carlos Lomeli","sa3018108",0.0411,NA,NA,NA
"Carlos Lopez","sa3015987",0.0311,NA,NA,NA
"Carlos Luna","sa828727",0.0488,NA,NA,NA
"Carlos Marcano","sa3015509",0.0449,NA,NA,NA
"Carlos Martinez","11682",0.0513,NA,NA,NA
"Carlos Martinez","sa3015423",0.0413,NA,NA,NA
"Carlos Mateo","sa3022011",0.0229,NA,NA,NA
"Carlos Meza","sa3006410",0.0457,NA,NA,NA
"Carlos Meza","sa3019059",1.51835,NA,NA,NA
"Carlos Millan","sa3016051",0.0361,NA,NA,NA
"Carlos Molina","sa3022023",0.0373,NA,NA,NA
"Carlos Pena","sa3009519",2.52475,NA,NA,NA
"Carlos Rey","sa3022732",0.0439,NA,NA,NA
"Carlos Rodon","16137",10.6036658823529,7.609,"REZ1",1.39356891606689
"Carlos Rodriguez","30161",2.34329929411765,1.589,"REZ1",1.4747006256247
"Carlos Rodriguez","sa3024277",0.0336,NA,NA,NA
"Carlos Romero","sa3003106",0.522,NA,NA,NA
"Carlos Sarmiento","sa3016593",0.0375,NA,NA,NA
"Carlos Tavera","sa3017536",1.52295,NA,NA,NA
"Carlos Torres","sa3020387",0.0387,NA,NA,NA
"Carlos Vargas","22915",2.64627058823529,3.088,"REZ1",0.856952910697958
"Carlson Reed","sa3022793",0.045,NA,NA,NA
"Carlton Perkins","sa3022740",0.0349,NA,NA,NA
"Carmen Mlodzinski","27572",3.54260117647059,3.745,"REZ1",0.945954920285871
"Carson Carter","sa3017466",0.0422,NA,NA,NA
"Carson Coleman","sa3014857",1.02485,NA,NA,NA
"Carson Fulmer","18311",1.97950181818182,5.109,"REZ1",0.38745386928593
"Carson Hobbs","sa3023573",0.0441,NA,NA,NA
"Carson Jacobs","sa3022872",0.0388,NA,NA,NA
"Carson Palmquist","sa3020473",1.81116,NA,NA,NA
"Carson Pierce","sa3023179",0.0471,NA,NA,NA
"Carson Ragsdale","sa3014922",1.61104271428571,NA,NA,NA
"Carson Rudd","sa3014812",1.02105,NA,NA,NA
"Carson Seymour","sa3017868",1.90562333333333,NA,NA,NA
"Carson Skipper","sa3020451",2.0223,NA,NA,NA
"Carson Spiers","27685",2.90284705882353,4.555,"REZ1",0.637288048040292
"Carson Teel","sa3007597",0.0475,NA,NA,NA
"Carson Whisenhunt","sa3020529",1.70507,NA,NA,NA
"Carter Baumler","sa3014480",0.0447,NA,NA,NA
"Carter Loewen","sa3014844",1.02435,NA,NA,NA
"Carter Spivey","sa3023477",0.04,NA,NA,NA
"Case Williams","sa3015013",0.0352,NA,NA,NA
"Casey Anderson","sa3022742",0.042,NA,NA,NA
"Casey Cobb","sa3014868",0.0457,NA,NA,NA
"Casey Kelly","9174",1.860375,1.047,"REZ1",1.77686246418338
"Casey Lawrence","11121",3.26878272727273,6.967,"REZ1",0.469180813445203
"Casey Legumina","25921",1.727042,1.845,"REZ1",0.936066124661247
"Casey Mize","20492",5.92778823529412,5.802,"REZ1",1.02168015086076
"Casey Sadler","11209",0.0484,NA,NA,NA
"Casey Steward","sa3023253",0.0434,NA,NA,NA
"Caswell Smith","sa3020955",0.0418,NA,NA,NA
"Cayne Ueckert","sa3010789",0.5231,NA,NA,NA
"Cedric De Grandpre","sa3020315",0.0516,NA,NA,NA
"Cesar Aquino","sa3024469",0.0328,NA,NA,NA
"Cesar Ayala","sa3015349",0.0279,NA,NA,NA
"Cesar De Jesus","sa3017767",0.0395,NA,NA,NA
"Cesar Espinal","sa3019192",0.031,NA,NA,NA
"Cesar Gomez","sa3014799",1.52335,NA,NA,NA
"Cesar Jimenez","sa3019381",0.0334,NA,NA,NA
"Cesar Lares","sa3019384",0.0426,NA,NA,NA
"Cesar Perdomo","sa3019248",0.0458,NA,NA,NA
"Cesar Rojas","sa3019244",0.0343,NA,NA,NA
"Cesar Ruiz","sa3016590",0.0359,NA,NA,NA
"Cesar Valdez","9013",0.0486,NA,NA,NA
"Cesar Álvarez","sa3015418",0.0404,NA,NA,NA
"Cesari Moreno","sa3009718",0.0349,NA,NA,NA
"Chad Bryant","sa3011133",0.0406,NA,NA,NA
"Chad Dallas","sa3018180",2.0261,NA,NA,NA
"Chad Donato","sa919112",0.0464,NA,NA,NA
"Chad Green","15552",4.01367294117647,4.011,"REZ1",1.00066640268673
"Chad Kuhl","14975",1.35721927272727,3.295,"REZ1",0.411902662436198
"Chad Patrick","sa3017933",1.933645,NA,NA,NA
"Chad Smith","20190",0.775357142857143,2.592,"REZ1",0.299134700176367
"Chalniel Arias","sa3019370",0.0371,NA,NA,NA
"Chance Adams","18135",1.02225,NA,NA,NA
"Chance Huff","sa3020317",0.0393,NA,NA,NA
"Chance Kirby","sa3007200",0.0475,NA,NA,NA
"Chandler Arnold","sa3020446",0.0385,NA,NA,NA
"Chandler Casey","sa3010820",0.0463,NA,NA,NA
"Chandler Champlain","sa3018138",1.67261625,NA,NA,NA
"Chandler Jozwiak","sa3017307",1.0213,NA,NA,NA
"Chandler Murphy","sa3023123",0.0461,NA,NA,NA
"Charbel Gonzalez","sa3019703",0.0348,NA,NA,NA
"Chariel Radney","sa3019183",0.0362,NA,NA,NA
"Charlee Soto","sa3023450",0.0412,NA,NA,NA
"Charles Hall","sa1170906",0.0458,NA,NA,NA
"Charles King","sa3023436",0.0474,NA,NA,NA
"Charlie Barnes","19865",0.049,NA,NA,NA
"Charlie Cerny","sa3007230",0.0395,NA,NA,NA
"Charlie Morton","4676",8.97857882352941,10.296,"REZ1",0.872045340280635
"Charlie Neuweiler","sa3004345",0.0458,NA,NA,NA
"Charlie Ruegger","sa3008427",0.0462,NA,NA,NA
"Chase Anderson","6895",1.27016666666667,2.505,"REZ1",0.50705256154358
"Chase Antle","sa3020810",0.0423,NA,NA,NA
"Chase Chaney","sa3010369",3.02285,NA,NA,NA
"Chase Cohen","sa3007477",1.5233,NA,NA,NA
"Chase Costello","sa3020799",2.52355,NA,NA,NA
"Chase De Jong","15036",0.576071428571429,1.904,"REZ1",0.302558523409364
"Chase Dollander","sa3023361",3.90393833333333,NA,NA,NA
"Chase Hampton","sa3020682",0.91217475,NA,NA,NA
"Chase Hopewell","sa3023252",0.0407,NA,NA,NA
"Chase Isbell","sa3023209",0.0435,NA,NA,NA
"Chase Lee","sa3016946",1.349656,NA,NA,NA
"Chase Petty","sa3017963",1.57421428571429,NA,NA,NA
"Chase Plymell","sa3017985",1.0202,NA,NA,NA
"Chase Shugart","21544",1.26831305882353,1.934,"REZ1",0.655797858750532
"Chase Silseth","30074",2.87172823529412,3.967,"REZ1",0.723904269043135
"Chase Solesky","sa3009940",1.50724,NA,NA,NA
"Chase Wallace","sa3015105",1.0229,NA,NA,NA
"Chase Watkins","sa3017842",0.0466,NA,NA,NA
"Chasen Shreve","10855",1.48126945454545,3.695,"REZ1",0.400884832082667
"Chavez Fernander","sa3007240",0.0438,NA,NA,NA
"Chay Yeager","sa3023254",0.0415,NA,NA,NA
"Chayce McDermott","29866",2.14200117647059,1.367,"REZ1",1.56693575455054
"Chazz Martinez","sa3020468",0.0431,NA,NA,NA
"Chen ZhongAo Zhuang","sa3018174",2.0252,NA,NA,NA
"ChenWei Lin","sa3022876",0.0474,NA,NA,NA
"Chester Pimentel","sa877342",0.0464,NA,NA,NA
"Chi Chi Gonzalez","14663",1.22835714285714,4.183,"REZ1",0.29365458829958
"ChihJung Liu","sa3014675",2.02485,NA,NA,NA
"Chris Archer","6345",0.0528,NA,NA,NA
"Chris Barraza","sa3022649",0.0393,NA,NA,NA
"Chris Bassitt","12304",10.5726235294118,10.398,"REZ1",1.01679395358836
"Chris Campos","sa3020396",2.5272,NA,NA,NA
"Chris Clark","sa3022874",0.0397,NA,NA,NA
"Chris Clarke","sa3011411",1.52705,NA,NA,NA
"Chris Devenski","12763",1.48377270588235,3.402,"REZ1",0.436147179859598
"Chris Ellis","16125",1.52315,NA,NA,NA
"Chris Flexen","13896",1.97413411764706,3.464,"REZ1",0.569900149436218
"Chris Gau","sa3007728",1.52325,NA,NA,NA
"Chris Gerard","sa3017507",0.0438,NA,NA,NA
"Chris Jefferson","sa3017816",0.0434,NA,NA,NA
"Chris Kachmar","sa1170503",1.52425,NA,NA,NA
"Chris Kean","sa3023576",0.0419,NA,NA,NA
"Chris Lincoln","sa3011130",0.0409,NA,NA,NA
"Chris Martin","11847",3.57574941176471,4.984,"REZ1",0.717445708620527
"Chris Mauloni","sa3014977",0.0414,NA,NA,NA
"Chris Mazza","14151",0.0453,NA,NA,NA
"Chris McElvain","sa3020806",0.0456,NA,NA,NA
"Chris McMahon","sa3014429",0.0403,NA,NA,NA
"Chris Mokma","sa3011750",0.0423,NA,NA,NA
"Chris Muller","sa3006811",0.0467,NA,NA,NA
"Chris Murphy","26214",0.6435112,0.564,"REZ1",1.14097730496454
"Chris Paddack","20099",5.28397647058824,4.449,"REZ1",1.18767733661233
"Chris Rodriguez","22310",1.0215,NA,NA,NA
"Chris Roycroft","31261",2.96883764705882,3.138,"REZ1",0.946092303078019
"Chris Sale","10603",12.2523647058824,9.12,"REZ1",1.34346104231166
"Chris Stratton","13761",2.75054941176471,2.579,"REZ1",1.0665178021577
"Chris Vallimont","24935",2.02305,NA,NA,NA
"Chris Villaman","sa3023559",0.043,NA,NA,NA
"Chris Williams Jr","sa3020466",0.0404,NA,NA,NA
"Chris Wright","sa3011531",0.0472,NA,NA,NA
"Christian Avendano","sa3015777",0.0364,NA,NA,NA
"Christian Chamberlain","sa3014486",0.0465,NA,NA,NA
"Christian Ciuffetelli","sa3020455",0.0402,NA,NA,NA
"Christian Cosby","sa3007245",0.0454,NA,NA,NA
"Christian Edwards","sa3017691",0.0386,NA,NA,NA
"Christian Fernandez","sa917688",0.0422,NA,NA,NA
"Christian MacLeod","sa3018005",1.5259,NA,NA,NA
"Christian McGowan","sa3017896",1.02665,NA,NA,NA
"Christian Mejias","sa946165",0.0489,NA,NA,NA
"Christian Montes De Oca","sa3018207",2.0237,NA,NA,NA
"Christian Oppor","sa3022950",0.0321,NA,NA,NA
"Christian Roa","sa3014477",1.3496925,NA,NA,NA
"Christian Rodriguez","sa3022360",0.042,NA,NA,NA
"Christian Romero","sa3016260",2.526,NA,NA,NA
"Christian Ruebeck","sa3020900",0.042,NA,NA,NA
"Christian Scott","30107",2.00825,4.389,"REZ1",0.457564365459102
"Christian Suarez","sa3009222",2.0241,NA,NA,NA
"Christian Tripp","sa3007610",0.0408,NA,NA,NA
"Christian Young","sa3023437",0.0443,NA,NA,NA
"Christian Zazueta","sa3018867",0.0443,NA,NA,NA
"Christopher Hernandez","sa3024217",0.03,NA,NA,NA
"Christopher Troye","sa3017530",1.02295,NA,NA,NA
"Christopher Vasquez","sa3015218",0.0382,NA,NA,NA
"Cionel Perez","19614",2.44757882352941,2.353,"REZ1",1.04019499512512
"Clark Cota","sa3006802",0.0387,NA,NA,NA
"Clarke Schmidt","19899",7.69482823529412,8.402,"REZ1",0.915832924933839
"Claudio Galva","sa3016274",0.0349,NA,NA,NA
"Claudio Gatier","sa3021477",0.0368,NA,NA,NA
"Clay Aguilar","sa3015003",0.0483,NA,NA,NA
"Clay Helvey","sa3007459",1.198583,NA,NA,NA
"Clay Holmes","13649",8.95297882352941,3.996,"REZ1",2.24048519107343
"Clayton Andrews","23631",1.25770833333333,2.424,"REZ1",0.518856573157316
"Clayton Beeter","27494",1.78177529411765,2.573,"REZ1",0.692489426396287
"Clayton Kershaw","2036",5.00942117647059,4.98,"REZ1",1.00590786676116
"Clayton McGinness","sa1170265",0.0465,NA,NA,NA
"Cleiber Maldonado","sa3016846",0.0403,NA,NA,NA
"Cleiverth Perez","sa3002985",0.0432,NA,NA,NA
"Clevari Tejada","sa3021040",0.037,NA,NA,NA
"Codi Heuer","23293",0.0478,NA,NA,NA
"Cody Adcock","sa3023175",0.0403,NA,NA,NA
"Cody Bolton","23265",1.72316188235294,2.591,"REZ1",0.665056689445365
"Cody Bradford","27597",5.09127882352941,5.9,"REZ1",0.862928614157527
"Cody Carroll","17664",0.0465,NA,NA,NA
"Cody Deason","sa3007958",0.0464,NA,NA,NA
"Cody Greenhill","sa3017608",0.041,NA,NA,NA
"Cody Laweryson","sa3010633",1.02285,NA,NA,NA
"Cody Mincey","sa3016707",0.0453,NA,NA,NA
"Cody Morris","25388",1.32816666666667,2.846,"REZ1",0.466678379011478
"Cody Ponce","17920",0.0468,NA,NA,NA
"Cody Poteet","18769",1.56294235294118,1.249,"REZ1",1.251354966326
"Cody Reed","15232",0.0476,NA,NA,NA
"Cody Scroggins","sa3011417",0.5226,NA,NA,NA
"Cody Sedlock","19357",1.5224,NA,NA,NA
"Cody Stashak","18088",0.5237,NA,NA,NA
"Cody Tucker","sa3022524",0.0425,NA,NA,NA
"Colby Langford","sa3022800",0.0431,NA,NA,NA
"Colby Morris","sa3014805",0.0472,NA,NA,NA
"Colby White","sa3011200",1.02375,NA,NA,NA
"Cole Ayers","sa3018791",1.5241,NA,NA,NA
"Cole Duensing","sa918090",0.0416,NA,NA,NA
"Cole Henry","sa3014446",1.16724,NA,NA,NA
"Cole Hillier","sa3023232",0.0403,NA,NA,NA
"Cole Irvin","19244",3.01688909090909,3.874,"REZ1",0.778752991974468
"Cole Kirschsieper","sa3020258",0.0422,NA,NA,NA
"Cole McDonald","sa3010652",1.024,NA,NA,NA
"Cole Paplham","sa3020749",0.049,NA,NA,NA
"Cole Patten","sa3020623",0.0429,NA,NA,NA
"Cole Percival","sa3014919",2.025,NA,NA,NA
"Cole Ragans","21846",10.8352,6.899,"REZ1",1.57054645600812
"Cole Sands","21461",4.20538117647059,5.483,"REZ1",0.766985441632425
"Cole Schoenwetter","sa3023567",0.0349,NA,NA,NA
"Cole Stupp","sa3021467",0.0399,NA,NA,NA
"Cole Sulser","15256",2.22949847058824,4.737,"REZ1",0.470656210806045
"Cole Uvila","sa3006804",0.0471,NA,NA,NA
"Cole Waites","25665",1.05956076923077,2.503,"REZ1",0.423316328098589
"Cole Wilcox","sa3014443",3.0256,NA,NA,NA
"Cole Winn","22113",1.61849612727273,3.052,"REZ1",0.530306725842964
"Coleman Crow","sa3015142",0.055,NA,NA,NA
"Coleman Huntley III","sa3014912",0.0486,NA,NA,NA
"Colin Fields","sa3021985",0.0451,NA,NA,NA
"Colin Holderman","22361",3.49203882352941,3.892,"REZ1",0.897235052294299
"Colin McKee","sa918482",0.0475,NA,NA,NA
"Colin Peluse","sa3011126",1.5218,NA,NA,NA
"Colin Poche","19403",2.50447882352941,0.782,"REZ1",3.20265834210922
"Colin Rea","12317",6.55973294117647,8.809,"REZ1",0.744662611099611
"Colin Schmid","sa3007712",0.0418,NA,NA,NA
"Colin Selby","24986",2.51378823529412,4.259,"REZ1",0.590229686615195
"Collin Baumgartner","sa3023002",2.0218,NA,NA,NA
"Collin Kober","sa913150",0.046,NA,NA,NA
"Collin Lowe","sa3019850",2.02435,NA,NA,NA
"Collin McHugh","7531",1.20828571428571,4.107,"REZ1",0.294201537444781
"Collin Snider","23307",3.37558823529412,2.857,"REZ1",1.18151495810085
"Collin Sullivan","sa3017192",0.0422,NA,NA,NA
"Collin Wiles","15106",2.5234,NA,NA,NA
"Colson Lawrence","sa3023210",0.0374,NA,NA,NA
"Colten Brewer","12997",1.19680505882353,2.377,"REZ1",0.503493924620753
"Colten Schmidt","sa3006765",0.0527,NA,NA,NA
"Colton Eastman","sa3008312",0.0473,NA,NA,NA
"Colton Gordon","sa3019426",1.72909166666667,NA,NA,NA
"Colton Hock","sa915685",0.0473,NA,NA,NA
"Colton Johnson","sa3017750",1.5238,NA,NA,NA
"Connelly Early","sa3023308",2.5294,NA,NA,NA
"Conner Greene","16455",1.52355,NA,NA,NA
"Conner Loeprich","sa3006986",0.0477,NA,NA,NA
"Conner Menez","19199",0.0493,NA,NA,NA
"Connery Peters","sa3023030",0.0369,NA,NA,NA
"Connor Brogdon","21205",1.88715411764706,3.144,"REZ1",0.6002398593025
"Connor Butler","sa3021727",0.0396,NA,NA,NA
"Connor Cooke","sa3017822",1.0237,NA,NA,NA
"Connor Curlis","sa3006707",0.0482,NA,NA,NA
"Connor Fenlong","sa3023034",0.0423,NA,NA,NA
"Connor Gillispie","26171",1.37885470588235,1.176,"REZ1",1.17249549819928
"Connor Grey","sa918420",0.0517,NA,NA,NA
"Connor Higgins","sa3006808",0.0467,NA,NA,NA
"Connor Holden","sa3020401",0.0459,NA,NA,NA
"Connor Housley","sa3024915",0.0387,NA,NA,NA
"Connor Johnstone","sa3004190",0.0468,NA,NA,NA
"Connor Jones","sa738697",0.0528,NA,NA,NA
"Connor Lunn","sa3011189",0.0461,NA,NA,NA
"Connor McCullough","sa3020603",2.02375,NA,NA,NA
"Connor Noland","sa3020834",3.5272,NA,NA,NA
"Connor O'Halloran","sa3023219",0.0452,NA,NA,NA
"Connor Oliver","sa3023200",0.0401,NA,NA,NA
"Connor Overton","18376",0.735125,1.772,"REZ1",0.414856094808126
"Connor Pellerin","sa3015012",0.0404,NA,NA,NA
"Connor Phillips","27649",1.392022,0.794,"REZ1",1.75317632241814
"Connor Prielipp","sa3020808",0.0495,NA,NA,NA
"Connor Prins","sa3022032",0.0348,NA,NA,NA
"Connor Sadzeck","13483",1.0231,NA,NA,NA
"Connor Schultz","sa3024948",0.0427,NA,NA,NA
"Connor Seabold","19695",0.514580222222222,1.174,"REZ1",0.438313647548741
"Connor Staine","sa3020739",0.0346,NA,NA,NA
"Connor Thomas","sa3010784",3.02018714285714,NA,NA,NA
"Connor Van Scoyoc","sa3010243",2.52,NA,NA,NA
"Conor Dryer","sa3017131",0.0439,NA,NA,NA
"Conor Grady","sa3017534",0.0409,NA,NA,NA
"Conor Grammes","sa3011651",1.0239,NA,NA,NA
"Conor Larkin","sa3018092",0.0463,NA,NA,NA
"Conor Steinbaugh","sa3023419",0.0415,NA,NA,NA
"Cooper Adams","sa3023457",0.0385,NA,NA,NA
"Cooper Benson","sa3019457",0.0427,NA,NA,NA
"Cooper Bradford","sa3010310",0.0431,NA,NA,NA
"Cooper Chandler","sa3020641",0.0443,NA,NA,NA
"Cooper Criswell","24975",2.663508,4.913,"REZ1",0.542134744555262
"Cooper Hjerpe","sa3020736",1.52785,NA,NA,NA
"Cooper McKeehan","sa3020183",0.0451,NA,NA,NA
"Corbin Burnes","19361",12.6927882352941,11.287,"REZ1",1.12454932535608
"Corbin Martin","19884",1.5238,NA,NA,NA
"Corey Avant","sa3023137",1.5228,NA,NA,NA
"Corey Kluber","2429",1.29492857142857,4.405,"REZ1",0.293967893627371
"Corey Knebel","15010",1.024,NA,NA,NA
"Corey Oswalt","13677",0.0472,NA,NA,NA
"Cory Abbott","20277",1.40608333333333,0.818,"REZ1",1.7189282803586
"Cory Lewis","sa3020702",1.4142155,NA,NA,NA
"Cory Wall","sa3022944",0.0485,NA,NA,NA
"Craig Kimbrel","6655",3.45037294117647,3.372,"REZ1",1.02324227199777
"Craig Stammen","7274",0.0497,NA,NA,NA
"Craig Yoho","sa3023032",2.43756666666667,NA,NA,NA
"Cre Finfrock","sa829399",0.0449,NA,NA,NA
"Cristhian Tortosa","sa920454",0.0427,NA,NA,NA
"Cristhofer Gonzalez","sa3019156",0.0369,NA,NA,NA
"Cristian Charle","sa3006407",0.0457,NA,NA,NA
"Cristian Diaz","sa3022040",0.0364,NA,NA,NA
"Cristian Galindo","sa3017986",0.0364,NA,NA,NA
"Cristian Hernandez","sa3005836",1.0243,NA,NA,NA
"Cristian Hernandez","sa3021788",0.0285,NA,NA,NA
"Cristian Javier","17606",2.21303858823529,4.506,"REZ1",0.491131510926608
"Cristian Jimenez","sa3017614",0.038,NA,NA,NA
"Cristian Mena","27974",1.74768235294118,3.085,"REZ1",0.566509676804271
"Cristian Nunez","sa3019130",0.0383,NA,NA,NA
"Cristian Rueda","sa3019172",0.0318,NA,NA,NA
"Cristobal Abreu","sa3022169",0.0329,NA,NA,NA
"Cristofer Gomez","sa3019567",0.043,NA,NA,NA
"Cristofer Melendez","sa873429",0.0452,NA,NA,NA
"Cristofer Mezquita","sa3006374",0.0347,NA,NA,NA
"Cristofer Ogando","20667",0.0448,NA,NA,NA
"Cristofer Soriano","sa3021827",0.0355,NA,NA,NA
"Cristofher Carrasco","sa3020335",0.0382,NA,NA,NA
"Cristopher Castro","sa3016218",0.0426,NA,NA,NA
"Cristopher Cruz","sa3015301",0.0304,NA,NA,NA
"Cristopher Molina","sa828598",0.0482,NA,NA,NA
"Cristopher Presinal","sa3022233",0.0291,NA,NA,NA
"Cristopher Sanchez","20778",10.5223411764706,9.078,"REZ1",1.15910345631974
"Cruz Noriega","sa3005702",2.02495,NA,NA,NA
"Cullen Kafka","sa3017818",0.0439,NA,NA,NA
"Curtis Taylor","sa917970",0.0479,NA,NA,NA
"Cy Nielson","sa3020321",1.5231,NA,NA,NA
"DJ Herz","26389",5.79922705882353,5.967,"REZ1",0.971883200741332
"DJ McCarty","sa3015222",0.0488,NA,NA,NA
"DJ Snelten","15949",0.0485,NA,NA,NA
"DL Hall","22207",2.82061882352941,4.086,"REZ1",0.690312976879445
"Dahian Santos","sa3015282",1.0241,NA,NA,NA
"Dailoui Abad","sa3016027",0.0424,NA,NA,NA
"Dairon De Jesus","sa3017765",0.036,NA,NA,NA
"Daison Acosta","sa944989",1.5228,NA,NA,NA
"Daiveyon Whittle","sa3007617",0.0408,NA,NA,NA
"Dakody Clemmer","sa918421",0.045,NA,NA,NA
"Dakota Chalmers","sa875017",1.02345,NA,NA,NA
"Dakota Donovan","sa3014783",0.0461,NA,NA,NA
"Dakota Hawkins","sa3023103",2.0266,NA,NA,NA
"Dakota Hudson","19206",1.97183811764706,4.196,"REZ1",0.469932821174228
"Dakota Mekkes","sa915807",0.0463,NA,NA,NA
"Dale Stanavich","sa3019833",1.52285,NA,NA,NA
"Dallas Keuchel","9434",2.38804166666667,4.191,"REZ1",0.569802354251173
"Dallas Woolfolk","sa3007771",0.0389,NA,NA,NA
"Dalton Fowler","sa3023125",0.0407,NA,NA,NA
"Dalton Moats","sa738506",0.5238,NA,NA,NA
"Dalton Roach","sa3010567",1.52105,NA,NA,NA
"Dalton Rogers","sa3020479",0.047,NA,NA,NA
"Dalton Stambaugh","sa3011252",0.0461,NA,NA,NA
"Damian Jimenez","sa3021491",0.031,NA,NA,NA
"Damian Mendoza","sa3005430",1.0231,NA,NA,NA
"Damon CasettaStubbs","sa3008387",0.0401,NA,NA,NA
"Dan Altavilla","16507",1.15875070588235,2.388,"REZ1",0.485238989062962
"Dan Hammer","sa3011525",1.02155,NA,NA,NA
"Dan Straily","9460",1.0253,NA,NA,NA
"Dan Winkler","12237",0.0452,NA,NA,NA
"Dane Acker","sa3014924",0.617735714285714,NA,NA,NA
"Dane Dunning","19409",3.76162941176471,3.203,"REZ1",1.17440818350444
"Danery Tejada","sa3019673",0.0359,NA,NA,NA
"Daniel Bard","7115",1.88055941176471,3.055,"REZ1",0.615567728891884
"Daniel Blair","sa3020744",0.0426,NA,NA,NA
"Daniel Camarena","14467",1.5232,NA,NA,NA
"Daniel Castano","19805",0.580714285714286,1.91,"REZ1",0.304038893044129
"Daniel Corniel","sa3019395",0.0396,NA,NA,NA
"Daniel Duarte","17480",1.385625,3.196,"REZ1",0.433549749687109
"Daniel Federman","sa3017460",0.0475,NA,NA,NA
"Daniel Gonzalez","sa3015957",0.0372,NA,NA,NA
"Daniel Gossett","16164",0.0491,NA,NA,NA
"Daniel Guerra","sa3019786",0.0371,NA,NA,NA
"Daniel Guerrero","sa3017789",0.0321,NA,NA,NA
"Daniel Harper","sa3020316",1.02295,NA,NA,NA
"Daniel Hudson","7146",2.76208333333333,6.446,"REZ1",0.428495707932568
"Daniel Juarez","sa3011139",1.0243,NA,NA,NA
"Daniel Keaney","sa3023598",0.0331,NA,NA,NA
"Daniel Lloyd","sa3017538",0.0483,NA,NA,NA
"Daniel Lynch IV","21537",2.72132588235294,2.057,"REZ1",1.32295862049244
"Daniel Martinez","sa3007734",0.0464,NA,NA,NA
"Daniel Mejia","sa3017144",0.0289,NA,NA,NA
"Daniel Mengden","16980",0.0479,NA,NA,NA
"Daniel Missaki","sa741947",0.02465,NA,NA,NA
"Daniel Norris","13475",1.34528571428571,4.59,"REZ1",0.293090569561158
"Daniel Nunan","sa3011529",0.0402,NA,NA,NA
"Daniel Nunez","sa3018805",0.0315,NA,NA,NA
"Daniel Nunez","sa3023597",0.0461,NA,NA,NA
"Daniel Palencia","27914",2.547816,5.181,"REZ1",0.491761436016213
"Daniel Ponce de Leon","16110",0.0454,NA,NA,NA
"Daniel Robert","21229",1.85103529411765,1.912,"REZ1",0.968114693576175
"Daniel Tillo","sa876284",0.0504,NA,NA,NA
"Daniel Zamora","17811",0.0467,NA,NA,NA
"Daniele Di Monte","sa3011340",0.0345,NA,NA,NA
"Danis Correa","sa3002980",0.5228,NA,NA,NA
"Dannel Diaz","sa3020822",0.045,NA,NA,NA
"Danny Carrion","sa3023214",0.0377,NA,NA,NA
"Danny Cody","sa3010662",0.0402,NA,NA,NA
"Danny Coulombe","13293",2.60500941176471,2.597,"REZ1",1.00308410156515
"Danny Denz","sa3015368",0.0405,NA,NA,NA
"Danny Dopico","sa875346",0.0465,NA,NA,NA
"Danny Duffy","3542",0.52625,NA,NA,NA
"Danny Flatt","sa3023618",0.0387,NA,NA,NA
"Danny Hilario","sa3018865",0.0358,NA,NA,NA
"Danny Kirwin","sa3023553",0.0406,NA,NA,NA
"Danny Mendick","18889",0,NA,NA,NA
"Danny Moreno","sa3006615",0.0404,NA,NA,NA
"Danny Watson","sa3017952",1.5228,NA,NA,NA
"Danny Wilkinson","sa3020747",0.0437,NA,NA,NA
"Danny Wirchansky","sa3023469",3.02575,NA,NA,NA
"Danny Young","18439",3.00428235294118,2.889,"REZ1",1.03990389509906
"Dante Biasi","sa3010647",0.0461,NA,NA,NA
"Dante Mendoza","sa3005361",0.0429,NA,NA,NA
"Dany Jimenez","21170",1.37458654545455,2.418,"REZ1",0.568480788029175
"Danyony Pulido","sa3015502",0.0402,NA,NA,NA
"Darcy Longstaff","sa3022180",0.0252,NA,NA,NA
"Darian Rivero","sa3024528",0.0264,NA,NA,NA
"Dariel Francia","sa3021526",0.0354,NA,NA,NA
"Dariel Polanco","sa3022419",0.0297,NA,NA,NA
"Darien Nunez","21197",0.0527,NA,NA,NA
"Darin Gillies","sa875269",0.0472,NA,NA,NA
"Dario Gardea","sa3007598",0.0443,NA,NA,NA
"Darius Vines","25928",1.87758333333333,1.132,"REZ1",1.65864252061249
"Darlin Alcantara","sa3011436",0.0397,NA,NA,NA
"Darlin Mendez","sa3021035",0.0354,NA,NA,NA
"Darlin Noboa","sa3006821",0.0366,NA,NA,NA
"Darlin Pinales","sa3016211",0.0413,NA,NA,NA
"Darlin Saladin","sa3015949",0.0495,NA,NA,NA
"Darling Florentino","sa3006901",0.0399,NA,NA,NA
"Darling Solano","sa3019246",0.0313,NA,NA,NA
"Darlyn De La Cruz","sa3019139",0.0363,NA,NA,NA
"Darrell Thompson","sa3020814",1.52405,NA,NA,NA
"Darren Bowen","sa3020945",0.0418,NA,NA,NA
"Darren McCaughan","20038",1.34077145454545,1.512,"REZ1",0.886753607503608
"Darren O'Day","3321",0.0462,NA,NA,NA
"Darvin Garcia","sa3011716",0.0429,NA,NA,NA
"Darwin Rodriguez","sa3018877",0.033,NA,NA,NA
"Darwin Rodriguez","sa3021497",0.0354,NA,NA,NA
"Darwinzon Hernandez","19848",0.0503,NA,NA,NA
"Daulton Jefferies","19345",1.39270833333333,3.24,"REZ1",0.429848251028807
"Dauri Moreta","21101",1.95816470588235,2.112,"REZ1",0.927161319073084
"Daury Cabrera","sa3005706",0.04,NA,NA,NA
"Daury Vasquez","sa3021767",0.03,NA,NA,NA
"Daury Zapata","sa3020986",0.035,NA,NA,NA
"David  Landeta","sa3019523",0.0355,NA,NA,NA
"David Bednar","19569",3.92963058823529,5.466,"REZ1",0.718922537181722
"David Bracho","sa3019080",0.0315,NA,NA,NA
"David Buchanan","11176",1.94145163636364,2.567,"REZ1",0.756311506179835
"David Davalillo","sa3020448",0.049,NA,NA,NA
"David Dominguez","sa3018885",0.0362,NA,NA,NA
"David Ellingson","sa873708",0.0464,NA,NA,NA
"David Festa","30056",5.23799411764706,4.592,"REZ1",1.14067816150851
"David Fletcher","17992",2,NA,NA,NA
"David Griffin","sa3015136",1.5234,NA,NA,NA
"David Hale","9756",0.0472,NA,NA,NA
"David Hess","16130",0.0436,NA,NA,NA
"David Leal","sa1171029",2.0238,NA,NA,NA
"David Lorduy","sa3019135",0.0387,NA,NA,NA
"David McKay","19814",0.0451,NA,NA,NA
"David Morgan","sa3020260",1.5234,NA,NA,NA
"David Morillo","sa3009610",0.0368,NA,NA,NA
"David Olivo","sa3016048",0.0349,NA,NA,NA
"David Parkinson","sa3004857",1.52555,NA,NA,NA
"David Peterson","20302",7.82507882352941,5.161,"REZ1",1.51619430798865
"David Phelps","6316",0.0477,NA,NA,NA
"David Price","3184",0.0496,NA,NA,NA
"David Robertson","8241",3.42750117647059,4.025,"REZ1",0.851553087321885
"David Rodriguez","sa3018810",0.0348,NA,NA,NA
"David Rodriguez","sa3023659",0.0424,NA,NA,NA
"David Sanchez","sa917183",0.0396,NA,NA,NA
"David Sandlin","sa3020606",1.5271,NA,NA,NA
"David Tiburcio","sa3016010",0.0389,NA,NA,NA
"Davidxon Lara","sa3022127",0.0377,NA,NA,NA
"Davis Daniel","27582",2.41387341176471,4.009,"REZ1",0.602113597347145
"Davis Feldman","sa3021464",0.0496,NA,NA,NA
"Davis Martin","21448",5.81566117647059,5.223,"REZ1",1.11347141039069
"Davis Polo","sa3019637",0.0461,NA,NA,NA
"Davis Schwab","sa3010651",0.0426,NA,NA,NA
"Davis Sharpe","sa3018112",1.5224,NA,NA,NA
"Davison Palermo","sa3020480",0.0385,NA,NA,NA
"Dawel Serda","sa3021486",0.0301,NA,NA,NA
"Dawil Almonte","sa3019084",0.0427,NA,NA,NA
"Dawry Segura","sa3017102",0.0382,NA,NA,NA
"Dax Fulton","sa3014535",0.0519,NA,NA,NA
"Dayan Reinoso","sa3017900",0.0402,NA,NA,NA
"Dayeison Arias","sa3002812",0.0456,NA,NA,NA
"Daysbel Hernandez","20271",3.33403294117647,0.702,"REZ1",4.74933467404056
"Dean Kremer","19350",8.72170235294118,9.967,"REZ1",0.875057926451407
"Deck McGuire","11596",0.0439,NA,NA,NA
"Declan Cronin","25645",2.70876705882353,1.277,"REZ1",2.12119581740292
"Dedniel Nunez","23055",2.59632,1.918,"REZ1",1.35366006256517
"Deibi Rodriguez","sa3022137",0.0313,NA,NA,NA
"Deiver Oliveros","sa3021994",0.0362,NA,NA,NA
"Deivi Garcia","20276",1.38008254545455,0.336,"REZ1",4.10738852813853
"Deivy Cruz","sa3016013",0.0436,NA,NA,NA
"Deivy Paulino","sa3024516",0.0311,NA,NA,NA
"Dellin Betances","6216",0.0455,NA,NA,NA
"Delvin Capellan","sa3002996",0.0416,NA,NA,NA
"Delvis Alegre","sa3006352",0.0412,NA,NA,NA
"Demarcus Evans","21087",0.0454,NA,NA,NA
"Dencer Geraldo","sa3017619",0.036,NA,NA,NA
"Denis Reguillo","sa3019535",0.0392,NA,NA,NA
"Denison Sanchez","sa3018907",0.035,NA,NA,NA
"Dennis Boatman","sa3017778",0.0413,NA,NA,NA
"Dennis Santana","17878",2.32020705882353,-0.169,"REZ1",-13.7290358510268
"Denny Bentley","sa3007931",0.0474,NA,NA,NA
"Denny Larrondo","sa3010654",0.0392,NA,NA,NA
"Denny Lima","sa3021787",0.0328,NA,NA,NA
"Denny Roman","sa3007608",0.0408,NA,NA,NA
"Denyi Reyes","20526",0.502214285714286,1.637,"REZ1",0.306789423160834
"Deolis Guerra","8410",0.0455,NA,NA,NA
"Dereck Rodriguez","14509",0.882785714285714,2.976,"REZ1",0.296634984639017
"Derek Casey","sa3008259",0.0433,NA,NA,NA
"Derek Corro","sa3019259",0.0388,NA,NA,NA
"Derek Craft","sa3006824",0.047,NA,NA,NA
"Derek Diamond","sa3020470",0.0442,NA,NA,NA
"Derek Holland","4141",0.0491,NA,NA,NA
"Derek Law","13133",3.86246117647059,3.041,"REZ1",1.27012863415672
"Derek Molina","sa3005202",0.0423,NA,NA,NA
"Derek True","sa3023126",0.046,NA,NA,NA
"Derek West","sa3010557",0.0467,NA,NA,NA
"Deretd Parra","sa3011624",0.04,NA,NA,NA
"Dermis Ordonez","sa3019145",0.0354,NA,NA,NA
"Derrick Edington","sa3023665",0.0422,NA,NA,NA
"Destin Dotson","sa3009988",0.0427,NA,NA,NA
"Develson Aria","sa3008726",0.0381,NA,NA,NA
"Devereaux Harrison","sa3020259",2.52335,NA,NA,NA
"Devin Conn","sa3007252",0.045,NA,NA,NA
"Devin Kirby","sa3022908",0.0406,NA,NA,NA
"Devin Smeltzer","19487",1.90758333333333,1.329,"REZ1",1.43535239528468
"Devin Sweet","25348",2.78759258823529,3.153,"REZ1",0.884108020372754
"Devin Williams","15816",4.33769176470588,4.157,"REZ1",1.04346686666006
"Devon Roedahl","sa3010774",0.0423,NA,NA,NA
"Deybi Salcedo","sa3022389",0.0307,NA,NA,NA
"Deyer Zapata","sa3016063",0.0376,NA,NA,NA
"Deylen Miley","sa3017366",0.0428,NA,NA,NA
"Deyni Olivero","sa917869",0.0488,NA,NA,NA
"Dheygler Gimenez","sa3011879",0.0361,NA,NA,NA
"Dianye Florentino","sa3016252",0.0362,NA,NA,NA
"Didier Fuentes","sa3018841",0.0503,NA,NA,NA
"Didier Vargas","sa3002981",0.0435,NA,NA,NA
"Diego A Castillo","19906",2,NA,NA,NA
"Diego Barrera","sa3023203",0.0466,NA,NA,NA
"Diego Castillo","17496",1.4929576,3.563,"REZ1",0.419017008139209
"Diego Chiquillo","sa3016582",0.0374,NA,NA,NA
"Diego Dominguez","sa3019063",0.0363,NA,NA,NA
"Diego Dugarte","sa3019293",0.0287,NA,NA,NA
"Diego Granado","sa3014931",0.0411,NA,NA,NA
"Diego Hernandez","sa3019385",0.0358,NA,NA,NA
"Diego Navarro","sa3016591",0.0333,NA,NA,NA
"Diego Palmero","sa3021573",0.0263,NA,NA,NA
"Dielmon Urena","sa3016485",0.0339,NA,NA,NA
"Dietrich Enns","13932",0.6849,NA,NA,NA
"Dikember Sanchez","sa3016033",0.0426,NA,NA,NA
"Dilan Figueredo","sa3019555",0.0407,NA,NA,NA
"Dillon Larsen","sa3018263",0.045,NA,NA,NA
"Dillon Maples","14672",0.0462,NA,NA,NA
"Dillon Overton","15627",0.0433,NA,NA,NA
"Dillon Peters","18790",0.0501,NA,NA,NA
"Dillon Tate","17796",1.88319764705882,3.38,"REZ1",0.557159067177167
"Dinelson Lamet","17186",2.11504166666667,2.569,"REZ1",0.823293758920462
"Diogenes Almengo","sa835215",0.0474,NA,NA,NA
"Diomede Sierra","sa3009586",0.0438,NA,NA,NA
"Dioni Baez","sa3018309",0.0366,NA,NA,NA
"Dionys Rodriguez","sa3005877",0.0418,NA,NA,NA
"Dioris De La Rosa","sa3024240",0.0313,NA,NA,NA
"Diorys Guerrero","sa3009503",0.0404,NA,NA,NA
"Diosmerky Taveras","sa3004872",0.0464,NA,NA,NA
"Diovel Mariano","sa3018363",0.0358,NA,NA,NA
"Doimil Perez","sa3017104",0.0359,NA,NA,NA
"Dom Hamel","sa3017949",3.02725,NA,NA,NA
"Domingo Acevedo","17092",0.377285714285714,1.203,"REZ1",0.313620710129438
"Domingo German","17149",1.50600181818182,0.973,"REZ1",1.54779220779221
"Domingo Geronimo","sa3018851",0.0365,NA,NA,NA
"Domingo Gonzalez","sa3007495",2.39171285714286,NA,NA,NA
"Domingo Robles","sa872881",2.52705,NA,NA,NA
"Domingo Tapia","12178",0.297142857142857,0.921,"REZ1",0.32263068093687
"Dominic Hambley","sa3017999",0.0398,NA,NA,NA
"Dominic Leone","13763",1.01605109090909,1.799,"REZ1",0.564786598615392
"Dominic Perachi","sa3020841",2.02485,NA,NA,NA
"Dominic Pipkin","sa3007896",0.0454,NA,NA,NA
"Donal Montas","sa3019394",0.0368,NA,NA,NA
"Donny Troconis","sa3020992",0.0317,NA,NA,NA
"Donovan Benoit","sa3017464",1.02205,NA,NA,NA
"Donovan Walton","19314",1,NA,NA,NA
"Donye Evans","sa3023037",0.0396,NA,NA,NA
"Donys Garcia","sa3015941",0.0367,NA,NA,NA
"Doug Kirkland","sa3023095",0.0402,NA,NA,NA
"Doug Nikhazy","sa3018110",1.66173428571429,NA,NA,NA
"Douglas Orellana","sa3016817",0.0498,NA,NA,NA
"Drake Fellows","sa3015208",1.52275,NA,NA,NA
"Drew Anderson","15130",2.52295,NA,NA,NA
"Drew Carlton","19868",0.688785714285714,2.29,"REZ1",0.300779787897692
"Drew Conover","sa3023279",0.0427,NA,NA,NA
"Drew Dowd","sa3023509",0.0411,NA,NA,NA
"Drew Garrett","sa3022322",0.0394,NA,NA,NA
"Drew Gray","sa3017964",0.0429,NA,NA,NA
"Drew Hutchison","10732",0.047,NA,NA,NA
"Drew Irvine","sa3019642",0.0414,NA,NA,NA
"Drew McDaniel","sa3020384",0.0364,NA,NA,NA
"Drew Parrish","sa3011395",2.0238,NA,NA,NA
"Drew Pomeranz","11426",0.350655,NA,NA,NA
"Drew Rasmussen","25385",6.19106823529412,2.434,"REZ1",2.54357774662864
"Drew Rom","24602",1.58691236363636,1.815,"REZ1",0.874331880791385
"Drew Rucinski","12499",1.61528571428571,5.52,"REZ1",0.292624223602484
"Drew Smith","17755",1.48613847058824,3.358,"REZ1",0.442566548715972
"Drew Smyly","11760",3.02490823529412,3.355,"REZ1",0.901611992636101
"Drew Sommers","sa3020885",0.0463,NA,NA,NA
"Drew Steckenrider","18806",0.046,NA,NA,NA
"Drew Strotman","sa3004584",1.52295,NA,NA,NA
"Drew Thorpe","31967",4.59523058823529,2.789,"REZ1",1.6476266002995
"Drew VerHagen","13424",1.35057142857143,4.611,"REZ1",0.292902066486972
"Drey Jameson","26260",3.05849764705882,2.788,"REZ1",1.0970221115706
"Drue Hackenberg","sa3023304",1.1100565,NA,NA,NA
"Dualvert Gutierrez","sa3015452",0.0389,NA,NA,NA
"Duane Underwood Jr","14677",1.324875,2.833,"REZ1",0.467657959759972
"Dugan Darnell","sa3014876",0.5217,NA,NA,NA
"Duncan Davitt","sa3020394",3.0249,NA,NA,NA
"Duncan Snider","sa3019695",0.0491,NA,NA,NA
"Duque Hebbert","sa3021026",0.0395,NA,NA,NA
"Durbin Feltman","sa3007959",0.0462,NA,NA,NA
"Dusten Knight","16537",0.0465,NA,NA,NA
"Dustin May","19716",3.40724117647059,3.354,"REZ1",1.01587393454699
"Dustin Saenz","sa3017610",2.0245,NA,NA,NA
"Dwayne Matos","sa3009508",0.044,NA,NA,NA
"Dylan Bice","sa918551",0.0453,NA,NA,NA
"Dylan Bundy","12917",0.0489,NA,NA,NA
"Dylan Burns","sa3018793",0.0432,NA,NA,NA
"Dylan Carmouche","sa3023412",0.0469,NA,NA,NA
"Dylan Castaneda","sa3011731",0.0403,NA,NA,NA
"Dylan Cease","18525",12.0096823529412,7.883,"REZ1",1.52349135518726
"Dylan Coleman","22276",1.82212307692308,2.943,"REZ1",0.619137980605871
"Dylan Covey","14825",2.18500618181818,6.585,"REZ1",0.331815669220681
"Dylan Cumming","sa3020818",2.02615,NA,NA,NA
"Dylan DeLucia","sa3024964",0.0457,NA,NA,NA
"Dylan Dodd","29928",2.13273717647059,2.171,"REZ1",0.982375484325467
"Dylan File","sa3004197",2.5242,NA,NA,NA
"Dylan Floro","13394",3.25976823529412,3.491,"REZ1",0.93376345897855
"Dylan Hall","sa3015008",0.0432,NA,NA,NA
"Dylan Heid","sa3019113",1.52295,NA,NA,NA
"Dylan King","sa3009924",0.0465,NA,NA,NA
"Dylan Lee","19996",3.18321176470588,1.729,"REZ1",1.84107100330011
"Dylan Lesko","sa3020677",0.0371,NA,NA,NA
"Dylan MacLean","sa3014508",0.0411,NA,NA,NA
"Dylan Nedved","sa3020326",0.0399,NA,NA,NA
"Dylan Phillips","sa3019862",0.0461,NA,NA,NA
"Dylan Ray","sa3020392",2.5269,NA,NA,NA
"Dylan Simmons","sa3023468",0.0416,NA,NA,NA
"Dylan Smith","sa3018113",0.0502,NA,NA,NA
"Dylan Spacke","sa3010812",0.0446,NA,NA,NA
"Dylan Spain","sa3017134",0.5224,NA,NA,NA
"Dylan Tebrake","sa3020477",0.0534,NA,NA,NA
"Dylan Wilson","sa3021017",0.0294,NA,NA,NA
"Easton Lucas","26058",1.23756352941176,0.858,"REZ1",1.44238173591115
"Easton McGee","22176",2.102125,2.487,"REZ1",0.845245275432248
"Easton Sikorski","sa3020250",0.0408,NA,NA,NA
"Eccel Correa","sa3021019",0.0432,NA,NA,NA
"Eddy Alberto","sa3019491",0.0413,NA,NA,NA
"Eddy Demurias","sa3007852",1.02285,NA,NA,NA
"Eddy Felix","sa3019646",0.0351,NA,NA,NA
"Eddy Peralta","sa3021757",0.0374,NA,NA,NA
"Eddy Yean","sa3006543",2.02235,NA,NA,NA
"Edelvis Perez","sa3024783",0.0289,NA,NA,NA
"Edgar Barclay","sa1170012",3.0251,NA,NA,NA
"Edgar Escobar","sa3007244",0.0435,NA,NA,NA
"Edgar Garcia","19276",0.0442,NA,NA,NA
"Edgar Isea","sa3009936",0.0415,NA,NA,NA
"Edgar Leon","sa3019161",0.0303,NA,NA,NA
"Edgar Manzo","sa3009638",0.0462,NA,NA,NA
"Edgar Moreta","sa3020989",0.0468,NA,NA,NA
"Edgar Navarro","24363",0.686785714285714,2.288,"REZ1",0.300168581418581
"Edgar Portes","sa3015386",0.0445,NA,NA,NA
"Edgar Sanchez","sa3011131",0.0427,NA,NA,NA
"Edgar Santana","17355",0.0491,NA,NA,NA
"Edgardo Henriquez","26944",1.95734133333333,3.116,"REZ1",0.628158322635858
"Edgardo Ibarra","sa3015348",0.0386,NA,NA,NA
"Edinson Batista","sa3009266",0.0465,NA,NA,NA
"Edinson Salgado","sa3019598",0.0311,NA,NA,NA
"Edinson Valdespina","sa3017875",0.0358,NA,NA,NA
"Edinzo Marquez","sa3019300",0.0324,NA,NA,NA
"Edison Suriel","sa917807",0.0388,NA,NA,NA
"Eduar Gonzalez","sa3020993",0.0323,NA,NA,NA
"Eduar Segovia","sa3008374",0.0397,NA,NA,NA
"Eduard Bazardo","20997",2.55603176470588,2.628,"REZ1",0.972614826752619
"Eduard Monroy","sa3011243",0.0407,NA,NA,NA
"Eduardo Fernandez","sa3021005",0.0366,NA,NA,NA
"Eduardo Herrera","sa3002702",0.0486,NA,NA,NA
"Eduardo Rivera","sa3017951",0.0441,NA,NA,NA
"Eduardo Robles","sa3022261",0.0312,NA,NA,NA
"Eduardo Rodriguez","13164",8.39195294117647,6.256,"REZ1",1.34142470287348
"Eduardo Salazar","23135",2.47385411764706,3.671,"REZ1",0.673891069912029
"Eduardo Soriano","sa3017278",0.0342,NA,NA,NA
"Eduardo Tovar","sa3019647",0.0361,NA,NA,NA
"Eduardo Zapata","sa3017656",0.0347,NA,NA,NA
"Eduarniel Nunez","sa3005284",2.02335,NA,NA,NA
"Edwar Chirinos","sa3018842",0.0348,NA,NA,NA
"Edwar Colina","20589",0.0493,NA,NA,NA
"Edwar Polimir","sa3017552",0.0421,NA,NA,NA
"Edward Baram","sa3010664",0.0401,NA,NA,NA
"Edward Cabrera","21690",6.28562352941176,5.773,"REZ1",1.08879673123363
"Edward Cedano","sa3021792",0.0267,NA,NA,NA
"Edwin Cervantes","sa3020965",0.0337,NA,NA,NA
"Edwin Diaz","14710",4.70046823529412,5.253,"REZ1",0.894815959507732
"Edwin Escobar","10337",1.52345,NA,NA,NA
"Edwin Gonzalez","sa3019263",0.0321,NA,NA,NA
"Edwin Jimenez","sa3010800",0.0435,NA,NA,NA
"Edwin Moreno","sa3019166",0.0303,NA,NA,NA
"Edwin Nunez","sa3014813",1.5202,NA,NA,NA
"Edwin Rodriguez","sa3016058",0.0355,NA,NA,NA
"Edwin Uceta","20539",3.06205764705882,3.549,"REZ1",0.862794490577296
"Edwin Zamudio","sa3015951",0.0362,NA,NA,NA
"Edwuin Bencomo","sa917763",0.0453,NA,NA,NA
"Efrain Contreras","sa3005692",1.52545,NA,NA,NA
"Eiberson Castellano","sa3015414",2.26786166666667,NA,NA,NA
"Eider Machuca","sa3019430",0.0281,NA,NA,NA
"Eiker Huizi","sa3007842",0.0428,NA,NA,NA
"Eiver Espinoza","sa3018908",0.036,NA,NA,NA
"Eli Ankeney","sa3020390",0.0456,NA,NA,NA
"Eli Lingos","sa3006798",0.0465,NA,NA,NA
"Eli Morgan","20203",2.52669058823529,3.003,"REZ1",0.84138880727116
"Eli Saul","sa3020471",0.0462,NA,NA,NA
"Eli Villalobos","20408",0.737125,1.81,"REZ1",0.40725138121547
"Elian Serrata","sa3018871",0.0373,NA,NA,NA
"Eliander Alcalde","sa3016519",0.0405,NA,NA,NA
"Elias Moscoso","sa3019159",0.0359,NA,NA,NA
"Eliazar De Los Santos","sa3019709",0.0305,NA,NA,NA
"Eliazar Dishmey","sa3019181",0.0359,NA,NA,NA
"Eliecer Bata","sa3019254",0.0349,NA,NA,NA
"Eliecer Romero","sa3015945",0.0355,NA,NA,NA
"Elieser Hernandez","16933",2.129625,2.654,"REZ1",0.802420874152223
"Eliezer Pena","sa3022119",0.0322,NA,NA,NA
"Eligio Paredes","sa3019129",0.0412,NA,NA,NA
"Elijah Birdsong","sa3020377",0.04,NA,NA,NA
"Elijah Dale","sa3023501",0.0436,NA,NA,NA
"Elijah Pleasants","sa3024979",0.04,NA,NA,NA
"Eliseo Mota","sa3019718",0.0321,NA,NA,NA
"Elison Joseph","sa3015306",1.0246,NA,NA,NA
"Elliot Johnstone","sa3020801",0.0407,NA,NA,NA
"Elmer RodriguezCruz","sa3019459",0.0489,NA,NA,NA
"Elvin Jimenez","sa3019756",0.0359,NA,NA,NA
"Elvin Rodriguez","20962",0.575657066666667,0.248,"REZ1",2.32119784946237
"Elvis Alvarado","sa919291",1.56603514285714,NA,NA,NA
"Elvis Garcia","sa3015360",0.0382,NA,NA,NA
"Elvis Jerez","sa3009469",0.0402,NA,NA,NA
"Elvis Novas","sa3016816",0.0401,NA,NA,NA
"Elvis Peguero","21652",4.08539529411765,4.261,"REZ1",0.958787912254787
"Elvis Soto","sa3019556",0.0401,NA,NA,NA
"Elwis Mijares","sa3021009",0.0341,NA,NA,NA
"Emailin Montilla","sa3020956",0.0467,NA,NA,NA
"Emannoel Madeira","sa3021737",0.0294,NA,NA,NA
"Emerson Hancock","27470",2.51529647058824,0.893,"REZ1",2.81668137803834
"Emerson Talavera","sa3016005",0.0393,NA,NA,NA
"Emiliano Teodo","sa3015158",1.42603042857143,NA,NA,NA
"Emilio Castillo","sa3016812",0.0373,NA,NA,NA
"Emilio Marquez","sa3006145",0.0457,NA,NA,NA
"Emilio Pagan","14771",3.33994588235294,3.857,"REZ1",0.86594396742363
"Emilio Vargas","sa736761",0.0434,NA,NA,NA
"Emilker Guzman","sa3003158",0.0424,NA,NA,NA
"Eminen Flores","sa3019632",0.0378,NA,NA,NA
"Emmanuel Chapman","sa3023456",1.0224,NA,NA,NA
"Emmanuel Clase","21032",4.20337647058823,3.756,"REZ1",1.11910981645054
"Emmanuel Martinez","sa3019055",0.0378,NA,NA,NA
"Emmanuel Ramirez","17304",1.73495833333333,2.788,"REZ1",0.622294954567193
"Emmanuel Reyes","sa3019071",0.0416,NA,NA,NA
"Emmet Sheehan","29839",1.31693666666667,0.756,"REZ1",1.74197971781305
"Emmett Olson","sa3023223",0.043,NA,NA,NA
"Enderjer Sifontes","sa3016458",0.0359,NA,NA,NA
"Enderson Mercado","sa3024254",0.0336,NA,NA,NA
"Endrys Briceno","sa505062",0.0465,NA,NA,NA
"Engel Daniel Peralta","sa3019538",0.0412,NA,NA,NA
"Engel Silvestre","sa3022397",0.0358,NA,NA,NA
"Enger Sanchez","sa3019387",0.0368,NA,NA,NA
"Engert Garcia","sa3021817",0.0392,NA,NA,NA
"Enmanuel Acosta","sa3010325",0.0395,NA,NA,NA
"Enmanuel De Jesus","18554",0.191357142857143,0.549,"REZ1",0.348555815768931
"Enmanuel Mejia","sa3009262",2.0241,NA,NA,NA
"Enmanuel Pinales","sa3018832",0.0441,NA,NA,NA
"Enmanuel Solano","sa921578",0.0404,NA,NA,NA
"Enniel Cortez","sa3021525",0.0394,NA,NA,NA
"Enoli Paredes","20447",1.08647563636364,1.846,"REZ1",0.588556682753866
"Enrique Carta","sa3022048",0.0359,NA,NA,NA
"Enrique Coronel","sa3019739",0.036,NA,NA,NA
"Enrique Santana","sa3007496",0.042,NA,NA,NA
"Enrique Segura","sa3019147",0.038,NA,NA,NA
"Enyel De Los Santos","18403",1.65043882352941,3.713,"REZ1",0.444502780374202
"Enyer Burgos","sa3019481",0.0356,NA,NA,NA
"Enyerber Rivero","sa3022129",0.0352,NA,NA,NA
"Erasmo Ramirez","10314",1.738375,2.814,"REZ1",0.617759417199716
"Erian Rodriguez","sa3019625",0.0415,NA,NA,NA
"Eriberto Vasquez","sa3020970",0.0349,NA,NA,NA
"Eric Adler","sa3020592",1.02215,NA,NA,NA
"Eric Cerantola","sa3017914",1.27887833333333,NA,NA,NA
"Eric Dominguez","sa3019284",0.0438,NA,NA,NA
"Eric Foggo","sa3020948",0.0391,NA,NA,NA
"Eric Hanhold","18332",0.047,NA,NA,NA
"Eric Lauer","19316",2.01548872727273,2.961,"REZ1",0.680678394891161
"Eric Mendez","sa3005433",0.041,NA,NA,NA
"Eric Orze","27626",2.14918294117647,1.548,"REZ1",1.38836107311142
"Eric Pardinho","sa968102",0.52355,NA,NA,NA
"Eric Prado","sa3021780",0.0364,NA,NA,NA
"Eric Reyzelman","sa3020611",0.525,NA,NA,NA
"Eric Silva","sa3017965",1.52285,NA,NA,NA
"Eric Skoglund","16155",0.0491,NA,NA,NA
"Eric Stout","16873",0.0476,NA,NA,NA
"Eric Torres","sa3017262",1.0228,NA,NA,NA
"Eric Veras","sa3024462",0.0327,NA,NA,NA
"Eric Yardley","15538",0.0441,NA,NA,NA
"Eric Yost","sa3022858",0.0473,NA,NA,NA
"Erich Uelmen","20323",1.42408333333333,3.428,"REZ1",0.415426876701672
"Erick Fedde","17425",9.34528823529412,9.535,"REZ1",0.980103642925445
"Erick Padilla","sa3019392",0.0361,NA,NA,NA
"Erick Pinales","sa3007963",0.0413,NA,NA,NA
"Erick Reynoso","sa3021749",0.0257,NA,NA,NA
"Erick Rodriguez","sa3015155",0.0392,NA,NA,NA
"Erik Martinez","sa3020835",0.0496,NA,NA,NA
"Erik Miller","26252",3.39291411764706,2.969,"REZ1",1.14278010025162
"Erik Rivera","sa3010867",0.0444,NA,NA,NA
"Erik Sabrowski","24978",3.79951066666667,2.48,"REZ1",1.53206075268817
"Erik Swanson","16587",3.04397529411765,3.989,"REZ1",0.763092327429844
"Erik Tolman","sa3021719",0.0407,NA,NA,NA
"Eriq Swan","sa3023514",0.0424,NA,NA,NA
"Eris Rodriguez","sa3017859",0.0394,NA,NA,NA
"Ernesto Jaquez","sa3004869",0.0375,NA,NA,NA
"Ernesto Mercedes","sa3018835",0.0427,NA,NA,NA
"Ernie Day","sa3023004",0.0389,NA,NA,NA
"Erubiel Armenta","sa3015125",0.0431,NA,NA,NA
"Ervin Santana","3200",0.046,NA,NA,NA
"Ervin Torres","sa3018827",0.0355,NA,NA,NA
"Esmerlin Vinicio","sa3014708",0.043,NA,NA,NA
"Estarlin Cruz","sa3021000",0.035,NA,NA,NA
"Estarlin Escalante","sa3018906",0.0422,NA,NA,NA
"Estarlin Francisco","sa3023693",0.0269,NA,NA,NA
"Estarlin Rodriguez","sa3004871",0.0415,NA,NA,NA
"Esteban Luna","sa3024100",0.0306,NA,NA,NA
"Estibenzon Jimenez","sa3015983",0.043,NA,NA,NA
"Ethan Bosacker","sa3023163",0.043,NA,NA,NA
"Ethan Chenault","sa3023445",0.0434,NA,NA,NA
"Ethan Hammerberg","sa3019849",0.0372,NA,NA,NA
"Ethan Hankins","sa3008589",0.0527,NA,NA,NA
"Ethan Lindow","sa3005028",0.0497,NA,NA,NA
"Ethan Pecko","sa3022997",2.52705,NA,NA,NA
"Ethan Roberts","24930",1.3416512,1.645,"REZ1",0.815593434650456
"Ethan Routzahn","sa3017206",2.02315,NA,NA,NA
"Ethan Small","26364",1.29729141176471,1.744,"REZ1",0.74385975445224
"Ettore Giulianelli","sa3015281",0.0397,NA,NA,NA
"Eudry Alcantara","sa3019701",0.0291,NA,NA,NA
"Eudrys Manon","sa3009631",0.0447,NA,NA,NA
"Eudy Liriano","sa3021765",0.0313,NA,NA,NA
"Euri Montero","sa3015989",0.0397,NA,NA,NA
"Eury Perez","27768",4.02778470588235,1.135,"REZ1",3.54870899196683
"Eury Ramos","sa873729",0.5227,NA,NA,NA
"Eury Rosado","sa3016489",0.0466,NA,NA,NA
"Evan Fitterer","sa3011433",2.52215,NA,NA,NA
"Evan Gates","sa3017311",1.02335,NA,NA,NA
"Evan Johnson","sa3010000",0.0421,NA,NA,NA
"Evan Justice","30008",1.79832247058824,2.012,"REZ1",0.893798444626359
"Evan Kravetz","27536",1.5229,NA,NA,NA
"Evan Lee","24988",0.0483,NA,NA,NA
"Evan Marshall","12297",0.0473,NA,NA,NA
"Evan McKendry","sa3010787",2.5243,NA,NA,NA
"Evan Miller","sa915725",0.0472,NA,NA,NA
"Evan Phillips","17734",3.06381882352941,3.995,"REZ1",0.766913347566811
"Evan Reifert","sa3014860",1.82572428571429,NA,NA,NA
"Evan Shawver","sa3017780",1.0205,NA,NA,NA
"Evan Sisk","sa3007612",1.88409714285714,NA,NA,NA
"Evan Taylor","sa3019950",0.0423,NA,NA,NA
"Evelio Hernandez","sa3019487",0.0339,NA,NA,NA
"Ever Moya","sa917836",0.0397,NA,NA,NA
"Everhett Hazelwood","sa3017197",0.0378,NA,NA,NA
"Eward Rodriguez","sa3018293",0.0317,NA,NA,NA
"Eybersson Polanco","sa3018301",0.0284,NA,NA,NA
"Ezequiel Bonilla","sa3018334",0.0317,NA,NA,NA
"Ezequiel Jimenez","sa3022146",0.0305,NA,NA,NA
"Ezequiel Ventura","sa3011859",0.0393,NA,NA,NA
"Fabian Gallardo","sa3024091",0.031,NA,NA,NA
"Fabian Soto","sa3023829",0.0275,NA,NA,NA
"Fabian Ysalla","sa3021020",0.0327,NA,NA,NA
"Fabricio Reina","sa3003143",0.0395,NA,NA,NA
"Federik Jimenez","sa3019645",0.0349,NA,NA,NA
"Felipe Bello","sa3020084",0.0396,NA,NA,NA
"Felipe De La Cruz","sa3016065",0.055,NA,NA,NA
"Felipe De Los Santos","sa3019262",0.0345,NA,NA,NA
"Felipito Santos","sa3010805",0.0354,NA,NA,NA
"Felix Arronde","sa3016526",0.0449,NA,NA,NA
"Felix Bautista","20666",3.87228823529412,2.486,"REZ1",1.5576380672945
"Felix Cabrera","sa3016496",0.0425,NA,NA,NA
"Felix Castro","sa3018361",0.0356,NA,NA,NA
"Felix Cepeda","sa3005445",0.52225,NA,NA,NA
"Felix Minjarez","sa3007272",0.0467,NA,NA,NA
"Felix Paulino","sa828972",0.0486,NA,NA,NA
"Felix Pena","13403",0.0477,NA,NA,NA
"Felix Polanco","sa3008709",0.0371,NA,NA,NA
"Felix Ramires","sa3005828",0.0396,NA,NA,NA
"Fermin Magallanes","sa3021544",0.0364,NA,NA,NA
"Fernando Abad","4994",0.388142857142857,1.249,"REZ1",0.310762896031111
"Fernando Cruz","7048",4.11227647058823,6.119,"REZ1",0.672050411928131
"Fernando Guanare","sa3015496",0.0405,NA,NA,NA
"Fernando Lozano","sa3008585",0.0406,NA,NA,NA
"Fernando Olguin","sa3008571",0.0402,NA,NA,NA
"Fernando Ortega","sa3009459",0.0362,NA,NA,NA
"Fernando Perez","sa3018826",0.0461,NA,NA,NA
"Fernando Sanchez","sa3010134",0.052,NA,NA,NA
"Fineas Del BontaSmith","sa3010821",1.0222,NA,NA,NA
"Fitz Stadler","sa876081",0.0464,NA,NA,NA
"Florencio Serrano","sa3010124",1.02155,NA,NA,NA
"Forrest Whitley","19586",2.36588,1.485,"REZ1",1.59318518518519
"Foster Griffin","16432",0.05,NA,NA,NA
"Fraimin Marte","sa3015462",0.0366,NA,NA,NA
"Frainer Mejias","sa3021535",0.0356,NA,NA,NA
"Frainger Aranguren","sa3003132",0.0449,NA,NA,NA
"Framber Valdez","17295",12.2250235294118,8.884,"REZ1",1.37607198665148
"Fran Castro","sa3010675",0.0396,NA,NA,NA
"Francis Hernandez","sa3016223",0.0386,NA,NA,NA
"Francis Marte","sa3022118",0.0313,NA,NA,NA
"Francis Peguero","sa3005209",0.047,NA,NA,NA
"Francis Pena","sa3019374",2.30778666666667,NA,NA,NA
"Francis Reynoso","sa3015619",0.0402,NA,NA,NA
"Francis Rivera","sa3009217",0.0319,NA,NA,NA
"Francis Texido","sa3021028",0.0337,NA,NA,NA
"Francisco Frias","sa3022278",0.0367,NA,NA,NA
"Francisco Lucumi","sa3015460",0.0365,NA,NA,NA
"Francisco Mercado","sa3019652",0.034,NA,NA,NA
"Francisco Morales","22913",2.0235,NA,NA,NA
"Francisco Morao","sa3022130",0.0343,NA,NA,NA
"Francisco Pazos","sa3022380",0.0347,NA,NA,NA
"Francisco Perez","21018",0.994,0.843,"REZ1",1.1791221826809
"Franck De La Rosa","sa3015964",0.0384,NA,NA,NA
"Franco Aleman","sa3018178",2.40811333333333,NA,NA,NA
"Francys Peguero","sa748442",0.0457,NA,NA,NA
"Frander Veras","sa3008723",0.0374,NA,NA,NA
"Franderly Morel","sa3020980",0.0376,NA,NA,NA
"Frandy Rodriguez","sa3022144",0.0361,NA,NA,NA
"Frank Duncan","sa738963",0.052,NA,NA,NA
"Frank German","24750",0.0498,NA,NA,NA
"Frank Martinez","sa3022132",0.0362,NA,NA,NA
"Frank Moreno","sa3019294",0.0322,NA,NA,NA
"Frank Mozzicato","sa3018242",0.0429,NA,NA,NA
"Frank Rubio","sa3005162",0.0466,NA,NA,NA
"Frankeli Arias","sa3018352",0.035,NA,NA,NA
"Frankie Montas","14309",7.09853764705882,11.207,"REZ1",0.633402127871761
"Frankie Scalzo Jr","sa3017724",1.52305,NA,NA,NA
"Franklin Dacosta","sa3002925",0.0467,NA,NA,NA
"Franklin De La Paz","sa3002811",0.0427,NA,NA,NA
"Franklin Gil","sa3019626",0.0358,NA,NA,NA
"Franklin Gomez","sa3019153",0.0493,NA,NA,NA
"Franklin Marquez","sa3015305",0.0398,NA,NA,NA
"Franklin Perez","sa873722",0.0385,NA,NA,NA
"Franklin Sanchez","sa3015157",0.039,NA,NA,NA
"Franklyn Kilome","17861",0.0471,NA,NA,NA
"Franklyn Moreta","sa3018888",0.0365,NA,NA,NA
"Franly Urena","sa3022050",0.0386,NA,NA,NA
"Franny Cobos","sa3006494",0.0453,NA,NA,NA
"Franyel Diaz","sa3020976",0.0326,NA,NA,NA
"Franyelson Rodriguez","sa3015456",0.041,NA,NA,NA
"Franyer Herrera","sa3019520",0.0351,NA,NA,NA
"Franyerson Reyes","sa3024586",0.03,NA,NA,NA
"Fraser Ellard","29530",2.48791647058824,0.614,"REZ1",4.05198122245641
"Fraylin Suriel","sa3018357",0.0348,NA,NA,NA
"Fraynel Nova","sa3019696",0.0355,NA,NA,NA
"Fred Schlichtholz","sa3004455",0.0496,NA,NA,NA
"Fred Villarreal","sa3011477",0.0452,NA,NA,NA
"Freddery Paulino","sa3005881",0.0314,NA,NA,NA
"Freddy Pacheco","sa3006164",0.0499,NA,NA,NA
"Freddy Peralta","18679",10.6055647058824,8.924,"REZ1",1.18843172410156
"Freddy Tarnok","23324",1.39808333333333,0.776,"REZ1",1.80165378006873
"Frederic Frias","sa3021480",0.0357,NA,NA,NA
"Frederic Garcia","sa3006575",0.0377,NA,NA,NA
"Freilyn Guzman","sa3021760",0.0283,NA,NA,NA
"Freilyn Silverio","sa3019271",0.0286,NA,NA,NA
"Frelianderson Seijas","sa3018325",0.0356,NA,NA,NA
"Frenny Grant","sa3021572",0.0364,NA,NA,NA
"Freylin Garcia","sa941791",0.0465,NA,NA,NA
"Gabe Bierman","sa3016939",0.0407,NA,NA,NA
"Gabe Emmett","sa3017938",0.0417,NA,NA,NA
"Gabe Klobosits","19881",0.0448,NA,NA,NA
"Gabe Morales","sa3002781",0.0529,NA,NA,NA
"Gabe Mosser","sa3006834",2.5254,NA,NA,NA
"Gabe Speier","17170",2.55689294117647,3.005,"REZ1",0.850879514534599
"Gabe Starks","sa3023443",0.0385,NA,NA,NA
"Gabriel Agostini","sa3015488",0.0361,NA,NA,NA
"Gabriel Agrazal","sa3017143",0.0367,NA,NA,NA
"Gabriel Aguilera","sa3009494",0.0357,NA,NA,NA
"Gabriel Barbosa","sa3009593",0.0483,NA,NA,NA
"Gabriel Colmenarez","sa3022020",0.0295,NA,NA,NA
"Gabriel Cotto","sa3007934",0.0439,NA,NA,NA
"Gabriel Hernandez","sa3015147",0.0395,NA,NA,NA
"Gabriel Hughes","sa3020661",0.38485,NA,NA,NA
"Gabriel Jackson","sa3009463",0.0451,NA,NA,NA
"Gabriel Jaramillo","sa3008559",0.0414,NA,NA,NA
"Gabriel Ponce","sa3009985",0.0457,NA,NA,NA
"Gabriel Reyes","sa3016833",0.0464,NA,NA,NA
"Gabriel Rodriguez","sa3007219",0.0358,NA,NA,NA
"Gabriel Rodriguez","sa3016784",0.0333,NA,NA,NA
"Gabriel Sequeira","sa3014858",0.0469,NA,NA,NA
"Gabriel Sosa","sa3011682",0.0451,NA,NA,NA
"Gabriel Torres","sa3015447",0.0363,NA,NA,NA
"Gabriel Torres","sa3019383",0.0296,NA,NA,NA
"Gabriel Yanez","sa3005332",0.0439,NA,NA,NA
"Gage Stanifer","sa3021731",0.0374,NA,NA,NA
"Garrett Acton","27583",0.625214285714286,2.072,"REZ1",0.301744346387204
"Garrett Apker","sa3020821",0.0399,NA,NA,NA
"Garrett Baumann","sa3023310",0.0516,NA,NA,NA
"Garrett Brown","sa3023169",0.0394,NA,NA,NA
"Garrett Burhenn","sa3018173",2.0245,NA,NA,NA
"Garrett Cleavinger","17897",3.98155764705882,2.916,"REZ1",1.36541757443718
"Garrett Crochet","27463",12.2068235294118,11.457,"REZ1",1.06544676000801
"Garrett Davila","sa875052",1.52325,NA,NA,NA
"Garrett Farmer","sa3010811",0.0424,NA,NA,NA
"Garrett Hawkins","sa3017383",0.0467,NA,NA,NA
"Garrett Hill","25097",1.73016666666667,2.765,"REZ1",0.625738396624473
"Garrett Irvin","sa3020176",0.0454,NA,NA,NA
"Garrett Leonard","sa3010141",0.0446,NA,NA,NA
"Garrett McDaniels","sa3020619",1.991572,NA,NA,NA
"Garrett McMillan","sa3023006",0.0422,NA,NA,NA
"Garrett Ramsey","sa3020973",0.0403,NA,NA,NA
"Garrett Richards","9784",0.0489,NA,NA,NA
"Garrett Schilling","sa3004770",0.0411,NA,NA,NA
"Garrett Schoenle","sa3016937",1.5221,NA,NA,NA
"Garrett Stallings","sa3014457",2.0248,NA,NA,NA
"Garrett Whitlock","20191",3.44174117647059,2.818,"REZ1",1.22134179434726
"Garrett Williams","sa738512",0.0489,NA,NA,NA
"Garrison Bryant","sa918939",0.0469,NA,NA,NA
"Garvin Alston","sa3010238",0.522,NA,NA,NA
"Gary Gill Hill","sa3020972",0.0425,NA,NA,NA
"Gavin Collyer","sa3011742",0.0466,NA,NA,NA
"Gavin Hollowell","25427",1.05715306666667,3.638,"REZ1",0.290586329485065
"Gavin Stone","27792",4.91695833333333,9.344,"REZ1",0.526215575057078
"Gavin Williams","30122",7.87164352941176,6.345,"REZ1",1.2406057571965
"Geison Urbaez","sa3015135",0.05,NA,NA,NA
"Gemil Santa","sa3018344",0.0336,NA,NA,NA
"Genderson Almonte","sa3019519",0.0356,NA,NA,NA
"Genderson Zapata","sa3017613",0.0357,NA,NA,NA
"Genesis Cabrera","17490",2.091124,2.91,"REZ1",0.718599312714777
"Geoff Hartlieb","19558",1.0412348,1.663,"REZ1",0.626118340348767
"Geoffrey Gilbert","sa3020807",0.0439,NA,NA,NA
"George Kirby","25436",12.7474117647059,14.248,"REZ1",0.894680780790699
"George Klassen","sa3023440",2.5267,NA,NA,NA
"George Soriano","21863",1.75529411764706,1.641,"REZ1",1.06964906620784
"Gerald Ogando","sa3005026",0.0466,NA,NA,NA
"Geralmi Santana","sa3016462",0.0377,NA,NA,NA
"Gerardo Abrego","sa3016741",0.0342,NA,NA,NA
"Gerardo Carrillo","sa3002790",0.0473,NA,NA,NA
"Gerardo Gutierrez","sa3005379",0.5232,NA,NA,NA
"Gerardo Reyes","16306",1.10925,1.539,"REZ1",0.720760233918129
"Gerelmi Maldonado","sa3016018",0.0422,NA,NA,NA
"Gerlin Rosario","sa3019251",0.0424,NA,NA,NA
"German Fajardo","sa3023035",0.0386,NA,NA,NA
"German Marquez","15038",6.82978705882353,5.054,"REZ1",1.35136269466235
"German Nunez","sa3019287",0.0371,NA,NA,NA
"Geronimo Franzua","sa597245",2.02465,NA,NA,NA
"Gerrit Cole","13125",10.9893176470588,9.88,"REZ1",1.11227911407478
"Gerson Balbino","sa3019067",0.0323,NA,NA,NA
"Gerson Calzadilla","sa3016621",0.04,NA,NA,NA
"Gerson Garabito","19835",1.41055729411765,2.125,"REZ1",0.663791667820069
"Gerson Moreno","sa736656",1.02295,NA,NA,NA
"Geury Rodriguez","sa3019581",0.0354,NA,NA,NA
"Gianluca Dalatri","sa3015119",0.0451,NA,NA,NA
"Gil Luna","sa3017301",1.02045,NA,NA,NA
"Gilberto Alcala","sa3019045",0.0355,NA,NA,NA
"Gilberto Batista","sa3020987",0.0429,NA,NA,NA
"Gilberto Chu","sa873302",0.0426,NA,NA,NA
"Gio Arriera","sa3004465",0.0409,NA,NA,NA
"Giomar Diaz","sa3018797",0.0448,NA,NA,NA
"Giovanny Gallegos","14986",1.83773411764706,1.355,"REZ1",1.35626134143694
"Giussepe Velasquez","sa3016463",0.0398,NA,NA,NA
"Gleiner Diaz","sa3015501",0.0415,NA,NA,NA
"Glenn Albanese Jr","sa3017302",0.0458,NA,NA,NA
"Glenn Otto","21366",2.23125,0.766,"REZ1",2.9128590078329
"Gordon Graceffo","29519",2.32802305882353,0.566,"REZ1",4.1131149449179
"Grabiel Salazar","sa3015667",0.0418,NA,NA,NA
"Graeme Stinson","sa3011900",0.0487,NA,NA,NA
"Graham Ashcraft","27552",3.54855882352941,5.903,"REZ1",0.601144981116282
"Graham Firoved","sa3020557",0.0401,NA,NA,NA
"Graham Hoffman","sa3018238",0.0424,NA,NA,NA
"Graham Lawson","sa3014780",0.0461,NA,NA,NA
"Graham Osman","sa3023063",0.0415,NA,NA,NA
"Graham Spraker","sa3004024",0.0476,NA,NA,NA
"Grant Anderson","20546",1.43270341176471,2.554,"REZ1",0.560964530839744
"Grant Black","sa3014846",0.0457,NA,NA,NA
"Grant Dayton","11203",0.0462,NA,NA,NA
"Grant Ford","sa3010625",1.02155,NA,NA,NA
"Grant Gambrell","sa3011129",2.5246,NA,NA,NA
"Grant Gavin","sa918674",1.0244,NA,NA,NA
"Grant Hartwig","29946",1.16025727272727,1.392,"REZ1",0.83351815569488
"Grant Holman","30002",2.20619882352941,1.217,"REZ1",1.81281743921891
"Grant Holmes","16944",5.08778588235294,4.783,"REZ1",1.06372274354023
"Grant Judkins","sa3015004",0.0406,NA,NA,NA
"Grant Kipp","sa3020185",0.0458,NA,NA,NA
"Grant Rogers","sa3023522",0.0492,NA,NA,NA
"Grant Wolfram","sa3008313",1.22690014285714,NA,NA,NA
"Gray Fenter","sa875233",0.0503,NA,NA,NA
"Grayson Moore","sa3023275",0.0417,NA,NA,NA
"Grayson Rodriguez","24492",9.8558,8.2,"REZ1",1.20192682926829
"Grayson Thurman","sa3020756",0.0469,NA,NA,NA
"Greg Holland","7196",0.048,NA,NA,NA
"Greg Weissert","20375",2.88573529411765,2.694,"REZ1",1.07117123018472
"Gregori Louis","sa3019699",0.0442,NA,NA,NA
"Gregori Montano","sa3011464",0.0395,NA,NA,NA
"Gregori Vasquez","sa873328",0.0463,NA,NA,NA
"Gregoris Chalas","sa3008044",0.0396,NA,NA,NA
"Gregory Sanchez","sa3024267",0.0308,NA,NA,NA
"Gregory Santos","21894",2.57850117647059,3.205,"REZ1",0.804524548040745
"Gregory Soto","19677",3.59052352941176,3.035,"REZ1",1.18303905417192
"Greiber Mendez","sa3018041",0.0391,NA,NA,NA
"Greudis De Los Santos","sa3022012",0.0289,NA,NA,NA
"Griff McGarry","sa3017130",1.11741016666667,NA,NA,NA
"Griffin Canning","19867",4.37257647058824,2.533,"REZ1",1.72624416525394
"Griffin Jax","20253",4.80197294117647,4.096,"REZ1",1.17235667509191
"Griffin McLarty","sa1115734",0.0474,NA,NA,NA
"Griffin Roberts","sa3008483",0.0465,NA,NA,NA
"Guillermo Arvizu","sa3019117",0.038,NA,NA,NA
"Guillo Zuniga","19588",1.13552270588235,1.768,"REZ1",0.642263973915358
"Gunnar Groen","sa3019533",0.046,NA,NA,NA
"Gunnar Hoglund","sa3019785",3.49546714285714,NA,NA,NA
"Gunner Mayer","sa3011199",0.0461,NA,NA,NA
"Gus Varland","24737",2.52343176470588,2.759,"REZ1",0.914618254695862
"Gustavo Del Pozo","sa3009745",0.0385,NA,NA,NA
"Gustavo Rivas","sa3016503",0.0368,NA,NA,NA
"Gustavo Rodriguez","sa3008438",0.0419,NA,NA,NA
"Haden Erbe","sa3020462",1.02335,NA,NA,NA
"Hader Blanco","sa3019266",0.0359,NA,NA,NA
"Hagen Danner","22116",1.27462,NA,NA,NA
"Haminton Mendez","sa3017150",0.0364,NA,NA,NA
"Hamlet Garcia","sa3021022",0.0267,NA,NA,NA
"Hancel Rincon","sa3009629",0.0434,NA,NA,NA
"Hanfermin Vargas","sa3024227",0.0273,NA,NA,NA
"Hans Crouse","22192",2.95658823529412,1.273,"REZ1",2.32253592717527
"Hansel Rincon","sa3015450",0.0463,NA,NA,NA
"Hansel Robles","11801",0.0465,NA,NA,NA
"Hansel Rosario","sa3019247",0.0309,NA,NA,NA
"Hansen Butler","sa3011363",0.0452,NA,NA,NA
"Harif Frias","sa3010251",0.0402,NA,NA,NA
"Harol Arias","sa3015347",0.0395,NA,NA,NA
"Harol Gonzalez","sa828505",0.0552,NA,NA,NA
"Harold Chirino","sa917637",1.52335,NA,NA,NA
"Harold Cortijo","sa3004588",0.0437,NA,NA,NA
"Harold Melenge","sa3009747",0.0436,NA,NA,NA
"Harrison Beethe","sa3017721",0.04,NA,NA,NA
"Harrison Cohen","sa3020811",0.0476,NA,NA,NA
"Harrison Durow","sa3023484",0.0418,NA,NA,NA
"Harry Gustin","sa3023229",0.0457,NA,NA,NA
"Harry Rutkowski","sa3017067",0.0418,NA,NA,NA
"Hayden Birdsong","31635",5.56114823529412,4.158,"REZ1",1.33745748804572
"Hayden Deal","sa3004680",0.0506,NA,NA,NA
"Hayden Durke","sa3022733",0.0433,NA,NA,NA
"Hayden Harris","sa3019913",1.6171665,NA,NA,NA
"Hayden Juenger","sa3017103",1.5242,NA,NA,NA
"Hayden Merda","sa3020826",0.0405,NA,NA,NA
"Hayden Minton","sa3023155",0.0425,NA,NA,NA
"Hayden Mullins","sa3023218",0.0493,NA,NA,NA
"Hayden Nierman","sa3020573",0.0437,NA,NA,NA
"Hayden Seig","sa3018115",2.0236,NA,NA,NA
"Hayden Snelsire","sa3023138",0.0391,NA,NA,NA
"Hayden Wesneski","27581",5.01628941176471,4.943,"REZ1",1.01482690911687
"Hayden Wynja","sa3020464",0.0447,NA,NA,NA
"Hayder Ortiz","sa3019428",0.0418,NA,NA,NA
"Hayes Heinecke","sa3017819",0.042,NA,NA,NA
"Haylen Green","sa3017716",0.0474,NA,NA,NA
"Hayrol Done","sa3018879",0.0351,NA,NA,NA
"Hazahel Quijada","sa3007586",0.0418,NA,NA,NA
"Heath Hembree","11632",1.04207142857143,3.532,"REZ1",0.295037210807313
"Heath Holder","sa602623",0.0464,NA,NA,NA
"Hector Neris","11804",4.55319882352941,5.227,"REZ1",0.871092179745439
"Hector Perez","18592",0.0479,NA,NA,NA
"Hector Santiago","4026",0.0488,NA,NA,NA
"Heisell Baro","sa3009225",0.0398,NA,NA,NA
"Heitor Tokar","sa3005683",0.0449,NA,NA,NA
"Helcris Olivarez","sa3002965",1.0247,NA,NA,NA
"Hendry Nunez","sa3006585",0.0404,NA,NA,NA
"Henrison Mota","sa3016801",0.0353,NA,NA,NA
"Henry Baez","sa3016584",2.5263,NA,NA,NA
"Henry Gomez","sa3009993",0.0402,NA,NA,NA
"Henry Henry","sa918121",0.0452,NA,NA,NA
"Henry Lalane","sa3016066",0.0443,NA,NA,NA
"Henry Martinez","sa3020963",0.0369,NA,NA,NA
"Henry Montilla","sa3019240",0.0314,NA,NA,NA
"Henry Tejada","sa3019275",0.0334,NA,NA,NA
"Henry Valencio","sa3005257",0.0388,NA,NA,NA
"Henry Williams","sa3020901",0.0439,NA,NA,NA
"Henson Leal","sa3019175",0.0401,NA,NA,NA
"Heribert Garcia","sa3006408",0.0377,NA,NA,NA
"Hever Bueno","sa738180",0.0459,NA,NA,NA
"Hiro Wyatt","sa3023613",0.0399,NA,NA,NA
"Hirokazu Sawamura","27515",0.0462,NA,NA,NA
"Hobie Harris","18615",1.58995833333333,1.927,"REZ1",0.825095139249265
"Hoby Milner","13346",2.67393529411765,3.07,"REZ1",0.870988695152328
"Hogan Harris","21520",2.57175647058824,2.587,"REZ1",0.994107642283817
"Holden Capps","sa3004097",0.0472,NA,NA,NA
"Holden Laws","sa3008332",0.042,NA,NA,NA
"Holden Powell","sa3014854",1.522,NA,NA,NA
"Holt Jones","sa3017368",0.0389,NA,NA,NA
"Horacio Andujar","sa3010370",0.0397,NA,NA,NA
"Houston Harding","sa3017820",1.52225,NA,NA,NA
"Houston Roth","sa3011527",2.0234,NA,NA,NA
"Huascar Brazoban","6107",2.34006705882353,1.379,"REZ1",1.69693042699313
"Huascar Ynoa","20468",1.96060442857143,NA,NA,NA
"Hudson Leach","sa3023649",0.0423,NA,NA,NA
"HueiSheng Lin","sa3010249",0.039,NA,NA,NA
"Hueston Morrill","sa3022408",0.0438,NA,NA,NA
"Hugh Fisher","sa3017255",0.047,NA,NA,NA
"Hugo Beltran","sa3006354",0.0417,NA,NA,NA
"Hugo Villalobos","sa3008729",0.0407,NA,NA,NA
"Humberto Castellanos","21183",2.49175,2.329,"REZ1",1.06987977672821
"Humberto Mejia","20739",0.0487,NA,NA,NA
"HungLeng Chang","sa3019518",0.0374,NA,NA,NA
"Hunter Barco","sa3022409",0.02735,NA,NA,NA
"Hunter Bigge","26259",2.55594941176471,2.611,"REZ1",0.978915898799198
"Hunter Breault","sa3017499",0.0432,NA,NA,NA
"Hunter Brown","25880",11.3636117647059,10.396,"REZ1",1.09307539098748
"Hunter Dobbins","sa3018275",1.53666175,NA,NA,NA
"Hunter Dollander","sa3019302",0.0473,NA,NA,NA
"Hunter Dula","sa3017392",0.0449,NA,NA,NA
"Hunter Furtado","sa3023447",0.0376,NA,NA,NA
"Hunter Gaddis","25636",3.58495764705882,2.868,"REZ1",1.24998523258676
"Hunter Greene","22182",9.04145529411765,7.112,"REZ1",1.27129573876795
"Hunter Gregory","sa3017754",1.5238,NA,NA,NA
"Hunter Harvey","15507",3.23029294117647,4.756,"REZ1",0.679203730272597
"Hunter Hayes","sa3020450",0.0428,NA,NA,NA
"Hunter Kublick","sa3022879",0.0406,NA,NA,NA
"Hunter Mann","sa3023231",0.0375,NA,NA,NA
"Hunter McMahon","sa3010658",0.52335,NA,NA,NA
"Hunter Owen","sa3023474",0.0447,NA,NA,NA
"Hunter Parks","sa3017640",1.0202,NA,NA,NA
"Hunter Parsons","sa3011606",1.0251,NA,NA,NA
"Hunter Patteson","sa3020954",0.0465,NA,NA,NA
"Hunter Peck","sa3014873",0.0414,NA,NA,NA
"Hunter Perdue","sa3016905",0.0369,NA,NA,NA
"Hunter Riggins","sa3020340",0.0483,NA,NA,NA
"Hunter Schryver","sa873263",0.0434,NA,NA,NA
"Hunter Stanley","sa3018148",2.02315,NA,NA,NA
"Hunter Stratton","23455",1.58132176470588,3.784,"REZ1",0.417896872279567
"Hunter Strickland","7836",1.94942352941176,3.574,"REZ1",0.545445867210902
"Hunter Wood","15091",0.0461,NA,NA,NA
"Hurston Waldrep","33527",2.60351866666667,3.606,"REZ1",0.721996302458865
"HyeonJong Yang","27513",0.0504,NA,NA,NA
"Hyun Jin Ryu","14444",1.535,5.229,"REZ1",0.293555173073245
"HyunSeok Jang","sa3023601",0.0443,NA,NA,NA
"Hyunil Choi","sa3009992",2.5236,NA,NA,NA
"Ian Anderson","19951",4.86755142857143,NA,NA,NA
"Ian Bedell","sa3014538",1.52515,NA,NA,NA
"Ian Churchill","sa3020234",0.52365,NA,NA,NA
"Ian Clarkin","sa737534",2,NA,NA,NA
"Ian Foggo","sa3017611",0.0418,NA,NA,NA
"Ian Gibaut","17871",1.62413709090909,3.214,"REZ1",0.505332013350682
"Ian Hamilton","19261",2.60331529411765,1.016,"REZ1",2.5623182028717
"Ian Kennedy","6986",0.582428571428571,1.924,"REZ1",0.302717552717553
"Ian Koenig","sa3020568",0.0423,NA,NA,NA
"Ian Krol","10066",0.0481,NA,NA,NA
"Ian McKinney","sa738318",0.0473,NA,NA,NA
"Ian Mejia","sa3019911",3.52645,NA,NA,NA
"Ian Seymour","sa3014512",1.88966,NA,NA,NA
"Ian Villers","sa3017303",0.0394,NA,NA,NA
"Ignacio Briceno","sa3015459",0.0376,NA,NA,NA
"Ignacio Feliz","sa3002982",0.0465,NA,NA,NA
"Ike Buxton","sa3020180",0.0427,NA,NA,NA
"Ike Schlabach","sa875796",0.0475,NA,NA,NA
"Ilmerson Colon","sa3019539",0.0365,NA,NA,NA
"Indigo Diaz","sa3011726",0.0479,NA,NA,NA
"Inmer Lobo","sa3019151",0.0399,NA,NA,NA
"Inohan Paniagua","sa3006417",0.0458,NA,NA,NA
"Irv Carter","sa3019239",0.0419,NA,NA,NA
"Irving Cota","sa3022108",0.0439,NA,NA,NA
"Irving Vazquez","sa3019180",0.0359,NA,NA,NA
"Isaac Coffey","sa3020222",3.02655,NA,NA,NA
"Isaac Gallegos","sa3023183",0.0454,NA,NA,NA
"Isaac Mattson","20385",1.81325,3.266,"REZ1",0.555189834660135
"Isaac Rudecindo","sa3011377",0.0367,NA,NA,NA
"Isaac Stebens","sa3023422",0.0428,NA,NA,NA
"Isaiah Campbell","25551",1.52395833333333,1.522,"REZ1",1.00128668418747
"Isaiah Coupet","sa3023156",0.0392,NA,NA,NA
"Isaiah Lowe","sa3020864",0.0434,NA,NA,NA
"Isaias Uribe","sa3016486",0.032,NA,NA,NA
"Ismael Cabral","sa3021481",0.027,NA,NA,NA
"Ismael Laureano","sa3019274",0.0344,NA,NA,NA
"Ismael Luciano","sa3016227",0.0313,NA,NA,NA
"Ismael Michel","sa3016270",0.04,NA,NA,NA
"Ismael Mota","sa3016586",0.0364,NA,NA,NA
"Israel Puello","sa3006113",0.04,NA,NA,NA
"Issac Solano","sa3011441",0.0399,NA,NA,NA
"Ivan Armstrong","sa3006358",1.5226,NA,NA,NA
"Ivan Oviedo","sa3016038",0.52325,NA,NA,NA
"Ixan Henderson","sa3022953",0.0469,NA,NA,NA
"Izack Tiger","sa3022875",0.0459,NA,NA,NA
"JA Happ","7410",0.0502,NA,NA,NA
"JB Bukauskas","20491",1.62768,3.793,"REZ1",0.429127339836541
"JB Olson","sa3002779",0.0475,NA,NA,NA
"JB Wendelken","14506",0.663953666666667,NA,NA,NA
"JC Flowers","sa3011493",1.0215,NA,NA,NA
"JC Keys","sa1170341",0.0461,NA,NA,NA
"JC Mejia","20617",0.5625,1.846,"REZ1",0.304712892741062
"JC Ramirez","8302",0.0481,NA,NA,NA
"JD Hammer","19548",0.0452,NA,NA,NA
"JJ Goss","sa3011420",0.0446,NA,NA,NA
"JJ Niekro","sa3017129",1.52725,NA,NA,NA
"JJ Sanchez","sa3022861",0.0437,NA,NA,NA
"JP Feyereisen","16610",1.928,1.451,"REZ1",1.32873880082702
"JP France","21212",1.86482129411765,1.402,"REZ1",1.33011504573299
"JP Massey","sa3020803",0.0414,NA,NA,NA
"JP Sears","23429",8.38931411764706,4.194,"REZ1",2.00031333277231
"JP Wheat","sa3024884",0.0332,NA,NA,NA
"JP Woodward","sa3014809",0.0442,NA,NA,NA
"JR Ritchie","sa3020395",0.0525,NA,NA,NA
"JT Brubaker","17578",2.69683285714286,NA,NA,NA
"JT Chargois","13767",1.28932470588235,1.597,"REZ1",0.807341706876865
"JT Ginn","27889",3.63096,2.152,"REZ1",1.68724907063197
"JT Hintzen","sa3006763",0.0452,NA,NA,NA
"Jace Beck","sa3011811",0.0453,NA,NA,NA
"Jace Fry","16159",0.0485,NA,NA,NA
"Jace Kaminska","sa3023222",0.0392,NA,NA,NA
"Jace Vines","sa917985",0.0468,NA,NA,NA
"Jacinto Arredondo","sa3015009",0.042,NA,NA,NA
"Jack Aldrich","sa3017145",0.043,NA,NA,NA
"Jack Anderson","sa3017872",1.0227,NA,NA,NA
"Jack Carey","sa3017887",2.0217,NA,NA,NA
"Jack Choate","sa3020407",2.02685,NA,NA,NA
"Jack Cushing","sa1170342",2.5245,NA,NA,NA
"Jack Dallas","sa3020490",0.048,NA,NA,NA
"Jack Dashwood","sa3015035",1.99888,NA,NA,NA
"Jack DeGroat","sa3018790",0.0401,NA,NA,NA
"Jack Dreyer","sa3018789",1.45224016666667,NA,NA,NA
"Jack Flaherty","17479",10.0135058823529,7.338,"REZ1",1.36460968688375
"Jack Hartman","sa3018250",1.02305,NA,NA,NA
"Jack Jasiak","sa3020738",0.0376,NA,NA,NA
"Jack Kochanowicz","27688",4.68738352941176,4.72,"REZ1",0.993089730807577
"Jack Leftwich","sa3018169",2.52365,NA,NA,NA
"Jack Leiter","30146",4.80581529411765,5.068,"REZ1",0.948266632619899
"Jack Little","sa1115817",1.024,NA,NA,NA
"Jack Mahoney","sa3023157",0.0398,NA,NA,NA
"Jack Neely","30106",0.939561066666667,2.255,"REZ1",0.416656792313378
"Jack Noble","sa3020482",0.0436,NA,NA,NA
"Jack O'Loughlin","22690",0.729937411764706,0.606,"REZ1",1.20451718112988
"Jack Owen","sa3017490",0.0428,NA,NA,NA
"Jack Patterson","sa3007860",0.0431,NA,NA,NA
"Jack Perkins","sa3007713",0.047,NA,NA,NA
"Jack Perkins","sa3020076",1.52695,NA,NA,NA
"Jack Ralston","sa3011296",1.52305,NA,NA,NA
"Jack Sellinger","sa3022934",0.0415,NA,NA,NA
"Jack Sinclair","sa3017596",1.52275,NA,NA,NA
"Jack Snyder","sa3018194",0.0462,NA,NA,NA
"Jack Weisenburger","sa3011607",0.5235,NA,NA,NA
"Jack Wenninger","sa3023282",0.0526,NA,NA,NA
"Jack White","sa3023404",0.0418,NA,NA,NA
"Jackson Baumeister","sa3023471",0.0462,NA,NA,NA
"Jackson Cox","sa3020899",0.0284,NA,NA,NA
"Jackson Ferris","sa3020891",2.52835,NA,NA,NA
"Jackson Finley","sa3023406",0.0398,NA,NA,NA
"Jackson Fristoe","sa3022104",0.0439,NA,NA,NA
"Jackson Goddard","sa3007776",0.0456,NA,NA,NA
"Jackson Hicks","sa3017280",0.0431,NA,NA,NA
"Jackson Humphries","sa3021729",0.0428,NA,NA,NA
"Jackson Jobe","30203",4.45989176470588,2.598,"REZ1",1.7166634968075
"Jackson Kelley","sa3020755",1.52395,NA,NA,NA
"Jackson Kowar","21549",1.931276,2.037,"REZ1",0.948098183603338
"Jackson Lancaster","sa3021468",0.0434,NA,NA,NA
"Jackson Leath","sa3018239",0.0409,NA,NA,NA
"Jackson Nezuh","sa3023411",0.0485,NA,NA,NA
"Jackson Rees","sa3007818",0.0487,NA,NA,NA
"Jackson Rose","sa3008129",0.0447,NA,NA,NA
"Jackson Rutledge","26215",1.80601647058824,2.838,"REZ1",0.636369439953571
"Jackson Smeltz","sa3023810",0.0457,NA,NA,NA
"Jackson Stephens","14420",2.29033333333333,3.615,"REZ1",0.633563854310742
"Jackson Tetreault","20565",0.0522,NA,NA,NA
"Jackson Wolf","29832",2.822625,1.808,"REZ1",1.56118639380531
"Jacob Barnes","12323",1.81077788235294,3.445,"REZ1",0.52562492956544
"Jacob Bosiokovic","sa918394",1.52335,NA,NA,NA
"Jacob Bresnahan","sa3023066",0.0413,NA,NA,NA
"Jacob Coats","sa3018150",0.0413,NA,NA,NA
"Jacob Cravey","sa3023423",0.0372,NA,NA,NA
"Jacob DeLabio","sa3017011",0.52315,NA,NA,NA
"Jacob Heatherly","sa3004736",1.0237,NA,NA,NA
"Jacob Kostyshock","sa3011245",0.0228,NA,NA,NA
"Jacob Latz","21306",2.12399411764706,-0.166,"REZ1",-12.7951452870305
"Jacob Lemoine","19785",0.0451,NA,NA,NA
"Jacob Lopez","25098",2.16669317647059,2.233,"REZ1",0.970305945575722
"Jacob Maton","sa3020898",0.0464,NA,NA,NA
"Jacob Meador","sa3020385",1.52435,NA,NA,NA
"Jacob Miller","sa3020111",2.02235,NA,NA,NA
"Jacob Misiorowski","sa3020644",1.64189666666667,NA,NA,NA
"Jacob Steinmetz","sa3017976",0.0454,NA,NA,NA
"Jacob Waguespack","18318",2.38877647058824,1.286,"REZ1",1.85752447168603
"Jacob Wallace","sa3010374",1.2915,NA,NA,NA
"Jacob Watters","sa3020628",0.0471,NA,NA,NA
"Jacob Webb","19274",2.92264941176471,3.387,"REZ1",0.862902099723858
"Jacob Webb","sa3017547",2.0228,NA,NA,NA
"Jacob Wosinski","sa3021825",0.0446,NA,NA,NA
"Jacob deGrom","10954",7.24868470588235,3.66,"REZ1",1.98051494696239
"Jacques Pucheu","sa3010631",0.0492,NA,NA,NA
"Jaden Hamm","sa3023134",0.0492,NA,NA,NA
"Jaden Hill","30250",1.71156623529412,1.019,"REZ1",1.6796528314957
"Jaden Woods","sa3023064",1.5237,NA,NA,NA
"Jagger Haynes","sa3020876",0.0468,NA,NA,NA
"Jaiker Garcia","sa3018626",0.03,NA,NA,NA
"Jaime Arias","sa3014789",1.5237,NA,NA,NA
"Jaime Barria","18356",2.769125,1.493,"REZ1",1.8547387809779
"Jaime Melendez","sa3010660",1.5235,NA,NA,NA
"Jair Jimenez","sa3018817",0.0351,NA,NA,NA
"Jairo Iriarte","26907",2.66647576470588,2.859,"REZ1",0.93266028845956
"Jairo Solis","sa3003037",0.0481,NA,NA,NA
"Jairo Vasquez","sa3010578",0.0364,NA,NA,NA
"Jairon Digon","sa3022148",0.0341,NA,NA,NA
"Jaison Brete","sa3016771",0.0366,NA,NA,NA
"Jaitoine Kelly","sa3024275",0.0284,NA,NA,NA
"Jake Arrieta","4153",0.0495,NA,NA,NA
"Jake Bennett","sa3020737",0.0483,NA,NA,NA
"Jake Bird","21267",2.31451764705882,3.65,"REZ1",0.634114423851733
"Jake Bloss","33168",2.25505764705882,2.319,"REZ1",0.972426755954646
"Jake Bockenstedt","sa3023007",0.0348,NA,NA,NA
"Jake Brentz","17783",0.5231,NA,NA,NA
"Jake Brooks","sa3023205",0.0389,NA,NA,NA
"Jake Cantleberry","sa3011237",0.0452,NA,NA,NA
"Jake Christianson","sa3020410",0.0428,NA,NA,NA
"Jake Cousins","21620",2.67891764705882,3.449,"REZ1",0.776723005815838
"Jake Dahlberg","sa3004475",0.0534,NA,NA,NA
"Jake Diekman","5003",2.11909411764706,3.56,"REZ1",0.595251156642432
"Jake Eddington","sa3023409",0.0431,NA,NA,NA
"Jake Eder","27590",1.28997435294118,1.723,"REZ1",0.748679253012871
"Jake Elliott","sa919409",0.0467,NA,NA,NA
"Jake Faria","13699",0.837428571428571,2.815,"REZ1",0.297487947221517
"Jake Fishman","20060",0.0468,NA,NA,NA
"Jake Fitzgibbons","sa3022796",0.0415,NA,NA,NA
"Jake Garland","sa3020077",2.52435,NA,NA,NA
"Jake Gilbert","sa1172846",0.0422,NA,NA,NA
"Jake Gozzo","sa3014979",0.52175,NA,NA,NA
"Jake Haberer","sa3008514",0.52345,NA,NA,NA
"Jake Higginbotham","sa3007590",1.525,NA,NA,NA
"Jake Irvin","21504",9.02475294117647,11.059,"REZ1",0.816055062951123
"Jake Jewell","16958",0.049,NA,NA,NA
"Jake Kalish","sa709032",0.0529,NA,NA,NA
"Jake Lee","sa3006766",0.0491,NA,NA,NA
"Jake Lyons","sa1055560",0.0484,NA,NA,NA
"Jake Madden","sa3020866",0.0378,NA,NA,NA
"Jake McGee","7550",0.0477,NA,NA,NA
"Jake McSteen","sa3015087",1.52645,NA,NA,NA
"Jake Miednik","sa3007242",0.0494,NA,NA,NA
"Jake Miller","sa3018171",1.5209,NA,NA,NA
"Jake Miller","sa3020408",0.0497,NA,NA,NA
"Jake Newberry","15136",0.0447,NA,NA,NA
"Jake Odorizzi","6397",1.5255,NA,NA,NA
"Jake Palisch","sa3020249",1.02185,NA,NA,NA
"Jake Peppers","sa3023008",0.0342,NA,NA,NA
"Jake Petricka","10534",0.0479,NA,NA,NA
"Jake Pfennigs","sa3020380",0.0474,NA,NA,NA
"Jake Pilarski","sa3020685",0.5227,NA,NA,NA
"Jake Prizina","sa3011346",0.0465,NA,NA,NA
"Jake Reed","16209",0.0454,NA,NA,NA
"Jake Reindl","sa3011523",0.52365,NA,NA,NA
"Jake Rice","sa3017593",1.02355,NA,NA,NA
"Jake Sanchez","sa739743",0.0478,NA,NA,NA
"Jake Schrand","sa3016938",0.0376,NA,NA,NA
"Jake Smith","sa3017258",0.0427,NA,NA,NA
"Jake Sommers","sa3010778",1.022,NA,NA,NA
"Jake Stevenson","sa1169857",0.0418,NA,NA,NA
"Jake Sweeney","sa3011134",0.0403,NA,NA,NA
"Jake Thompson","sa738914",0.0466,NA,NA,NA
"Jake Walkinshaw","sa3010317",1.0253,NA,NA,NA
"Jake Walsh","20227",1.0234,NA,NA,NA
"Jake Walters","sa915852",0.0419,NA,NA,NA
"Jake Wong","23095",1.31721428571429,4.494,"REZ1",0.293105092504291
"Jake Woodford","18674",1.20570952941176,2.062,"REZ1",0.584728190791351
"Jakob Brustoski","sa3018144",0.0405,NA,NA,NA
"Jakob Hernandez","sa3004823",1.02465,NA,NA,NA
"Jakob Junis","13619",3.10937647058824,3.15,"REZ1",0.987103641456583
"Jalen Beeks","17192",2.31630235294118,2.328,"REZ1",0.994975237517687
"James Acuna","sa3014969",0.0406,NA,NA,NA
"James Bourque","16668",0.0472,NA,NA,NA
"James Gonzalez","sa3011609",2.02625,NA,NA,NA
"James Hicks","sa3023161",2.52645,NA,NA,NA
"James Kaprielian","18331",1.74553054545455,2.849,"REZ1",0.61268183413638
"James Karinchak","20151",1.46838835294118,0.686,"REZ1",2.14050780312125
"James Marinan","sa3005121",0.0384,NA,NA,NA
"James Marvel","19675",0.0506,NA,NA,NA
"James McArthur","21527",2.41070941176471,3.532,"REZ1",0.682533808540404
"James Meeker","29891",1.15883333333333,1.839,"REZ1",0.630143193764727
"James Naile","18186",0.863785714285714,2.902,"REZ1",0.297651865708378
"James Norwood","16440",0.0501,NA,NA,NA
"James Paxton","11828",2.55366666666667,2.684,"REZ1",0.951440635866865
"James Proctor","sa3014804",0.0398,NA,NA,NA
"Jameson Taillon","11674",9.31718941176471,6.821,"REZ1",1.36595651836457
"Jamison Hill","sa3017935",2.023,NA,NA,NA
"Jan Caraballo","sa3015485",0.0363,NA,NA,NA
"Jandel Gustave","14665",0.0478,NA,NA,NA
"Janderson Linares","sa3021503",0.0333,NA,NA,NA
"Jank Pichardo","sa3022231",0.0312,NA,NA,NA
"Janson Junk","23301",1.76144105882353,3.988,"REZ1",0.441685320667886
"Jared Beck","sa3020571",0.0441,NA,NA,NA
"Jared Biddy","sa3011303",0.0463,NA,NA,NA
"Jared Johnson","sa3011626",0.0435,NA,NA,NA
"Jared Jones","27863",8.86621529411765,9.917,"REZ1",0.894042078664682
"Jared Karros","sa3020859",2.0276,NA,NA,NA
"Jared Kelley","sa3014471",1.0205,NA,NA,NA
"Jared Koenig","27517",3.99388117647059,3.274,"REZ1",1.21987818462755
"Jared Kollar","sa3020439",3.0252,NA,NA,NA
"Jared Lyons","sa3020483",0.0409,NA,NA,NA
"Jared Poland","sa3020252",0.0383,NA,NA,NA
"Jared Shuster","27472",2.33226352941176,2.387,"REZ1",0.977068927277656
"Jared Solomon","23425",1.0221,NA,NA,NA
"Jared Southard","sa3019951",1.02215,NA,NA,NA
"Jared Tobey","sa3007263",0.0465,NA,NA,NA
"Jared Wetherbee","sa3017421",0.0406,NA,NA,NA
"Jaren Zinn","sa3020320",0.0406,NA,NA,NA
"Jarlen De La Paz","sa3018333",0.0315,NA,NA,NA
"Jarlin Garcia","18282",0.0491,NA,NA,NA
"Jarlin Susana","sa3018808",0.0502,NA,NA,NA
"Jarod Bayless","sa3010236",0.522,NA,NA,NA
"Jarod Wright","sa3015109",0.0435,NA,NA,NA
"Jarol Baez","sa3022010",0.0348,NA,NA,NA
"Jarold Rosado","sa3016502",0.0398,NA,NA,NA
"Jarret Whorff","sa3020905",1.52315,NA,NA,NA
"Jarrod Cande","sa3017813",2.01945,NA,NA,NA
"Jason Adam","11861",3.84729294117647,2.162,"REZ1",1.77950644827774
"Jason Alexander","19666",2.52665,NA,NA,NA
"Jason Bahr","sa3004744",0.0467,NA,NA,NA
"Jason Bilous","sa875998",0.0464,NA,NA,NA
"Jason Blanchard","sa3010313",1.02445,NA,NA,NA
"Jason Bonilla","sa3009723",0.0309,NA,NA,NA
"Jason Creasy","sa598099",0.047,NA,NA,NA
"Jason Foley","19531",3.22260823529412,2.618,"REZ1",1.23094279422999
"Jason Franks","sa3019912",0.0418,NA,NA,NA
"Jason Ruffcorn","sa3017193",0.0447,NA,NA,NA
"Jason Savacool","sa3022856",0.0425,NA,NA,NA
"Jasseel De La Cruz","sa879559",0.0471,NA,NA,NA
"Javi Rivera","sa3018184",0.0433,NA,NA,NA
"Javier Assad","21741",6.35456235294118,6.573,"REZ1",0.966767435408668
"Javier Atencio","sa3009602",0.0394,NA,NA,NA
"Javier Bartolozzi","sa3021568",0.0343,NA,NA,NA
"Javier Chacon","sa3015312",0.0419,NA,NA,NA
"Javier Fuenmayor","sa3015965",0.0368,NA,NA,NA
"Javier Gonzalez","sa3022135",0.0325,NA,NA,NA
"Javier Ramos","sa3020467",0.0403,NA,NA,NA
"Javy Guerra","17292",0.4645,1.508,"REZ1",0.308023872679045
"Jawilme Ramirez","sa3016204",0.0455,NA,NA,NA
"Jaxon Wiggins","sa3023635",0.0478,NA,NA,NA
"Jay Driver","sa3023044",0.0417,NA,NA,NA
"Jay Groome","sa917925",2.52565,NA,NA,NA
"Jay Jackson","7432",1.11831647058824,1.364,"REZ1",0.819880110401932
"Jaycob Deese","sa3020376",1.0214,NA,NA,NA
"Jayden Murray","sa1170405",0.0524,NA,NA,NA
"Jaydenn Estanista","sa3016230",0.0421,NA,NA,NA
"Jaylen Nowlin","sa3017978",2.0244,NA,NA,NA
"Jayson Schroeder","sa3008356",0.0369,NA,NA,NA
"Jayvien Sandridge","sa3007621",1.52415,NA,NA,NA
"Jean Cabrera","sa3015433",2.5271,NA,NA,NA
"Jean Calderon","sa3017731",0.0392,NA,NA,NA
"Jean Carlos Reyes","sa3016508",0.0359,NA,NA,NA
"Jean Correa","sa3008477",0.0415,NA,NA,NA
"Jean Herrera","sa3015422",0.037,NA,NA,NA
"Jean Munoz","sa3016594",0.0387,NA,NA,NA
"Jean Pinto","sa3011803",0.0542,NA,NA,NA
"Jean Reyes","sa3017136",0.0367,NA,NA,NA
"Jecsua Liborius","sa3021742",0.0357,NA,NA,NA
"Jedixson Paez","sa3016264",0.0503,NA,NA,NA
"Jeferson Figueroa","sa3016811",0.0417,NA,NA,NA
"Jeferson Lopez","sa3019613",0.0359,NA,NA,NA
"Jeff Bain","sa829808",0.0478,NA,NA,NA
"Jeff Belge","sa3011231",1.02405,NA,NA,NA
"Jeff Brigham","16631",1.01764209411765,1.798,"REZ1",0.565985591834064
"Jeff Criswell","27608",1.90675454545455,2.957,"REZ1",0.644827374181449
"Jeff Hakanson","sa3017846",0.0427,NA,NA,NA
"Jeff Hoffman","17432",3.41312117647059,3.152,"REZ1",1.08284301283965
"Jeff Lindgren","25830",1.68225,2.482,"REZ1",0.677780016116035
"Jeff Singer","sa919323",0.0474,NA,NA,NA
"Jefferson Jean","sa3019772",0.0361,NA,NA,NA
"Jefferson Lopez","sa3010375",0.0405,NA,NA,NA
"Jefferson Moran","sa3022194",0.0316,NA,NA,NA
"Jeffrey Colon","sa3006421",0.52365,NA,NA,NA
"Jeffrey Familia","sa3021564",0.0365,NA,NA,NA
"Jeffrey German","sa3018324",0.032,NA,NA,NA
"Jeffrey Passantino","sa915726",0.0475,NA,NA,NA
"Jeffrey Springs","17677",6.51526588235294,2.327,"REZ1",2.7998564169974
"Jefrem Leon","sa3016019",0.0415,NA,NA,NA
"Jefry Rodriguez","17018",0.0467,NA,NA,NA
"Jefry Yan","sa828460",0.542820333333333,NA,NA,NA
"Jeiki Beltran","sa3022344",0.0322,NA,NA,NA
"Jeison Calvo","sa3022120",0.0297,NA,NA,NA
"Jeison Pena","sa3015403",0.0401,NA,NA,NA
"Jeison Sanchez","sa3019757",0.0296,NA,NA,NA
"Jeisson Cabrera","sa3006501",0.524,NA,NA,NA
"Jemir Leal","sa3016202",0.0339,NA,NA,NA
"Jenrry Gonzalez","sa3006485",0.0437,NA,NA,NA
"Jensen Elliott","sa3010775",0.0471,NA,NA,NA
"Jerad Eickhoff","12664",0.0466,NA,NA,NA
"Jeral Vizcaino","sa3018866",0.0414,NA,NA,NA
"Jeremiah Burke","sa3010143",0.0422,NA,NA,NA
"Jeremiah Estrada","22210",3.97492705882353,4.592,"REZ1",0.865620004099201
"Jeremy Beasley","20205",0.049,NA,NA,NA
"Jeremy Gonzalez","sa3019086",0.0333,NA,NA,NA
"Jeremy Lee","sa3023227",0.0428,NA,NA,NA
"Jeremy Martinez","sa3021743",0.0308,NA,NA,NA
"Jeremy Molero","sa3006110",0.0457,NA,NA,NA
"Jeremy Peguero","sa3015429",0.0428,NA,NA,NA
"Jeremy Pilon","sa3023614",0.0391,NA,NA,NA
"Jeremy Reyes","sa3021018",0.0421,NA,NA,NA
"Jeremy Walker","19981",0.0479,NA,NA,NA
"Jeremy WuYelland","sa3014520",0.0427,NA,NA,NA
"Jermayne Verdu","sa3024269",0.0332,NA,NA,NA
"Jerming Rosario","sa3008678",2.525,NA,NA,NA
"Jerson Alejandro","sa3021533",0.0313,NA,NA,NA
"Jerson Ramirez","sa3006541",0.0454,NA,NA,NA
"Jervis Alfaro","sa3022113",0.039,NA,NA,NA
"Jesael Cabrera","sa3018300",0.0314,NA,NA,NA
"Jesse Bergin","sa3017133",0.0414,NA,NA,NA
"Jesse Biddle","11437",0.0478,NA,NA,NA
"Jesse Chavez","5448",1.57740352941176,2.192,"REZ1",0.719618398454272
"Jesse Hahn","13287",1.024,NA,NA,NA
"Jesse Scholtens","19205",1.28245447272727,2.469,"REZ1",0.519422629699179
"Jesse Wainscott","sa3023415",0.0387,NA,NA,NA
"Jesus  Palacios","sa3018860",0.0356,NA,NA,NA
"Jesus A Rodriguez","sa3016281",0.0376,NA,NA,NA
"Jesus Broca","sa3022905",0.0413,NA,NA,NA
"Jesus Carrera","sa3022377",0.0348,NA,NA,NA
"Jesus Clode","sa3015491",0.0367,NA,NA,NA
"Jesus Colina","sa3019776",0.0312,NA,NA,NA
"Jesus Cruz","20042",0.0499,NA,NA,NA
"Jesus Cruz","sa3008699",0.0401,NA,NA,NA
"Jesus Flores","sa3021519",0.0392,NA,NA,NA
"Jesus Garcia","sa3022018",0.033,NA,NA,NA
"Jesus Gonzalez","sa3006069",0.0473,NA,NA,NA
"Jesus Linarez","sa832333",0.0417,NA,NA,NA
"Jesus Liranzo","sa658076",1.52385,NA,NA,NA
"Jesus Lopez","sa3021485",0.0316,NA,NA,NA
"Jesus Lopez","sa3021529",0.0364,NA,NA,NA
"Jesus Luna","sa3015925",0.0446,NA,NA,NA
"Jesus Luzardo","19959",8.24191411764706,6.206,"REZ1",1.32805577145457
"Jesus Mendez","sa3019295",0.0366,NA,NA,NA
"Jesus Poline","sa3021032",0.0359,NA,NA,NA
"Jesus Rios","sa3021471",0.0398,NA,NA,NA
"Jesus Rivero","sa3017012",0.0372,NA,NA,NA
"Jesus Silverio","sa3016467",0.0356,NA,NA,NA
"Jesus Tillero","sa3021010",0.0319,NA,NA,NA
"Jesus Tinoco","16300",2.87471058823529,4.37,"REZ1",0.65782850989366
"Jesus Valdez","sa3015474",0.0375,NA,NA,NA
"Jesus Valles","sa3005866",0.0367,NA,NA,NA
"Jesus Vargas","sa877526",0.0542,NA,NA,NA
"Jeter Martinez","sa3021738",0.0333,NA,NA,NA
"Jeurys Familia","5114",0.9675,3.267,"REZ1",0.296143250688705
"Jeyson Mejia","sa3022170",0.0358,NA,NA,NA
"Jhan Marinez","5830",0.044,NA,NA,NA
"Jhan Zambrano","sa3009472",0.0401,NA,NA,NA
"Jhancarlos Lara","sa3019367",1.52765,NA,NA,NA
"Jharel Cotton","13654",0.046,NA,NA,NA
"Jharold Clemente","sa3022327",0.0331,NA,NA,NA
"Jhemiangel Tovar","sa3022329",0.0366,NA,NA,NA
"Jheremy Vicente","sa3016527",0.0307,NA,NA,NA
"Jhoan Duran","21029",5.3181,3.148,"REZ1",1.6893583227446
"Jhoan Lorenzo","sa3021799",0.0346,NA,NA,NA
"Jholbran Herder","sa3019272",0.0325,NA,NA,NA
"Jhomber Jimenez","sa3021782",0.0324,NA,NA,NA
"Jhon Cabral","sa3019299",0.032,NA,NA,NA
"Jhon Medina","sa3022121",0.0348,NA,NA,NA
"Jhon Nunez","sa3021734",0.0309,NA,NA,NA
"Jhon Romero","19940",0.048,NA,NA,NA
"Jhonatan Munoz","sa916947",0.0414,NA,NA,NA
"Jhonathan Diaz","20298",1.10263623529412,2.034,"REZ1",0.54210237723408
"Jhoniel Serrano","sa3016710",0.035,NA,NA,NA
"Jhonly Taveras","sa3018847",0.0283,NA,NA,NA
"Jhonny Felix","sa3017641",0.037,NA,NA,NA
"Jhonny Gomez","sa3016268",0.0334,NA,NA,NA
"Jhonny Jimenez","sa3016506",0.0358,NA,NA,NA
"Jhonny Martinez","sa3018844",0.035,NA,NA,NA
"Jhony Brito","25386",2.86091058823529,2.038,"REZ1",1.40378340934018
"Jhosep Chirinos","sa3019144",0.0388,NA,NA,NA
"Jhosmer Alvarez","sa3005437",1.52335,NA,NA,NA
"Jhoulys Chacin","2608",0.0453,NA,NA,NA
"Jilber Canas","sa3018806",0.0356,NA,NA,NA
"Jimmie Sherfy","15118",0.0482,NA,NA,NA
"Jimmy Burnette","sa3017367",1.0239,NA,NA,NA
"Jimmy Cordero","15690",0.672071428571429,2.22,"REZ1",0.302734877734878
"Jimmy Endersby","sa3014921",1.5227,NA,NA,NA
"Jimmy Herget","17556",2.44701235294118,3.148,"REZ1",0.777322856715748
"Jimmy Joyce","sa3016914",2.0255,NA,NA,NA
"Jimmy Kingsbury","sa3016838",0.0457,NA,NA,NA
"Jimmy Lambert","19541",0.741494181818182,0.9,"REZ1",0.823882424242424
"Jimmy Lewis","sa3014533",0.0414,NA,NA,NA
"Jimmy Loper","sa3020838",0.0427,NA,NA,NA
"Jimmy Nelson","10547",0.0475,NA,NA,NA
"Jimmy Reyes","sa3022277",0.0311,NA,NA,NA
"Jimmy Robbins","sa3011145",1.52335,NA,NA,NA
"Jimmy Yacabonis","15157",1.76614285714286,6.058,"REZ1",0.291538933169834
"Jiorgeny Casimiri","sa3011736",0.0398,NA,NA,NA
"JoJo Romero","19574",3.67396352941176,2.195,"REZ1",1.67378748492563
"Joakim Soria","6941",0.0464,NA,NA,NA
"Joan Adon","22925",1.41050309090909,1.934,"REZ1",0.729319074927141
"Joan Gonzalez","sa3022860",0.0423,NA,NA,NA
"Joan Martinez","sa917483",0.0457,NA,NA,NA
"Joan Ogando","sa3022325",0.0395,NA,NA,NA
"Joan Valdez","sa3003013",0.0414,NA,NA,NA
"Joander Suarez","sa3008263",3.52935,NA,NA,NA
"Joangel Gonzalez","sa3022242",0.0353,NA,NA,NA
"Joaquin Tejada","sa3016207",0.0375,NA,NA,NA
"Joe Adametz","sa3022323",0.0497,NA,NA,NA
"Joe Barlow","22296",0.63225,1.18,"REZ1",0.535805084745763
"Joe Biagini","13194",0.0464,NA,NA,NA
"Joe Boyle","29608",2.96991529411765,3.264,"REZ1",0.909900519031142
"Joe Corbett","sa3010237",0.0473,NA,NA,NA
"Joe DeMers","sa3008597",0.0409,NA,NA,NA
"Joe Elbis","sa3015216",3.0242,NA,NA,NA
"Joe Gatto","sa828693",0.0478,NA,NA,NA
"Joe Gunkel","sa738176",1.02555,NA,NA,NA
"Joe Harvey","16459",0.0472,NA,NA,NA
"Joe Jacques","25178",0.840836470588235,1.914,"REZ1",0.439308500829799
"Joe Jimenez","15761",1.62049317647059,3.241,"REZ1",0.499997894622212
"Joe Joe Rodriguez","sa3020108",0.0422,NA,NA,NA
"Joe Jones","sa3014870",0.0476,NA,NA,NA
"Joe Kelly","9761",2.27218352941176,4.157,"REZ1",0.546592140825539
"Joe Kemlage","sa3017825",0.0436,NA,NA,NA
"Joe La Sorsa","25481",1.18405309090909,1.911,"REZ1",0.619598687027259
"Joe Mantiply","14857",3.36795411764706,2.464,"REZ1",1.36686449579832
"Joe Miller","sa3020393",0.0454,NA,NA,NA
"Joe Musgrove","12970",4.34679166666667,8.421,"REZ1",0.51618473657127
"Joe Nahas","sa3011679",1.5233,NA,NA,NA
"Joe Navilhon","sa918459",0.0474,NA,NA,NA
"Joe Record","sa3008619",1.0248,NA,NA,NA
"Joe Rock","sa3017755",2.086215,NA,NA,NA
"Joe Ross","12972",3.28810588235294,4.891,"REZ1",0.672276810949282
"Joe Ryan","21390",9.80317764705882,8.665,"REZ1",1.13135345032416
"Joe Smith","3281",0.0456,NA,NA,NA
"Joe Whitman","sa3023131",0.0482,NA,NA,NA
"Joe Wieland","6109",0.0462,NA,NA,NA
"Joe Zanghi","sa875398",0.0475,NA,NA,NA
"Joel Benitez","sa3008733",0.0397,NA,NA,NA
"Joel Canizalez","sa3021553",0.0374,NA,NA,NA
"Joel Condreay","sa3008102",0.0423,NA,NA,NA
"Joel Diaz","sa3015500",0.0436,NA,NA,NA
"Joel Garcia","sa3021999",0.0285,NA,NA,NA
"Joel Heredia","sa3021739",0.0326,NA,NA,NA
"Joel Hurtado","sa3019774",0.0431,NA,NA,NA
"Joel Ibarra","sa3009326",0.042,NA,NA,NA
"Joel Kuhnel","19995",1.17465909090909,1.817,"REZ1",0.646482713763947
"Joel Payamps","14332",3.9314,2.756,"REZ1",1.42648766328012
"Joel Peguero","sa917689",1.0232,NA,NA,NA
"Joel Valdez","sa3011397",0.0435,NA,NA,NA
"Joelvis Del Rosario","sa3008486",0.0496,NA,NA,NA
"Joelvis Perez","sa3021511",0.0265,NA,NA,NA
"Joely Rodriguez","11487",1.64655764705882,1.49,"REZ1",1.1050722463482
"Joey Cantillo","23335",4.39606470588235,2.106,"REZ1",2.08740014524328
"Joey Estes","26257",5.36227764705882,4.742,"REZ1",1.13080507107947
"Joey Gerber","24591",0.97326,NA,NA,NA
"Joey Krehbiel","13707",1.30120833333333,0.193,"REZ1",6.74201208981002
"Joey Lancellotti","sa3019879",0.0446,NA,NA,NA
"Joey Lucchesi","19320",1.21189564705882,2.516,"REZ1",0.481675535396989
"Joey Mancini","sa3020858",2.5247,NA,NA,NA
"Joey Marciano","sa3004637",0.049,NA,NA,NA
"Joey Matulovich","sa3008274",0.0409,NA,NA,NA
"Joey Murray","sa3007234",0.0471,NA,NA,NA
"Joey Stock","sa3015309",0.0428,NA,NA,NA
"Joey Walsh","sa3017194",0.0388,NA,NA,NA
"Joey Wentz","19962",2.91170705882353,3.332,"REZ1",0.873861662311984
"Jogly Garcia","sa3017898",0.0361,NA,NA,NA
"Jogly Garcia","sa3019633",0.0372,NA,NA,NA
"Johan Dominguez","sa916727",2.0245,NA,NA,NA
"Johan Minaya","sa3022041",0.0306,NA,NA,NA
"Johan Montero","sa3009488",0.0405,NA,NA,NA
"Johan Moreno","sa3020999",0.0395,NA,NA,NA
"Johan Otanez","sa3009782",0.0387,NA,NA,NA
"Johan Oviedo","22487",3.75981529411765,2.701,"REZ1",1.39200862425681
"Johan Palacios","sa3019193",0.0357,NA,NA,NA
"Johan Quezada","20643",0.0442,NA,NA,NA
"Johan Rodriguez","sa3021807",0.0331,NA,NA,NA
"Johan Simon","sa3015481",0.037,NA,NA,NA
"Johander Rubio","sa3022027",0.0264,NA,NA,NA
"Johandry Fuente","sa3018868",0.0359,NA,NA,NA
"Johandry Milano","sa3019061",0.0377,NA,NA,NA
"John Beller","sa3014972",0.0465,NA,NA,NA
"John Brebbia","12777",2.65870941176471,1.891,"REZ1",1.40598065138271
"John Creel","sa3018137",0.0457,NA,NA,NA
"John Curtiss","16128",1.45976164705882,3.615,"REZ1",0.403806817996908
"John Doxakis","sa1115967",1.52255,NA,NA,NA
"John Gant","13684",0.0489,NA,NA,NA
"John Gavin","sa829790",0.0485,NA,NA,NA
"John King","22051",2.84648470588235,1.516,"REZ1",1.87762843395934
"John Klein","sa3020405",0.0426,NA,NA,NA
"John Lynch","sa3020809",0.04,NA,NA,NA
"John Matthews","sa3010311",1.02195,NA,NA,NA
"John McMillon","27942",1.83521333333333,1.286,"REZ1",1.42707102125454
"John Means","16269",2.19563818181818,3.083,"REZ1",0.712175861763925
"John Michael Bertrand","sa3020082",3.5274,NA,NA,NA
"John Murphy","sa3020733",0.0439,NA,NA,NA
"John O'Reilly","sa3008134",1.02465,NA,NA,NA
"John Parke","sa3003988",0.0543,NA,NA,NA
"John Rooney","sa3008417",1.40554,NA,NA,NA
"John Russell","sa3004771",0.0481,NA,NA,NA
"John Schreiber","20020",3.39700705882353,3.625,"REZ1",0.937105395537525
"John Sosa","sa3019140",0.0357,NA,NA,NA
"John Stankiewicz","sa3016001",1.52275,NA,NA,NA
"John Swanda","sa3004944",0.0497,NA,NA,NA
"John Wilson","sa3015116",0.0423,NA,NA,NA
"Johnathan Harmon","sa3020452",0.0438,NA,NA,NA
"Johnathan Lavallee","sa3017993",1.023,NA,NA,NA
"Johnathan Rogers","sa3023182",0.0279,NA,NA,NA
"Johnny Cueto","6893",1.411125,0.838,"REZ1",1.6839200477327
"Johnny Ray","sa3017273",0.0417,NA,NA,NA
"Johzan Oquendo","sa3015148",0.0431,NA,NA,NA
"Jojanse Torres","sa3006955",0.0438,NA,NA,NA
"Jojo Ingrassia","sa3023475",0.048,NA,NA,NA
"Jol Concepcion","sa3002947",0.0455,NA,NA,NA
"Joldanny Genao","sa3011466",0.0356,NA,NA,NA
"Joldelanio De Los Santos","sa3018804",0.0356,NA,NA,NA
"Jon Duplantier","19546",1.5248,NA,NA,NA
"Jon Gray","14916",6.51230941176471,4.373,"REZ1",1.48920864664183
"Jon Lester","4930",0.0467,NA,NA,NA
"Jon Olczak","sa875297",0.0479,NA,NA,NA
"Jon Olsen","sa3015032",0.045,NA,NA,NA
"Jonah Dipoto","sa3010776",0.5231,NA,NA,NA
"Jonah Hurney","sa3023417",0.0419,NA,NA,NA
"Jonah Scolaro","sa3019817",0.0477,NA,NA,NA
"Jonah Tong","sa3022324",2.5304,NA,NA,NA
"Jonaiker Castellar","sa3019755",0.0313,NA,NA,NA
"Jonalbert Rumbol","sa3023619",0.0397,NA,NA,NA
"Jonas Uzcategui","sa3019281",0.0358,NA,NA,NA
"Jonatan Bernal","sa3009271",0.043,NA,NA,NA
"Jonathan Aro","14699",0.0467,NA,NA,NA
"Jonathan Batista","sa3019489",0.0321,NA,NA,NA
"Jonathan Bermudez","21241",1.870625,1.105,"REZ1",1.69287330316742
"Jonathan Bowlan","24607",2.70506376470588,3.675,"REZ1",0.736071772709084
"Jonathan Brand","sa3020567",1.02255,NA,NA,NA
"Jonathan Cannon","31730",6.5457,4.719,"REZ1",1.38709472345836
"Jonathan Edwards","sa3017811",0.0391,NA,NA,NA
"Jonathan Heasley","22224",1.20170769230769,0.774,"REZ1",1.5525939177102
"Jonathan Hennigan","sa918447",0.0481,NA,NA,NA
"Jonathan Hernandez","17464",1.43855811764706,2.209,"REZ1",0.651225947327777
"Jonathan Holder","16588",0.0467,NA,NA,NA
"Jonathan Hughes","sa3014908",1.02355,NA,NA,NA
"Jonathan Jimenez","sa3022343",0.031,NA,NA,NA
"Jonathan Loaisiga","19753",3.27064470588235,3.352,"REZ1",0.975729327530535
"Jonathan Petit","sa3016842",0.0411,NA,NA,NA
"Jonathan Pintaro","sa3024197",1.11012,NA,NA,NA
"Jonathan Russell","sa3022152",0.0308,NA,NA,NA
"Jonathan Salazar","sa3016518",0.0317,NA,NA,NA
"Jonathan Sprinkle","sa3014792",0.0454,NA,NA,NA
"Jonawel Valdez","sa3021755",0.0276,NA,NA,NA
"Joneiker Arellano","sa3018831",0.03,NA,NA,NA
"Jonh Henriquez","sa3019819",0.0411,NA,NA,NA
"Jonney Rosario","sa3016616",0.0413,NA,NA,NA
"Jonny Cuevas","sa3017931",1.52155,NA,NA,NA
"Jordan Balazovic","21866",1.48740611764706,1.66,"REZ1",0.896027781715096
"Jordan Brink","sa829003",0.0462,NA,NA,NA
"Jordan Carr","sa3017769",0.0496,NA,NA,NA
"Jordan DiValerio","sa3014865",0.0423,NA,NA,NA
"Jordan Fowler","sa3017777",0.0463,NA,NA,NA
"Jordan Geber","sa3019958",2.52585,NA,NA,NA
"Jordan Gore","sa3004127",0.0453,NA,NA,NA
"Jordan Hicks","19618",6.35714117647059,5.107,"REZ1",1.24478973496585
"Jordan Holloway","20631",0.5226,NA,NA,NA
"Jordan Jackson","sa3018172",0.0446,NA,NA,NA
"Jordan Jones","sa3009984",1.0219,NA,NA,NA
"Jordan Leasure","29950",2.45141411764706,2.814,"REZ1",0.871149295539111
"Jordan Lyles","7593",3.11916666666667,3.596,"REZ1",0.867398961809418
"Jordan Marks","sa3018192",0.0428,NA,NA,NA
"Jordan Mikel","sa3015094",1.0212,NA,NA,NA
"Jordan Montgomery","16511",6.20841294117647,6.155,"REZ1",1.00867797582071
"Jordan Powell","sa3023534",0.0387,NA,NA,NA
"Jordan Romano","16122",3.73721882352941,2.906,"REZ1",1.28603538318287
"Jordan Sheffield","19682",0.0446,NA,NA,NA
"Jordan Valenzuela","sa3021820",0.0329,NA,NA,NA
"Jordan Weems","13190",1.16534363636364,1.37,"REZ1",0.850615792966158
"Jordan Wicks","30094",3.04818705882353,3.953,"REZ1",0.771107275189357
"Jordan Yamamoto","17585",0.0467,NA,NA,NA
"Jordano Perez","sa3008690",0.042,NA,NA,NA
"Jordany Chirinos","sa3022219",0.0307,NA,NA,NA
"Jordany Ventura","sa3008542",1.52385,NA,NA,NA
"Jordarlin Mendoza","sa3017321",0.036,NA,NA,NA
"Jordi Infante","sa3021482",0.0353,NA,NA,NA
"Jordi Martinez","sa3006141",1.02395,NA,NA,NA
"Jordy Arias","sa3019177",0.0301,NA,NA,NA
"Jordy Luciano","sa3019179",0.0398,NA,NA,NA
"Jordy Vargas","sa3016052",0.0315,NA,NA,NA
"Jorge Alcala","19459",2.77538823529412,1.939,"REZ1",1.43135030185359
"Jorge Bautista","sa3008406",0.0473,NA,NA,NA
"Jorge Benitez","sa3004462",1.02415,NA,NA,NA
"Jorge De Leon","sa3016059",0.0437,NA,NA,NA
"Jorge Garcia","sa3009229",0.0404,NA,NA,NA
"Jorge Geraldo","sa3017692",0.0332,NA,NA,NA
"Jorge Gonzalez","sa3009504",0.042,NA,NA,NA
"Jorge Guerra","sa3019578",0.0352,NA,NA,NA
"Jorge Guzman","17505",0.046,NA,NA,NA
"Jorge Herrera","sa3022339",0.0317,NA,NA,NA
"Jorge Juan","sa3005826",1.02395,NA,NA,NA
"Jorge Lopez","14527",2.86823058823529,3.032,"REZ1",0.945986341766258
"Jorge Luna","sa3021797",0.0313,NA,NA,NA
"Jorge Marcheco","sa3018025",0.0409,NA,NA,NA
"Jorge Martinez","sa3016472",0.0381,NA,NA,NA
"Jorge Mercedes","sa3019110",0.045,NA,NA,NA
"Jorge Minyety","sa3021752",0.0433,NA,NA,NA
"Jorge Ramos","sa3009524",0.0418,NA,NA,NA
"Jorge Rodriguez","sa3016459",0.0429,NA,NA,NA
"Jorger Petri","sa3018855",0.0349,NA,NA,NA
"Jormy Nivar","sa3022022",0.0346,NA,NA,NA
"Josan Mendez","sa3006122",0.0459,NA,NA,NA
"Josbel Garcia","sa3019250",0.038,NA,NA,NA
"Jose  Ramirez","sa3015929",0.0334,NA,NA,NA
"Jose A Ferrer","24017",2.4687,1.694,"REZ1",1.4573199527745
"Jose Acuna","sa3015331",1.02255,NA,NA,NA
"Jose Adames","sa597194",0.0476,NA,NA,NA
"Jose Aguirre","sa3016057",0.0371,NA,NA,NA
"Jose Alcantara","sa3007819",0.0423,NA,NA,NA
"Jose Alvarado","17780",3.29948941176471,3.227,"REZ1",1.02246340618677
"Jose Alvarez","5358",0.0471,NA,NA,NA
"Jose Atencio","sa3010304",0.0434,NA,NA,NA
"Jose Bello","sa3021530",0.0365,NA,NA,NA
"Jose Berrios","14168",11.5352470588235,11.142,"REZ1",1.03529411764706
"Jose Betances","sa3004867",0.0446,NA,NA,NA
"Jose Bravo","sa923839",0.0463,NA,NA,NA
"Jose Butto","23313",3.55854352941176,4.434,"REZ1",0.802558306137069
"Jose Cabrera","sa3018042",0.0466,NA,NA,NA
"Jose Castillo","17169",1.0257,NA,NA,NA
"Jose Chacin","sa917323",0.0495,NA,NA,NA
"Jose Chavez","sa3016815",0.0401,NA,NA,NA
"Jose Chavez","sa3018292",0.0311,NA,NA,NA
"Jose Chirinos","sa3018859",0.0443,NA,NA,NA
"Jose Cisnero","6399",1.06006141176471,1.293,"REZ1",0.819846412811064
"Jose Corniell","sa3015213",0.0453,NA,NA,NA
"Jose Cruz","sa3006383",0.0454,NA,NA,NA
"Jose Cruz","sa3024843",1,NA,NA,NA
"Jose Cuas","17701",0.720799058823529,1.287,"REZ1",0.560061428767311
"Jose Davila","sa3015092",0.0438,NA,NA,NA
"Jose De La Rosa","sa3024590",0.0268,NA,NA,NA
"Jose De Leon","15463",0.968642857142857,3.263,"REZ1",0.296856529924259
"Jose Diaz","sa3005709",0.0399,NA,NA,NA
"Jose Dicochea","sa3011497",0.0394,NA,NA,NA
"Jose E Hernandez","22318",0.944530133333333,2.567,"REZ1",0.36795096740683
"Jose E Martinez","sa3002796",0.0442,NA,NA,NA
"Jose Espada","21131",1.14385714285714,3.879,"REZ1",0.294884543144404
"Jose Felipe Torres","sa3018849",0.0337,NA,NA,NA
"Jose Feliz","sa3024069",0.0337,NA,NA,NA
"Jose Fermin","sa3023455",0.0466,NA,NA,NA
"Jose Fernandez","sa3018346",0.0368,NA,NA,NA
"Jose Fleury","sa3019255",1.52695,NA,NA,NA
"Jose Franco","sa3008714",0.0432,NA,NA,NA
"Jose Garces","sa3015490",0.0243,NA,NA,NA
"Jose Geraldo","sa3006070",0.047,NA,NA,NA
"Jose Geraldo","sa3016295",0.5197,NA,NA,NA
"Jose Gomez","sa3019253",0.0381,NA,NA,NA
"Jose Gonzalez","sa3009473",0.0371,NA,NA,NA
"Jose Gonzalez","sa3015415",0.0476,NA,NA,NA
"Jose Gonzalez","sa3016249",0.0336,NA,NA,NA
"Jose Guedez","sa3019682",0.0456,NA,NA,NA
"Jose Guevara","sa3023823",0.0325,NA,NA,NA
"Jose Jimenez","sa3011595",0.0407,NA,NA,NA
"Jose Leandro","sa3019651",0.0345,NA,NA,NA
"Jose Leclerc","14524",3.35667411764706,2.971,"REZ1",1.12981289722217
"Jose Linares","sa3019616",0.0368,NA,NA,NA
"Jose Lopez","22982",1.05142857142857,3.556,"REZ1",0.29567732604853
"Jose Luis Reyes","sa3015304",0.0431,NA,NA,NA
"Jose Marte","21761",1.12079166666667,1.605,"REZ1",0.69831256490135
"Jose Martinez","sa3022207",0.0341,NA,NA,NA
"Jose Mendoza","sa3018316",0.0365,NA,NA,NA
"Jose Meneses","sa3019158",0.0325,NA,NA,NA
"Jose Miguel Gonzalez","sa3003139",0.0403,NA,NA,NA
"Jose Montero","sa3018312",0.0414,NA,NA,NA
"Jose Montilla","sa3003102",0.0476,NA,NA,NA
"Jose Moreno","sa3003113",0.0388,NA,NA,NA
"Jose Mujica","17821",0.0413,NA,NA,NA
"Jose Ojeda","sa3019480",0.0347,NA,NA,NA
"Jose Olivares","sa3016267",0.037,NA,NA,NA
"Jose Pena Jr","sa3017821",0.0407,NA,NA,NA
"Jose Pinto","sa3021993",0.0292,NA,NA,NA
"Jose Quezada","sa3008375",0.0479,NA,NA,NA
"Jose Quijada","19200",2.79892941176471,3.193,"REZ1",0.876582966415505
"Jose Quintana","11423",7.21536705882353,5.359,"REZ1",1.34640176503518
"Jose Ramirez","sa3006702",0.0435,NA,NA,NA
"Jose Ramirez","sa3019479",0.0352,NA,NA,NA
"Jose Regalado","sa3022049",0.0354,NA,NA,NA
"Jose Rengel","sa3021790",0.0351,NA,NA,NA
"Jose Rodriguez","17860",0.602857142857143,1.991,"REZ1",0.302791131520413
"Jose Rodriguez","sa3015437",0.0511,NA,NA,NA
"Jose Rojas","sa3015486",0.0366,NA,NA,NA
"Jose Romero","sa3015483",0.0422,NA,NA,NA
"Jose Romero","sa3021791",0.0347,NA,NA,NA
"Jose Ruiz","14552",2.35187411764706,1.382,"REZ1",1.7017902443177
"Jose Salvador","sa3006482",0.0463,NA,NA,NA
"Jose Santamaria","sa3008373",0.0423,NA,NA,NA
"Jose Serrano","sa3019597",0.031,NA,NA,NA
"Jose Silvestre","sa3023849",0.0289,NA,NA,NA
"Jose Soriano","22100",8.09478588235294,6.918,"REZ1",1.17010492661939
"Jose Suarez","19911",2.96498705882353,2.033,"REZ1",1.45842944359249
"Jose Ulloa","sa3010836",0.039,NA,NA,NA
"Jose Urbina","sa3022218",0.0354,NA,NA,NA
"Jose Urena","11589",1.01803317647059,0.384,"REZ1",2.65112806372549
"Jose Urquidy","18413",2.01879490909091,2.634,"REZ1",0.766436943466556
"Jose Varela","sa3021987",0.0324,NA,NA,NA
"Jose Vasquez","sa3022116",0.0317,NA,NA,NA
"Joseilyn Gonzalez","sa3018910",0.0415,NA,NA,NA
"Joseph Hernandez","sa3006385",0.0415,NA,NA,NA
"Joseph Herrera","sa3024471",0.0318,NA,NA,NA
"Joseph King","sa3020857",0.0447,NA,NA,NA
"Joseph Menefee","sa3020443",0.0434,NA,NA,NA
"Joseph Montalvo","sa3018802",0.0453,NA,NA,NA
"Joseph Yabbour","sa3021980",0.0364,NA,NA,NA
"Josh Bortka","sa3020596",0.0416,NA,NA,NA
"Josh Bostick","sa3022857",0.042,NA,NA,NA
"Josh Dye","sa3007485",0.05,NA,NA,NA
"Josh Ekness","sa3023204",0.665325,NA,NA,NA
"Josh Fleming","20418",1.97642818181818,3.695,"REZ1",0.534892606716693
"Josh Gessner","sa3011658",0.0404,NA,NA,NA
"Josh Green","sa3006701",1.5235,NA,NA,NA
"Josh Grosz","sa3023478",0.051,NA,NA,NA
"Josh Hader","14212",5.38943764705882,5.22,"REZ1",1.03245931935993
"Josh Hansell","sa3023158",0.04,NA,NA,NA
"Josh Harlow","sa3022914",0.0404,NA,NA,NA
"Josh Hejka","sa3011152",1.02285,NA,NA,NA
"Josh Hendrickson","sa3011196",0.0481,NA,NA,NA
"Josh James","16794",0.523,NA,NA,NA
"Josh Knoth","sa3023420",0.0414,NA,NA,NA
"Josh Lindblom","7882",0.0461,NA,NA,NA
"Josh Maciejewski","21310",1.76516666666667,0.469,"REZ1",3.7636815920398
"Josh Mollerus","sa3022666",0.0424,NA,NA,NA
"Josh Osich","11528",0.0482,NA,NA,NA
"Josh Roberson","sa3007721",1.02305,NA,NA,NA
"Josh Rogers","18510",1.92025,1.408,"REZ1",1.36381392045455
"Josh Sborz","18323",2.18374823529412,2.364,"REZ1",0.923751368567732
"Josh Simpson","sa1053035",1.87364833333333,NA,NA,NA
"Josh Smith","sa3009923",0.0467,NA,NA,NA
"Josh Staumont","18335",1.60663423529412,3.023,"REZ1",0.531470140686112
"Josh Stephan","sa3015286",2.02745,NA,NA,NA
"Josh Swales","sa3017753",0.0406,NA,NA,NA
"Josh Taylor","17359",0.519625,0.491,"REZ1",1.05829938900204
"Josh Timmerman","sa3023098",0.041,NA,NA,NA
"Josh Tomlin","9388",0.0444,NA,NA,NA
"Josh Trentadue","sa3023010",0.0443,NA,NA,NA
"Josh Walker","23617",1.81798105882353,1.647,"REZ1",1.10381363620129
"Josh White","sa3019953",0.0441,NA,NA,NA
"Josh Winckowski","22387",3.21415058823529,3.161,"REZ1",1.0168144853639
"Josh Winder","24606",1.78143563636364,3.64,"REZ1",0.489405394605395
"Josh Wolf","sa3011638",0.0423,NA,NA,NA
"Joshawn Lampson","sa3021512",0.0287,NA,NA,NA
"Joshua Cornielly","sa3005890",1.5245,NA,NA,NA
"Joshua Loeschorn","sa3020837",0.0426,NA,NA,NA
"Joshua Quezada","sa3021789",0.0331,NA,NA,NA
"Josiah Gray","24580",1.35787717647059,1.931,"REZ1",0.703198952082128
"Josias De Los Santos","sa3006508",0.0399,NA,NA,NA
"Josimar Cousin","sa3021579",0.52325,NA,NA,NA
"Josmar Acevedo","sa3019062",0.0293,NA,NA,NA
"Josnier Parra","sa3021488",0.0364,NA,NA,NA
"Jostin Florentino","sa3021510",0.0344,NA,NA,NA
"Josue Arias","sa3018350",0.0259,NA,NA,NA
"Josue Carmona","sa3017979",0.0367,NA,NA,NA
"Josue Panacual","sa3010568",0.0443,NA,NA,NA
"Jovani Moran","20422",-0.0385,-0.262,"REZ1",0.146946564885496
"Jovi Galvez","sa3018837",0.0339,NA,NA,NA
"Juan Abreu","sa3017200",0.0374,NA,NA,NA
"Juan Amarante","sa3019048",0.0434,NA,NA,NA
"Juan Archbold","sa3021543",0.0284,NA,NA,NA
"Juan Arnaud","sa3018294",0.0415,NA,NA,NA
"Juan Bello","sa3019615",0.044,NA,NA,NA
"Juan Burgos","sa3009272",0.0432,NA,NA,NA
"Juan Carela","sa3009237",2.02165,NA,NA,NA
"Juan Cota","sa3021984",0.0276,NA,NA,NA
"Juan Daniel Encarnacion","sa3008697",2.02455,NA,NA,NA
"Juan De La Cruz","sa3019171",0.0304,NA,NA,NA
"Juan De Los Santos","sa3010808",0.0435,NA,NA,NA
"Juan Duran","sa3022262",0.0369,NA,NA,NA
"Juan Henriquez","sa3022136",0.0361,NA,NA,NA
"Juan Hillman","sa874796",1.5253,NA,NA,NA
"Juan Manuel Abril","sa3002921",0.0384,NA,NA,NA
"Juan Martinez","sa3009219",0.0393,NA,NA,NA
"Juan Martinez","sa3016278",0.0376,NA,NA,NA
"Juan Mateo","sa3015279",0.0425,NA,NA,NA
"Juan Mejia","sa3002949",0.0493,NA,NA,NA
"Juan Mejia","sa3003159",1.38982,NA,NA,NA
"Juan Mendez","sa3015336",0.0415,NA,NA,NA
"Juan Mercedes","sa3002818",2.52555,NA,NA,NA
"Juan Mercedes","sa3019563",0.0414,NA,NA,NA
"Juan Minaya","10341",0.0459,NA,NA,NA
"Juan Morillo","sa917772",1.52375,NA,NA,NA
"Juan Nunez","sa3015464",0.29022,NA,NA,NA
"Juan Nunez","sa3019504",0.0396,NA,NA,NA
"Juan Nunez","sa828600",0.5224,NA,NA,NA
"Juan Oramas","sa3018853",0.0366,NA,NA,NA
"Juan Ortega","sa3019190",0.0347,NA,NA,NA
"Juan Ozuna","sa3019085",0.0365,NA,NA,NA
"Juan Pablo Lopez","sa3004647",0.046,NA,NA,NA
"Juan Pinto","sa3018295",0.0316,NA,NA,NA
"Juan Rasquin","sa3021781",0.03,NA,NA,NA
"Juan Reynoso","sa3017790",0.0365,NA,NA,NA
"Juan Rodriguez","sa3016615",0.039,NA,NA,NA
"Juan Rojas","sa3016285",0.0438,NA,NA,NA
"Juan Salas","sa3016216",0.044,NA,NA,NA
"Juan Sanchez","sa3005444",1.02375,NA,NA,NA
"Juan Sanchez","sa3018360",0.0416,NA,NA,NA
"Juan Severino","sa3016290",0.0338,NA,NA,NA
"Juan Soto","sa3016025",0.0366,NA,NA,NA
"Juan Then","22828",0.908791666666667,2.839,"REZ1",0.320109780439122
"Juan Valera","sa3021570",0.0387,NA,NA,NA
"Juan Zapata","sa3005452",1.52185,NA,NA,NA
"Juanmi Vasquez","sa3020344",0.0394,NA,NA,NA
"Juaron WattsBrown","sa3023352",0.0457,NA,NA,NA
"Julian Aguiar","30031",1.982,1.769,"REZ1",1.12040700960995
"Julian Bosnic","sa3020734",0.041,NA,NA,NA
"Julian Fernandez","18341",0.0496,NA,NA,NA
"Julian Garcia","sa918182",0.0466,NA,NA,NA
"Julian Merryweather","16703",2.38533882352941,1.766,"REZ1",1.35070148557724
"Julian Smith","sa3010129",0.0425,NA,NA,NA
"Julian Valdez","sa3010656",0.04,NA,NA,NA
"Julio  Marte","sa3021740",0.0422,NA,NA,NA
"Julio Bonilla","sa3011372",0.0387,NA,NA,NA
"Julio Dilone","sa3015085",0.0411,NA,NA,NA
"Julio Frias","sa873218",0.0413,NA,NA,NA
"Julio Goff","sa3009247",0.0396,NA,NA,NA
"Julio Mendez","sa3019580",0.0362,NA,NA,NA
"Julio Ortiz","sa3009615",0.0405,NA,NA,NA
"Julio Pinto","sa736965",0.0466,NA,NA,NA
"Julio Polanco","sa3024522",0.0289,NA,NA,NA
"Julio Ramirez","sa3019194",0.035,NA,NA,NA
"Julio Robaina","sa3006817",2.0257,NA,NA,NA
"Julio Rodriguez","sa3007992",1.0238,NA,NA,NA
"Julio Rosario","sa3021492",0.0402,NA,NA,NA
"Julio Teheran","6797",1.58166666666667,1.848,"REZ1",0.855880230880231
"Julio Urias","14765",1.6405,5.581,"REZ1",0.293943737681419
"Julio Zapata","sa3018364",0.0358,NA,NA,NA
"Junior Cerda","sa3016234",0.0419,NA,NA,NA
"Junior Fernandez","18496",0.0481,NA,NA,NA
"Junior Flores","sa3015479",0.0391,NA,NA,NA
"Junior Garcia","sa737032",0.0478,NA,NA,NA
"Junior Guerra","5702",0.0452,NA,NA,NA
"Junior Mieses","sa3005258",0.0405,NA,NA,NA
"Junior Montero","sa3008701",0.0396,NA,NA,NA
"Junior Pina","sa3016911",0.035,NA,NA,NA
"Junior Sanchez","sa3022009",0.037,NA,NA,NA
"Junior Santos","sa3005470",1.5223,NA,NA,NA
"Junior William","sa3016072",0.04,NA,NA,NA
"Justin Anderson","16201",2.58455529411765,3.469,"REZ1",0.7450433249114
"Justin Armbruester","sa3017548",2.52405,NA,NA,NA
"Justin Bruihl","23779",1.185625,1.994,"REZ1",0.5945962888666
"Justin Bullock","sa3005213",0.0464,NA,NA,NA
"Justin Caceres","sa3018838",0.0355,NA,NA,NA
"Justin Courtney","sa3015069",0.0488,NA,NA,NA
"Justin Dillon","sa659283",0.0488,NA,NA,NA
"Justin Dunn","19268",0.0378,NA,NA,NA
"Justin Evans","sa3014795",0.0459,NA,NA,NA
"Justin Fall","sa3017540",0.0432,NA,NA,NA
"Justin Garza","19784",0.755416666666667,-0.585,"REZ1",-1.29131054131054
"Justin Grimm","11720",0.046,NA,NA,NA
"Justin Hagenman","sa3008022",1.26710614285714,NA,NA,NA
"Justin Jarvis","sa3007775",3.02565,NA,NA,NA
"Justin Kelly","sa3017072",1.0229,NA,NA,NA
"Justin King","sa3018278",1.21884,NA,NA,NA
"Justin Lange","sa3014517",0.0451,NA,NA,NA
"Justin Lasko","sa1052944",0.0474,NA,NA,NA
"Justin Lawrence","17639",3.08408705882353,1.824,"REZ1",1.69083720330237
"Justin Lawson","sa3023504",0.0492,NA,NA,NA
"Justin Lewis","sa3008577",0.0458,NA,NA,NA
"Justin Maese","sa875002",0.0476,NA,NA,NA
"Justin Martinez","24453",4.69596117647059,6.489,"REZ1",0.72368025527363
"Justin Meis","sa3017207",1.02145,NA,NA,NA
"Justin Militello","sa3023568",0.0321,NA,NA,NA
"Justin Miller","8580",0.0454,NA,NA,NA
"Justin Nicolino","11754",0.0472,NA,NA,NA
"Justin Sanchez","sa3022416",0.0406,NA,NA,NA
"Justin Showalter","sa3025114",0.0403,NA,NA,NA
"Justin Slaten","25648",3.62011529411765,3.144,"REZ1",1.15143616225116
"Justin Steele","17312",10.2434235294118,9.731,"REZ1",1.05265887672508
"Justin Sterner","27694",2.38176352941176,3.496,"REZ1",0.681282474088033
"Justin Storm","sa3022797",0.0453,NA,NA,NA
"Justin Topa","15145",3.09803176470588,4.481,"REZ1",0.691370623679063
"Justin Verlander","8700",7.72461529411765,7.323,"REZ1",1.05484300069885
"Justin Wilson","4301",3.02401529411765,5.157,"REZ1",0.586390400255506
"Justin Wilson","sa3008166",0.048,NA,NA,NA
"Justin Wrobleski","31204",2.57589647058824,4.113,"REZ1",0.626281660731397
"Justin Yeager","sa3010825",1.5233,NA,NA,NA
"Justus Sheffield","17285",1.5249,NA,NA,NA
"KC Hunt","sa3022937",3.02775,NA,NA,NA
"Kade McClure","sa915622",1.5223,NA,NA,NA
"Kade Mechals","sa3020322",0.0422,NA,NA,NA
"Kade Morris","sa3023206",3.0249,NA,NA,NA
"Kade Strowd","sa3011418",1.582355,NA,NA,NA
"Kai Peterson","sa3023453",0.0446,NA,NA,NA
"Kai Wynyard","sa3015311",0.0441,NA,NA,NA
"KaiWei Lin","sa919537",0.0477,NA,NA,NA
"KaiWei Teng","24282",1.07173763636364,0.479,"REZ1",2.23744809261719
"Kaleb Bowman","sa3020745",1.5233,NA,NA,NA
"Kaleb Ort","20061",2.59319176470588,2.291,"REZ1",1.13190386936093
"Kaleb Roper","sa3010110",0.0506,NA,NA,NA
"Kamdyn Perry","sa3023663",0.038,NA,NA,NA
"Kamron Fields","sa3017919",0.0379,NA,NA,NA
"Kannon Handy","sa3023178",0.034,NA,NA,NA
"Karan Patel","sa1169765",0.047,NA,NA,NA
"Karl Kauffmann","27488",2.56791666666667,2.812,"REZ1",0.91319938359412
"Karlo Seijas","sa3006369",0.0386,NA,NA,NA
"Karlos Morales","sa3005285",0.0436,NA,NA,NA
"Karson Milbrandt","sa3020659",0.0351,NA,NA,NA
"Kasey Ford","sa3017099",1.0223,NA,NA,NA
"Kasey Kalich","sa1169633",0.0451,NA,NA,NA
"Kazuhisa Makita","19757",0.0465,NA,NA,NA
"Keagan Gillies","sa3017686",1.02355,NA,NA,NA
"Keaton Winn","23499",2.60029294117647,4.455,"REZ1",0.583679672542418
"Keegan Akin","19362",3.33018588235294,3.322,"REZ1",1.00246414279137
"Keegan Collett","sa3011192",0.042,NA,NA,NA
"Keegan Curtis","sa3007833",0.0464,NA,NA,NA
"Keegan James","sa3011232",0.0409,NA,NA,NA
"Keegan Thompson","19795",3.23661058823529,2.936,"REZ1",1.10238780253246
"Keegan Zinn","sa3023088",0.0303,NA,NA,NA
"Keeler Morfe","sa3022239",0.0406,NA,NA,NA
"Keiber Armas","sa3023848",0.0318,NA,NA,NA
"Keider Herrera","sa3019138",0.0362,NA,NA,NA
"Keider Montero","22630",3.19248588235294,6.156,"REZ1",0.518597446775981
"Keiner Leon","sa3016279",0.0394,NA,NA,NA
"Keith Rogalla","sa829753",0.0448,NA,NA,NA
"Keiverson Ramirez","sa3022126",0.0345,NA,NA,NA
"Kelly Austin","sa3023264",0.0451,NA,NA,NA
"Kelvin Bautista","sa3006491",1.5239,NA,NA,NA
"Kelvin Caceres","24681",0.805227411764706,1.775,"REZ1",0.453649246064623
"Kelvin Carmona","sa3022140",0.0345,NA,NA,NA
"Kelvin LaRoche","sa3010795",0.0401,NA,NA,NA
"Kelvin Nunez","sa3002816",0.0438,NA,NA,NA
"Kelvin Perez","sa3015154",0.0393,NA,NA,NA
"Kelvin Ramirez","sa3015492",0.045,NA,NA,NA
"Kelvin Rosario","sa3022128",0.034,NA,NA,NA
"Kelvis Salcedo","sa3021531",0.0355,NA,NA,NA
"Ken Giles","12910",1.02435,NA,NA,NA
"Ken Waldichuk","27681",1.67152222222222,1.633,"REZ1",1.02358984826835
"Kendal Meza","sa3022125",0.0295,NA,NA,NA
"Kendall Graveman","15514",2.92717529411765,1.934,"REZ1",1.51353427824077
"Kendall Williams","sa3011674",2.52175,NA,NA,NA
"Kendeglys Virguez","sa3018351",0.0397,NA,NA,NA
"Kendry Rojas","sa3016746",0.0499,NA,NA,NA
"Keneth Quintanilla","sa3016796",0.0365,NA,NA,NA
"Keninson Diaz","sa3019143",0.0371,NA,NA,NA
"Kenley Jansen","3096",3.26004823529412,3.943,"REZ1",0.826793871492295
"Kenny Hernandez","sa943755",0.0537,NA,NA,NA
"Kenny Pinto","sa3015420",0.031,NA,NA,NA
"Kenny Rosenberg","20009",1.29399472727273,-0.227,"REZ1",-5.70041730076091
"Kent Emanuel","15849",1.14579166666667,1.75,"REZ1",0.654738095238095
"Kent Hasler","sa3015089",0.0471,NA,NA,NA
"Kenta Maeda","18498",3.85653529411765,5.81,"REZ1",0.663775437885998
"Kenten Egbert","sa3023500",0.0436,NA,NA,NA
"Kenya Huggins","sa3020609",0.0404,NA,NA,NA
"Kenyi Perez","sa3016008",0.0384,NA,NA,NA
"Kenyon Yovan","sa3016839",1.0221,NA,NA,NA
"Keone Kela","14696",0.0479,NA,NA,NA
"Kervin Castro","21656",0.0469,NA,NA,NA
"Keuri Almonte","sa3021779",0.0309,NA,NA,NA
"Kevin Abel","sa3017879",2.02215,NA,NA,NA
"Kevin Briceno","sa3017317",0.0313,NA,NA,NA
"Kevin Camacho","sa3021577",0.0359,NA,NA,NA
"Kevin Coulter","sa3010115",0.0463,NA,NA,NA
"Kevin Gadea","sa735841",0.0458,NA,NA,NA
"Kevin Garcia","sa3006516",0.0372,NA,NA,NA
"Kevin Gausman","14107",11.6732,9.394,"REZ1",1.24262295081967
"Kevin Ginkel","19876",4.08081764705882,2.581,"REZ1",1.5810994370627
"Kevin Gowdy","sa917928",1.02395,NA,NA,NA
"Kevin Herget","15369",2.00108870588235,2.826,"REZ1",0.708099329753133
"Kevin Kelly","25679",3.25128117647059,4.239,"REZ1",0.766992492680016
"Kevin Kopps","sa3017005",1.02345,NA,NA,NA
"Kevin Malisheski","sa919034",0.0463,NA,NA,NA
"Kevin Milam","sa3010819",0.0426,NA,NA,NA
"Kevin Miranda","sa3020757",1.52345,NA,NA,NA
"Kevin Rodriguez","sa3008683",0.0417,NA,NA,NA
"Kevin Smith","sa3007710",0.0507,NA,NA,NA
"Kevin Stevens","sa3020613",1.02475,NA,NA,NA
"Kevin Tejada","sa3022046",0.0363,NA,NA,NA
"Kevin Valdez","sa3019052",0.0406,NA,NA,NA
"Kevin Velasco","sa3021524",0.033,NA,NA,NA
"Kevison Hernandez","sa3016620",0.0327,NA,NA,NA
"Keylan Killgore","sa3008069",1.52405,NA,NA,NA
"Keynan Middleton","15264",1.49776152941176,3.707,"REZ1",0.404036020882591
"Keyner Benitez","sa3021795",0.0388,NA,NA,NA
"Keyshawn Askew","sa3017916",1.5239,NA,NA,NA
"Keythel Key","sa3016282",0.0438,NA,NA,NA
"Keywill Cedeno","sa3021763",0.0371,NA,NA,NA
"Khristian Curtis","sa3023473",0.038,NA,NA,NA
"Khristian Guevara","sa3019122",0.0325,NA,NA,NA
"Kikito Severino","sa3016030",0.0398,NA,NA,NA
"Kinn Omosako","sa3016948",0.0364,NA,NA,NA
"Kirby Snead","19179",0.904855090909091,0.779,"REZ1",1.16155980861244
"Kirby Yates","9073",4.82740823529412,7.23,"REZ1",0.667691318851192
"Kirk McCarty","20555",0.0486,NA,NA,NA
"Kleiber Olmedo","sa3022420",0.0408,NA,NA,NA
"Kleyderve Andrade","sa3019745",0.0418,NA,NA,NA
"Kobe Robinson","sa3017764",0.0416,NA,NA,NA
"Kodai Senga","31838",8.67375294117647,3.469,"REZ1",2.50036118223594
"Kodi Whitley","19731",0.045,NA,NA,NA
"Kody Clemens","20572",0,NA,NA,NA
"Kody Funderburk","24993",2.26005411764706,2.414,"REZ1",0.936227886349237
"Koen Moreno","sa3014509",0.0401,NA,NA,NA
"Kohei Arihara","27505",0.0536,NA,NA,NA
"Kohl Drake","sa3021723",2.5281,NA,NA,NA
"Kohl Franklin","sa3008335",0.0509,NA,NA,NA
"Kohl Simas","sa3016949",0.0428,NA,NA,NA
"Kohl Stewart","15502",0.0509,NA,NA,NA
"Kolby Allard","18694",1.61787670588235,2.264,"REZ1",0.714609852421534
"Kolby Kubichek","sa3017271",0.0456,NA,NA,NA
"Kole Ramage","sa3020262",0.0426,NA,NA,NA
"Kolton Curtis","sa3022381",0.0394,NA,NA,NA
"Kolton Ingram","26068",1.92370833333333,1.416,"REZ1",1.35855108286252
"Konner Wade","14655",0.0451,NA,NA,NA
"Konnor Ash","sa3017503",1.0238,NA,NA,NA
"Konnor Pilkington","21453",1.51220833333333,1.453,"REZ1",1.04074902500574
"Kris Anglin","sa3017612",0.0411,NA,NA,NA
"Kris Bubic","21455",4.98759058823529,3.14,"REZ1",1.58840464593481
"Krisspy Valdez","sa3019116",0.0358,NA,NA,NA
"Kristian Cardozo","sa3014706",0.037,NA,NA,NA
"Kristofer Bow","sa3020607",0.0406,NA,NA,NA
"Kumar Nambiar","sa3010666",0.0409,NA,NA,NA
"Kumar Rocker","31843",5.12791176470588,3.483,"REZ1",1.47226866629511
"Kutter Crawford","20531",7.23628588235294,6.097,"REZ1",1.18686007583286
"Kwang Hyun Kim","27458",0.0529,NA,NA,NA
"Ky Bush","29823",1.38061681818182,2.087,"REZ1",0.661531776800104
"Kyle Amendt","sa3022904",2.04962333333333,NA,NA,NA
"Kyle Backhus","sa3017068",1.52505,NA,NA,NA
"Kyle Barraclough","13713",1.34258333333333,2.94,"REZ1",0.456660997732426
"Kyle Bird","16618",0.0459,NA,NA,NA
"Kyle Bischoff","sa3022176",1.52335,NA,NA,NA
"Kyle Bradish","24586",2.46857764705882,5.565,"REZ1",0.443589873685323
"Kyle Brnovich","sa3014923",1.52635,NA,NA,NA
"Kyle Carr","sa3023444",0.0487,NA,NA,NA
"Kyle Cody","19686",1.52375,NA,NA,NA
"Kyle Crick","13182",0.0466,NA,NA,NA
"Kyle Crigger","sa3019884",0.0469,NA,NA,NA
"Kyle Dohy","20334",0.0463,NA,NA,NA
"Kyle Dowdy","19285",0.0478,NA,NA,NA
"Kyle Finnegan","15009",3.62737411764706,3.418,"REZ1",1.06125632464806
"Kyle Freeland","16256",7.01448117647059,7.169,"REZ1",0.978446251425664
"Kyle Funkhouser","19456",0.049,NA,NA,NA
"Kyle Gibson","10123",7.74671411764706,10.017,"REZ1",0.773356705365584
"Kyle Glogoski","sa3007464",0.0466,NA,NA,NA
"Kyle Harrison","27758",7.17820117647059,6.45,"REZ1",1.11289940720474
"Kyle Hart","19646",4.18124,NA,NA,NA
"Kyle Hendricks","12049",5.47284588235294,3.577,"REZ1",1.53001003140982
"Kyle Hill","sa3009922",1.0231,NA,NA,NA
"Kyle Hurt","27514",1.62104166666667,2.084,"REZ1",0.777851087651951
"Kyle Johnson","sa921678",0.0454,NA,NA,NA
"Kyle Johnston","sa3004571",0.0476,NA,NA,NA
"Kyle Jones","sa3020556",1.52485,NA,NA,NA
"Kyle Keller","18890",0.0458,NA,NA,NA
"Kyle Kubat","sa827380",0.0495,NA,NA,NA
"Kyle Larsen","sa3021983",0.0357,NA,NA,NA
"Kyle Leahy","24763",2.71860235294118,2.328,"REZ1",1.1677845158682
"Kyle Luckham","sa3020378",2.524,NA,NA,NA
"Kyle Marman","sa3008668",0.0474,NA,NA,NA
"Kyle McGowin","15071",1.02345,NA,NA,NA
"Kyle Molnar","sa3014909",0.0429,NA,NA,NA
"Kyle Mora","sa3018281",0.0486,NA,NA,NA
"Kyle Muller","20167",1.880594,2.412,"REZ1",0.779682421227197
"Kyle Nelson","20515",2.17011647058824,2.364,"REZ1",0.917984970638001
"Kyle Nicolas","27775",2.10904588235294,2.036,"REZ1",1.03587715243268
"Kyle Ryan","11753",0.0451,NA,NA,NA
"Kyle Scott","sa3023049",0.0391,NA,NA,NA
"Kyle Tyler","22092",1.43707647058824,0.967,"REZ1",1.48611837703023
"Kyle Virbitsky","sa3017491",2.02365,NA,NA,NA
"Kyle Whitten","sa3016936",1.023,NA,NA,NA
"Kyle Wilcox","sa857699",0.5232,NA,NA,NA
"Kyle Wilson","sa875768",0.0487,NA,NA,NA
"Kyle Wright","19665",4.53068823529412,2.594,"REZ1",1.74660302054515
"Kyle Zimmer","14169",0.0466,NA,NA,NA
"Kyle Zurak","sa3004864",0.047,NA,NA,NA
"LJ McDonough","sa3023172",0.0458,NA,NA,NA
"Lachlan Wells","sa877857",2.02715,NA,NA,NA
"Lael Lockhart","sa3017502",2.52675,NA,NA,NA
"Lake Bachar","19222",2.45704117647059,1.946,"REZ1",1.26261108760051
"Lance Lynn","2520",6.78840588235294,8.724,"REZ1",0.778129972759393
"Lance McCullers Jr","14120",4.51325428571429,NA,NA,NA
"Landany Alfonseca","sa3019191",0.0347,NA,NA,NA
"Landen Roupp","30076",3.01022823529412,3.614,"REZ1",0.832935316904847
"Landon Harper","sa3020404",2.0263,NA,NA,NA
"Landon Knack","27487",3.10545176470588,3.49,"REZ1",0.889814259228046
"Landon Leach","sa3005243",0.0435,NA,NA,NA
"Landon Marceaux","sa3017913",0.0507,NA,NA,NA
"Landon Sims","sa3021979",0.045,NA,NA,NA
"Landon Tomkins","sa3022798",0.0411,NA,NA,NA
"Lane Ramsey","25071",0.987416666666667,0.811,"REZ1",1.21752979860255
"Larson Kindreich","sa3017505",1.0234,NA,NA,NA
"Layne Henderson","sa3007718",1.02355,NA,NA,NA
"Layonel Ovalles","sa3015993",0.0452,NA,NA,NA
"Lazaro Estrada","sa3005471",2.52615,NA,NA,NA
"Leam Mendez","sa3019432",0.0416,NA,NA,NA
"Leandro Lopez","sa3016748",0.045,NA,NA,NA
"Ledwin Gonzalez","sa3022043",0.036,NA,NA,NA
"Ledwin Taveras","sa3019065",0.0322,NA,NA,NA
"Lenin Mendez","sa3021777",0.0355,NA,NA,NA
"Lenny Torres Jr","sa3008329",1.0224,NA,NA,NA
"Leodarlyn Colon","sa3019719",0.026,NA,NA,NA
"Leomar Rosario","sa3019127",0.0325,NA,NA,NA
"Leon Hunter Jr","sa3010260",0.0471,NA,NA,NA
"Leonard Garcia","sa3015156",0.0413,NA,NA,NA
"Leonardo Lugo","sa3018340",0.0303,NA,NA,NA
"Leonardo Pestana","sa3005456",0.5244,NA,NA,NA
"Leonardo Rossel","sa3022317",0.0337,NA,NA,NA
"Leonardo Taveras","sa3002934",1.0222,NA,NA,NA
"Leonel Sequera","sa3019268",0.0443,NA,NA,NA
"Leoni De La Cruz","sa3016070",0.0409,NA,NA,NA
"Lester Nin","sa3019371",0.0304,NA,NA,NA
"Leudy Tirado","sa3022241",0.0319,NA,NA,NA
"Leuris Portorreal","sa3021520",0.029,NA,NA,NA
"Leury Tejada","sa3007935",0.0401,NA,NA,NA
"Levi Prater","sa3014861",0.0408,NA,NA,NA
"Levi Stoudt","25650",2.60045833333333,2.986,"REZ1",0.870883567760661
"Levi Thomas","sa3014801",0.04,NA,NA,NA
"Levi Wells","sa3023441",0.0477,NA,NA,NA
"Lewis Sifontes","sa3021016",0.0305,NA,NA,NA
"Lewis Thorpe","15906",0.0499,NA,NA,NA
"Liam Doolan","sa3020947",0.0406,NA,NA,NA
"Liam Hendriks","3548",3.33792352941176,2.82,"REZ1",1.18366082603254
"Liam Jenkins","sa3007458",0.0407,NA,NA,NA
"Liam Norris","sa3014543",0.0482,NA,NA,NA
"Liam Simon","sa3020256",0.0411,NA,NA,NA
"Liam Sullivan","sa3022952",0.0418,NA,NA,NA
"Lincoln Henzman","sa3005187",1.5229,NA,NA,NA
"Liomar Martinez","sa3019612",0.0304,NA,NA,NA
"Lisander Brito","sa3008704",0.0363,NA,NA,NA
"Lisander De La Cruz","sa3015361",0.0365,NA,NA,NA
"Lisandro Almonte","sa3015497",0.0411,NA,NA,NA
"Lisandro Santos","sa945728",0.0484,NA,NA,NA
"Lisnerkin Lantigua","sa3019258",0.0354,NA,NA,NA
"Listher Sosa","sa3009725",1.52375,NA,NA,NA
"Liu Fuenmayor","sa3003126",0.0477,NA,NA,NA
"Livan Reinoso","sa3020331",0.043,NA,NA,NA
"Ljay Newsome","19942",0.0482,NA,NA,NA
"Lluveres Severino","sa3020601",0.0363,NA,NA,NA
"Locke St John","16850",0.045,NA,NA,NA
"Logan Allen","18555",2.06754166666667,2.285,"REZ1",0.90483223924143
"Logan Allen","27589",2.57117882352941,1.287,"REZ1",1.9978079436903
"Logan Boyer","sa3015002",0.52495,NA,NA,NA
"Logan Britt","sa3023170",0.0348,NA,NA,NA
"Logan Clayton","sa3020890",2.5241,NA,NA,NA
"Logan Cozart","sa875283",0.0467,NA,NA,NA
"Logan Evans","sa3023077",1.63770533333333,NA,NA,NA
"Logan Gilbert","22250",12.0540235294118,10.237,"REZ1",1.17749570473887
"Logan Gillaspie","22461",1.72308333333333,2.719,"REZ1",0.633719504719872
"Logan Gragg","sa3010306",1.5229,NA,NA,NA
"Logan Henderson","sa3020080",1.888307,NA,NA,NA
"Logan Hofmann","sa3014852",0.0389,NA,NA,NA
"Logan Lyle","sa3018267",0.041,NA,NA,NA
"Logan Martin","sa3023213",0.0425,NA,NA,NA
"Logan Rinehart","sa3010255",1.0242,NA,NA,NA
"Logan Sawyer","sa829628",0.0472,NA,NA,NA
"Logan Shore","sa738442",0.0478,NA,NA,NA
"Logan VanWey","sa3019956",1.5108745,NA,NA,NA
"Logan Verrett","12905",0.051,NA,NA,NA
"Logan Webb","17995",12.4439882352941,9.489,"REZ1",1.31141197547625
"Logan Workman","sa3017313",3.0242,NA,NA,NA
"Lorenzo Encarnacion","sa3015498",0.0419,NA,NA,NA
"Lou Trivino","15043",2.83116714285714,NA,NA,NA
"Louis Head","13259",0.0455,NA,NA,NA
"Louis Varland","27691",3.93919428571429,NA,NA,NA
"Luarbert Arias","sa3007599",2.54976671428571,NA,NA,NA
"Lucas Braun","sa3022996",3.02985,NA,NA,NA
"Lucas Erceg","19360",3.56516117647059,2.332,"REZ1",1.52879981838361
"Lucas Gilbreath","21290",2.24977058823529,3.83,"REZ1",0.587407464291199
"Lucas Giolito","15474",6.00451764705882,0.601,"REZ1",9.99087794851718
"Lucas Gordillo","sa3021549",0.0409,NA,NA,NA
"Lucas Gordon","sa3023036",0.0365,NA,NA,NA
"Lucas Jacobsen","sa918634",0.0488,NA,NA,NA
"Lucas Knowles","sa3011676",1.5241,NA,NA,NA
"Lucas Luetge","8337",1.652625,2.292,"REZ1",0.72104057591623
"Lucas Sims","13470",2.94367411764706,2.946,"REZ1",0.999210494788547
"Lucas Wepf","sa3020704",2.5246,NA,NA,NA
"Luciano Romero","sa3018848",0.0349,NA,NA,NA
"Ludwin Jimenez","sa3005856",0.0398,NA,NA,NA
"Luichi Casilla","sa3018332",0.0385,NA,NA,NA
"Luifer Romero","sa3018349",0.0366,NA,NA,NA
"Luigi Hernandez","sa3016022",0.0369,NA,NA,NA
"Luimy Munoz","sa3021803",0.0337,NA,NA,NA
"Luinder Avila","sa3006507",1.28556614285714,NA,NA,NA
"Luis A Reyes","sa3019049",0.039,NA,NA,NA
"Luis A Rodriguez","sa3016064",0.0418,NA,NA,NA
"Luis Aguilar","sa3018893",0.0358,NA,NA,NA
"Luis Aguilar","sa3020982",0.0334,NA,NA,NA
"Luis Alcala","sa3011880",0.0349,NA,NA,NA
"Luis Almonte","sa3009525",0.0403,NA,NA,NA
"Luis Amaya","sa872809",0.0476,NA,NA,NA
"Luis Amoroso","sa3005889",0.0379,NA,NA,NA
"Luis Angel Rodriguez","sa3005435",2.0254,NA,NA,NA
"Luis Arejula","sa3016619",0.0419,NA,NA,NA
"Luis Arestigueta","sa3021521",0.0413,NA,NA,NA
"Luis Avila","sa3021805",0.0408,NA,NA,NA
"Luis Avilan","2882",0.0465,NA,NA,NA
"Luis Baldiris","sa3016814",0.0365,NA,NA,NA
"Luis Barroso","sa3005697",0.0409,NA,NA,NA
"Luis Beltran","sa3021509",0.0364,NA,NA,NA
"Luis Bermudez","sa3018317",0.0349,NA,NA,NA
"Luis Carias","sa3021006",0.0274,NA,NA,NA
"Luis Carrasco","sa1172127",0.0406,NA,NA,NA
"Luis Castillo","15689",11.7521058823529,10.237,"REZ1",1.14800291905372
"Luis Castillo","sa3022358",0.0336,NA,NA,NA
"Luis Cepeda","sa3006132",0.0364,NA,NA,NA
"Luis Cesar","sa3018368",0.0288,NA,NA,NA
"Luis Cessa","13345",1.33870833333333,0.407,"REZ1",3.28920966420966
"Luis Cohen","sa3019269",0.0367,NA,NA,NA
"Luis Contreras","25839",1.85331294117647,0.776,"REZ1",2.38828987265009
"Luis Curvelo","sa3008169",1.25525428571429,NA,NA,NA
"Luis De Avila","sa3005839",3.02995,NA,NA,NA
"Luis De Aza","sa3021038",0.0358,NA,NA,NA
"Luis De La Cruz","sa3020981",0.0373,NA,NA,NA
"Luis De La Rosa","sa3009778",0.0408,NA,NA,NA
"Luis De Leon","sa3019283",0.0516,NA,NA,NA
"Luis Devers","sa3005694",0.044,NA,NA,NA
"Luis Diaz","sa3015146",0.0364,NA,NA,NA
"Luis Espinoza","sa3021043",0.034,NA,NA,NA
"Luis Espinoza","sa3024262",0.0305,NA,NA,NA
"Luis F Castillo","20638",0.0476,NA,NA,NA
"Luis F Ortiz","16942",1.23025,2.253,"REZ1",0.546049711495783
"Luis Flores","sa3018818",0.0368,NA,NA,NA
"Luis Frias","21997",1.57060917647059,0.389,"REZ1",4.03755572357478
"Luis Garcia","23735",5.97171647058824,2.491,"REZ1",2.39731692918034
"Luis Garcia","6984",1.97116352941176,2.896,"REZ1",0.68065038999025
"Luis Garcia","sa3015468",0.037,NA,NA,NA
"Luis Garcia","sa3021753",0.0362,NA,NA,NA
"Luis Gastelum","sa3020964",0.0434,NA,NA,NA
"Luis German","sa3019658",0.0396,NA,NA,NA
"Luis Gil","21052",7.31410352941176,5.155,"REZ1",1.41883676613225
"Luis Gomez","sa3006376",0.0371,NA,NA,NA
"Luis Gonzalez","sa3019164",0.0366,NA,NA,NA
"Luis Gonzalez","sa550522",1.31518683333333,NA,NA,NA
"Luis Guerrero","31184",2.65918933333333,3.706,"REZ1",0.717536247526533
"Luis Guevara","sa3021011",0.0363,NA,NA,NA
"Luis Gutierrez","sa3016469",0.0467,NA,NA,NA
"Luis Hernandez","sa3018812",0.0397,NA,NA,NA
"Luis Jerez","sa3021495",0.0343,NA,NA,NA
"Luis Joseph","sa3016228",0.036,NA,NA,NA
"Luis L Ortiz","27646",7.16494705882353,5.69,"REZ1",1.25921740928357
"Luis Ledo","sa740812",1.02445,NA,NA,NA
"Luis Madero","20399",0.0397,NA,NA,NA
"Luis Madrazo","sa3019134",0.0462,NA,NA,NA
"Luis Maracara","sa3024260",0.032,NA,NA,NA
"Luis Martinez","sa3016041",0.034,NA,NA,NA
"Luis MartinezGomez","sa3023285",0.0394,NA,NA,NA
"Luis Medina","21649",2.09,2.407,"REZ1",0.868300789364354
"Luis Mey","sa3010130",1.97292,NA,NA,NA
"Luis Moncada","sa873694",0.0442,NA,NA,NA
"Luis Montas","sa3015102",0.0425,NA,NA,NA
"Luis Morales","sa3021487",0.045,NA,NA,NA
"Luis Morellis","sa3021489",0.0298,NA,NA,NA
"Luis Moreno","sa3002928",0.0452,NA,NA,NA
"Luis Moreno","sa3009950",2.52855,NA,NA,NA
"Luis Nunez","sa3009715",0.037,NA,NA,NA
"Luis Osorio","sa3015988",0.0298,NA,NA,NA
"Luis Oviedo","21728",0.0456,NA,NA,NA
"Luis Pacheco","sa3002678",0.0488,NA,NA,NA
"Luis Palacios","sa3003021",3.02345,NA,NA,NA
"Luis Patino","22815",1.34187729411765,2.998,"REZ1",0.447590825256053
"Luis Perales","sa3014677",2.02645,NA,NA,NA
"Luis Peralta","24203",2.29259058823529,2.481,"REZ1",0.924059084335064
"Luis Perdomo","14682",0.0489,NA,NA,NA
"Luis Polanco","sa3016739",0.0405,NA,NA,NA
"Luis Quinones","sa1170867",2.0234,NA,NA,NA
"Luis Ramirez","sa3018353",0.0341,NA,NA,NA
"Luis Ramirez","sa3020831",0.0434,NA,NA,NA
"Luis Reyes","sa3020983",0.033,NA,NA,NA
"Luis Reyes","sa737048",1.523,NA,NA,NA
"Luis Rijo","sa916950",0.0427,NA,NA,NA
"Luis Rodriguez","sa3021816",0.0419,NA,NA,NA
"Luis Romero","sa3003109",0.0455,NA,NA,NA
"Luis Rujano","sa3020904",0.0392,NA,NA,NA
"Luis Sanchez","sa3015219",0.0409,NA,NA,NA
"Luis Serna","sa3016528",0.0453,NA,NA,NA
"Luis Severino","15890",9.20753176470588,10.378,"REZ1",0.887216396676227
"Luis Talavera","sa3009212",0.0397,NA,NA,NA
"Luis Tejeda","sa3016589",0.0404,NA,NA,NA
"Luis Tejeda","sa3019176",0.0359,NA,NA,NA
"Luis Torres","sa3018320",0.0426,NA,NA,NA
"Luis Valdez","sa3015974",0.0425,NA,NA,NA
"Luis Valdez","sa3019288",0.035,NA,NA,NA
"Luis Vargas","sa3009592",0.0484,NA,NA,NA
"Luis Vasquez","sa3021001",0.0326,NA,NA,NA
"Luis Vega","sa3009830",0.0346,NA,NA,NA
"Luis Velasquez","sa3010135",1.5246,NA,NA,NA
"Luis Victorino","sa3019289",0.0308,NA,NA,NA
"Luis Viloria","sa3015495",0.0404,NA,NA,NA
"Luis Vizcaino","sa3011812",0.0398,NA,NA,NA
"Luke Albright","sa3017592",2.0238,NA,NA,NA
"Luke Anderson","sa3017984",0.0404,NA,NA,NA
"Luke Bard","14288",0.0474,NA,NA,NA
"Luke Barker","19609",1.52235,NA,NA,NA
"Luke Bell","sa3022731",0.039,NA,NA,NA
"Luke Boyd","sa3016904",0.0408,NA,NA,NA
"Luke Farrell","15101",0.0438,NA,NA,NA
"Luke Fox","sa3023673",0.045,NA,NA,NA
"Luke Jackson","11752",2.78150235294118,2.786,"REZ1",0.998385625607027
"Luke Little","28036",2.29341882352941,3.06,"REZ1",0.749483275663206
"Luke Murphy","sa3017653",0.5233,NA,NA,NA
"Luke Russo","sa3023502",0.0461,NA,NA,NA
"Luke Savage","sa3022943",0.0415,NA,NA,NA
"Luke Shilling","sa3014781",0.0453,NA,NA,NA
"Luke Stofel","sa3023087",0.0424,NA,NA,NA
"Luke Summers","sa3018284",0.0473,NA,NA,NA
"Luke Taggart","sa3017932",0.0364,NA,NA,NA
"Luke Weaver","16918",3.88512,6.016,"REZ1",0.645797872340426
"Luke Westphal","sa869541",1.02545,NA,NA,NA
"Luke Young","sa3020819",0.0387,NA,NA,NA
"Lyon Richardson","24581",0.757956823529412,0.68,"REZ1",1.11464238754325
"MD Johnson","sa3010364",1.5205,NA,NA,NA
"Mac Lardner","sa3014928",0.0434,NA,NA,NA
"Mac Sceroler","22218",0.0461,NA,NA,NA
"MacKenzie Gore","22201",9.23339058823529,6.084,"REZ1",1.51765131299068
"Maceo Campbell","sa3016797",0.0417,NA,NA,NA
"Mack Anglin","sa3020620",0.0399,NA,NA,NA
"Mack Lemieux","sa875726",0.0481,NA,NA,NA
"Maddux Bruns","sa3017782",0.0476,NA,NA,NA
"Madinson Frias","sa3024244",0.0295,NA,NA,NA
"Madison Bumgarner","5524",1.56285714285714,5.348,"REZ1",0.292232076076504
"Madison Jeffrey","sa3018206",0.036,NA,NA,NA
"Mado Villegas","sa3018343",0.0367,NA,NA,NA
"Magdiel Cotto","sa3023251",0.0417,NA,NA,NA
"Magnus Ellerts","sa3020813",2.52385,NA,NA,NA
"Maicor Serrano","sa3019079",0.0357,NA,NA,NA
"Maikel Hernandez","sa3018331",0.0363,NA,NA,NA
"Maikel Miralles","sa3022418",0.0396,NA,NA,NA
"Maikel Rodriguez","sa3024559",0.0286,NA,NA,NA
"Malcolm Van Buren","sa918752",0.0415,NA,NA,NA
"Malik Barrington","sa3017644",0.0429,NA,NA,NA
"Malik Binns","sa3017987",0.0406,NA,NA,NA
"Malvin Pena","sa830644",0.0456,NA,NA,NA
"Manny Banuelos","5365",0.0504,NA,NA,NA
"Manny Ramirez","sa3004833",0.039,NA,NA,NA
"Manuel Alvarez","sa3005410",0.0438,NA,NA,NA
"Manuel Cachutt","sa3003133",0.0445,NA,NA,NA
"Manuel Castro","sa3017493",0.0489,NA,NA,NA
"Manuel Cazorla","sa3018829",0.0311,NA,NA,NA
"Manuel Davila","sa3024787",0.0321,NA,NA,NA
"Manuel De La Rosa","sa3015950",0.0409,NA,NA,NA
"Manuel Espinoza","sa3010242",2.0236,NA,NA,NA
"Manuel Heredia","sa3021997",0.0367,NA,NA,NA
"Manuel Medina","sa3011728",0.0429,NA,NA,NA
"Manuel Mercedes","sa3015214",0.0442,NA,NA,NA
"Manuel Olivares","sa3009471",0.0371,NA,NA,NA
"Manuel Osorio","sa3021772",0.0327,NA,NA,NA
"Manuel Perez","sa3019373",0.032,NA,NA,NA
"Manuel Rodriguez","20794",3.39002352941176,2.87,"REZ1",1.18119286739086
"Manuel Rodriguez","sa3019291",0.0386,NA,NA,NA
"Manuel Urias","sa3007606",0.0474,NA,NA,NA
"Manuel Veloz","sa3011349",0.0396,NA,NA,NA
"Marc Church","26353",2.44189411764706,2.673,"REZ1",0.913540635109263
"Marc Davis","sa3017722",0.039,NA,NA,NA
"Marcel Renteria","sa3005016",0.0466,NA,NA,NA
"Marcelo Martinez","sa3005060",0.048,NA,NA,NA
"Marcelo Perez","sa3020889",0.0436,NA,NA,NA
"Marcelo Valladares","sa3019754",0.0334,NA,NA,NA
"Marco Corcho","sa3021484",0.0423,NA,NA,NA
"Marco Gonzales","15467",1.31149272727273,0.92,"REZ1",1.42553557312253
"Marco Jimenez","sa3002926",0.0424,NA,NA,NA
"Marco Patino","sa3019537",0.0358,NA,NA,NA
"Marco Raya","sa3014550",1.124366,NA,NA,NA
"Marco Vega","sa3019486",0.0365,NA,NA,NA
"Marcos  Fortunato","sa3019391",0.0366,NA,NA,NA
"Marcos Diplan","17583",0.0468,NA,NA,NA
"Marcos Herrera","sa3019261",0.0322,NA,NA,NA
"Marcos Pimentel","sa3024085",0.0301,NA,NA,NA
"Marcos Tineo","sa3003124",0.0492,NA,NA,NA
"Marcus Johnson","sa3020324",0.0437,NA,NA,NA
"Marcus Olivarez","sa3020478",0.042,NA,NA,NA
"Marcus Reyes","sa3004489",0.0468,NA,NA,NA
"Marcus Stroman","13431",6.38940235294118,5.439,"REZ1",1.17473843591491
"Marcus Walden","8004",0.0467,NA,NA,NA
"Mariano Salomon","sa3021751",0.036,NA,NA,NA
"Marino Santy","sa3017422",0.045,NA,NA,NA
"Mario Sanchez","sa691863",0.0494,NA,NA,NA
"Mark Adamiak","sa3020254",0.0419,NA,NA,NA
"Mark Appel","14823",0.047,NA,NA,NA
"Mark Leiter Jr","15551",3.20996,3.425,"REZ1",0.937214598540146
"Mark Manfredi","sa3023516",0.0462,NA,NA,NA
"Mark McLaughlin","sa3020604",0.0368,NA,NA,NA
"Mark Melancon","4264",0.0463,NA,NA,NA
"Mark Simon","sa3004993",0.0413,NA,NA,NA
"Mark Washington","sa3005194",0.0475,NA,NA,NA
"Markus Solbach","sa599472",0.0539,NA,NA,NA
"Marlin Willis","sa3005116",0.0405,NA,NA,NA
"Marlon De La Cruz","sa3023833",0.03,NA,NA,NA
"Marlon Franco","sa3016242",0.0338,NA,NA,NA
"Marlon Nieves","sa3021567",0.028,NA,NA,NA
"Marlon Perez","sa3018235",0.0431,NA,NA,NA
"Marques Johnson","sa3020741",0.0412,NA,NA,NA
"Marquis Grissom Jr","sa3020312",1.0224,NA,NA,NA
"Marshall Hunt","sa3017369",0.0398,NA,NA,NA
"Marshall Kasowski","sa3005114",0.0476,NA,NA,NA
"Martin Herrera","sa3007725",0.0357,NA,NA,NA
"Martin Perez","6902",6.22926588235294,6.267,"REZ1",0.993978918518101
"Martin Santana","sa3006402",0.0401,NA,NA,NA
"Marwys Cabrera","sa3021992",0.0301,NA,NA,NA
"Masahiro Tanaka","15764",0.05,NA,NA,NA
"Mason Adams","sa3020388",1.51651683333333,NA,NA,NA
"Mason Albright","sa3017847",2.01845,NA,NA,NA
"Mason Barnett","sa3020622",1.455511,NA,NA,NA
"Mason Black","30171",3.21230352941177,3.833,"REZ1",0.838065100290051
"Mason Denaburg","sa3010648",0.04,NA,NA,NA
"Mason Englert","22288",2.24856588235294,2.354,"REZ1",0.955210655205158
"Mason Erla","sa3017685",1.02355,NA,NA,NA
"Mason Fluharty","sa3020261",1.50986266666667,NA,NA,NA
"Mason Fox","sa3007460",1.0228,NA,NA,NA
"Mason Green","sa3017717",2.51985,NA,NA,NA
"Mason Hickman","sa3015033",2.02265,NA,NA,NA
"Mason McGwire","sa3020961",0.0369,NA,NA,NA
"Mason Miller","31757",3.68006823529412,5.169,"REZ1",0.711949745655662
"Mason Miller","sa3023658",0.0403,NA,NA,NA
"Mason Montgomery","29770",2.83058352941176,3.311,"REZ1",0.854902908309201
"Mason Pelio","sa3020381",0.0327,NA,NA,NA
"Mason Ronan","sa3020318",0.0421,NA,NA,NA
"Mason Thompson","21850",2.22595647058824,1.635,"REZ1",1.36144126641482
"Mason Vinyard","sa3020753",0.0446,NA,NA,NA
"Mat Olsen","sa3017882",1.02325,NA,NA,NA
"Mathew Peters","sa3020629",0.039,NA,NA,NA
"Matt Andriese","12022",1.641,2.228,"REZ1",0.736535008976661
"Matt Barnes","12863",1.322304,2.527,"REZ1",0.523270280965572
"Matt Bowman","13528",1.53807141176471,3.756,"REZ1",0.409497180981019
"Matt Brash","25756",3.35226470588235,4.445,"REZ1",0.754165288162509
"Matt Brill","sa738328",0.0455,NA,NA,NA
"Matt Brosky","sa3020706",0.0493,NA,NA,NA
"Matt Bush","1246",-0.0965,-0.462,"REZ1",0.208874458874459
"Matt Canterino","sa3011530",0.586485,NA,NA,NA
"Matt Carasiti","13276",0.997208333333333,0.862,"REZ1",1.15685421500387
"Matt Cronin","sa3011463",0.5236,NA,NA,NA
"Matt Dennis","sa918295",0.047,NA,NA,NA
"Matt Dermody","14844",1.832,6.271,"REZ1",0.292138414925849
"Matt Duffy","sa3023272",0.0413,NA,NA,NA
"Matt Eckelman","sa857600",0.0418,NA,NA,NA
"Matt Festa","19330",1.34445776470588,2.218,"REZ1",0.606157693735745
"Matt Foster","19647",0.546583333333333,0.674,"REZ1",0.81095450049456
"Matt Frisbee","sa3006801",2.0238,NA,NA,NA
"Matt Gabbert","sa3022158",0.0391,NA,NA,NA
"Matt Gage","17381",0.899840727272727,1.24,"REZ1",0.725678005865103
"Matt Givin","sa3005229",0.0455,NA,NA,NA
"Matt Hardy","sa3004120",0.0474,NA,NA,NA
"Matt Harvey","11713",0.0518,NA,NA,NA
"Matt Hickey","sa3020236",0.042,NA,NA,NA
"Matt Jachec","sa3022906",0.0453,NA,NA,NA
"Matt Keating","sa3020625",0.0446,NA,NA,NA
"Matt Koch","13420",2.40045833333333,6.788,"REZ1",0.353632636024357
"Matt Krook","19315",2.20336923076923,4.19,"REZ1",0.525863778226547
"Matt Manning","20369",1.92375058823529,2.26,"REZ1",0.851217074440396
"Matt Merrill","sa3004364",0.0418,NA,NA,NA
"Matt Mikulski","sa3017874",0.0408,NA,NA,NA
"Matt Milburn","sa913084",0.0497,NA,NA,NA
"Matt Minnick","sa3011369",0.0468,NA,NA,NA
"Matt Moore","1890",1.82340470588235,1.746,"REZ1",1.04433259214339
"Matt Mullenbach","sa3010581",0.0478,NA,NA,NA
"Matt Osterberg","sa3017462",2.028,NA,NA,NA
"Matt Peacock","20339",0.0466,NA,NA,NA
"Matt Pidich","sa915680",0.0461,NA,NA,NA
"Matt Pushard","sa3019955",1.62756,NA,NA,NA
"Matt Ruppenthal","sa915693",0.0472,NA,NA,NA
"Matt Russell","sa3017256",1.02255,NA,NA,NA
"Matt Sauer","22284",1.62158333333333,2.108,"REZ1",0.769252055660974
"Matt Seelinger","sa3004483",0.52325,NA,NA,NA
"Matt Shoemaker","4776",0.0479,NA,NA,NA
"Matt Sparling","sa3017658",0.0399,NA,NA,NA
"Matt Stil","sa1170297",0.037,NA,NA,NA
"Matt Strahm","13799",4.72556823529412,5.214,"REZ1",0.90632302172883
"Matt Svanson","sa3017070",2.135,NA,NA,NA
"Matt Swarmer","19705",0.0479,NA,NA,NA
"Matt Tabor","sa3005334",2.02325,NA,NA,NA
"Matt Turner","sa3005029",0.0419,NA,NA,NA
"Matt Vogel","sa738652",0.0481,NA,NA,NA
"Matt Waldron","25550",5.38390470588235,9.223,"REZ1",0.583747664087862
"Matt Walker","sa1169914",0.046,NA,NA,NA
"Matt Wilkinson","sa3023171",0.0535,NA,NA,NA
"Matt Willrodt","sa3007478",0.0455,NA,NA,NA
"Matt Wisler","12804",0.047,NA,NA,NA
"Matt Wyatt","sa3020832",0.0408,NA,NA,NA
"Matthew Bollenbacher","sa3022954",0.0407,NA,NA,NA
"Matthew Boyd","15440",5.91396705882353,2.789,"REZ1",2.12046147681016
"Matthew Kent","sa875610",0.0522,NA,NA,NA
"Matthew Liberatore","22294",4.54762705882353,5.894,"REZ1",0.77156889359069
"Matthew Linskey","sa3022795",0.0439,NA,NA,NA
"Matthew McMillan","sa3017279",0.0395,NA,NA,NA
"Matthew Peguero","sa3003164",0.0409,NA,NA,NA
"Matthew Swain","sa1170357",0.0414,NA,NA,NA
"Matthew Thompson","sa3011866",2.52335,NA,NA,NA
"Mauricio Colmenares","sa3022042",0.031,NA,NA,NA
"Mauricio Estrella","sa3018857",0.0406,NA,NA,NA
"Mauricio Llovera","20080",1.33058333333333,2.863,"REZ1",0.464751426242869
"Mauricio Maican","sa3018347",0.0308,NA,NA,NA
"Mauricio Veliz","sa3015959",0.0355,NA,NA,NA
"Mavis Graves","sa3021472",0.0479,NA,NA,NA
"Max Alba","sa3020525",0.0441,NA,NA,NA
"Max Bain","sa3014932",0.0438,NA,NA,NA
"Max Carlson","sa3023274",0.0426,NA,NA,NA
"Max Castillo","21956",2.10745833333333,2.527,"REZ1",0.833976388339269
"Max Fried","13743",11.9158588235294,10.865,"REZ1",1.09671963401099
"Max Gieg","sa3019954",0.0416,NA,NA,NA
"Max Kranick","22175",1.86473414285714,NA,NA,NA
"Max Kuhns","sa918473",0.0475,NA,NA,NA
"Max Lazar","23426",2.60964941176471,2.844,"REZ1",0.917598246049475
"Max Meyer","27474",5.99888823529412,4.779,"REZ1",1.25526014548946
"Max Rajcic","sa3020746",2.09628,NA,NA,NA
"Max Roberts","sa3004014",1.02375,NA,NA,NA
"Max Scherzer","3137",7.16028,6.876,"REZ1",1.04134380453752
"Maximo Gonzalez","sa3024541",0.029,NA,NA,NA
"Maximo Martinez","sa3016026",0.0292,NA,NA,NA
"Maxwel Hernandez","sa3018822",0.0338,NA,NA,NA
"Maycold Leon","sa3008693",0.0404,NA,NA,NA
"McCade Brown","sa3017812",0.0355,NA,NA,NA
"McKinley Moore","25663",1.21283333333333,2.153,"REZ1",0.563322495742375
"Melkis Hernandez","sa3019148",0.0389,NA,NA,NA
"Melvi Acosta","sa917401",0.0461,NA,NA,NA
"Melvin Adon","sa873314",1.02365,NA,NA,NA
"Melvin Hernandez","sa3021785",0.0404,NA,NA,NA
"Melvin Javier","sa3019133",0.0337,NA,NA,NA
"Melvin Pineda","sa3018815",0.0317,NA,NA,NA
"Melvin Rodriguez","sa3024087",0.0323,NA,NA,NA
"Melvyn Amador","sa3019187",0.0322,NA,NA,NA
"Merlin Bido","sa3023821",0.0293,NA,NA,NA
"Merrick Baldo","sa3022957",0.0398,NA,NA,NA
"Merrill Kelly","11156",7.83855764705882,3.708,"REZ1",2.11395837299321
"Mervin Fell","sa3022267",0.0336,NA,NA,NA
"Micah Dallas","sa3020391",0.0459,NA,NA,NA
"Micah Ottenbreit","sa3017860",0.0411,NA,NA,NA
"Michael Arias","sa3017036",0.850524333333333,NA,NA,NA
"Michael Baird","sa3006810",0.0423,NA,NA,NA
"Michael Bienlien","sa3010649",0.52305,NA,NA,NA
"Michael Boyle","sa857604",1.02265,NA,NA,NA
"Michael Brettell","sa3008020",0.0461,NA,NA,NA
"Michael Brewer","sa3015149",0.0454,NA,NA,NA
"Michael Brewer","sa3021465",0.0396,NA,NA,NA
"Michael Byrne","sa3008227",1.02485,NA,NA,NA
"Michael Costanzo","sa3007620",0.0466,NA,NA,NA
"Michael Cuevas","sa3011437",2.5218,NA,NA,NA
"Michael Danielak","sa918811",0.0462,NA,NA,NA
"Michael DarrellHicks","sa3020438",1.47177083333333,NA,NA,NA
"Michael Dominguez","sa3011198",1.52235,NA,NA,NA
"Michael Feliz","11903",0.0477,NA,NA,NA
"Michael Flynn","sa3006803",0.928551666666667,NA,NA,NA
"Michael Forret","sa3023479",0.0466,NA,NA,NA
"Michael Fulmer","13218",1.96141058823529,-0.542,"REZ1",-3.61883872368135
"Michael Giacone","sa3014802",0.0492,NA,NA,NA
"Michael Gomez","sa3008454",1.5235,NA,NA,NA
"Michael Grove","23221",2.81766705882353,4.069,"REZ1",0.692471629103841
"Michael Hobbs","sa3017498",0.5238,NA,NA,NA
"Michael Horrell","sa3010322",0.0462,NA,NA,NA
"Michael Kelly","12791",1.75555705882353,3.195,"REZ1",0.549470127957286
"Michael Kennedy","sa3021728",0.0473,NA,NA,NA
"Michael King","19853",11.4663294117647,6.347,"REZ1",1.80657466704974
"Michael Kirian","sa3017594",0.0427,NA,NA,NA
"Michael Knorr","sa3020872",2.02665,NA,NA,NA
"Michael Kopech","17282",3.85116941176471,4.902,"REZ1",0.7856322749418
"Michael Krauza","sa3019634",0.0461,NA,NA,NA
"Michael Limoncelli","sa3015096",0.0379,NA,NA,NA
"Michael Lorenzen","14843",5.90377411764706,3.247,"REZ1",1.81822424319281
"Michael Mariot","10835",2.636,3.201,"REZ1",0.823492658544205
"Michael Martinez","sa3006415",0.0452,NA,NA,NA
"Michael McAvene","sa3011727",0.0446,NA,NA,NA
"Michael McGreevy","29869",3.48005882352941,5.071,"REZ1",0.686266776479868
"Michael Mercado","23223",2.06513411764706,2.327,"REZ1",0.887466316135393
"Michael Morales","sa3017783",3.02545,NA,NA,NA
"Michael Peres","sa3019120",0.037,NA,NA,NA
"Michael Petersen","20827",2.21952352941176,4.194,"REZ1",0.529214003197846
"Michael Pineda","5372",0.0506,NA,NA,NA
"Michael Plassmeyer","23191",2.831125,4.349,"REZ1",0.65098298459416
"Michael Prosecky","sa3020526",0.041,NA,NA,NA
"Michael Rucker","19454",1.36133333333333,3.046,"REZ1",0.446924928868461
"Michael Sansone","sa3020083",0.0425,NA,NA,NA
"Michael Saturria","sa3018311",0.037,NA,NA,NA
"Michael Soroka","18383",5.08965294117647,3.94,"REZ1",1.29179008659301
"Michael Stryffeler","sa3010005",0.0479,NA,NA,NA
"Michael Tonkin","10315",3.08606117647059,2.637,"REZ1",1.1702924446229
"Michael Valera","sa3011862",0.0413,NA,NA,NA
"Michael Valverde","sa3022157",0.0362,NA,NA,NA
"Michael Vilchez","sa3016605",0.0359,NA,NA,NA
"Michael Wacha","14078",9.41662470588235,9.068,"REZ1",1.03844560056047
"Michael YaSenka","sa1170117",0.0449,NA,NA,NA
"Michel Baez","20100",0.0459,NA,NA,NA
"Michel Otanez","22533",3.41793529411765,3.219,"REZ1",1.06180033989365
"Michele Vassalotti","sa3004802",0.0407,NA,NA,NA
"Michell Chirinos","sa3022001",0.0303,NA,NA,NA
"Michell Miliano","sa3005188",0.0446,NA,NA,NA
"Mick Abel","sa3014534",1.64744971428571,NA,NA,NA
"Miguel Aguilar","19246",0.0461,NA,NA,NA
"Miguel Alfonseca","sa3009753",0.0402,NA,NA,NA
"Miguel Castro","15684",2.54526470588235,3.443,"REZ1",0.739257829184535
"Miguel Cienfuegos","sa3020816",3.0254,NA,NA,NA
"Miguel Cordero","sa3022005",0.0334,NA,NA,NA
"Miguel Cordones","sa3009493",0.0363,NA,NA,NA
"Miguel Cruz","sa3021768",0.0313,NA,NA,NA
"Miguel Del Pozo","18792",0.0501,NA,NA,NA
"Miguel Diaz","18815",1.68464516363636,3.994,"REZ1",0.421793981881914
"Miguel Flores","sa3024465",0.0334,NA,NA,NA
"Miguel Fulgencio","sa3020892",0.0404,NA,NA,NA
"Miguel Gil","sa3015329",0.0403,NA,NA,NA
"Miguel Gomez","sa3009527",0.0405,NA,NA,NA
"Miguel Gomez","sa3022149",0.0313,NA,NA,NA
"Miguel Guerrero","sa3014872",0.0411,NA,NA,NA
"Miguel Hernandez","sa3019115",0.0365,NA,NA,NA
"Miguel Martinez","sa3015445",0.0373,NA,NA,NA
"Miguel Medrano","sa947763",0.0473,NA,NA,NA
"Miguel Mendez","sa3015506",0.0408,NA,NA,NA
"Miguel Mesa","sa3019066",0.0298,NA,NA,NA
"Miguel Mora","sa3015985",0.0379,NA,NA,NA
"Miguel Olivares","sa3018813",0.0374,NA,NA,NA
"Miguel Padilla","sa3009740",0.0382,NA,NA,NA
"Miguel Pena","sa3003115",0.0469,NA,NA,NA
"Miguel Pozo","sa3016581",0.0385,NA,NA,NA
"Miguel Rodriguez","sa3006570",1.523,NA,NA,NA
"Miguel Rondon","sa3006068",0.0318,NA,NA,NA
"Miguel Sanchez","20074",0.0465,NA,NA,NA
"Miguel Segura","sa3015426",0.0331,NA,NA,NA
"Miguel Suero","sa3006066",0.0404,NA,NA,NA
"Miguel Toscano","sa3022031",0.0317,NA,NA,NA
"Miguel Ullola","sa3016504",2.5259,NA,NA,NA
"Miguel Valdez","sa3021025",0.0406,NA,NA,NA
"Miguel Vinicio","sa3008164",0.0405,NA,NA,NA
"Miguel Yajure","21111",0.0475,NA,NA,NA
"Miguelangel Boadas","sa3015427",0.0413,NA,NA,NA
"Mike Adams","sa3014875",0.0467,NA,NA,NA
"Mike Baumann","20206",1.94691581818182,3.297,"REZ1",0.59051131882979
"Mike Burrows","24728",2.09721411764706,2.149,"REZ1",0.975902334875318
"Mike Clevinger","12808",1.85725176470588,2.587,"REZ1",0.717917187748698
"Mike Ellenbest","sa918550",0.0513,NA,NA,NA
"Mike Foltynewicz","10811",0.0478,NA,NA,NA
"Mike Mayers","15451",1.35158333333333,0.492,"REZ1",2.74712059620596
"Mike Minor","10021",0.0536,NA,NA,NA
"Mike Mokma","sa3014794",0.0425,NA,NA,NA
"Mike Montgomery","4869",0.0488,NA,NA,NA
"Mike Morin","13442",0.0454,NA,NA,NA
"Mike Paredes","sa3017968",1.52315,NA,NA,NA
"Mike Ruff","sa3011125",0.0454,NA,NA,NA
"Mike Vasil","sa3017915",3.02948428571429,NA,NA,NA
"Mike Walsh","sa3020337",0.0413,NA,NA,NA
"Mike Wright Jr","12586",0.0447,NA,NA,NA
"Mikell Manzano","sa3015441",0.0426,NA,NA,NA
"Mikey Tepper","sa3023065",0.0413,NA,NA,NA
"Miles Mikolas","9803",8.94794470588235,8.59,"REZ1",1.04166993083613
"Miller Hogan","sa3007806",0.0495,NA,NA,NA
"Misael Lopez","sa3021518",0.0361,NA,NA,NA
"Misael Tamarez","sa3009632",2.02505,NA,NA,NA
"Mitch Bratt","sa3017719",2.527,NA,NA,NA
"Mitch Farris","sa3022912",0.0512,NA,NA,NA
"Mitch Keller","17594",10.5996988235294,11.496,"REZ1",0.922033648532482
"Mitch Miller","sa3018279",0.0468,NA,NA,NA
"Mitch Myers","sa3018179",0.0457,NA,NA,NA
"Mitch Neunborn","sa3021722",2.02395,NA,NA,NA
"Mitch Ragan","sa3009944",0.0466,NA,NA,NA
"Mitch Spence","27707",6.49002,8.757,"REZ1",0.741123672490579
"Mitch White","19225",1.99604166666667,1.854,"REZ1",1.0766136281913
"Mitchell Kilkenny","sa3010119",0.0453,NA,NA,NA
"Mitchell Parker","27636",7.47708823529412,7.916,"REZ1",0.944553844781975
"Mitchell Stumpo","sa3011585",1.52345,NA,NA,NA
"Mitchell Tyranski","sa3011235",0.0472,NA,NA,NA
"Moises Amezquita","sa3022203",0.0372,NA,NA,NA
"Moises Brito","sa3018900",0.0416,NA,NA,NA
"Moises Chace","sa3015346",1.52605,NA,NA,NA
"Moises Diaz","sa3005464",0.0419,NA,NA,NA
"Moises Lira","sa3019058",0.0287,NA,NA,NA
"Moises Lugo","sa3002814",0.048,NA,NA,NA
"Moises Meza","sa3023822",0.0317,NA,NA,NA
"Moises Palma","sa3019162",0.0358,NA,NA,NA
"Moises Rodriguez","sa3017389",0.0393,NA,NA,NA
"Montana Semmel","sa3011751",0.04,NA,NA,NA
"Morgan McSweeney","sa3010781",0.523,NA,NA,NA
"Morris Austin","sa3022955",0.0356,NA,NA,NA
"Mychal Givens","10430",1.67716666666667,4.948,"REZ1",0.338958501751549
"Myles Gayman","sa3015275",0.0433,NA,NA,NA
"Nabil Crismatt","17732",1.28706563636364,2.224,"REZ1",0.578716563113146
"Naoyuki Uwasawa","33828",1.72670833333333,2.741,"REZ1",0.629955612306944
"Nash Walters","25413",1.0233,NA,NA,NA
"Naswell Paulino","sa3002998",0.0451,NA,NA,NA
"Natanael Garabitos","sa3011099",0.0404,NA,NA,NA
"Natanael Polanco","sa3016715",0.0367,NA,NA,NA
"Nate Dahle","sa3020476",1.52285,NA,NA,NA
"Nate Fisher","25512",0.0464,NA,NA,NA
"Nate Garkow","sa3025043",0.0488,NA,NA,NA
"Nate Griep","sa875199",0.0461,NA,NA,NA
"Nate Jones","4696",0.0459,NA,NA,NA
"Nate Jones","sa3010003",0.0419,NA,NA,NA
"Nate Lavender","sa3017917",1.520715,NA,NA,NA
"Nate Pearson","20160",2.36091058823529,2.253,"REZ1",1.04789639957181
"Nate Peterson","sa3020804",2.0248,NA,NA,NA
"Nate Savino","sa3023565",0.0413,NA,NA,NA
"Nate Tellier","sa3015288",0.0418,NA,NA,NA
"Nathan Burns","sa3017309",0.0459,NA,NA,NA
"Nathan Eovaldi","9132",10.0998588235294,10.902,"REZ1",0.926422566825299
"Nathan Karaffa","sa3021466",0.042,NA,NA,NA
"Nathan Kirby","sa874754",0.0513,NA,NA,NA
"Nathan Landry","sa3020485",0.0423,NA,NA,NA
"Nathan Webb","sa918814",0.047,NA,NA,NA
"Nathan Wiles","sa3010307",2.0236,NA,NA,NA
"Nathan Witt","sa3005340",0.046,NA,NA,NA
"Nathanael Cruz","sa3016457",0.0389,NA,NA,NA
"Nathanael Heredia","sa3009986",1.0229,NA,NA,NA
"Nathanael Perez Gonzalez","sa3017137",0.0402,NA,NA,NA
"Nathanael Perez Lopez","sa3002988",0.042,NA,NA,NA
"Nazier Mule","sa3023566",0.0368,NA,NA,NA
"Neftali Feliz","18",0,NA,NA,NA
"Neiver Acosta","sa3019433",0.0353,NA,NA,NA
"Nelfri Contreras","sa3002809",0.0416,NA,NA,NA
"Nelfri Payano","sa3019260",0.0354,NA,NA,NA
"Nelfy Ynfante","sa3019149",0.0412,NA,NA,NA
"Nelson L Alvarez","sa3010783",1.52405,NA,NA,NA
"Nelvin Correa","sa3003103",0.0469,NA,NA,NA
"Nelvis Ochoa","sa3015932",0.0212,NA,NA,NA
"Neraldo Catalina","sa1172730",0.0418,NA,NA,NA
"Nestor Cortes","17874",8.42300588235294,7.725,"REZ1",1.09035674852465
"Nestor German","sa3023517",0.0486,NA,NA,NA
"Nestor Lorant","sa3011640",0.0421,NA,NA,NA
"Nic Enright","sa3010299",2.27736714285714,NA,NA,NA
"Nic Swanson","sa3017551",0.0503,NA,NA,NA
"Nicholas Padilla","21327",1.02475,1.028,"REZ1",0.996838521400778
"Nicholas Regalado","sa3020184",0.0469,NA,NA,NA
"Nick Allgeyer","24486",0.0474,NA,NA,NA
"Nick Altermatt","sa3023451",0.0399,NA,NA,NA
"Nick Anderson","18337",2.35718576470588,1.822,"REZ1",1.29373532640279
"Nick Avila","25667",2.34241666666667,3.937,"REZ1",0.59497502328338
"Nick Bautista III","sa3020974",0.0393,NA,NA,NA
"Nick Bennett","sa3011410",2.0248,NA,NA,NA
"Nick Bitsko","sa3014476",0.0357,NA,NA,NA
"Nick Burdi","16074",0.770333333333333,1.998,"REZ1",0.385552218885552
"Nick Bush","sa3007838",0.0471,NA,NA,NA
"Nick Davila","sa3014980",0.0478,NA,NA,NA
"Nick Dean","sa3023506",0.0452,NA,NA,NA
"Nick Dombkowski","sa3017201",2.52255,NA,NA,NA
"Nick Duron","21092",0.0486,NA,NA,NA
"Nick Ernst","sa3010558",0.0455,NA,NA,NA
"Nick Frasso","sa3014492",0.6565548,NA,NA,NA
"Nick Fraze","sa3010250",1.02485,NA,NA,NA
"Nick Gallagher","sa3005408",0.0463,NA,NA,NA
"Nick Garcia","sa3014501",1.5228,NA,NA,NA
"Nick Hernandez","19281",2.91899411764706,3.268,"REZ1",0.893205054359565
"Nick Highberger","sa872728",0.0455,NA,NA,NA
"Nick Howard","sa827196",0.046,NA,NA,NA
"Nick Hull","sa3020624",1.524,NA,NA,NA
"Nick Jones","sa3017419",1.52385,NA,NA,NA
"Nick Kennedy","sa3004987",0.047,NA,NA,NA
"Nick Krauth","sa3015006",2.0212,NA,NA,NA
"Nick Kuzia","sa3004493",0.0457,NA,NA,NA
"Nick Lockhart","sa3011743",0.0429,NA,NA,NA
"Nick Lodolo","26378",7.79457058823529,7.502,"REZ1",1.03899901202817
"Nick Margevicius","20395",0.0502,NA,NA,NA
"Nick Martinez","12730",8.13267529411765,7.823,"REZ1",1.0395852350911
"Nick Mears","25376",3.05793529411765,3.427,"REZ1",0.892306768053005
"Nick Merkel","sa3019962",2.0242,NA,NA,NA
"Nick Mikolajchak","sa3010303",1.02195,NA,NA,NA
"Nick Mondak","sa3017274",0.0456,NA,NA,NA
"Nick Morreale","sa3011533",1.52345,NA,NA,NA
"Nick Nastrini","29833",3.05054705882353,3.364,"REZ1",0.906821361124711
"Nick Neidert","18699",0.0493,NA,NA,NA
"Nick Nelson","20153",1.60101090909091,3.144,"REZ1",0.509227388387694
"Nick Paciorek","sa3011141",0.0427,NA,NA,NA
"Nick Payero","sa3022956",1.02335,NA,NA,NA
"Nick Pivetta","15454",9.56508705882353,8.366,"REZ1",1.14332859895094
"Nick Pogue","sa3020379",0.0403,NA,NA,NA
"Nick Ramirez","12575",0.690958333333333,-0.974,"REZ1",-0.709402806297057
"Nick Raquet","sa3004658",2.0253,NA,NA,NA
"Nick Richmond","sa3011538",1.02315,NA,NA,NA
"Nick Robertson","26226",1.89652588235294,2.42,"REZ1",0.783688381137579
"Nick Roth","sa3010669",0.0438,NA,NA,NA
"Nick Sandlin","20517",3.39788235294118,2.792,"REZ1",1.217006573403
"Nick Sando","sa3023511",0.041,NA,NA,NA
"Nick Sinacola","sa3017862",2.52505,NA,NA,NA
"Nick Snyder","23493",0.0496,NA,NA,NA
"Nick Starr","sa3008488",0.0457,NA,NA,NA
"Nick Swiney","sa3014542",1.02325,NA,NA,NA
"Nick Thwaits","sa3008333",0.0451,NA,NA,NA
"Nick TrogrlicIverson","sa3014782",0.0455,NA,NA,NA
"Nick Tropeano","12385",0.0437,NA,NA,NA
"Nick Vespi","21093",1.12191666666667,1.609,"REZ1",0.697275740625647
"Nick Vincent","7555",0.0463,NA,NA,NA
"Nick Wittgren","15594",0.745958333333333,-0.638,"REZ1",-1.16921368861024
"Nick Zwack","sa3017867",0.0528,NA,NA,NA
"Nico Zeglin","sa3023549",0.049,NA,NA,NA
"Nicolas Carreno","sa3022004",0.0324,NA,NA,NA
"Nicolas Cruz","sa3019461",0.0461,NA,NA,NA
"Nicolas De La Cruz","sa3021796",0.0275,NA,NA,NA
"Nicolo Pinazzi","sa3015335",0.0403,NA,NA,NA
"Nigel Belgrave","sa3023180",2.02245,NA,NA,NA
"Niklas Rimmel","sa3008426",0.0422,NA,NA,NA
"Nivaldo Rodriguez","22449",0.0454,NA,NA,NA
"Nixon Encarnacion","sa3018319",0.0229,NA,NA,NA
"Nixon Parra","sa3016520",0.0365,NA,NA,NA
"Noah Bremer","sa915571",0.0495,NA,NA,NA
"Noah Cameron","sa3018097",1.861475,NA,NA,NA
"Noah Davis","25862",1.24665250909091,2.316,"REZ1",0.538278285445125
"Noah Dean","sa3020740",0.0433,NA,NA,NA
"Noah Denoyer","sa3011889",0.0528,NA,NA,NA
"Noah Gotsis","sa3011844",0.0465,NA,NA,NA
"Noah Murdock","sa919012",1.70630714285714,NA,NA,NA
"Noah Owen","sa3017272",0.0448,NA,NA,NA
"Noah Ruen","sa3022913",0.0431,NA,NA,NA
"Noah Schultz","sa3020949",1.55402833333333,NA,NA,NA
"Noah Skirrow","sa3014845",2.0228,NA,NA,NA
"Noah Song","sa3011695",0.0467,NA,NA,NA
"Noah Syndergaard","11762",2.32597266666667,5.701,"REZ1",0.407993802256914
"Noah Takacs","sa3023612",0.0373,NA,NA,NA
"Noah Zavolas","sa3006770",0.0488,NA,NA,NA
"Noble Meyer","sa3022945",0.0353,NA,NA,NA
"Noe Ramirez","12800",0.0454,NA,NA,NA
"Noe Toribio","sa3003041",0.046,NA,NA,NA
"Noel Vela","sa3005177",0.0489,NA,NA,NA
"Noelin Cuevas","sa3019054",0.0357,NA,NA,NA
"Nolan Blackwood","sa874212",1.02305,NA,NA,NA
"Nolan Clenney","sa3015328",1.52405,NA,NA,NA
"Nolan DeVos","sa3020453",0.0458,NA,NA,NA
"Nolan Hoffman","sa3007471",2.02435,NA,NA,NA
"Nolan Kingham","sa3008224",0.0561,NA,NA,NA
"Nolan Martinez","sa917988",0.0411,NA,NA,NA
"Nolan McLean","sa3023053",3.0295,NA,NA,NA
"Nolan Perry","sa3021476",0.0409,NA,NA,NA
"Nolan Santos","sa3023104",0.0418,NA,NA,NA
"Nolan Watson","sa874732",1.5246,NA,NA,NA
"Nolberto Henriquez","sa3011137",0.0403,NA,NA,NA
"Nomar Medina","sa3015372",0.0403,NA,NA,NA
"Nomar Rojas","sa3009742",0.0455,NA,NA,NA
"Norbis Diaz","sa3021541",0.0312,NA,NA,NA
"Norge Ruiz","19580",0.0466,NA,NA,NA
"Norge Vera","sa3017468",0.0483,NA,NA,NA
"Norwith Gudino","sa872808",0.0446,NA,NA,NA
"Nyan Hernandez","sa3009475",0.0309,NA,NA,NA
"Ocean Gabonia","sa3017391",0.0433,NA,NA,NA
"Odalvi Javier","sa877574",0.0439,NA,NA,NA
"Odarlin Cruz","sa3021814",0.0361,NA,NA,NA
"Oddanier Mosqueda","sa917882",2.02475,NA,NA,NA
"Odrisamer Despaigne","16017",0.0513,NA,NA,NA
"Ofelky Peralta","sa828239",0.0452,NA,NA,NA
"Ofreidy Gomez","sa737451",0.0475,NA,NA,NA
"Oliver Camilo","sa3022019",0.0348,NA,NA,NA
"Oliver Eusebio","sa3021007",0.0353,NA,NA,NA
"Oliver Garcia","sa917415",0.0453,NA,NA,NA
"Oliver Mateo","sa3005451",0.0398,NA,NA,NA
"Oliver Ortega","21025",1.06233333333333,1.245,"REZ1",0.853279785809906
"Olmandi Diaz","sa3016484",0.0313,NA,NA,NA
"Omar Cruz","sa3006971",1.28407528571429,NA,NA,NA
"Omar Gonzalez","sa3019380",0.0328,NA,NA,NA
"Omar Munoz","sa3018282",0.036,NA,NA,NA
"Omar Victorino","sa3019273",0.0394,NA,NA,NA
"Omar Yanez","sa3015977",0.0366,NA,NA,NA
"Onias Jimenez","sa3019505",0.0367,NA,NA,NA
"Oriel Castro","sa3008264",0.0406,NA,NA,NA
"Orion Kerkering","31776",4.0024,4.664,"REZ1",0.858147512864494
"Orlando Barrios","sa3009598",0.036,NA,NA,NA
"Orlando Gil","sa3008707",0.0349,NA,NA,NA
"Orlando Gonzalez","sa3024196",0.0385,NA,NA,NA
"Orlando OrtizMayr","sa3018181",2.02095,NA,NA,NA
"Orlando Ribalta","26247",1.68789733333333,3.291,"REZ1",0.5128828117087
"Orlando Rodriguez","sa3011421",0.0426,NA,NA,NA
"Orlando Suarez","sa3023863",0.0307,NA,NA,NA
"Osbriel Mogollon","sa3019150",0.0398,NA,NA,NA
"Oscar Moreta","sa3019069",0.0363,NA,NA,NA
"Oscar Paredes","sa3016040",0.0354,NA,NA,NA
"Oscar Rayo","sa3016749",0.0478,NA,NA,NA
"Oscar Rojas","sa3005098",0.0561,NA,NA,NA
"Oscar Romero","sa3024520",0.0299,NA,NA,NA
"Osiel Rodriguez","sa3009991",0.043,NA,NA,NA
"Osiris German","sa3003046",0.0469,NA,NA,NA
"Osiris Santana","sa3009738",0.0367,NA,NA,NA
"Osvaldo Berrios","sa3004702",0.0461,NA,NA,NA
"Osvaldo Bido","23150",5.58924352941176,5.264,"REZ1",1.06178638476667
"Osvaldo De La Rosa","sa3005460",0.0397,NA,NA,NA
"Osvaldo Hernandez","sa975541",0.049,NA,NA,NA
"Oswald Medina","sa3015928",0.0397,NA,NA,NA
"Oswaldo Aponte","sa3021023",0.0299,NA,NA,NA
"Over Galue","sa3008533",0.0428,NA,NA,NA
"Ovis Portes","sa3019644",0.0362,NA,NA,NA
"Owen Holt","sa3017861",1.5216,NA,NA,NA
"Owen Kellington","sa3018801",0.0357,NA,NA,NA
"Owen Murphy","sa3020330",0.0537,NA,NA,NA
"Owen Sharts","sa3019236",0.0387,NA,NA,NA
"Owen White","22273",0.982589223529412,2.913,"REZ1",0.33731178287999
"Owen Wild","sa3023278",0.0477,NA,NA,NA
"PJ Poulin","sa3007223",1.02385,NA,NA,NA
"Pablo Aldonis","sa3018289",0.0403,NA,NA,NA
"Pablo Garabitos","sa3007787",0.0471,NA,NA,NA
"Pablo Lopez","17085",11.9367764705882,9.396,"REZ1",1.27041043748278
"Pablo Mujica","sa3009596",0.0406,NA,NA,NA
"Packy Naughton","23292",0.934666666666667,0.48,"REZ1",1.94722222222222
"Palmer Wenzel","sa3018095",0.041,NA,NA,NA
"Paolo Espino","8246",1.47606434545455,3.219,"REZ1",0.458547482278517
"Parker Bugg","sa738946",0.0466,NA,NA,NA
"Parker Caracci","sa3010619",0.0455,NA,NA,NA
"Parker Dunshee","20018",1.53470833333333,1.591,"REZ1",0.964618688455898
"Parker Harm","sa3017198",0.0453,NA,NA,NA
"Parker Markel","12106",0.0468,NA,NA,NA
"Parker Messick","sa3020748",3.02765,NA,NA,NA
"Parker Mushinski","21324",0.557973272727273,0.688,"REZ1",0.81100766384778
"Pat Gallagher","sa3020938",0.0493,NA,NA,NA
"Patricio Aquino","sa3016510",0.0427,NA,NA,NA
"Patricio Ress","sa3016206",0.034,NA,NA,NA
"Patrick Copen","sa3023283",0.0468,NA,NA,NA
"Patrick Corbin","9323",5.38511411764706,8.125,"REZ1",0.6627832760181
"Patrick Halligan","sa3017319",1.52525,NA,NA,NA
"Patrick Maybach","sa3025063",0.0428,NA,NA,NA
"Patrick Monteverde","sa3016940",2.38648,NA,NA,NA
"Patrick Murphy","19712",0.150808,NA,NA,NA
"Patrick Murphy","sa3018252",0.0466,NA,NA,NA
"Patrick Pridgen","sa3020564",0.0391,NA,NA,NA
"Patrick Reilly","sa3023038",2.52585,NA,NA,NA
"Patrick Ruotolo","sa856262",0.0472,NA,NA,NA
"Patrick Sandoval","19447",2.73684623529412,7.898,"REZ1",0.346523959900496
"Patrick Smith","sa1170802",0.0473,NA,NA,NA
"Patrick Weigel","17792",1.0224,NA,NA,NA
"Patrick Wicklander","sa3017304",1.52305,NA,NA,NA
"Paul Blackburn","14739",5.47146705882353,5.01,"REZ1",1.09210919337795
"Paul Bonzagni","sa3022587",0.0487,NA,NA,NA
"Paul Campbell","22248",1.02295,NA,NA,NA
"Paul Chacon","sa3021499",0.0295,NA,NA,NA
"Paul Fry","15832",1.52435,NA,NA,NA
"Paul Gervase","sa3019957",1.5243,NA,NA,NA
"Paul Sewald","13892",3.00139058823529,3.354,"REZ1",0.894868988740398
"Paul Skenes","33677",11.4218941176471,10.93,"REZ1",1.04500403638125
"Paul Wilson","sa3023596",0.0297,NA,NA,NA
"Paulshawn Pasqualotto","sa3023476",0.038,NA,NA,NA
"Paxton Schultz","sa3010626",2.5253,NA,NA,NA
"Paxton Thompson","sa3023277",0.0432,NA,NA,NA
"Payton Martin","sa3020869",0.0448,NA,NA,NA
"Pedro Alfonseca","sa918899",0.0399,NA,NA,NA
"Pedro Almanzar","sa3015967",0.037,NA,NA,NA
"Pedro Avila","18864",1.40134545454545,0.044,"REZ1",31.8487603305785
"Pedro Da Costa Lemos","sa3016781",0.0405,NA,NA,NA
"Pedro Fernandez","sa657697",0.0501,NA,NA,NA
"Pedro Figueroa","sa3016293",0.0363,NA,NA,NA
"Pedro Garcia","sa3011805",0.0457,NA,NA,NA
"Pedro Garcia","sa3018872",0.0367,NA,NA,NA
"Pedro Gonzalez","sa3002617",0.0411,NA,NA,NA
"Pedro Marquez","sa3018310",0.0372,NA,NA,NA
"Pedro Payano","18313",0.0451,NA,NA,NA
"Pedro Peralta","sa3022182",0.0269,NA,NA,NA
"Pedro Reyes","sa3015994",0.039,NA,NA,NA
"Pedro Rodriguez","sa3015962",0.0377,NA,NA,NA
"Pedro Santillan","sa3015493",0.041,NA,NA,NA
"Pedro Santos","sa1171936",1.0228,NA,NA,NA
"Pedro Tucent","sa3024255",0.0308,NA,NA,NA
"Peniel Otano","sa3016751",0.0432,NA,NA,NA
"Penn Murfee","25174",1.96893482352941,2.685,"REZ1",0.733309059042611
"Pete Fairbanks","17998",3.5626,3.949,"REZ1",0.902152443656622
"Pete Hansen","sa3020798",0.054,NA,NA,NA
"Peter Bonilla","sa3018850",0.0372,NA,NA,NA
"Peter Heubeck","sa3017936",0.0474,NA,NA,NA
"Peter Lambert","17969",1.69866666666667,2.567,"REZ1",0.661732242565901
"Peter Solomon","20476",2.131375,2.67,"REZ1",0.798267790262172
"Peter Strzelecki","21367",1.46502658823529,2.96,"REZ1",0.494941414944356
"Peter Van Loon","sa3017543",1.52665,NA,NA,NA
"Peyton Alford","sa3016843",2.0235,NA,NA,NA
"Peyton Battenfield","25777",1.962125,1.661,"REZ1",1.18129139072848
"Peyton Glavine","sa3017533",0.042,NA,NA,NA
"Peyton Pallette","sa3020742",1.52125,NA,NA,NA
"Peyton Plumlee","sa3011654",0.0506,NA,NA,NA
"Peyton Remy","sa3005302",0.0472,NA,NA,NA
"Peyton Stumbo","sa3023009",0.0387,NA,NA,NA
"Peyton Williams","sa3010813",0.5229,NA,NA,NA
"Phil Bickford","18519",1.46930036363636,1.777,"REZ1",0.826843198444774
"Phil Maton","18064",2.71475529411765,2.159,"REZ1",1.25741329046672
"Philip Abner","sa3023305",0.0451,NA,NA,NA
"Phillip Diehl","20030",0.0457,NA,NA,NA
"Phillips Valdez","15605",0.0468,NA,NA,NA
"Phoenix Sanders","20541",0.0465,NA,NA,NA
"Pierce Banks","sa3019435",0.0417,NA,NA,NA
"Pierce Johnson","13435",3.90418352941176,2.667,"REZ1",1.46388583779969
"Pierson Ohl","sa3017977",2.5241,NA,NA,NA
"Pitterson Rosa","sa3018839",0.0354,NA,NA,NA
"PoYu Chen","sa3014699",2.5228,NA,NA,NA
"Porter Hodge","26413",3.39512235294118,3.793,"REZ1",0.895102123106031
"Prelander Berroa","22932",2.26196588235294,2.086,"REZ1",1.08435564829959
"Preston Johnson","sa3020565",0.0432,NA,NA,NA
"Preston Price","sa3017463",0.0393,NA,NA,NA
"Quinn Gudaitis","sa3020572",0.0387,NA,NA,NA
"Quinn Mathews","sa3023407",5.55386166666667,NA,NA,NA
"Quinn Priester","25977",2.63772470588235,2.973,"REZ1",0.887226608100354
"Quinton Low","sa3017921",0.0393,NA,NA,NA
"Quinton Martinez","sa3020109",0.0419,NA,NA,NA
"RJ Alaniz","10819",0.0466,NA,NA,NA
"RJ Alvarez","13401",0.0454,NA,NA,NA
"RJ Dabovich","sa3014431",0.047,NA,NA,NA
"RJ Freure","sa3008159",0.0415,NA,NA,NA
"RJ Petit","sa3017848",2.0235,NA,NA,NA
"Rael Santos","sa3006635",0.0388,NA,NA,NA
"Rafael Dolis","4185",0.0462,NA,NA,NA
"Rafael Gonzalez","sa3020995",0.041,NA,NA,NA
"Rafael Marcano","sa3008330",1.02265,NA,NA,NA
"Rafael Mendez","sa3015435",0.0368,NA,NA,NA
"Rafael Montero","12760",2.06680352941176,1.752,"REZ1",1.17968237980124
"Rafael Ohashi","sa3015040",0.0416,NA,NA,NA
"Rafael Sanchez","sa3018362",2.02695,NA,NA,NA
"Rafael Suero","sa3021774",0.0352,NA,NA,NA
"Rafelin Nivar","sa3018833",0.04,NA,NA,NA
"Raffi Vizcaino","sa736742",1.024,NA,NA,NA
"Raidel Martinez","sa3023350",0.0524,NA,NA,NA
"Railin Perez","sa3009622",0.0467,NA,NA,NA
"Raimon Gomez","sa3017645",0.0472,NA,NA,NA
"Raimy Rodriguez","sa3018326",0.0356,NA,NA,NA
"Rainiery Rodriguez","sa3007903",0.0411,NA,NA,NA
"Raisel Iglesias","17130",4.15891294117647,2.865,"REZ1",1.45162755363926
"Ralph Garza Jr","17682",0.0436,NA,NA,NA
"Ramon Cuevas","sa3019372",0.0347,NA,NA,NA
"Ramon Henriquez","sa3021507",0.0393,NA,NA,NA
"Ramon Perez","sa3004005",0.0478,NA,NA,NA
"Ramon Sanchez","sa3019132",0.0356,NA,NA,NA
"Rancel Duarte","sa3019463",0.0353,NA,NA,NA
"Randel Clemente","sa3016003",0.0408,NA,NA,NA
"Randry De Leon","sa3022025",0.0326,NA,NA,NA
"Randy Berigüete","sa3016199",0.0401,NA,NA,NA
"Randy Dobnak","23798",1.34252811764706,-0.341,"REZ1",-3.93703260307055
"Randy Labaut","sa3010615",1.5214,NA,NA,NA
"Randy Lara","sa3016245",0.0316,NA,NA,NA
"Randy Rodriguez","23974",2.84012117647059,3.202,"REZ1",0.88698350295771
"Randy Vasquez","24719",4.32931176470588,4.327,"REZ1",1.00053426501176
"Randy Wynne","25804",1.51791666666667,3.998,"REZ1",0.37966900116725
"Ranger Suarez","17277",10.4777764705882,12.402,"REZ1",0.844845707997761
"Ranwell Smith","sa3019267",0.0362,NA,NA,NA
"Raudy Gomez","sa3019548",0.0358,NA,NA,NA
"Raudy Rivera","sa3021813",0.0355,NA,NA,NA
"Raul Alcantara","12790",4,NA,NA,NA
"Raul Alcantara","sa3005696",0.0494,NA,NA,NA
"Raul Brito","sa928287",1.52445,NA,NA,NA
"Raul Rangel","sa3015212",0.0376,NA,NA,NA
"Ray Gaither","sa3017270",0.52385,NA,NA,NA
"Ray Kerr","23809",1.30551581818182,2.322,"REZ1",0.562237647795787
"Raymon Rosario","sa3022801",0.0336,NA,NA,NA
"Raymond Burgos","22370",1.56516666666667,1.77,"REZ1",0.884274952919021
"Raynel Espinal","19516",0.0486,NA,NA,NA
"Rayner Castillo","sa3015487",0.0404,NA,NA,NA
"Rayner Urbaez","sa3018880",0.0382,NA,NA,NA
"Rayven Antonio","sa3021808",0.0426,NA,NA,NA
"Reagan Todd","sa3006946",1.0245,NA,NA,NA
"Redinson Gomez","sa3016612",0.038,NA,NA,NA
"Reed Garrett","16866",4.84196235294118,4.754,"REZ1",1.01850280878022
"Reese Olson","24968",7.57767294117647,6.439,"REZ1",1.17684002813736
"Reese Sharp","sa3020561",0.0413,NA,NA,NA
"Reggie Crawford","sa3020457",0.5258,NA,NA,NA
"Reggie Lawson","sa917951",0.52215,NA,NA,NA
"Reggie McClain","19311",0.045,NA,NA,NA
"Regi Grace","sa3008101",1.0224,NA,NA,NA
"Reibyn Corona","sa3009521",0.0438,NA,NA,NA
"Reid Birlingmair","sa3007473",1.02255,NA,NA,NA
"Reid Detmers","27468",6.42012941176471,5.701,"REZ1",1.12614092470877
"Reid Johnston","sa3018183",0.0437,NA,NA,NA
"Reid Morgan","sa3009860",1.02325,NA,NA,NA
"Reid Schaller","sa3008023",0.0454,NA,NA,NA
"Reid VanScoter","sa3020839",3.02845,NA,NA,NA
"Reidis Sena","sa3009626",2.02345,NA,NA,NA
"Reilin Ramirez","sa3022115",0.0356,NA,NA,NA
"Reimy Beltre","sa3008680",0.0322,NA,NA,NA
"Reinaldo De Paula","sa3002820",0.046,NA,NA,NA
"Reinier Parra","sa3015401",0.0412,NA,NA,NA
"Reiss Knehr","21541",0.273,0.831,"REZ1",0.328519855595668
"Reiver Camacho","sa3023839",0.0321,NA,NA,NA
"Reiver Sanmartin","19754",1.703,2.598,"REZ1",0.655504234026174
"Renaldito Florian","sa3019126",0.0361,NA,NA,NA
"Renil Ramos","sa3022124",0.0288,NA,NA,NA
"Reny Artiles","sa3008716",0.038,NA,NA,NA
"Reudis Diaz","sa3021566",0.0347,NA,NA,NA
"Rex Brothers","9794",0.0481,NA,NA,NA
"Reyes Moronta","14966",0.797714285714286,2.675,"REZ1",0.298210947930574
"Reymin Guduan","13058",0.0476,NA,NA,NA
"Reynaldo Lopez","16400",10.216,8.063,"REZ1",1.26702220017363
"Reynaldo Yean","sa3018303",0.0425,NA,NA,NA
"Reynardo Cruz","sa3016032",0.0345,NA,NA,NA
"Reyson Santos","sa3008266",0.0405,NA,NA,NA
"Rhett Kouba","sa3017544",2.02535,NA,NA,NA
"Rhett Lowder","33876",4.89630352941176,2.831,"REZ1",1.72953144804372
"Ricardito Lorenzo","sa3018035",0.0364,NA,NA,NA
"Ricardo Brizuela","sa3019290",0.0343,NA,NA,NA
"Ricardo Estrada","sa3016017",0.0364,NA,NA,NA
"Ricardo Gomez","sa3019462",0.0364,NA,NA,NA
"Ricardo Montero","sa3018370",0.0351,NA,NA,NA
"Ricardo Pinto","16318",1.69995833333333,2.582,"REZ1",0.658388200361477
"Ricardo Quintana","sa3019758",0.0364,NA,NA,NA
"Ricardo Sanchez","17581",0.0487,NA,NA,NA
"Ricardo Velez","sa3017602",2.52325,NA,NA,NA
"Ricardo Yan","sa3016056",0.0481,NA,NA,NA
"Rich Hill","4806",3.19266666666667,4.031,"REZ1",0.79202844620855
"Richard Bleier","7803",0.48225,0.272,"REZ1",1.77297794117647
"Richard Fernandez","sa3018898",0.0332,NA,NA,NA
"Richard Fitts","30160",3.33109647058824,4.611,"REZ1",0.722423871305191
"Richard Gallardo","sa3009990",1.5258,NA,NA,NA
"Richard Guasch","sa3008434",1.52325,NA,NA,NA
"Richard Lovelady","19337",2.68154552941176,2.446,"REZ1",1.09629825405223
"Richard Rodriguez","13549",0.0467,NA,NA,NA
"Richy Valdez","sa3019083",0.036,NA,NA,NA
"Rickey Ramirez","sa3004644",0.0419,NA,NA,NA
"Ricky Castro","sa3023681",0.0435,NA,NA,NA
"Ricky DeVito","sa1116003",0.5211,NA,NA,NA
"Ricky Karcher","23449",1.346375,2.962,"REZ1",0.454549291019581
"Ricky Salinas","sa3007456",0.0424,NA,NA,NA
"Ricky Tiedemann","sa3018096",1.53015,NA,NA,NA
"Ricky Vanasco","23391",1.37060488888889,2.111,"REZ1",0.649268066740355
"Rico Garcia","20023",1.449,1.067,"REZ1",1.35801312089972
"Riggs Threadgill","sa3018111",0.0406,NA,NA,NA
"Riley Bauman","sa3023102",0.0337,NA,NA,NA
"Riley Cooper","sa3023503",0.0429,NA,NA,NA
"Riley Cornelio","sa3020830",0.0388,NA,NA,NA
"Riley Davis","sa3018145",0.0457,NA,NA,NA
"Riley Frey","sa3022909",0.0528,NA,NA,NA
"Riley Gowens","sa3022948",2.02255,NA,NA,NA
"Riley Martin","sa3017601",2.0248,NA,NA,NA
"Riley O'Brien","20348",2.69870352941176,3.093,"REZ1",0.872519731461935
"Riley Pint","21858",1.14,1.718,"REZ1",0.663562281722934
"Riley Smith","19826",0.048,NA,NA,NA
"Riley Thompson","sa876287",2.02445,NA,NA,NA
"Rio Britton","sa3023379",0.0437,NA,NA,NA
"Rio Gomez","sa3004676",0.0509,NA,NA,NA
"Riskiel Tineo","sa3018375",0.038,NA,NA,NA
"Rito Lugo","sa3008237",0.0475,NA,NA,NA
"River Ryan","29514",1.41854166666667,3.363,"REZ1",0.421808405193775
"Roansy Contreras","22810",1.88215882352941,1.228,"REZ1",1.53270262502395
"Rob Griswold","sa3018118",0.0458,NA,NA,NA
"Rob Hensey","sa3020332",0.0384,NA,NA,NA
"Rob Kaminsky","15792",0.52475,NA,NA,NA
"Rob Zastryzny","15094",1.35916890909091,3.164,"REZ1",0.429572980117228
"Robbie Baker","sa3008103",0.0464,NA,NA,NA
"Robbie Erlin","10354",0.0474,NA,NA,NA
"Robbie Hitt","sa3004463",0.0467,NA,NA,NA
"Robbie Peto","sa3014848",0.0427,NA,NA,NA
"Robbie Ray","11486",9.00601176470588,8.849,"REZ1",1.01774344724894
"Robby Ahlstrom","sa3018193",1.52375,NA,NA,NA
"Robby Snelling","sa3020707",2.065085,NA,NA,NA
"Robert Broom","sa3007235",0.0442,NA,NA,NA
"Robert Colina","sa3006133",0.0519,NA,NA,NA
"Robert Cruz","sa3006390",0.0321,NA,NA,NA
"Robert Dugger","19191",2.02395,NA,NA,NA
"Robert Garcia","23363",4.09360823529412,3.77,"REZ1",1.08583772819473
"Robert Gasser","29812",2.757875,3.903,"REZ1",0.706603894440174
"Robert Gsellman","13696",0.5235,NA,NA,NA
"Robert Kwiatkowski","sa3014929",2.5236,NA,NA,NA
"Robert Stephenson","13594",1.24814352941176,-1.361,"REZ1",-0.917078272896227
"Robert Stock","6576",0.0531,NA,NA,NA
"Robert Suarez","30115",3.99837058823529,3.04,"REZ1",1.31525348297214
"Robert Wegielnik","sa3023540",0.0393,NA,NA,NA
"Roberto Medina","sa3021498",0.0338,NA,NA,NA
"Robin Vazquez","sa3008265",0.0396,NA,NA,NA
"Robinson Hernandez","sa3005879",0.0417,NA,NA,NA
"Robinson Martinez","sa873188",0.0473,NA,NA,NA
"Robinson Pina","sa3003123",3.52385,NA,NA,NA
"Rodarni Salvador","sa3018889",0.0357,NA,NA,NA
"Roddery Munoz","25311",2.33687482352941,5.585,"REZ1",0.418419843067039
"Rodney Boone","sa3018107",1.52565,NA,NA,NA
"Rodney Hutchison","sa3008162",0.0456,NA,NA,NA
"Rodney Theophile","sa3008228",2.02455,NA,NA,NA
"Rodolfo De La Cruz","sa3019398",0.0327,NA,NA,NA
"Rodolfo Garrido","sa3018355",0.0296,NA,NA,NA
"Rodolfo Martinez","sa206642",0,NA,NA,NA
"Rodolfo Sanchez","sa3003009",0.0461,NA,NA,NA
"Rodolfo Toledano","sa3019276",0.0288,NA,NA,NA
"Roel Garcia III","sa3020253",0.0414,NA,NA,NA
"Roel Ramirez","16470",0.0475,NA,NA,NA
"Roelmy Garcia","sa3015434",0.0331,NA,NA,NA
"Roenis Elias","12673",0.0484,NA,NA,NA
"Roger Jorge","sa3019301",0.0318,NA,NA,NA
"Roger Rodriguez","sa3009234",0.0326,NA,NA,NA
"Roiber Talavera","sa3016799",0.0335,NA,NA,NA
"Roki Sasaki","sa3025686",10.7620371428571,NA,NA,NA
"Rolando Casihis","sa3018356",0.0322,NA,NA,NA
"Rolando Gutierrez","sa3018372",0.0419,NA,NA,NA
"Rolddy Munoz","sa3011575",1.41849166666667,NA,NA,NA
"Rolfi Jimenez","sa3016471",0.0317,NA,NA,NA
"Roman Angelo","sa3022737",0.0501,NA,NA,NA
"Roman Camacho","sa3023108",0.0289,NA,NA,NA
"Roman Perez","sa3018845",0.0358,NA,NA,NA
"Roman Phansalkar","sa3019949",0.0401,NA,NA,NA
"Ron Marinaccio","23488",1.99132588235294,2.09,"REZ1",0.952787503518154
"Ronal Herrera","sa3018862",0.036,NA,NA,NA
"Ronald Bolanos","20041",0.0458,NA,NA,NA
"Ronald Herrera","15688",0.0503,NA,NA,NA
"Ronald Medrano","sa737377",0.0507,NA,NA,NA
"Ronaldo Alesandro","sa3007627",0.043,NA,NA,NA
"Ronan Kopp","sa3017751",0.5249,NA,NA,NA
"Ronel Blanco","19407",8.39145882352941,2.535,"REZ1",3.31024016707275
"Ronnie Williams","sa828702",0.0504,NA,NA,NA
"Ronny Chalas","sa3015970",0.0399,NA,NA,NA
"Ronny Garcia","sa3003030",0.0432,NA,NA,NA
"Ronny Henriquez","24094",2.16141529411765,2.143,"REZ1",1.0085932310395
"Ronny Lopez","sa3021754",0.0311,NA,NA,NA
"Ronny Oliver","sa3016624",0.031,NA,NA,NA
"Ronny Robles","sa3019256",0.0364,NA,NA,NA
"Rony Cruz","sa3016611",0.0363,NA,NA,NA
"Rony Garcia","20430",0.0502,NA,NA,NA
"Roque Gutierrez","sa3015440",0.0429,NA,NA,NA
"Rorik Maltrud","sa3023510",0.0461,NA,NA,NA
"Ross Carver","sa3017069",1.52325,NA,NA,NA
"Ross Detwiler","2859",0.0477,NA,NA,NA
"Ross Dunn","sa3023414",0.0385,NA,NA,NA
"Ross Stripling","13273",2.33977541176471,3.821,"REZ1",0.612346352202226
"Rowan Wick","14646",0.0491,NA,NA,NA
"Roy Garcia","sa3002941",0.0469,NA,NA,NA
"Royber Salinas","sa3009243",1.509841,NA,NA,NA
"Royman Blanco","sa3008580",0.0401,NA,NA,NA
"Ruben Castillo","sa3015455",0.0385,NA,NA,NA
"Ruben De La Cruz","sa3018884",0.0354,NA,NA,NA
"Ruben Galindo","sa3015100",0.0451,NA,NA,NA
"Ruben Ramirez","sa3017474",0.042,NA,NA,NA
"Rubender Pena","sa3024097",0.0311,NA,NA,NA
"Rudit Pina","sa3022030",0.0271,NA,NA,NA
"Runelvis Toribio","sa3019243",0.0349,NA,NA,NA
"Russell Smith","sa3018191",1.023,NA,NA,NA
"Ruver Flores","sa3021571",0.0357,NA,NA,NA
"Ryan Ammons","sa3023523",0.0457,NA,NA,NA
"Ryan Anderson","sa1172845",1.0253,NA,NA,NA
"Ryan Bergert","sa3017418",1.76594,NA,NA,NA
"Ryan Birchard","sa3023449",0.041,NA,NA,NA
"Ryan Borucki","16350",1.17144188235294,1.972,"REZ1",0.594037465696218
"Ryan Bourassa","sa3022947",1.52495,NA,NA,NA
"Ryan Boyer","sa3018151",1.02395,NA,NA,NA
"Ryan Brady","sa3020313",2.02335,NA,NA,NA
"Ryan Brasier","5615",2.74119294117647,3.177,"REZ1",0.8628243440908
"Ryan Brown","sa3022939",0.0486,NA,NA,NA
"Ryan Buchter","9456",0.0452,NA,NA,NA
"Ryan Burr","17536",2.11213882352941,0.259,"REZ1",8.15497615262321
"Ryan Cardona","sa3017470",0.0415,NA,NA,NA
"Ryan Carpenter","12699",1.5263,NA,NA,NA
"Ryan Castellani","16377",0.0417,NA,NA,NA
"Ryan Chasse","sa3020266",0.0392,NA,NA,NA
"Ryan Conroy","sa3007906",0.0469,NA,NA,NA
"Ryan Costeiu","sa3017260",0.0439,NA,NA,NA
"Ryan Cusick","sa3017385",1.33694,NA,NA,NA
"Ryan Feltner","21446",7.03556117647059,7.455,"REZ1",0.943737247011481
"Ryan Fernandez","24862",3.38759647058824,3.592,"REZ1",0.943094785798506
"Ryan Garcia","sa3011190",2.52405,NA,NA,NA
"Ryan Gusto","sa3011818",2.321475,NA,NA,NA
"Ryan Harbin","sa3011733",0.0428,NA,NA,NA
"Ryan Hartman","19480",0.0466,NA,NA,NA
"Ryan Harvey","sa3021724",0.0372,NA,NA,NA
"Ryan Hawks","sa3022999",0.0445,NA,NA,NA
"Ryan Helsley","18138",4.34790705882353,1.721,"REZ1",2.52638411320368
"Ryan Hendrix","19535",0.0474,NA,NA,NA
"Ryan Hennen","sa3018277",1.5236,NA,NA,NA
"Ryan Jennings","sa3020634",1.02625,NA,NA,NA
"Ryan Jensen","sa3011496",2.024,NA,NA,NA
"Ryan Langford","sa3020880",0.5224,NA,NA,NA
"Ryan Lillie","sa3004740",0.0461,NA,NA,NA
"Ryan Lobus","sa3022744",3.0281,NA,NA,NA
"Ryan Long","sa3017616",1.52335,NA,NA,NA
"Ryan Loutos","29521",1.70375952941176,0.318,"REZ1",5.35773436921939
"Ryan Meisinger","18105",0.0462,NA,NA,NA
"Ryan Middendorf","sa3019506",1.0233,NA,NA,NA
"Ryan Miller","22187",1.23266872727273,1.691,"REZ1",0.728958443094457
"Ryan Murphy","sa3014871",1.52515,NA,NA,NA
"Ryan Nutof","sa915630",0.0464,NA,NA,NA
"Ryan Och","sa3017146",1.5249,NA,NA,NA
"Ryan Olson","sa918258",0.046,NA,NA,NA
"Ryan Pepiot","26221",8.91822823529412,5.246,"REZ1",1.70000538225202
"Ryan Pressly","7005",3.16425294117647,3.573,"REZ1",0.885601159019443
"Ryan Ramsey","sa3020605",0.0475,NA,NA,NA
"Ryan Rolison","sa3008244",1.02165,NA,NA,NA
"Ryan Sherriff","12249",0.253642857142857,0.77,"REZ1",0.329406307977737
"Ryan Shreve","sa3010555",2.02325,NA,NA,NA
"Ryan Smith","sa1159711",0.047,NA,NA,NA
"Ryan Sublette","sa3017781",1.52295,NA,NA,NA
"Ryan Tepera","10291",0.725,2.418,"REZ1",0.299834574028122
"Ryan Thompson","16647",4.21206588235294,3.323,"REZ1",1.26754916712397
"Ryan Vanderhei","sa3023671",0.0411,NA,NA,NA
"Ryan Walker","20423",4.85001411764706,4.149,"REZ1",1.16895977769271
"Ryan Watson","sa3015070",0.0484,NA,NA,NA
"Ryan Watson","sa3023682",1.52395,NA,NA,NA
"Ryan Weathers","23796",6.55460941176471,5.88,"REZ1",1.11472949179672
"Ryan Webb","sa3018280",1.52445,NA,NA,NA
"Ryan Weber","10160",-0.477214285714286,-1.788,"REZ1",0.26689837008629
"Ryan Weiss","sa3007778",0.046,NA,NA,NA
"Ryan Yarbrough","16502",2.09435176470588,3.732,"REZ1",0.561187503940483
"Ryan Zeferjahn","25420",2.74082352941176,4.44,"REZ1",0.617302596714361
"Ryder Ryan","19891",0.311926545454545,-0.733,"REZ1",-0.425547810988466
"Rylan Kaufman","sa3008588",0.0475,NA,NA,NA
"Ryley Widell","sa3005099",0.047,NA,NA,NA
"Ryne Harper","12680",0.0449,NA,NA,NA
"Ryne Moore","sa3017725",0.0462,NA,NA,NA
"Ryne Nelson","26253",6.20549294117647,9.772,"REZ1",0.635027930943151
"Ryne Stanek","15947",3.92551764705882,5.214,"REZ1",0.752880254518378
"Sabier Marte","sa3019431",0.0387,NA,NA,NA
"Sadiel Baro","sa3019136",0.04,NA,NA,NA
"Sadrac Franco","sa3005073",0.0409,NA,NA,NA
"Sal Romano","13690",0.52235,NA,NA,NA
"Sam Aldegheri","26443",1.98577105882353,3.427,"REZ1",0.579448806193035
"Sam Armstrong","sa3023046",2.02535,NA,NA,NA
"Sam Bachman","29754",1.91806,1.847,"REZ1",1.03847319978343
"Sam Benschoter","sa3017639",1.5234,NA,NA,NA
"Sam Carlson","sa3005015",1.52455,NA,NA,NA
"Sam Clay","16279",0.0514,NA,NA,NA
"Sam Coonrod","17264",0.756571428571428,2.53,"REZ1",0.299040090344438
"Sam Delaplane","sa3004222",0.0461,NA,NA,NA
"Sam Freeman","6832",0.0473,NA,NA,NA
"Sam Gardner","sa3021721",1.024,NA,NA,NA
"Sam Gaviglio","12778",0.0477,NA,NA,NA
"Sam Hentges","18548",1.81255036363636,3.713,"REZ1",0.48816330827804
"Sam Howard","16265",0.0476,NA,NA,NA
"Sam Jacobsak","sa3015359",0.0415,NA,NA,NA
"Sam Keating","sa3005025",0.0404,NA,NA,NA
"Sam Knowlton","sa3023467",0.0413,NA,NA,NA
"Sam Long","25379",2.83333882352941,3.24,"REZ1",0.874487291212781
"Sam McWilliams","sa829124",1.5244,NA,NA,NA
"Sam Moll","14874",2.85022941176471,2.249,"REZ1",1.26733188606701
"Sam Ryan","sa3010627",0.0402,NA,NA,NA
"Sam Selman","13397",0.0451,NA,NA,NA
"Sam Thoresen","sa3014920",0.0417,NA,NA,NA
"Sam Weatherly","sa3014455",0.0402,NA,NA,NA
"Sam Whiting","sa3023078",1.5237,NA,NA,NA
"Samir Chires","sa3016254",0.0299,NA,NA,NA
"Sammy Peralta","25589",0.772831555555556,0.04,"REZ1",19.3207888888889
"Sammy Tavarez","sa3015079",0.0446,NA,NA,NA
"Samuel Colmenares","sa3021762",0.0378,NA,NA,NA
"Samuel Fabian","sa3016711",0.0368,NA,NA,NA
"Samuel Mejia","sa3016475",0.0434,NA,NA,NA
"Samuel Perez","sa3008176",0.0433,NA,NA,NA
"Samuel Perez","sa3024068",0.0309,NA,NA,NA
"Samuel Reyes","sa3003036",1.52395,NA,NA,NA
"Samuel Sanchez","sa3021008",0.0445,NA,NA,NA
"Samuel Strickland","sa3017139",0.0477,NA,NA,NA
"Samuel Valerio","sa3009220",0.0405,NA,NA,NA
"Samuel Vasquez","sa3005849",0.0392,NA,NA,NA
"Samy Natera Jr","sa3020862",0.051,NA,NA,NA
"Sandi Charle","sa3015330",0.0371,NA,NA,NA
"Sandro Bargallo","sa3009639",0.0387,NA,NA,NA
"Sandro Santana","sa3021030",0.0352,NA,NA,NA
"Sandy Alcantara","18684",9.91416941176471,8.2,"REZ1",1.20904505021521
"Sandy Gaston","sa3011136",0.0395,NA,NA,NA
"Sandy Mejia","sa3019141",0.0401,NA,NA,NA
"Sandy Ozuna","sa3021041",0.032,NA,NA,NA
"Sann Omosako","sa3022315",0.0337,NA,NA,NA
"Santiago Florez","sa3003026",0.0417,NA,NA,NA
"Santiago Peraza","sa3021002",0.0295,NA,NA,NA
"Santiago Quintero","sa3019072",0.0372,NA,NA,NA
"Santiago Ramirez","sa3018875",0.0366,NA,NA,NA
"Santiago Rojas","sa3024585",0.0288,NA,NA,NA
"Santiago Sojo","sa3018811",0.0362,NA,NA,NA
"Santiago Suarez","sa3019386",0.0439,NA,NA,NA
"Saul Garcia","sa3017106",0.0482,NA,NA,NA
"Saul Gonzalez","sa3008360",0.0417,NA,NA,NA
"Saul Sanchez","sa3021786",0.0354,NA,NA,NA
"Saul Siri","sa3022047",0.0319,NA,NA,NA
"Saul Teran","sa3018296",0.0412,NA,NA,NA
"Sauryn Lao","sa917331",1,NA,NA,NA
"Sawyer GipsonLong","26048",2.33657176470588,1.244,"REZ1",1.87827312275392
"Scarlyn Lebron","sa3016277",0.0394,NA,NA,NA
"Scott Alexander","10591",2.74106941176471,2.381,"REZ1",1.15122612841861
"Scott Barlow","14993",3.30745411764706,4.102,"REZ1",0.806302807812545
"Scott Blewett","16427",1.66377976470588,2,"REZ1",0.831889882352941
"Scott Boches","sa3004022",0.0476,NA,NA,NA
"Scott Effross","18384",2.07165882352941,1.95,"REZ1",1.06238914027149
"Scott Engler","sa918353",0.5226,NA,NA,NA
"Scott Kazmir","4897",0.0567,NA,NA,NA
"Scott Kobos","sa3014856",0.046,NA,NA,NA
"Scott McGough","12056",1.28418741176471,1.482,"REZ1",0.866523219814242
"Scott Randall","sa3017752",0.0482,NA,NA,NA
"Sean Boyle","sa3007618",2.5254,NA,NA,NA
"Sean Burke","29878",5.17625294117647,3.06,"REZ1",1.69158592848904
"Sean Doolittle","1581",0.0467,NA,NA,NA
"Sean Guenther","20045",2.63297882352941,2.533,"REZ1",1.03947051856668
"Sean Harney","sa3020472",0.52475,NA,NA,NA
"Sean Hermann","sa3019429",0.0468,NA,NA,NA
"Sean Hjelle","21481",3.22916941176471,2.669,"REZ1",1.20987988451282
"Sean Hunley","sa3017316",2.024,NA,NA,NA
"Sean Kealey","sa3015134",0.0482,NA,NA,NA
"Sean Linan","sa3019270",0.0455,NA,NA,NA
"Sean Manaea","15873",9.32579294117647,8.577,"REZ1",1.08730242989116
"Sean McLaughlin","sa659266",0.0478,NA,NA,NA
"Sean Mellen","sa3011865",0.0478,NA,NA,NA
"Sean Mooney","sa3014913",0.048,NA,NA,NA
"Sean Mullen","sa3017843",0.0404,NA,NA,NA
"Sean Newcomb","16943",1.10801781818182,2.876,"REZ1",0.385263497281578
"Sean Nolin","11341",0.0858571428571429,0.183,"REZ1",0.469164715066354
"Sean Poppen","19583",0.0462,NA,NA,NA
"Sean Rackoski","sa3006964",0.0472,NA,NA,NA
"Sean ReidFoley","17034",1.7043,2.982,"REZ1",0.571529175050302
"Sean Reynolds","22253",1.57976823529412,0.896,"REZ1",1.76313419117647
"Sean Sullivan","sa3018185",2.0228,NA,NA,NA
"Sean Sullivan","sa3023162",2.0235,NA,NA,NA
"Sean Wymer","sa3007204",0.0462,NA,NA,NA
"Sebastian Estiven","sa3022372",0.0292,NA,NA,NA
"Sebastian Javier","sa3016606",0.0353,NA,NA,NA
"Sebastian Keane","sa3020953",0.0434,NA,NA,NA
"Sem Robberse","sa3011735",1.560448,NA,NA,NA
"Serafino Brito","sa3010312",0.0425,NA,NA,NA
"Seranthony Dominguez","19249",3.93018235294118,3.377,"REZ1",1.16380881046526
"Sergio Caruci","sa3015448",0.0357,NA,NA,NA
"Sergio Morillo","sa3005196",0.0417,NA,NA,NA
"Sergio Romo","9817",0.0447,NA,NA,NA
"Sergio Sanchez","sa3009735",0.0377,NA,NA,NA
"Sergio Umana","sa3009623",0.0417,NA,NA,NA
"Seth Blair","sa526934",0.0454,NA,NA,NA
"Seth Chavez","sa3023005",0.0411,NA,NA,NA
"Seth Clark","sa3020630",0.52365,NA,NA,NA
"Seth Corry","sa3004648",1.0232,NA,NA,NA
"Seth Elledge","19766",1.5228,NA,NA,NA
"Seth Frankoff","11346",0.0498,NA,NA,NA
"Seth Halvorsen","33294",3.32767294117647,2.594,"REZ1",1.28283459567327
"Seth Johnson","26020",1.57429423529412,2.484,"REZ1",0.633773846736762
"Seth Keener","sa3022949",0.0383,NA,NA,NA
"Seth Keller","sa3020397",0.0412,NA,NA,NA
"Seth Lonsway","sa3017857",1.52655,NA,NA,NA
"Seth Lugo","12447",11.0806,10.334,"REZ1",1.07224695180956
"Seth Martinez","21045",1.28016,0.743,"REZ1",1.72296096904441
"Seth Mayberry","sa3010244",0.0478,NA,NA,NA
"Seth Nightingale","sa3020877",0.0398,NA,NA,NA
"Seth Nordlin","sa3004215",0.0479,NA,NA,NA
"Seth Shuman","sa3011187",1.5234,NA,NA,NA
"Seunghwan Oh","18719",0.0459,NA,NA,NA
"Shaddon Peavyhouse","sa3020802",0.0438,NA,NA,NA
"Shane Baz","22264",6.89592117647059,5.298,"REZ1",1.30160837607976
"Shane Bieber","19427",5.03566470588235,3.76,"REZ1",1.3392725281602
"Shane Connolly","sa3017320",0.04,NA,NA,NA
"Shane Davis","sa3015007",0.0405,NA,NA,NA
"Shane Drohan","sa3014447",2.52455,NA,NA,NA
"Shane Gray","sa3020662",0.0426,NA,NA,NA
"Shane Greene","10756",0.91275,2.861,"REZ1",0.319031807060468
"Shane Gustafson","sa3019610",0.0403,NA,NA,NA
"Shane Marshall","sa3023405",0.0401,NA,NA,NA
"Shane McCarthy","sa915740",0.0469,NA,NA,NA
"Shane McClanahan","21483",8.49256,3.484,"REZ1",2.43758897818599
"Shane Murphy","sa3020389",1.0224,NA,NA,NA
"Shane Panzini","sa3018257",0.0405,NA,NA,NA
"Shane Rademacher","sa3023258",0.044,NA,NA,NA
"Shane Smith","sa3020469",2.43974333333333,NA,NA,NA
"Shane Telfer","sa3022736",0.0426,NA,NA,NA
"Shaun Anderson","19453",1.90983333333333,1.342,"REZ1",1.42312468951813
"Shawn Armstrong","12857",2.82064352941176,3.999,"REZ1",0.705337216657105
"Shawn Dubin","24977",1.22890117647059,0.193,"REZ1",6.3673636086559
"Shawn Morimando","13606",0.0467,NA,NA,NA
"Shawn Rapp","sa3020743",0.0434,NA,NA,NA
"Shawn Semple","sa3004661",0.0466,NA,NA,NA
"Shawndrick Oduber","sa3021483",0.037,NA,NA,NA
"Shay Schanaman","sa3022933",0.0458,NA,NA,NA
"Shea Barry","sa1170345",0.036,NA,NA,NA
"Shea Spitzbarth","18475",0.0414,NA,NA,NA
"Shelby Lackey","sa3006771",0.0452,NA,NA,NA
"Shelby Miller","10197",3.49104705882353,4.075,"REZ1",0.85669866474197
"Sheldon Reed","sa3017382",0.5221,NA,NA,NA
"Shelton Perkins","sa1169965",0.0459,NA,NA,NA
"Shinnosuke Ogasawara","sa3058454",0.684604,NA,NA,NA
"Shintaro Fujinami","31839",1.746884,1.799,"REZ1",0.9710305725403
"Shohei Ohtani","19755",8.49637857142857,NA,NA,NA
"Shohei Tomioka","sa3014808",1.0229,NA,NA,NA
"Shota Imanaga","33829",10.6832941176471,10.617,"REZ1",1.0062441478428
"Shun Yamaguchi","27460",0.0488,NA,NA,NA
"Silvano Hechavarria","sa3024856",0.0327,NA,NA,NA
"Silvino Bracho","15051",0.580928571428571,1.919,"REZ1",0.302724633365592
"Simeon Woods Richardson","24494",6.31495058823529,5.688,"REZ1",1.11022338049144
"Simon Leandro","sa3022240",0.0387,NA,NA,NA
"Simon Miller","sa3023311",0.0426,NA,NA,NA
"Simon Pacheco","sa3016222",0.0367,NA,NA,NA
"Sixto Sanchez","19680",1.08540745454545,2.555,"REZ1",0.424817007649884
"Skylar Arias","sa918539",0.0481,NA,NA,NA
"Skylar Hales","sa3022739",1.02375,NA,NA,NA
"Skylar Szynski","sa917964",0.0378,NA,NA,NA
"Slade Cecconi","27500",3.07478823529412,4.026,"REZ1",0.763732795651793
"Smil Guzman","sa3019249",0.0291,NA,NA,NA
"Snarlyn Evangelista","sa3021013",0.0364,NA,NA,NA
"Soenni Martinez","sa3009605",0.0413,NA,NA,NA
"Solomon Bates","sa3006951",0.0469,NA,NA,NA
"Sonny Gray","12768",11.3992235294118,8.998,"REZ1",1.26686191702731
"Spencer Arrighetti","29921",9.25798823529412,11.413,"REZ1",0.811179202251303
"Spencer Bengard","sa3023092",0.0436,NA,NA,NA
"Spencer Bivens","30226",2.29287764705882,2.42,"REZ1",0.947470102090423
"Spencer Giesting","sa3020402",4.5275,NA,NA,NA
"Spencer Howard","23252",1.95779166666667,1.618,"REZ1",1.210007210548
"Spencer Mraz","sa3010574",0.041,NA,NA,NA
"Spencer Patton","12361",0.669,2.229,"REZ1",0.300134589502019
"Spencer Schwellenbach","31846",11.7972823529412,11.83,"REZ1",0.997234349361046
"Spencer Stockton","sa3011500",0.52235,NA,NA,NA
"Spencer Strider","27498",8.51754823529412,5.002,"REZ1",1.70282851565256
"Spencer Turnbull","16207",3.38461294117647,5.761,"REZ1",0.58750441610423
"Spenser Watkins","17489",2.15254166666667,2.787,"REZ1",0.772350795359407
"Stanly Alcantara","sa3022151",0.0346,NA,NA,NA
"Starlin Savinon","sa3021735",0.0325,NA,NA,NA
"Starlyn Castillo","sa3011608",0.0412,NA,NA,NA
"Starlyn Pichardo","sa3016774",0.0388,NA,NA,NA
"Stefan Crichton","16058",0.0457,NA,NA,NA
"Stefan Raeth","sa3020487",0.0412,NA,NA,NA
"Stephen Gonsalves","15492",1.0235,NA,NA,NA
"Stephen Jones","sa3009935",1.0235,NA,NA,NA
"Stephen Kolek","21487",2.65185176470588,2.07,"REZ1",1.28108780903666
"Stephen Nogosek","19545",1.42445833333333,3.434,"REZ1",0.414810231023102
"Stephen Ridings","22358",0.052,NA,NA,NA
"Stephen Strasburg","10131",0.0486,NA,NA,NA
"Stephen Woods Jr","sa737853",0.0477,NA,NA,NA
"Sterling Patick","sa3024981",0.0454,NA,NA,NA
"Sterling Sharp","19671",0.0458,NA,NA,NA
"Steve Cishek","6483",0.0463,NA,NA,NA
"Steve Hajjar","sa3018177",0.0398,NA,NA,NA
"Steven Brault","15291",0.047,NA,NA,NA
"Steven Cruz","23165",2.03282117647059,2.843,"REZ1",0.715026794396971
"Steven Echavarria","sa3023560",0.038,NA,NA,NA
"Steven Fuentes","sa828326",0.0472,NA,NA,NA
"Steven Fulgencio","sa3019427",0.0429,NA,NA,NA
"Steven Jennings","sa3004812",1.5235,NA,NA,NA
"Steven Klimek","sa876117",0.0456,NA,NA,NA
"Steven Matz","13361",4.76858235294118,4.07,"REZ1",1.1716418557595
"Steven Moyers","sa920718",0.0448,NA,NA,NA
"Steven Okert","13580",1.62566505882353,2.018,"REZ1",0.805582288812453
"Steven Perez","sa3008362",0.042,NA,NA,NA
"Steven Sanchez","sa3016595",0.0409,NA,NA,NA
"Steven Wilson","20353",1.62846941176471,2.757,"REZ1",0.590667178732211
"Steven Zobac","sa3020875",3.52615,NA,NA,NA
"Stevie Branche","sa3014866",0.5218,NA,NA,NA
"Stevie Emanuels","sa3014698",0.02255,NA,NA,NA
"Stharlin Torres","sa3024080",0.0313,NA,NA,NA
"Stijn Van Der Schaaf","sa3021736",0.0291,NA,NA,NA
"Stiven Cruz","sa3015938",0.0388,NA,NA,NA
"Stiven Rogers","sa3024560",0.0312,NA,NA,NA
"Stiward Aquino","sa3002911",0.0391,NA,NA,NA
"Stu Flesland III","sa3023000",0.0352,NA,NA,NA
"Sulivan Ribeiro","sa3016747",0.0354,NA,NA,NA
"Sunayro Martina","sa3022106",0.034,NA,NA,NA
"TJ Brock","sa3020079",1.0252,NA,NA,NA
"TJ Czyz","sa3020398",0.0396,NA,NA,NA
"TJ Fondtain","sa3023271",0.0453,NA,NA,NA
"TJ McFarland","3237",2.36335647058824,-0.047,"REZ1",-50.2841802252816
"TJ Nichols","sa3023039",0.042,NA,NA,NA
"TJ Shook","sa3014915",3.02725,NA,NA,NA
"TJ Sikkema","sa3011191",1.525,NA,NA,NA
"TJ Zeuch","19269",1.02295,NA,NA,NA
"Tahnaj Thomas","sa3003066",0.0445,NA,NA,NA
"Tai Tiedemann","sa918110",0.0442,NA,NA,NA
"Taijuan Walker","11836",3.82513647058824,7.595,"REZ1",0.503638771637687
"Taj Bradley","22543",9.87672470588235,9.612,"REZ1",1.02754106386625
"Tanner Andrews","sa3007850",1.52385,NA,NA,NA
"Tanner Banks","16990",3.14728588235294,3.348,"REZ1",0.940049546700401
"Tanner Bibee","30134",10.2625764705882,8.734,"REZ1",1.1750144802597
"Tanner Burns","sa3014451",1.5225,NA,NA,NA
"Tanner Cooper","sa1170930",0.042,NA,NA,NA
"Tanner Dodson","sa3007008",1.2916,NA,NA,NA
"Tanner Gordon","27669",2.39701282352941,3.994,"REZ1",0.600153436036408
"Tanner Hall","sa3023481",0.0455,NA,NA,NA
"Tanner Houck","19879",10.4623058823529,10.942,"REZ1",0.956160289010504
"Tanner Jacobson","sa3020454",0.0427,NA,NA,NA
"Tanner Kiest","sa738380",2.5246,NA,NA,NA
"Tanner Kohlhepp","sa3022238",0.0435,NA,NA,NA
"Tanner McDougal","sa3017471",0.0381,NA,NA,NA
"Tanner Myatt","sa3007719",1.023,NA,NA,NA
"Tanner Propst","sa3015075",0.0418,NA,NA,NA
"Tanner Rainey","17610",1.15601929411765,2.178,"REZ1",0.530771025765678
"Tanner Scott","17586",5.31241647058824,4.155,"REZ1",1.27855992071919
"Tanner Shears","sa3020823",0.0428,NA,NA,NA
"Tanner Tully","19518",2.02365,NA,NA,NA
"Tarik Skubal","22267",13.0866352941176,8.29,"REZ1",1.57860498119634
"Tate Kuehner","sa3023099",2.52615,NA,NA,NA
"Tayler Saucedo","17888",2.48139764705882,1.841,"REZ1",1.34785314886411
"Tayler Scott","13652",3.97017529411765,4.266,"REZ1",0.930655249441549
"Taylor Broadway","sa3017205",0.0466,NA,NA,NA
"Taylor Clarke","17611",0.569299411764706,1.071,"REZ1",0.531558741143516
"Taylor Cole","11964",0.0474,NA,NA,NA
"Taylor Dollard","sa3014982",0.0524,NA,NA,NA
"Taylor Floyd","sa3011367",1.5226,NA,NA,NA
"Taylor Hearn","18325",1.05328571428571,3.561,"REZ1",0.295783688370041
"Taylor Lehman","sa3007834",1.52365,NA,NA,NA
"Taylor Rashi","sa3011597",2.0239,NA,NA,NA
"Taylor Rogers","13449",2.97004705882353,2.522,"REZ1",1.17765545552083
"Taylor Widener","19266",1.52345,NA,NA,NA
"Taylor Williams","14899",0.0432,NA,NA,NA
"Tayron Guerrero","11691",1.0228,NA,NA,NA
"Ted Stuka","sa3011238",0.0407,NA,NA,NA
"Teddy Stankiewicz","sa657954",0.0427,NA,NA,NA
"Tejay Antone","16233",0.727940705882353,2.898,"REZ1",0.251187269110543
"Tekoah Roby","sa3014519",0.635305714285714,NA,NA,NA
"Teofilo Mendez","sa3008795",0.0435,NA,NA,NA
"Thaddeus Ward","21513",1.27913223529412,1.197,"REZ1",1.06861506707946
"Theo Denlinger","sa3016908",1.0231,NA,NA,NA
"Theo McDowell","sa3007809",0.0452,NA,NA,NA
"Thomas Balboni Jr","sa3020861",0.0438,NA,NA,NA
"Thomas Bruss","sa3023480",0.04,NA,NA,NA
"Thomas Burrows","sa874215",0.0485,NA,NA,NA
"Thomas Eshelman","18361",0.0463,NA,NA,NA
"Thomas Farr","sa3017720",2.01965,NA,NA,NA
"Thomas Girard","sa3015011",0.0415,NA,NA,NA
"Thomas Harrington","sa3020752",1.15469016666667,NA,NA,NA
"Thomas Hatch","19264",0.360357142857143,1.137,"REZ1",0.316936801105667
"Thomas Ireland","sa3021469",0.0448,NA,NA,NA
"Thomas Jankins","sa873276",0.0488,NA,NA,NA
"Thomas Pannone","17281",3.568875,1.287,"REZ1",2.77301864801865
"Thomas Ponticelli","sa3007730",1.52165,NA,NA,NA
"Thomas Ruwe","sa3014874",0.046,NA,NA,NA
"Thomas Schultz","sa3022936",0.0404,NA,NA,NA
"Thomas Szapucki","21065",0.0534,NA,NA,NA
"Thomas White","sa3023268",0.0461,NA,NA,NA
"Thyago Vieira","14510",0.5855,0.887,"REZ1",0.660090191657272
"Tim Adleman","10968",0.0567,NA,NA,NA
"Tim Brennan","sa3008630",1.5243,NA,NA,NA
"Tim Cate","sa3007926",2.0241,NA,NA,NA
"Tim Elliott","sa1169632",0.043,NA,NA,NA
"Tim Herrin","25139",3.25282352941176,2.447,"REZ1",1.3293108007404
"Tim Hill","16814",2.64013176470588,2.787,"REZ1",0.94730239135482
"Tim Holdgrafer","sa3019458",0.0468,NA,NA,NA
"Tim Mayza","15042",2.12481411764706,2.066,"REZ1",1.0284676271283
"Tim Naughton","sa3004713",1.5232,NA,NA,NA
"Timmy Manning","sa3023173",0.0413,NA,NA,NA
"Tink Hence","sa3014709",1.64972857142857,NA,NA,NA
"Tobias Myers","22191",8.2016,7.683,"REZ1",1.06749967460627
"Todd Peterson","sa3011334",1.02125,NA,NA,NA
"Tom Cosgrove","23443",1.90514694117647,2.61,"REZ1",0.729941356772594
"Tom Reisinger","sa3022958",0.0353,NA,NA,NA
"Tomas Cleto","sa3016009",0.0386,NA,NA,NA
"Tomas Reyes","sa3008445",0.0406,NA,NA,NA
"Tommy Doyle","21281",1.24070047058824,2.361,"REZ1",0.525497869795949
"Tommy Eveld","sa918150",0.0479,NA,NA,NA
"Tommy Henry","26285",1.76507447058824,0.99,"REZ1",1.78290350564468
"Tommy Hunter","1157",0.769357142857143,2.575,"REZ1",0.29877947295423
"Tommy Kahnle","11384",1.78031647058824,1.315,"REZ1",1.35385282934467
"Tommy Kane","sa3022525",0.0433,NA,NA,NA
"Tommy Mace","sa3018140",2.522,NA,NA,NA
"Tommy McCollum","sa3017204",1.0231,NA,NA,NA
"Tommy Milone","7608",0.575142857142857,1.89,"REZ1",0.304308390022676
"Tommy Nance","19178",2.59489764705882,2.348,"REZ1",1.10515231987173
"Tommy Parsons","sa3007624",0.0446,NA,NA,NA
"Tommy Romero","23465",2.02285,NA,NA,NA
"Tommy Sommer","sa3016906",0.0495,NA,NA,NA
"Tommy Vail","sa3023413",0.0421,NA,NA,NA
"Tommy Ventimiglia","sa3019366",0.0343,NA,NA,NA
"Tomoyuki Sugano","sa3025685",5.571225,NA,NA,NA
"Tomy Sanchez","sa3016292",0.0354,NA,NA,NA
"Tony Dibrell","sa3004657",0.0474,NA,NA,NA
"Tony Gonsolin","19388",4.77307764705882,2.286,"REZ1",2.08796047552879
"Tony Locey","sa3011123",0.0438,NA,NA,NA
"Tony Santillan","19926",2.94989647058824,1.478,"REZ1",1.99587041311789
"Tony Watson","3132",0.0486,NA,NA,NA
"Touki Toussaint","16929",1.81479166666667,3.267,"REZ1",0.555491786552393
"Trace Bright","sa3020558",2.0252,NA,NA,NA
"Travis Adams","sa3017991",1.77801933333333,NA,NA,NA
"Travis Bergen","18581",0.0466,NA,NA,NA
"Travis Kuhn","sa3009928",2.02325,NA,NA,NA
"Travis Lakins Sr","18600",0.52305,NA,NA,NA
"Travis MacGregor","sa917950",1.52475,NA,NA,NA
"Travis Perry","sa3007488",0.0467,NA,NA,NA
"Travis Sthele","sa3022941",0.0364,NA,NA,NA
"Travis Sykora","sa3023557",0.0468,NA,NA,NA
"Trayson Kubo","sa3010314",0.0452,NA,NA,NA
"Trennor O'Donnell","sa3023531",0.0404,NA,NA,NA
"Trent Baker","sa3017504",2.0225,NA,NA,NA
"Trent Fennell","sa3007811",0.0455,NA,NA,NA
"Trent Harris","sa3022526",0.328023,NA,NA,NA
"Trent Palmer","sa3014491",1.02395,NA,NA,NA
"Trent Sellers","sa3023454",0.0533,NA,NA,NA
"Trent Thornton","17948",2.92186,2.519,"REZ1",1.15992854307265
"Trenton Denholm","sa3018139",3.0244,NA,NA,NA
"Trenton Toplikar","sa3007803",0.0467,NA,NA,NA
"Trenton Wallace","sa3017748",2.02725,NA,NA,NA
"Trevin Michael","sa3020400",1.0235,NA,NA,NA
"Trevor Bauer","12703",0.0629,NA,NA,NA
"Trevor Bettencourt","sa918556",0.0477,NA,NA,NA
"Trevor Brigden","sa3011481",1.52385,NA,NA,NA
"Trevor Cahill","6249",0.0505,NA,NA,NA
"Trevor Clifton","sa737901",1.0235,NA,NA,NA
"Trevor Gott","15046",1.60465741176471,5.477,"REZ1",0.29298108668335
"Trevor Harrison","sa3023629",0.0397,NA,NA,NA
"Trevor Hildenberger","17002",0.0433,NA,NA,NA
"Trevor Holloway","sa3014859",0.0419,NA,NA,NA
"Trevor Kelley","18454",1.25058333333333,2.389,"REZ1",0.523475652295242
"Trevor Lane","sa918196",0.0484,NA,NA,NA
"Trevor Martin","sa3020608",2.02465,NA,NA,NA
"Trevor May","6398",0.353857142857143,1.121,"REZ1",0.31566203644705
"Trevor McDonald","26448",2.28469176470588,3.144,"REZ1",0.726683131267774
"Trevor Megill","17722",2.95818352941176,3.741,"REZ1",0.790746733336478
"Trevor Richards","19309",1.28179058823529,1.571,"REZ1",0.815907439997005
"Trevor Rogers","22286",3.38444,4.464,"REZ1",0.758163082437276
"Trevor Stephan","19932",2.32024376470588,2.862,"REZ1",0.810707115550623
"Trevor Tietz","sa3017897",0.0407,NA,NA,NA
"Trevor Williams","16977",4.99873764705882,4.91,"REZ1",1.01807284054151
"Trey Benton","sa3015034",1.02275,NA,NA,NA
"Trey Braithwaite","sa3020251",0.0447,NA,NA,NA
"Trey Cobb","sa918276",0.0463,NA,NA,NA
"Trey Cumbie","sa3006954",0.0475,NA,NA,NA
"Trey Dillard","sa3023309",0.0419,NA,NA,NA
"Trey Dombroski","sa3020833",3.52735,NA,NA,NA
"Trey Gibson","sa3023250",0.0509,NA,NA,NA
"Trey Jeans","sa3010265",0.0478,NA,NA,NA
"Trey McGough","sa1170436",1.07440633333333,NA,NA,NA
"Trey McLoughlin","sa3017277",0.525,NA,NA,NA
"Trey Riley","sa3007611",1.0224,NA,NA,NA
"Trey Supak","sa828707",1.5247,NA,NA,NA
"Trey Wingenter","17793",1.58541666666667,1.886,"REZ1",0.840623895369388
"Tristan Beck","21584",2.75708352941176,2.848,"REZ1",0.968077081956378
"Tristan Garnett","sa3017473",1.02435,NA,NA,NA
"Tristan Stevens","sa3019881",2.02345,NA,NA,NA
"Tristan Stivors","sa3020325",0.5214,NA,NA,NA
"Triston McKenzie","18000",4.60774588235294,2.338,"REZ1",1.97080662205002
"Triston Polley","sa3010258",1.0234,NA,NA,NA
"Troy Bacon","sa918926",0.0488,NA,NA,NA
"Troy Melton","sa3020652",2.5269,NA,NA,NA
"Troy Miller","sa3008453",0.52715,NA,NA,NA
"Troy Stainbrook","sa3014806",0.0422,NA,NA,NA
"Troy Taylor","31883",2.782524,2.9,"REZ1",0.959491034482759
"Troy Watson","sa3007249",1.52295,NA,NA,NA
"Trystan Vrieling","sa3020681",4.52595,NA,NA,NA
"Tsuyoshi Wada","13046",0.0537,NA,NA,NA
"Tucker Davidson","19871",3.54508333333333,3.648,"REZ1",0.971788194444444
"Ty Adcock","25651",1.3945,3.241,"REZ1",0.430268435668004
"Ty Blach","14361",2.41975,4.391,"REZ1",0.551070371213846
"Ty Buttrey","14719",0.52325,NA,NA,NA
"Ty Cummings","sa3023365",0.0472,NA,NA,NA
"Ty Damron","sa738284",0.0511,NA,NA,NA
"Ty Johnson","sa3023410",0.0483,NA,NA,NA
"Ty Langenberg","sa3023101",0.0456,NA,NA,NA
"Ty Madden","30140",2.27515529411765,4.623,"REZ1",0.492138285554325
"Ty Madrigal","sa3014800",0.0394,NA,NA,NA
"Ty Tice","20177",1.02335,NA,NA,NA
"Ty Weatherly","sa3023130",0.0451,NA,NA,NA
"Ty Weber","sa3014788",0.0449,NA,NA,NA
"Tyler Ahearn","sa3017747",0.0415,NA,NA,NA
"Tyler Alexander","17735",3.42606352941176,4.333,"REZ1",0.790690867623301
"Tyler Anderson","12880",8.20572705882353,5.11,"REZ1",1.6058174283412
"Tyler Baum","sa1054042",1.0228,NA,NA,NA
"Tyler Beck","sa3010563",0.0465,NA,NA,NA
"Tyler Beede","16981",1.21325,2.162,"REZ1",0.561170212765957
"Tyler Bradt","sa3022859",0.0429,NA,NA,NA
"Tyler Brown","sa3014450",0.0466,NA,NA,NA
"Tyler Bryant","sa3024995",0.0424,NA,NA,NA
"Tyler Burch","sa1172727",1.0198,NA,NA,NA
"Tyler Chatwood","4338",0.0475,NA,NA,NA
"Tyler Cleveland","sa3020840",0.043,NA,NA,NA
"Tyler Clippard","5640",0.0427,NA,NA,NA
"Tyler Cyr","18421",0.783357142857143,2.619,"REZ1",0.299105438280696
"Tyler Danish","15126",1.02195,NA,NA,NA
"Tyler Davis","sa3024515",0.0425,NA,NA,NA
"Tyler Driver","sa3010253",0.0434,NA,NA,NA
"Tyler Duffey","13758",1.47075,1.206,"REZ1",1.21952736318408
"Tyler Eckberg","sa3017365",1.02135,NA,NA,NA
"Tyler Ferguson","19481",3.19986352941176,3.073,"REZ1",1.04128328324496
"Tyler Gilbert","17964",2.2021,2.8,"REZ1",0.786464285714286
"Tyler Gillies","sa3008645",0.0417,NA,NA,NA
"Tyler Glasnow","14374",9.98654588235294,9.801,"REZ1",1.01893132153382
"Tyler Gough","sa3020865",0.0394,NA,NA,NA
"Tyler Guilfoil","sa3020113",2.5235,NA,NA,NA
"Tyler Herb","sa829625",0.0505,NA,NA,NA
"Tyler Higgins","sa503722",0.0475,NA,NA,NA
"Tyler Hoffman","sa3020449",0.0349,NA,NA,NA
"Tyler Holton","26231",3.99086,4.453,"REZ1",0.896218279811363
"Tyler Ivey","20237",0.0522,NA,NA,NA
"Tyler Jay","17952",1.08042890909091,1.522,"REZ1",0.709874447497312
"Tyler Kennedy","sa3023042",0.0364,NA,NA,NA
"Tyler Kinley","18297",2.87306470588235,3.678,"REZ1",0.781148642164859
"Tyler Mahle","16358",6.49136,3.377,"REZ1",1.92222682854605
"Tyler Mattison","sa3018117",0.740839,NA,NA,NA
"Tyler Matzek","10058",1.79542282352941,3.254,"REZ1",0.551758704219241
"Tyler McKay","sa3007851",2.02355,NA,NA,NA
"Tyler Mitzel","sa3007862",0.0479,NA,NA,NA
"Tyler Morgan","sa3022862",0.0423,NA,NA,NA
"Tyler Myrick","sa3017541",1.5235,NA,NA,NA
"Tyler Owens","sa3011201",1.24405,NA,NA,NA
"Tyler Palm","sa3007270",0.0455,NA,NA,NA
"Tyler Phillips","20629",2.68889411764706,3.441,"REZ1",0.781428107424312
"Tyler Pike","sa657974",0.0486,NA,NA,NA
"Tyler Ras","sa3017718",0.0419,NA,NA,NA
"Tyler Rogers","15541",3.60016588235294,3.203,"REZ1",1.1239980900259
"Tyler Samaniego","sa3017876",0.5233,NA,NA,NA
"Tyler Santana","sa3017542",0.0465,NA,NA,NA
"Tyler Schimpf","sa829573",0.0449,NA,NA,NA
"Tyler Schlaffer","sa3011815",0.0416,NA,NA,NA
"Tyler Schoff","sa3017545",1.02295,NA,NA,NA
"Tyler Schweitzer","sa3020712",2.52365,NA,NA,NA
"Tyler Stuart","sa3020264",1.70989166666667,NA,NA,NA
"Tyler Thomas","sa873974",0.52395,NA,NA,NA
"Tyler Thornburg","10688",0.0458,NA,NA,NA
"Tyler Thornton","sa3018229",0.5226,NA,NA,NA
"Tyler Uberstine","sa3017643",0.0441,NA,NA,NA
"Tyler Viza","sa738610",0.0479,NA,NA,NA
"Tyler Vogel","sa3020406",0.0435,NA,NA,NA
"Tyler Webb","14974",0.0448,NA,NA,NA
"Tyler Wehrle","sa3019961",0.0413,NA,NA,NA
"Tyler Wells","20000",1.12513729411765,1.6,"REZ1",0.703210808823529
"Tyler Woessner","sa3020171",2.02305,NA,NA,NA
"Tyler Yankosky","sa1170108",0.0422,NA,NA,NA
"Tyler Zuber","20379",2.08543058823529,3.459,"REZ1",0.602899852048365
"Tylor Megill","21318",4.98835411764706,7.804,"REZ1",0.639204781861489
"Tyree Thompson","sa918618",0.0455,NA,NA,NA
"Tyrone Yulie","sa3010246",0.0421,NA,NA,NA
"Tyson Guerrero","sa3017140",2.0253,NA,NA,NA
"Tyson Messer","sa3010114",0.0357,NA,NA,NA
"Tyson Miller","19976",3.35238823529412,3.556,"REZ1",0.942741348507907
"TzuChen Sha","sa3021551",0.0362,NA,NA,NA
"Ubaldo Soto","sa3022015",0.0336,NA,NA,NA
"Ubert Mejias","sa3021562",0.0418,NA,NA,NA
"Ulices Campos","sa3015997",0.0398,NA,NA,NA
"Valente Bellozo","23899",2.69851411764706,3.569,"REZ1",0.756098099648938
"Valentin Linarez","sa3006557",1.0223,NA,NA,NA
"Victor Arano","15915",0.0485,NA,NA,NA
"Victor Basora","sa3016219",0.0365,NA,NA,NA
"Victor Brea","sa3019242",0.0358,NA,NA,NA
"Victor Cabreja","sa3018342",0.0366,NA,NA,NA
"Victor Castaneda","sa978399",0.0483,NA,NA,NA
"Victor Espiritu","sa3023847",0.0329,NA,NA,NA
"Victor Fransua","sa3016488",0.0364,NA,NA,NA
"Victor Garcia","sa3015930",0.035,NA,NA,NA
"Victor Garcia","sa3023615",0.0378,NA,NA,NA
"Victor Gonzalez","16408",1.54610835294118,1.74,"REZ1",0.888568018931711
"Victor Juarez","sa3016226",0.0361,NA,NA,NA
"Victor Lizarraga","sa3015220",2.52535,NA,NA,NA
"Victor Lopez","sa3009636",0.0417,NA,NA,NA
"Victor Mederos","31533",1.92959988235294,3.546,"REZ1",0.544162403370824
"Victor Munoz","sa3006381",0.0461,NA,NA,NA
"Victor Pena","sa3017015",0.0388,NA,NA,NA
"Victor Santos","sa3003083",3.0249,NA,NA,NA
"Victor Simeon","sa3011677",0.0431,NA,NA,NA
"Victor Soteldo","sa3017098",0.0362,NA,NA,NA
"Victor Vargas","sa3007724",0.0481,NA,NA,NA
"Victor Villanueva","sa3008137",0.0403,NA,NA,NA
"Victor Vodnik","24614",2.87968117647059,2.769,"REZ1",1.03997153357551
"Vin Timpanelli","sa3014814",0.52265,NA,NA,NA
"Vince Reilly","sa3040586",0.0421,NA,NA,NA
"Vince Sanchez","sa3019298",0.0306,NA,NA,NA
"Vince Vannelle","sa3018094",0.0409,NA,NA,NA
"Vince Velasquez","11189",1.03092453333333,2.905,"REZ1",0.354879357429719
"Vinny Nittoli","16754",1.39902109090909,2.301,"REZ1",0.608005689226028
"Vitico Valdez","sa3017472",0.0325,NA,NA,NA
"Vladimir Gutierrez","19278",1.50229166666667,1.408,"REZ1",1.06696851325758
"Wade Davis","7441",0.0457,NA,NA,NA
"Wade LeBlanc","5221",0.0464,NA,NA,NA
"Wade Miley","8779",2.78626823529412,4.201,"REZ1",0.663239284764132
"Wagner Castillo","sa3018354",0.0351,NA,NA,NA
"Walbert Urena","sa3018298",0.0385,NA,NA,NA
"Wali Pierre","sa3020968",0.0352,NA,NA,NA
"Walin Castillo","sa3019280",0.0341,NA,NA,NA
"Walker Brockhouse","sa3017105",0.0477,NA,NA,NA
"Walker Buehler","19374",7.90884470588235,9.609,"REZ1",0.823066365478442
"Walker Powell","sa3017815",3.0272,NA,NA,NA
"Walter Ford","sa3022190",0.0385,NA,NA,NA
"Walter Pennington","27624",2.54469294117647,1.665,"REZ1",1.5283441088147
"Walvin Mena","sa3021505",0.0283,NA,NA,NA
"Wande Torres","sa3019165",0.0334,NA,NA,NA
"Wander Arias","sa3011440",0.0409,NA,NA,NA
"Wander Guante","sa3009851",1.52145,NA,NA,NA
"Wander Severino","sa3018901",0.0318,NA,NA,NA
"Wander Suero","15855",1.35870833333333,0.533,"REZ1",2.54917135709819
"Wander Ventura","sa3018892",0.0319,NA,NA,NA
"Wandi Montout","sa3011422",0.0409,NA,NA,NA
"Wandisson Charles","sa874818",1.52275,NA,NA,NA
"Wandy Abreu","sa3018825",0.0303,NA,NA,NA
"Wandy Peralta","14295",2.59932352941176,1.971,"REZ1",1.31878413465843
"Wanmer Ramirez","sa3018904",0.0367,NA,NA,NA
"Wardquelin Vasquez","sa3006502",0.0371,NA,NA,NA
"Waylin Santana","sa3015425",0.0386,NA,NA,NA
"WeiChieh Huang","17508",0.0535,NA,NA,NA
"Welington Quintero","sa3016047",0.0366,NA,NA,NA
"Welinton Herrera","sa3016061",0.0421,NA,NA,NA
"Wellington Aracena","sa3019265",0.0428,NA,NA,NA
"Wellington Diaz","sa3004579",0.0415,NA,NA,NA
"Wellington Guzman","sa3019185",0.0353,NA,NA,NA
"WenHui Pan","sa3020878",0.0454,NA,NA,NA
"Wenderlyn King","sa3024235",0.0324,NA,NA,NA
"Wermer Pineda","sa3018339",0.0356,NA,NA,NA
"Wes Benjamin","19243",0.0481,NA,NA,NA
"Wes Parsons","14764",1.16716666666667,1.878,"REZ1",0.621494497692581
"Wes Robertson","sa3004491",0.0466,NA,NA,NA
"Weskendry Espinoza","sa3016046",0.0372,NA,NA,NA
"Wesley Moore","sa3020796",0.52425,NA,NA,NA
"Wesley Scott","sa3020442",0.0401,NA,NA,NA
"Whilmer Guerra","sa3021538",0.0324,NA,NA,NA
"Wifrailyn Jaquez","sa3024278",0.0296,NA,NA,NA
"Wikelman Gonzalez","sa3008687",0.96108,NA,NA,NA
"Wil Crowe","19800",0.633928571428571,2.1,"REZ1",0.30187074829932
"Wil Jensen","sa3014786",2.02455,NA,NA,NA
"Wilber Dotel","sa3015163",0.0377,NA,NA,NA
"Wilber Perez","sa3005219",0.0404,NA,NA,NA
"Wilfred Alvarado","sa3020990",0.039,NA,NA,NA
"Wilfredo Cordero","sa3016529",0.0355,NA,NA,NA
"Wilfredo Pereira","sa917136",2.0221,NA,NA,NA
"Wilgenis Alvarado","sa3008708",0.0416,NA,NA,NA
"Wilian Bormie","sa3020327",0.0411,NA,NA,NA
"Wilkel Hernandez","sa918026",2.0235,NA,NA,NA
"Wilkelma Castillo","sa3008487",0.0392,NA,NA,NA
"Wilker Reyes","sa3009477",0.0412,NA,NA,NA
"Wilkerman Munoz","sa3016487",0.0309,NA,NA,NA
"Wilkin Paredes","sa3020998",0.0467,NA,NA,NA
"Wilkin Ramos","sa3006487",1.52255,NA,NA,NA
"Wilking Rodriguez","8801",0.0247,NA,NA,NA
"Will Bednar","sa3017844",1.0233,NA,NA,NA
"Will Carter","sa829689",0.0472,NA,NA,NA
"Will Childers","sa3021720",1.52295,NA,NA,NA
"Will Christophersen","sa3022493",0.0427,NA,NA,NA
"Will Dion","sa3017850",2.02665,NA,NA,NA
"Will Ethridge","sa3011337",0.0448,NA,NA,NA
"Will Gaddis","sa829731",0.0438,NA,NA,NA
"Will Geerdes","sa3020333",0.0427,NA,NA,NA
"Will Harris","3192",0.0473,NA,NA,NA
"Will Johnston","sa3022940",2.0271,NA,NA,NA
"Will Klein","27787",1.42136364705882,2.583,"REZ1",0.550276286124206
"Will Kobos","sa3007614",0.045,NA,NA,NA
"Will Mabrey","sa3020709",1.52345,NA,NA,NA
"Will McAffer","sa3006757",0.0405,NA,NA,NA
"Will Rudy","sa3020893",0.0439,NA,NA,NA
"Will Sanders","sa3023508",0.0508,NA,NA,NA
"Will Schomberg","sa3023160",0.0377,NA,NA,NA
"Will Smith","8048",1.33668835294118,1.078,"REZ1",1.23997064280258
"Will Stevens","sa3023001",0.0382,NA,NA,NA
"Will Stewart","sa875247",0.0476,NA,NA,NA
"Will Varmette","sa3022881",0.0425,NA,NA,NA
"Will Vest","19769",3.11420117647059,2.959,"REZ1",1.05245054966901
"Will Warren","30182",2.79380470588235,2.23,"REZ1",1.25282722236877
"William Cuevas","13331",0.0558,NA,NA,NA
"William Fleming","sa3017314",1.52195,NA,NA,NA
"William Kempner","sa3020527",0.044,NA,NA,NA
"William Silva","sa3020235",0.0448,NA,NA,NA
"William Woods","25075",0.0466,NA,NA,NA
"Willian Campos","sa3019399",0.0349,NA,NA,NA
"Willian Colmenares","sa3018852",0.0354,NA,NA,NA
"Willian Suarez","sa916841",0.0459,NA,NA,NA
"Williander Moreno","sa3005698",0.0457,NA,NA,NA
"Willy Taveras","sa917753",0.0455,NA,NA,NA
"Wilme Mora","sa3019835",0.0327,NA,NA,NA
"Wilmer Blanco","sa3019184",0.0309,NA,NA,NA
"Wilmer Flores","sa3015223",0.749625833333333,NA,NA,NA
"Wilmer Lugo","sa3024204",0.032,NA,NA,NA
"Wilmer Ortega","sa3009788",0.0405,NA,NA,NA
"Wilmer Ramirez","sa3020967",0.0312,NA,NA,NA
"Wilmis Paulino","sa3021815",0.0364,NA,NA,NA
"Wilmy Sanchez","sa3019396",0.0445,NA,NA,NA
"Wilny Moron","sa3011375",0.0366,NA,NA,NA
"Wilson Betemit Jr","sa3016512",0.0301,NA,NA,NA
"Wilson Esterlin","sa3019157",0.0404,NA,NA,NA
"Wilson Lopez","sa3019297",0.0414,NA,NA,NA
"Wilton Castillo","sa3015310",0.0406,NA,NA,NA
"Wilton Rondon","sa3019502",0.0363,NA,NA,NA
"Wily Peralta","7738",1.5246,NA,NA,NA
"Winston Santos","sa3015952",3.02635,NA,NA,NA
"Winyer Chourio","sa3024615",0.0309,NA,NA,NA
"Wladimir Pinto","sa871482",0.0466,NA,NA,NA
"WooSuk Go","sa3012630",1.52255,NA,NA,NA
"Wuardo Fernandez","sa3006521",0.0398,NA,NA,NA
"Wuilberth Mendez","sa3021527",0.0335,NA,NA,NA
"Wuilliams Rodriguez","sa3019672",0.0366,NA,NA,NA
"Wuilliams Rodriguez","sa3021523",0.0305,NA,NA,NA
"Wuillians Herrera","sa3018302",0.0349,NA,NA,NA
"Wyatt Cheney","sa3020562",0.0392,NA,NA,NA
"Wyatt Crowell","sa3023662",0.0509,NA,NA,NA
"Wyatt Hudepohl","sa3023442",0.0446,NA,NA,NA
"Wyatt Mills","20010",0.0467,NA,NA,NA
"Wyatt Olds","sa3017539",1.5222,NA,NA,NA
"Wyatt Short","sa874187",0.0505,NA,NA,NA
"Wyatt Sparks","sa1119694",0.0468,NA,NA,NA
"Wyatt Wendell","sa3019882",0.0444,NA,NA,NA
"Xander Hamilton","sa3023094",0.0415,NA,NA,NA
"Xavier Meachem","sa3022410",0.0399,NA,NA,NA
"Xavier Moore","sa3004348",0.0463,NA,NA,NA
"Xavier Ruiz","sa3019717",0.0421,NA,NA,NA
"Xiomer Guacache","sa3018887",0.0311,NA,NA,NA
"Xzavion Curry","25595",1.04237352941176,1.309,"REZ1",0.79631285669348
"Yacksel Rios","15007",1.05333333333333,1.196,"REZ1",0.880713489409142
"Yadiel Batista","sa3021558",0.0374,NA,NA,NA
"Yadier Álvarez","sa868984",0.0465,NA,NA,NA
"Yafrerlyn Vasquez","sa3019053",0.0293,NA,NA,NA
"Yaifer Perdomo","sa3009484",0.0415,NA,NA,NA
"Yamil Castillo","sa3008549",0.0421,NA,NA,NA
"Yannelbinson Lugo","sa3020985",0.0282,NA,NA,NA
"Yanquiel Sanchez","sa3019562",0.045,NA,NA,NA
"Yansel Marine","sa3021750",0.0359,NA,NA,NA
"Yanzel Correa","sa3023302",0.0354,NA,NA,NA
"Yaqui Rivera","sa3015504",0.0428,NA,NA,NA
"Yariel Rodriguez","33838",4.67777764705882,4.723,"REZ1",0.990425078775953
"Yaya Chentouf","sa3006950",0.045,NA,NA,NA
"Yeferson Silva","sa3022179",0.0308,NA,NA,NA
"Yeferson Vargas","sa3021044",0.0376,NA,NA,NA
"Yefri Carrillo","sa3005739",0.0312,NA,NA,NA
"Yefri Del Rosario","sa3002971",0.0455,NA,NA,NA
"Yefry Ramirez","15655",0.0474,NA,NA,NA
"Yehizon Sanchez","sa3011574",0.0413,NA,NA,NA
"Yeiber Cartaya","sa3019599",0.041,NA,NA,NA
"Yeimison Arias","sa3019796",0.0317,NA,NA,NA
"Yeizo Campos","sa919234",0.046,NA,NA,NA
"Yency Almonte","15068",1.01983333333333,3.494,"REZ1",0.29188132035871
"Yency De Jesus","sa3022112",0.0313,NA,NA,NA
"Yendy Gomez","sa3016287",0.0392,NA,NA,NA
"Yenfri Sosa","sa3017823",0.0375,NA,NA,NA
"Yennier Cano","25911",3.53549176470588,3.851,"REZ1",0.918071089251073
"Yennsy Diaz","20218",0.0469,NA,NA,NA
"Yenrri Rojas","sa3018366",0.0388,NA,NA,NA
"Yensy Bello","sa3019490",0.0405,NA,NA,NA
"Yeremin Lara","sa917804",0.0407,NA,NA,NA
"Yereny Teus","sa3020978",0.0376,NA,NA,NA
"Yeri Perez","sa3019566",0.0294,NA,NA,NA
"Yeriel Santos","sa3018891",0.0404,NA,NA,NA
"Yerlin Rodriguez","sa3015362",0.0418,NA,NA,NA
"Yermain Ruiz","sa3024529",0.0303,NA,NA,NA
"Yerry De Los Santos","21420",1.23666047058824,1.855,"REZ1",0.666663326462661
"Yerry Landinez","sa3007036",0.0412,NA,NA,NA
"Yerry Rodriguez","21955",0.776262,1.052,"REZ1",0.737891634980989
"Yeuris Jimenez","sa3006386",0.0416,NA,NA,NA
"Yeury Gervacio","sa3007468",0.042,NA,NA,NA
"Yeury Tatiz","sa3005812",0.0398,NA,NA,NA
"Yhoiker Fajardo","sa3024273",0.0355,NA,NA,NA
"Yilber Diaz","29271",3.33472588235294,2.939,"REZ1",1.13464643836439
"Yimi Garcia","12095",3.44514705882353,4.528,"REZ1",0.760854032425691
"Yimi Presinal","sa3019169",0.0406,NA,NA,NA
"Yoan Aybar","sa829086",0.0461,NA,NA,NA
"Yoan Lopez","17181",0.051,NA,NA,NA
"Yoan Valdez","sa3019292",0.0364,NA,NA,NA
"Yoelvin Chirino","sa3022303",0.0301,NA,NA,NA
"Yoelvin Silven","sa3006619",0.0464,NA,NA,NA
"Yoendrys Gomez","22872",1.75100588235294,0.812,"REZ1",2.15641118516372
"Yoerys Hernandez","sa3018881",0.0373,NA,NA,NA
"Yohan Ramirez","19444",1.43906247058824,3.326,"REZ1",0.432670616532843
"Yohanse Morel","sa3005685",0.0427,NA,NA,NA
"Yohemy Nolasco","sa3016500",0.0362,NA,NA,NA
"Yoilan Quinonez","sa3004769",0.0411,NA,NA,NA
"Yokelvin Reyes","sa3016067",0.0376,NA,NA,NA
"Yoldin De La Paz","sa3015975",0.0423,NA,NA,NA
"Yoljeldriz Diaz","sa3010248",0.0396,NA,NA,NA
"Yomil Maysonet","sa3007476",0.0385,NA,NA,NA
"Yon Castro","sa3005848",1.02335,NA,NA,NA
"Yon Landaeta","sa3016238",0.0358,NA,NA,NA
"Yonael Dominguez","sa3009750",0.0392,NA,NA,NA
"Yonaiker Garcia","sa3008437",0.0365,NA,NA,NA
"Yonatan Pineda","sa3015471",0.0352,NA,NA,NA
"Yondrei Rojas","sa3016783",0.0424,NA,NA,NA
"Yonfi Rodriguez","sa3017693",0.0334,NA,NA,NA
"Yoniel Curet","sa3015446",3.0247,NA,NA,NA
"Yoniel Ramirez","sa3008131",0.0398,NA,NA,NA
"Yonny Chirinos","16401",2.7145,3.658,"REZ1",0.742072170585019
"Yoralbert Cadiz","sa3021822",0.0353,NA,NA,NA
"Yordan Nodal","sa3009754",0.0415,NA,NA,NA
"Yordanny Monegro","sa3015476",0.0484,NA,NA,NA
"Yordin Chalas","sa3021508",0.0445,NA,NA,NA
"Yordy Herrera","sa3019643",0.0413,NA,NA,NA
"Yorlin Calderon","sa3010371",1.0232,NA,NA,NA
"Yorman Galindez","sa3018322",0.044,NA,NA,NA
"Yorman Gomez","sa3015931",0.0422,NA,NA,NA
"Yorvi Pirela","sa3019163",0.0377,NA,NA,NA
"Yoryi Jimenez","sa3018031",0.0352,NA,NA,NA
"Yoryi Simarra","sa3019155",0.0363,NA,NA,NA
"Yosber Sanchez","sa3011636",0.0439,NA,NA,NA
"Yoscar Pimentel","sa3009599",0.0396,NA,NA,NA
"Yoshihisa Hirano","19756",0.0457,NA,NA,NA
"Yoshinobu Yamamoto","33825",11.0610470588235,7.75,"REZ1",1.42723187855787
"Yosver Zulueta","27765",2.08464588235294,2.251,"REZ1",0.92609768207594
"Yovannki Pascual","sa3022006",0.0429,NA,NA,NA
"Yovanny Cabrera","sa3009640",0.0417,NA,NA,NA
"Yovanny Cruz","sa3002951",0.5227,NA,NA,NA
"Yu Darvish","13074",9.16988235294118,6.701,"REZ1",1.36843491313851
"YuMin Lin","sa3019278",2.52805,NA,NA,NA
"Yujanyer Herrera","sa3015370",0.0384,NA,NA,NA
"Yuki Matsui","33826",2.77971764705882,2.396,"REZ1",1.16014926838849
"Yuliangel De La Cruz","sa3018858",0.0265,NA,NA,NA
"Yunior Marte","14416",1.24440266666667,2.624,"REZ1",0.474238821138211
"Yunior Marte","sa3018367",0.51975,NA,NA,NA
"Yunior Thibo","sa3015217",0.0411,NA,NA,NA
"Yunior Tur","sa3021045",0.0396,NA,NA,NA
"Yusei Kikuchi","20633",9.42468588235294,6.694,"REZ1",1.40793036784478
"Yusmeiro Petit","4020",0.0434,NA,NA,NA
"Yusniel PadronArtiles","sa3008040",0.0486,NA,NA,NA
"Zac Addkison","sa3023284",0.0409,NA,NA,NA
"Zac Gallen","19291",11.2469411764706,8.699,"REZ1",1.2929004686137
"Zac Houston","sa874155",1.02405,NA,NA,NA
"Zac Kristofak","27585",0.613208333333333,1.065,"REZ1",0.575782472613459
"Zac Leigh","sa3017873",1.02375,NA,NA,NA
"Zac Lowther","20243",0.0481,NA,NA,NA
"Zac Rosscup","9419",0.0436,NA,NA,NA
"Zach Agnos","sa3020560",2.36302666666667,NA,NA,NA
"Zach Barnes","sa3017203",1.02245,NA,NA,NA
"Zach Bryant","sa3011368",1.02225,NA,NA,NA
"Zach Brzykcy","27783",2.03949529411765,1.723,"REZ1",1.18368850500154
"Zach Cable","sa3016935",0.0396,NA,NA,NA
"Zach Davies","13183",1.502375,1.389,"REZ1",1.08162347012239
"Zach Eflin","13774",11.1946705882353,11.668,"REZ1",0.959433543729456
"Zach Fogell","sa3023280",0.0432,NA,NA,NA
"Zach Franklin","sa3022735",2.02275,NA,NA,NA
"Zach Fruit","sa3023507",0.0463,NA,NA,NA
"Zach Greene","sa1119415",0.0506,NA,NA,NA
"Zach Haake","sa3008523",1.023,NA,NA,NA
"Zach Hart","sa3009997",0.0462,NA,NA,NA
"Zach Jackson","19493",2.5245,2.533,"REZ1",0.996644295302013
"Zach Jacobs","sa3020600",0.0431,NA,NA,NA
"Zach King","sa3011592",0.0486,NA,NA,NA
"Zach Lee","11468",0.0428,NA,NA,NA
"Zach Linginfelter","sa3014910",0.0459,NA,NA,NA
"Zach Logue","20231",2.43383333333333,1.982,"REZ1",1.22796838210562
"Zach Matson","sa918537",0.0481,NA,NA,NA
"Zach Maxwell","sa3020255",2.17885166666667,NA,NA,NA
"Zach McAllister","2895",1.19228571428571,4.052,"REZ1",0.294246227612467
"Zach McCambley","sa3014478",1.5219,NA,NA,NA
"Zach Messinger","sa3018093",3.02455,NA,NA,NA
"Zach Mort","sa3008172",0.0408,NA,NA,NA
"Zach Muckenhirn","20209",0.806071428571429,2.699,"REZ1",0.298655586725242
"Zach Neal","11294",-0.181785714285714,-0.756,"REZ1",0.240457294028723
"Zach Peek","sa3014469",1.0237,NA,NA,NA
"Zach Penrod","25368",1.6557852,1.924,"REZ1",0.860595218295218
"Zach Pettway","sa3018109",0.0415,NA,NA,NA
"Zach Plesac","19979",2.32108333333333,3.806,"REZ1",0.609848484848485
"Zach Pop","20185",2.17379058823529,2.731,"REZ1",0.795968725095311
"Zach Thompson","16094",0.0539,NA,NA,NA
"Zach Thornton","sa3023505",0.0518,NA,NA,NA
"Zach Veen","sa3020339",0.0405,NA,NA,NA
"Zach Vennaro","sa3010326",0.0464,NA,NA,NA
"Zach Warren","sa829420",0.0469,NA,NA,NA
"Zach Willeman","sa3008443",0.0461,NA,NA,NA
"Zack Austin","sa3022910",0.0417,NA,NA,NA
"Zack Britton","3240",0.0492,NA,NA,NA
"Zack Brown","sa738901",0.0453,NA,NA,NA
"Zack Burdi","19159",0.766928571428571,2.568,"REZ1",0.298648197596796
"Zack Erwin","sa857605",0.0482,NA,NA,NA
"Zack Godley","14862",0.0484,NA,NA,NA
"Zack Greinke","1943",1.31907142857143,4.481,"REZ1",0.294369879172379
"Zack Hess","sa3010777",0.0417,NA,NA,NA
"Zack Kelly","20349",2.08498117647059,2.722,"REZ1",0.765973981069283
"Zack Leban","sa3007967",0.0458,NA,NA,NA
"Zack Lee","sa3023124",0.0453,NA,NA,NA
"Zack Littell","15823",7.57606705882353,9.057,"REZ1",0.836487474751411
"Zack Matthews","sa3017918",0.0428,NA,NA,NA
"Zack Phillips","sa1170425",0.0483,NA,NA,NA
"Zack Plunkett","sa3011394",0.0462,NA,NA,NA
"Zack Qin","sa3021986",0.0427,NA,NA,NA
"Zack Showalter","sa3020959",0.043,NA,NA,NA
"Zack Thompson","25918",2.22679764705882,1.237,"REZ1",1.80015977935232
"Zack Trageton","sa918087",0.0482,NA,NA,NA
"Zack Weiss","15444",1.09933333333333,1.475,"REZ1",0.745310734463277
"Zack Wheeler","10310",13.8431764705882,12.992,"REZ1",1.06551543031005
"Zak Kent","sa3010315",1.52535,NA,NA,NA
"Zander Mueth","sa3023569",0.0341,NA,NA,NA
"Zane Barnhart","sa3023226",0.0422,NA,NA,NA
"Zane Mills","sa3017535",2.0235,NA,NA,NA
"Zane Morehouse","sa3023062",1.5233,NA,NA,NA
"Zane Russell","sa3022907",0.0437,NA,NA,NA
"Zebby Matthews","31827",4.76228235294118,5.576,"REZ1",0.854067853827327
"Zhiorman Imbriano","sa3017785",0.0341,NA,NA,NA
"Ángel Vargas","sa3011855",0.0401,NA,NA,NA
